// Generated by tools/generate_source_identifier_unicode.py.
// Regeneration recipe: CPython 3.14.6 and its UCD 16.0.0 database.
// This generator-only pin does not constrain pyCircuit runtime/build/source Python.
// Unicode 16.0.0 data Copyright (c) 2024 Unicode, Inc.; see SourceIdentifierUnicodeData.LICENSE.txt.
// XID membership is derived from str.isidentifier(); normalization
// properties are derived from unicodedata decomposition/combining/NFC.
// The CPython standard-library LICENSE files are cited in the adjacent notice.
// Unicode UCD 16.0.0 ReadMe: https://www.unicode.org/Public/16.0.0/ucd/ReadMe.txt
// Unicode License v3: https://www.unicode.org/license.txt
// Do not edit by hand; the generator enforces this exact recipe.
#ifndef ACIR_LIB_COMPILER_SOURCEIDENTIFIERUNICODEDATA_H
#define ACIR_LIB_COMPILER_SOURCEIDENTIFIERUNICODEDATA_H

#include <cstdint>

namespace acir::compiler::detail::unicode_data {
struct Range { uint32_t first; uint32_t last; };
struct Decomposition { uint32_t codepoint; uint32_t offset; uint8_t length; };
struct CombiningClass { uint32_t codepoint; uint8_t value; };
struct Composition { uint32_t first; uint32_t second; uint32_t result; };

inline constexpr Range xidStartRanges[] = {
    {0x41, 0x5A}, {0x5F, 0x5F}, {0x61, 0x7A},
    {0xAA, 0xAA}, {0xB5, 0xB5}, {0xBA, 0xBA},
    {0xC0, 0xD6}, {0xD8, 0xF6}, {0xF8, 0x2C1},
    {0x2C6, 0x2D1}, {0x2E0, 0x2E4}, {0x2EC, 0x2EC},
    {0x2EE, 0x2EE}, {0x370, 0x374}, {0x376, 0x377},
    {0x37B, 0x37D}, {0x37F, 0x37F}, {0x386, 0x386},
    {0x388, 0x38A}, {0x38C, 0x38C}, {0x38E, 0x3A1},
    {0x3A3, 0x3F5}, {0x3F7, 0x481}, {0x48A, 0x52F},
    {0x531, 0x556}, {0x559, 0x559}, {0x560, 0x588},
    {0x5D0, 0x5EA}, {0x5EF, 0x5F2}, {0x620, 0x64A},
    {0x66E, 0x66F}, {0x671, 0x6D3}, {0x6D5, 0x6D5},
    {0x6E5, 0x6E6}, {0x6EE, 0x6EF}, {0x6FA, 0x6FC},
    {0x6FF, 0x6FF}, {0x710, 0x710}, {0x712, 0x72F},
    {0x74D, 0x7A5}, {0x7B1, 0x7B1}, {0x7CA, 0x7EA},
    {0x7F4, 0x7F5}, {0x7FA, 0x7FA}, {0x800, 0x815},
    {0x81A, 0x81A}, {0x824, 0x824}, {0x828, 0x828},
    {0x840, 0x858}, {0x860, 0x86A}, {0x870, 0x887},
    {0x889, 0x88E}, {0x8A0, 0x8C9}, {0x904, 0x939},
    {0x93D, 0x93D}, {0x950, 0x950}, {0x958, 0x961},
    {0x971, 0x980}, {0x985, 0x98C}, {0x98F, 0x990},
    {0x993, 0x9A8}, {0x9AA, 0x9B0}, {0x9B2, 0x9B2},
    {0x9B6, 0x9B9}, {0x9BD, 0x9BD}, {0x9CE, 0x9CE},
    {0x9DC, 0x9DD}, {0x9DF, 0x9E1}, {0x9F0, 0x9F1},
    {0x9FC, 0x9FC}, {0xA05, 0xA0A}, {0xA0F, 0xA10},
    {0xA13, 0xA28}, {0xA2A, 0xA30}, {0xA32, 0xA33},
    {0xA35, 0xA36}, {0xA38, 0xA39}, {0xA59, 0xA5C},
    {0xA5E, 0xA5E}, {0xA72, 0xA74}, {0xA85, 0xA8D},
    {0xA8F, 0xA91}, {0xA93, 0xAA8}, {0xAAA, 0xAB0},
    {0xAB2, 0xAB3}, {0xAB5, 0xAB9}, {0xABD, 0xABD},
    {0xAD0, 0xAD0}, {0xAE0, 0xAE1}, {0xAF9, 0xAF9},
    {0xB05, 0xB0C}, {0xB0F, 0xB10}, {0xB13, 0xB28},
    {0xB2A, 0xB30}, {0xB32, 0xB33}, {0xB35, 0xB39},
    {0xB3D, 0xB3D}, {0xB5C, 0xB5D}, {0xB5F, 0xB61},
    {0xB71, 0xB71}, {0xB83, 0xB83}, {0xB85, 0xB8A},
    {0xB8E, 0xB90}, {0xB92, 0xB95}, {0xB99, 0xB9A},
    {0xB9C, 0xB9C}, {0xB9E, 0xB9F}, {0xBA3, 0xBA4},
    {0xBA8, 0xBAA}, {0xBAE, 0xBB9}, {0xBD0, 0xBD0},
    {0xC05, 0xC0C}, {0xC0E, 0xC10}, {0xC12, 0xC28},
    {0xC2A, 0xC39}, {0xC3D, 0xC3D}, {0xC58, 0xC5A},
    {0xC5D, 0xC5D}, {0xC60, 0xC61}, {0xC80, 0xC80},
    {0xC85, 0xC8C}, {0xC8E, 0xC90}, {0xC92, 0xCA8},
    {0xCAA, 0xCB3}, {0xCB5, 0xCB9}, {0xCBD, 0xCBD},
    {0xCDD, 0xCDE}, {0xCE0, 0xCE1}, {0xCF1, 0xCF2},
    {0xD04, 0xD0C}, {0xD0E, 0xD10}, {0xD12, 0xD3A},
    {0xD3D, 0xD3D}, {0xD4E, 0xD4E}, {0xD54, 0xD56},
    {0xD5F, 0xD61}, {0xD7A, 0xD7F}, {0xD85, 0xD96},
    {0xD9A, 0xDB1}, {0xDB3, 0xDBB}, {0xDBD, 0xDBD},
    {0xDC0, 0xDC6}, {0xE01, 0xE30}, {0xE32, 0xE32},
    {0xE40, 0xE46}, {0xE81, 0xE82}, {0xE84, 0xE84},
    {0xE86, 0xE8A}, {0xE8C, 0xEA3}, {0xEA5, 0xEA5},
    {0xEA7, 0xEB0}, {0xEB2, 0xEB2}, {0xEBD, 0xEBD},
    {0xEC0, 0xEC4}, {0xEC6, 0xEC6}, {0xEDC, 0xEDF},
    {0xF00, 0xF00}, {0xF40, 0xF47}, {0xF49, 0xF6C},
    {0xF88, 0xF8C}, {0x1000, 0x102A}, {0x103F, 0x103F},
    {0x1050, 0x1055}, {0x105A, 0x105D}, {0x1061, 0x1061},
    {0x1065, 0x1066}, {0x106E, 0x1070}, {0x1075, 0x1081},
    {0x108E, 0x108E}, {0x10A0, 0x10C5}, {0x10C7, 0x10C7},
    {0x10CD, 0x10CD}, {0x10D0, 0x10FA}, {0x10FC, 0x1248},
    {0x124A, 0x124D}, {0x1250, 0x1256}, {0x1258, 0x1258},
    {0x125A, 0x125D}, {0x1260, 0x1288}, {0x128A, 0x128D},
    {0x1290, 0x12B0}, {0x12B2, 0x12B5}, {0x12B8, 0x12BE},
    {0x12C0, 0x12C0}, {0x12C2, 0x12C5}, {0x12C8, 0x12D6},
    {0x12D8, 0x1310}, {0x1312, 0x1315}, {0x1318, 0x135A},
    {0x1380, 0x138F}, {0x13A0, 0x13F5}, {0x13F8, 0x13FD},
    {0x1401, 0x166C}, {0x166F, 0x167F}, {0x1681, 0x169A},
    {0x16A0, 0x16EA}, {0x16EE, 0x16F8}, {0x1700, 0x1711},
    {0x171F, 0x1731}, {0x1740, 0x1751}, {0x1760, 0x176C},
    {0x176E, 0x1770}, {0x1780, 0x17B3}, {0x17D7, 0x17D7},
    {0x17DC, 0x17DC}, {0x1820, 0x1878}, {0x1880, 0x18A8},
    {0x18AA, 0x18AA}, {0x18B0, 0x18F5}, {0x1900, 0x191E},
    {0x1950, 0x196D}, {0x1970, 0x1974}, {0x1980, 0x19AB},
    {0x19B0, 0x19C9}, {0x1A00, 0x1A16}, {0x1A20, 0x1A54},
    {0x1AA7, 0x1AA7}, {0x1B05, 0x1B33}, {0x1B45, 0x1B4C},
    {0x1B83, 0x1BA0}, {0x1BAE, 0x1BAF}, {0x1BBA, 0x1BE5},
    {0x1C00, 0x1C23}, {0x1C4D, 0x1C4F}, {0x1C5A, 0x1C7D},
    {0x1C80, 0x1C8A}, {0x1C90, 0x1CBA}, {0x1CBD, 0x1CBF},
    {0x1CE9, 0x1CEC}, {0x1CEE, 0x1CF3}, {0x1CF5, 0x1CF6},
    {0x1CFA, 0x1CFA}, {0x1D00, 0x1DBF}, {0x1E00, 0x1F15},
    {0x1F18, 0x1F1D}, {0x1F20, 0x1F45}, {0x1F48, 0x1F4D},
    {0x1F50, 0x1F57}, {0x1F59, 0x1F59}, {0x1F5B, 0x1F5B},
    {0x1F5D, 0x1F5D}, {0x1F5F, 0x1F7D}, {0x1F80, 0x1FB4},
    {0x1FB6, 0x1FBC}, {0x1FBE, 0x1FBE}, {0x1FC2, 0x1FC4},
    {0x1FC6, 0x1FCC}, {0x1FD0, 0x1FD3}, {0x1FD6, 0x1FDB},
    {0x1FE0, 0x1FEC}, {0x1FF2, 0x1FF4}, {0x1FF6, 0x1FFC},
    {0x2071, 0x2071}, {0x207F, 0x207F}, {0x2090, 0x209C},
    {0x2102, 0x2102}, {0x2107, 0x2107}, {0x210A, 0x2113},
    {0x2115, 0x2115}, {0x2118, 0x211D}, {0x2124, 0x2124},
    {0x2126, 0x2126}, {0x2128, 0x2128}, {0x212A, 0x2139},
    {0x213C, 0x213F}, {0x2145, 0x2149}, {0x214E, 0x214E},
    {0x2160, 0x2188}, {0x2C00, 0x2CE4}, {0x2CEB, 0x2CEE},
    {0x2CF2, 0x2CF3}, {0x2D00, 0x2D25}, {0x2D27, 0x2D27},
    {0x2D2D, 0x2D2D}, {0x2D30, 0x2D67}, {0x2D6F, 0x2D6F},
    {0x2D80, 0x2D96}, {0x2DA0, 0x2DA6}, {0x2DA8, 0x2DAE},
    {0x2DB0, 0x2DB6}, {0x2DB8, 0x2DBE}, {0x2DC0, 0x2DC6},
    {0x2DC8, 0x2DCE}, {0x2DD0, 0x2DD6}, {0x2DD8, 0x2DDE},
    {0x3005, 0x3007}, {0x3021, 0x3029}, {0x3031, 0x3035},
    {0x3038, 0x303C}, {0x3041, 0x3096}, {0x309D, 0x309F},
    {0x30A1, 0x30FA}, {0x30FC, 0x30FF}, {0x3105, 0x312F},
    {0x3131, 0x318E}, {0x31A0, 0x31BF}, {0x31F0, 0x31FF},
    {0x3400, 0x4DBF}, {0x4E00, 0xA48C}, {0xA4D0, 0xA4FD},
    {0xA500, 0xA60C}, {0xA610, 0xA61F}, {0xA62A, 0xA62B},
    {0xA640, 0xA66E}, {0xA67F, 0xA69D}, {0xA6A0, 0xA6EF},
    {0xA717, 0xA71F}, {0xA722, 0xA788}, {0xA78B, 0xA7CD},
    {0xA7D0, 0xA7D1}, {0xA7D3, 0xA7D3}, {0xA7D5, 0xA7DC},
    {0xA7F2, 0xA801}, {0xA803, 0xA805}, {0xA807, 0xA80A},
    {0xA80C, 0xA822}, {0xA840, 0xA873}, {0xA882, 0xA8B3},
    {0xA8F2, 0xA8F7}, {0xA8FB, 0xA8FB}, {0xA8FD, 0xA8FE},
    {0xA90A, 0xA925}, {0xA930, 0xA946}, {0xA960, 0xA97C},
    {0xA984, 0xA9B2}, {0xA9CF, 0xA9CF}, {0xA9E0, 0xA9E4},
    {0xA9E6, 0xA9EF}, {0xA9FA, 0xA9FE}, {0xAA00, 0xAA28},
    {0xAA40, 0xAA42}, {0xAA44, 0xAA4B}, {0xAA60, 0xAA76},
    {0xAA7A, 0xAA7A}, {0xAA7E, 0xAAAF}, {0xAAB1, 0xAAB1},
    {0xAAB5, 0xAAB6}, {0xAAB9, 0xAABD}, {0xAAC0, 0xAAC0},
    {0xAAC2, 0xAAC2}, {0xAADB, 0xAADD}, {0xAAE0, 0xAAEA},
    {0xAAF2, 0xAAF4}, {0xAB01, 0xAB06}, {0xAB09, 0xAB0E},
    {0xAB11, 0xAB16}, {0xAB20, 0xAB26}, {0xAB28, 0xAB2E},
    {0xAB30, 0xAB5A}, {0xAB5C, 0xAB69}, {0xAB70, 0xABE2},
    {0xAC00, 0xD7A3}, {0xD7B0, 0xD7C6}, {0xD7CB, 0xD7FB},
    {0xF900, 0xFA6D}, {0xFA70, 0xFAD9}, {0xFB00, 0xFB06},
    {0xFB13, 0xFB17}, {0xFB1D, 0xFB1D}, {0xFB1F, 0xFB28},
    {0xFB2A, 0xFB36}, {0xFB38, 0xFB3C}, {0xFB3E, 0xFB3E},
    {0xFB40, 0xFB41}, {0xFB43, 0xFB44}, {0xFB46, 0xFBB1},
    {0xFBD3, 0xFC5D}, {0xFC64, 0xFD3D}, {0xFD50, 0xFD8F},
    {0xFD92, 0xFDC7}, {0xFDF0, 0xFDF9}, {0xFE71, 0xFE71},
    {0xFE73, 0xFE73}, {0xFE77, 0xFE77}, {0xFE79, 0xFE79},
    {0xFE7B, 0xFE7B}, {0xFE7D, 0xFE7D}, {0xFE7F, 0xFEFC},
    {0xFF21, 0xFF3A}, {0xFF41, 0xFF5A}, {0xFF66, 0xFF9D},
    {0xFFA0, 0xFFBE}, {0xFFC2, 0xFFC7}, {0xFFCA, 0xFFCF},
    {0xFFD2, 0xFFD7}, {0xFFDA, 0xFFDC}, {0x10000, 0x1000B},
    {0x1000D, 0x10026}, {0x10028, 0x1003A}, {0x1003C, 0x1003D},
    {0x1003F, 0x1004D}, {0x10050, 0x1005D}, {0x10080, 0x100FA},
    {0x10140, 0x10174}, {0x10280, 0x1029C}, {0x102A0, 0x102D0},
    {0x10300, 0x1031F}, {0x1032D, 0x1034A}, {0x10350, 0x10375},
    {0x10380, 0x1039D}, {0x103A0, 0x103C3}, {0x103C8, 0x103CF},
    {0x103D1, 0x103D5}, {0x10400, 0x1049D}, {0x104B0, 0x104D3},
    {0x104D8, 0x104FB}, {0x10500, 0x10527}, {0x10530, 0x10563},
    {0x10570, 0x1057A}, {0x1057C, 0x1058A}, {0x1058C, 0x10592},
    {0x10594, 0x10595}, {0x10597, 0x105A1}, {0x105A3, 0x105B1},
    {0x105B3, 0x105B9}, {0x105BB, 0x105BC}, {0x105C0, 0x105F3},
    {0x10600, 0x10736}, {0x10740, 0x10755}, {0x10760, 0x10767},
    {0x10780, 0x10785}, {0x10787, 0x107B0}, {0x107B2, 0x107BA},
    {0x10800, 0x10805}, {0x10808, 0x10808}, {0x1080A, 0x10835},
    {0x10837, 0x10838}, {0x1083C, 0x1083C}, {0x1083F, 0x10855},
    {0x10860, 0x10876}, {0x10880, 0x1089E}, {0x108E0, 0x108F2},
    {0x108F4, 0x108F5}, {0x10900, 0x10915}, {0x10920, 0x10939},
    {0x10980, 0x109B7}, {0x109BE, 0x109BF}, {0x10A00, 0x10A00},
    {0x10A10, 0x10A13}, {0x10A15, 0x10A17}, {0x10A19, 0x10A35},
    {0x10A60, 0x10A7C}, {0x10A80, 0x10A9C}, {0x10AC0, 0x10AC7},
    {0x10AC9, 0x10AE4}, {0x10B00, 0x10B35}, {0x10B40, 0x10B55},
    {0x10B60, 0x10B72}, {0x10B80, 0x10B91}, {0x10C00, 0x10C48},
    {0x10C80, 0x10CB2}, {0x10CC0, 0x10CF2}, {0x10D00, 0x10D23},
    {0x10D4A, 0x10D65}, {0x10D6F, 0x10D85}, {0x10E80, 0x10EA9},
    {0x10EB0, 0x10EB1}, {0x10EC2, 0x10EC4}, {0x10F00, 0x10F1C},
    {0x10F27, 0x10F27}, {0x10F30, 0x10F45}, {0x10F70, 0x10F81},
    {0x10FB0, 0x10FC4}, {0x10FE0, 0x10FF6}, {0x11003, 0x11037},
    {0x11071, 0x11072}, {0x11075, 0x11075}, {0x11083, 0x110AF},
    {0x110D0, 0x110E8}, {0x11103, 0x11126}, {0x11144, 0x11144},
    {0x11147, 0x11147}, {0x11150, 0x11172}, {0x11176, 0x11176},
    {0x11183, 0x111B2}, {0x111C1, 0x111C4}, {0x111DA, 0x111DA},
    {0x111DC, 0x111DC}, {0x11200, 0x11211}, {0x11213, 0x1122B},
    {0x1123F, 0x11240}, {0x11280, 0x11286}, {0x11288, 0x11288},
    {0x1128A, 0x1128D}, {0x1128F, 0x1129D}, {0x1129F, 0x112A8},
    {0x112B0, 0x112DE}, {0x11305, 0x1130C}, {0x1130F, 0x11310},
    {0x11313, 0x11328}, {0x1132A, 0x11330}, {0x11332, 0x11333},
    {0x11335, 0x11339}, {0x1133D, 0x1133D}, {0x11350, 0x11350},
    {0x1135D, 0x11361}, {0x11380, 0x11389}, {0x1138B, 0x1138B},
    {0x1138E, 0x1138E}, {0x11390, 0x113B5}, {0x113B7, 0x113B7},
    {0x113D1, 0x113D1}, {0x113D3, 0x113D3}, {0x11400, 0x11434},
    {0x11447, 0x1144A}, {0x1145F, 0x11461}, {0x11480, 0x114AF},
    {0x114C4, 0x114C5}, {0x114C7, 0x114C7}, {0x11580, 0x115AE},
    {0x115D8, 0x115DB}, {0x11600, 0x1162F}, {0x11644, 0x11644},
    {0x11680, 0x116AA}, {0x116B8, 0x116B8}, {0x11700, 0x1171A},
    {0x11740, 0x11746}, {0x11800, 0x1182B}, {0x118A0, 0x118DF},
    {0x118FF, 0x11906}, {0x11909, 0x11909}, {0x1190C, 0x11913},
    {0x11915, 0x11916}, {0x11918, 0x1192F}, {0x1193F, 0x1193F},
    {0x11941, 0x11941}, {0x119A0, 0x119A7}, {0x119AA, 0x119D0},
    {0x119E1, 0x119E1}, {0x119E3, 0x119E3}, {0x11A00, 0x11A00},
    {0x11A0B, 0x11A32}, {0x11A3A, 0x11A3A}, {0x11A50, 0x11A50},
    {0x11A5C, 0x11A89}, {0x11A9D, 0x11A9D}, {0x11AB0, 0x11AF8},
    {0x11BC0, 0x11BE0}, {0x11C00, 0x11C08}, {0x11C0A, 0x11C2E},
    {0x11C40, 0x11C40}, {0x11C72, 0x11C8F}, {0x11D00, 0x11D06},
    {0x11D08, 0x11D09}, {0x11D0B, 0x11D30}, {0x11D46, 0x11D46},
    {0x11D60, 0x11D65}, {0x11D67, 0x11D68}, {0x11D6A, 0x11D89},
    {0x11D98, 0x11D98}, {0x11EE0, 0x11EF2}, {0x11F02, 0x11F02},
    {0x11F04, 0x11F10}, {0x11F12, 0x11F33}, {0x11FB0, 0x11FB0},
    {0x12000, 0x12399}, {0x12400, 0x1246E}, {0x12480, 0x12543},
    {0x12F90, 0x12FF0}, {0x13000, 0x1342F}, {0x13441, 0x13446},
    {0x13460, 0x143FA}, {0x14400, 0x14646}, {0x16100, 0x1611D},
    {0x16800, 0x16A38}, {0x16A40, 0x16A5E}, {0x16A70, 0x16ABE},
    {0x16AD0, 0x16AED}, {0x16B00, 0x16B2F}, {0x16B40, 0x16B43},
    {0x16B63, 0x16B77}, {0x16B7D, 0x16B8F}, {0x16D40, 0x16D6C},
    {0x16E40, 0x16E7F}, {0x16F00, 0x16F4A}, {0x16F50, 0x16F50},
    {0x16F93, 0x16F9F}, {0x16FE0, 0x16FE1}, {0x16FE3, 0x16FE3},
    {0x17000, 0x187F7}, {0x18800, 0x18CD5}, {0x18CFF, 0x18D08},
    {0x1AFF0, 0x1AFF3}, {0x1AFF5, 0x1AFFB}, {0x1AFFD, 0x1AFFE},
    {0x1B000, 0x1B122}, {0x1B132, 0x1B132}, {0x1B150, 0x1B152},
    {0x1B155, 0x1B155}, {0x1B164, 0x1B167}, {0x1B170, 0x1B2FB},
    {0x1BC00, 0x1BC6A}, {0x1BC70, 0x1BC7C}, {0x1BC80, 0x1BC88},
    {0x1BC90, 0x1BC99}, {0x1D400, 0x1D454}, {0x1D456, 0x1D49C},
    {0x1D49E, 0x1D49F}, {0x1D4A2, 0x1D4A2}, {0x1D4A5, 0x1D4A6},
    {0x1D4A9, 0x1D4AC}, {0x1D4AE, 0x1D4B9}, {0x1D4BB, 0x1D4BB},
    {0x1D4BD, 0x1D4C3}, {0x1D4C5, 0x1D505}, {0x1D507, 0x1D50A},
    {0x1D50D, 0x1D514}, {0x1D516, 0x1D51C}, {0x1D51E, 0x1D539},
    {0x1D53B, 0x1D53E}, {0x1D540, 0x1D544}, {0x1D546, 0x1D546},
    {0x1D54A, 0x1D550}, {0x1D552, 0x1D6A5}, {0x1D6A8, 0x1D6C0},
    {0x1D6C2, 0x1D6DA}, {0x1D6DC, 0x1D6FA}, {0x1D6FC, 0x1D714},
    {0x1D716, 0x1D734}, {0x1D736, 0x1D74E}, {0x1D750, 0x1D76E},
    {0x1D770, 0x1D788}, {0x1D78A, 0x1D7A8}, {0x1D7AA, 0x1D7C2},
    {0x1D7C4, 0x1D7CB}, {0x1DF00, 0x1DF1E}, {0x1DF25, 0x1DF2A},
    {0x1E030, 0x1E06D}, {0x1E100, 0x1E12C}, {0x1E137, 0x1E13D},
    {0x1E14E, 0x1E14E}, {0x1E290, 0x1E2AD}, {0x1E2C0, 0x1E2EB},
    {0x1E4D0, 0x1E4EB}, {0x1E5D0, 0x1E5ED}, {0x1E5F0, 0x1E5F0},
    {0x1E7E0, 0x1E7E6}, {0x1E7E8, 0x1E7EB}, {0x1E7ED, 0x1E7EE},
    {0x1E7F0, 0x1E7FE}, {0x1E800, 0x1E8C4}, {0x1E900, 0x1E943},
    {0x1E94B, 0x1E94B}, {0x1EE00, 0x1EE03}, {0x1EE05, 0x1EE1F},
    {0x1EE21, 0x1EE22}, {0x1EE24, 0x1EE24}, {0x1EE27, 0x1EE27},
    {0x1EE29, 0x1EE32}, {0x1EE34, 0x1EE37}, {0x1EE39, 0x1EE39},
    {0x1EE3B, 0x1EE3B}, {0x1EE42, 0x1EE42}, {0x1EE47, 0x1EE47},
    {0x1EE49, 0x1EE49}, {0x1EE4B, 0x1EE4B}, {0x1EE4D, 0x1EE4F},
    {0x1EE51, 0x1EE52}, {0x1EE54, 0x1EE54}, {0x1EE57, 0x1EE57},
    {0x1EE59, 0x1EE59}, {0x1EE5B, 0x1EE5B}, {0x1EE5D, 0x1EE5D},
    {0x1EE5F, 0x1EE5F}, {0x1EE61, 0x1EE62}, {0x1EE64, 0x1EE64},
    {0x1EE67, 0x1EE6A}, {0x1EE6C, 0x1EE72}, {0x1EE74, 0x1EE77},
    {0x1EE79, 0x1EE7C}, {0x1EE7E, 0x1EE7E}, {0x1EE80, 0x1EE89},
    {0x1EE8B, 0x1EE9B}, {0x1EEA1, 0x1EEA3}, {0x1EEA5, 0x1EEA9},
    {0x1EEAB, 0x1EEBB}, {0x20000, 0x2A6DF}, {0x2A700, 0x2B739},
    {0x2B740, 0x2B81D}, {0x2B820, 0x2CEA1}, {0x2CEB0, 0x2EBE0},
    {0x2EBF0, 0x2EE5D}, {0x2F800, 0x2FA1D}, {0x30000, 0x3134A},
    {0x31350, 0x323AF},
};

inline constexpr Range xidContinueRanges[] = {
    {0x30, 0x39}, {0x41, 0x5A}, {0x5F, 0x5F},
    {0x61, 0x7A}, {0xAA, 0xAA}, {0xB5, 0xB5},
    {0xB7, 0xB7}, {0xBA, 0xBA}, {0xC0, 0xD6},
    {0xD8, 0xF6}, {0xF8, 0x2C1}, {0x2C6, 0x2D1},
    {0x2E0, 0x2E4}, {0x2EC, 0x2EC}, {0x2EE, 0x2EE},
    {0x300, 0x374}, {0x376, 0x377}, {0x37B, 0x37D},
    {0x37F, 0x37F}, {0x386, 0x38A}, {0x38C, 0x38C},
    {0x38E, 0x3A1}, {0x3A3, 0x3F5}, {0x3F7, 0x481},
    {0x483, 0x487}, {0x48A, 0x52F}, {0x531, 0x556},
    {0x559, 0x559}, {0x560, 0x588}, {0x591, 0x5BD},
    {0x5BF, 0x5BF}, {0x5C1, 0x5C2}, {0x5C4, 0x5C5},
    {0x5C7, 0x5C7}, {0x5D0, 0x5EA}, {0x5EF, 0x5F2},
    {0x610, 0x61A}, {0x620, 0x669}, {0x66E, 0x6D3},
    {0x6D5, 0x6DC}, {0x6DF, 0x6E8}, {0x6EA, 0x6FC},
    {0x6FF, 0x6FF}, {0x710, 0x74A}, {0x74D, 0x7B1},
    {0x7C0, 0x7F5}, {0x7FA, 0x7FA}, {0x7FD, 0x7FD},
    {0x800, 0x82D}, {0x840, 0x85B}, {0x860, 0x86A},
    {0x870, 0x887}, {0x889, 0x88E}, {0x897, 0x8E1},
    {0x8E3, 0x963}, {0x966, 0x96F}, {0x971, 0x983},
    {0x985, 0x98C}, {0x98F, 0x990}, {0x993, 0x9A8},
    {0x9AA, 0x9B0}, {0x9B2, 0x9B2}, {0x9B6, 0x9B9},
    {0x9BC, 0x9C4}, {0x9C7, 0x9C8}, {0x9CB, 0x9CE},
    {0x9D7, 0x9D7}, {0x9DC, 0x9DD}, {0x9DF, 0x9E3},
    {0x9E6, 0x9F1}, {0x9FC, 0x9FC}, {0x9FE, 0x9FE},
    {0xA01, 0xA03}, {0xA05, 0xA0A}, {0xA0F, 0xA10},
    {0xA13, 0xA28}, {0xA2A, 0xA30}, {0xA32, 0xA33},
    {0xA35, 0xA36}, {0xA38, 0xA39}, {0xA3C, 0xA3C},
    {0xA3E, 0xA42}, {0xA47, 0xA48}, {0xA4B, 0xA4D},
    {0xA51, 0xA51}, {0xA59, 0xA5C}, {0xA5E, 0xA5E},
    {0xA66, 0xA75}, {0xA81, 0xA83}, {0xA85, 0xA8D},
    {0xA8F, 0xA91}, {0xA93, 0xAA8}, {0xAAA, 0xAB0},
    {0xAB2, 0xAB3}, {0xAB5, 0xAB9}, {0xABC, 0xAC5},
    {0xAC7, 0xAC9}, {0xACB, 0xACD}, {0xAD0, 0xAD0},
    {0xAE0, 0xAE3}, {0xAE6, 0xAEF}, {0xAF9, 0xAFF},
    {0xB01, 0xB03}, {0xB05, 0xB0C}, {0xB0F, 0xB10},
    {0xB13, 0xB28}, {0xB2A, 0xB30}, {0xB32, 0xB33},
    {0xB35, 0xB39}, {0xB3C, 0xB44}, {0xB47, 0xB48},
    {0xB4B, 0xB4D}, {0xB55, 0xB57}, {0xB5C, 0xB5D},
    {0xB5F, 0xB63}, {0xB66, 0xB6F}, {0xB71, 0xB71},
    {0xB82, 0xB83}, {0xB85, 0xB8A}, {0xB8E, 0xB90},
    {0xB92, 0xB95}, {0xB99, 0xB9A}, {0xB9C, 0xB9C},
    {0xB9E, 0xB9F}, {0xBA3, 0xBA4}, {0xBA8, 0xBAA},
    {0xBAE, 0xBB9}, {0xBBE, 0xBC2}, {0xBC6, 0xBC8},
    {0xBCA, 0xBCD}, {0xBD0, 0xBD0}, {0xBD7, 0xBD7},
    {0xBE6, 0xBEF}, {0xC00, 0xC0C}, {0xC0E, 0xC10},
    {0xC12, 0xC28}, {0xC2A, 0xC39}, {0xC3C, 0xC44},
    {0xC46, 0xC48}, {0xC4A, 0xC4D}, {0xC55, 0xC56},
    {0xC58, 0xC5A}, {0xC5D, 0xC5D}, {0xC60, 0xC63},
    {0xC66, 0xC6F}, {0xC80, 0xC83}, {0xC85, 0xC8C},
    {0xC8E, 0xC90}, {0xC92, 0xCA8}, {0xCAA, 0xCB3},
    {0xCB5, 0xCB9}, {0xCBC, 0xCC4}, {0xCC6, 0xCC8},
    {0xCCA, 0xCCD}, {0xCD5, 0xCD6}, {0xCDD, 0xCDE},
    {0xCE0, 0xCE3}, {0xCE6, 0xCEF}, {0xCF1, 0xCF3},
    {0xD00, 0xD0C}, {0xD0E, 0xD10}, {0xD12, 0xD44},
    {0xD46, 0xD48}, {0xD4A, 0xD4E}, {0xD54, 0xD57},
    {0xD5F, 0xD63}, {0xD66, 0xD6F}, {0xD7A, 0xD7F},
    {0xD81, 0xD83}, {0xD85, 0xD96}, {0xD9A, 0xDB1},
    {0xDB3, 0xDBB}, {0xDBD, 0xDBD}, {0xDC0, 0xDC6},
    {0xDCA, 0xDCA}, {0xDCF, 0xDD4}, {0xDD6, 0xDD6},
    {0xDD8, 0xDDF}, {0xDE6, 0xDEF}, {0xDF2, 0xDF3},
    {0xE01, 0xE3A}, {0xE40, 0xE4E}, {0xE50, 0xE59},
    {0xE81, 0xE82}, {0xE84, 0xE84}, {0xE86, 0xE8A},
    {0xE8C, 0xEA3}, {0xEA5, 0xEA5}, {0xEA7, 0xEBD},
    {0xEC0, 0xEC4}, {0xEC6, 0xEC6}, {0xEC8, 0xECE},
    {0xED0, 0xED9}, {0xEDC, 0xEDF}, {0xF00, 0xF00},
    {0xF18, 0xF19}, {0xF20, 0xF29}, {0xF35, 0xF35},
    {0xF37, 0xF37}, {0xF39, 0xF39}, {0xF3E, 0xF47},
    {0xF49, 0xF6C}, {0xF71, 0xF84}, {0xF86, 0xF97},
    {0xF99, 0xFBC}, {0xFC6, 0xFC6}, {0x1000, 0x1049},
    {0x1050, 0x109D}, {0x10A0, 0x10C5}, {0x10C7, 0x10C7},
    {0x10CD, 0x10CD}, {0x10D0, 0x10FA}, {0x10FC, 0x1248},
    {0x124A, 0x124D}, {0x1250, 0x1256}, {0x1258, 0x1258},
    {0x125A, 0x125D}, {0x1260, 0x1288}, {0x128A, 0x128D},
    {0x1290, 0x12B0}, {0x12B2, 0x12B5}, {0x12B8, 0x12BE},
    {0x12C0, 0x12C0}, {0x12C2, 0x12C5}, {0x12C8, 0x12D6},
    {0x12D8, 0x1310}, {0x1312, 0x1315}, {0x1318, 0x135A},
    {0x135D, 0x135F}, {0x1369, 0x1371}, {0x1380, 0x138F},
    {0x13A0, 0x13F5}, {0x13F8, 0x13FD}, {0x1401, 0x166C},
    {0x166F, 0x167F}, {0x1681, 0x169A}, {0x16A0, 0x16EA},
    {0x16EE, 0x16F8}, {0x1700, 0x1715}, {0x171F, 0x1734},
    {0x1740, 0x1753}, {0x1760, 0x176C}, {0x176E, 0x1770},
    {0x1772, 0x1773}, {0x1780, 0x17D3}, {0x17D7, 0x17D7},
    {0x17DC, 0x17DD}, {0x17E0, 0x17E9}, {0x180B, 0x180D},
    {0x180F, 0x1819}, {0x1820, 0x1878}, {0x1880, 0x18AA},
    {0x18B0, 0x18F5}, {0x1900, 0x191E}, {0x1920, 0x192B},
    {0x1930, 0x193B}, {0x1946, 0x196D}, {0x1970, 0x1974},
    {0x1980, 0x19AB}, {0x19B0, 0x19C9}, {0x19D0, 0x19DA},
    {0x1A00, 0x1A1B}, {0x1A20, 0x1A5E}, {0x1A60, 0x1A7C},
    {0x1A7F, 0x1A89}, {0x1A90, 0x1A99}, {0x1AA7, 0x1AA7},
    {0x1AB0, 0x1ABD}, {0x1ABF, 0x1ACE}, {0x1B00, 0x1B4C},
    {0x1B50, 0x1B59}, {0x1B6B, 0x1B73}, {0x1B80, 0x1BF3},
    {0x1C00, 0x1C37}, {0x1C40, 0x1C49}, {0x1C4D, 0x1C7D},
    {0x1C80, 0x1C8A}, {0x1C90, 0x1CBA}, {0x1CBD, 0x1CBF},
    {0x1CD0, 0x1CD2}, {0x1CD4, 0x1CFA}, {0x1D00, 0x1F15},
    {0x1F18, 0x1F1D}, {0x1F20, 0x1F45}, {0x1F48, 0x1F4D},
    {0x1F50, 0x1F57}, {0x1F59, 0x1F59}, {0x1F5B, 0x1F5B},
    {0x1F5D, 0x1F5D}, {0x1F5F, 0x1F7D}, {0x1F80, 0x1FB4},
    {0x1FB6, 0x1FBC}, {0x1FBE, 0x1FBE}, {0x1FC2, 0x1FC4},
    {0x1FC6, 0x1FCC}, {0x1FD0, 0x1FD3}, {0x1FD6, 0x1FDB},
    {0x1FE0, 0x1FEC}, {0x1FF2, 0x1FF4}, {0x1FF6, 0x1FFC},
    {0x200C, 0x200D}, {0x203F, 0x2040}, {0x2054, 0x2054},
    {0x2071, 0x2071}, {0x207F, 0x207F}, {0x2090, 0x209C},
    {0x20D0, 0x20DC}, {0x20E1, 0x20E1}, {0x20E5, 0x20F0},
    {0x2102, 0x2102}, {0x2107, 0x2107}, {0x210A, 0x2113},
    {0x2115, 0x2115}, {0x2118, 0x211D}, {0x2124, 0x2124},
    {0x2126, 0x2126}, {0x2128, 0x2128}, {0x212A, 0x2139},
    {0x213C, 0x213F}, {0x2145, 0x2149}, {0x214E, 0x214E},
    {0x2160, 0x2188}, {0x2C00, 0x2CE4}, {0x2CEB, 0x2CF3},
    {0x2D00, 0x2D25}, {0x2D27, 0x2D27}, {0x2D2D, 0x2D2D},
    {0x2D30, 0x2D67}, {0x2D6F, 0x2D6F}, {0x2D7F, 0x2D96},
    {0x2DA0, 0x2DA6}, {0x2DA8, 0x2DAE}, {0x2DB0, 0x2DB6},
    {0x2DB8, 0x2DBE}, {0x2DC0, 0x2DC6}, {0x2DC8, 0x2DCE},
    {0x2DD0, 0x2DD6}, {0x2DD8, 0x2DDE}, {0x2DE0, 0x2DFF},
    {0x3005, 0x3007}, {0x3021, 0x302F}, {0x3031, 0x3035},
    {0x3038, 0x303C}, {0x3041, 0x3096}, {0x3099, 0x309A},
    {0x309D, 0x309F}, {0x30A1, 0x30FF}, {0x3105, 0x312F},
    {0x3131, 0x318E}, {0x31A0, 0x31BF}, {0x31F0, 0x31FF},
    {0x3400, 0x4DBF}, {0x4E00, 0xA48C}, {0xA4D0, 0xA4FD},
    {0xA500, 0xA60C}, {0xA610, 0xA62B}, {0xA640, 0xA66F},
    {0xA674, 0xA67D}, {0xA67F, 0xA6F1}, {0xA717, 0xA71F},
    {0xA722, 0xA788}, {0xA78B, 0xA7CD}, {0xA7D0, 0xA7D1},
    {0xA7D3, 0xA7D3}, {0xA7D5, 0xA7DC}, {0xA7F2, 0xA827},
    {0xA82C, 0xA82C}, {0xA840, 0xA873}, {0xA880, 0xA8C5},
    {0xA8D0, 0xA8D9}, {0xA8E0, 0xA8F7}, {0xA8FB, 0xA8FB},
    {0xA8FD, 0xA92D}, {0xA930, 0xA953}, {0xA960, 0xA97C},
    {0xA980, 0xA9C0}, {0xA9CF, 0xA9D9}, {0xA9E0, 0xA9FE},
    {0xAA00, 0xAA36}, {0xAA40, 0xAA4D}, {0xAA50, 0xAA59},
    {0xAA60, 0xAA76}, {0xAA7A, 0xAAC2}, {0xAADB, 0xAADD},
    {0xAAE0, 0xAAEF}, {0xAAF2, 0xAAF6}, {0xAB01, 0xAB06},
    {0xAB09, 0xAB0E}, {0xAB11, 0xAB16}, {0xAB20, 0xAB26},
    {0xAB28, 0xAB2E}, {0xAB30, 0xAB5A}, {0xAB5C, 0xAB69},
    {0xAB70, 0xABEA}, {0xABEC, 0xABED}, {0xABF0, 0xABF9},
    {0xAC00, 0xD7A3}, {0xD7B0, 0xD7C6}, {0xD7CB, 0xD7FB},
    {0xF900, 0xFA6D}, {0xFA70, 0xFAD9}, {0xFB00, 0xFB06},
    {0xFB13, 0xFB17}, {0xFB1D, 0xFB28}, {0xFB2A, 0xFB36},
    {0xFB38, 0xFB3C}, {0xFB3E, 0xFB3E}, {0xFB40, 0xFB41},
    {0xFB43, 0xFB44}, {0xFB46, 0xFBB1}, {0xFBD3, 0xFC5D},
    {0xFC64, 0xFD3D}, {0xFD50, 0xFD8F}, {0xFD92, 0xFDC7},
    {0xFDF0, 0xFDF9}, {0xFE00, 0xFE0F}, {0xFE20, 0xFE2F},
    {0xFE33, 0xFE34}, {0xFE4D, 0xFE4F}, {0xFE71, 0xFE71},
    {0xFE73, 0xFE73}, {0xFE77, 0xFE77}, {0xFE79, 0xFE79},
    {0xFE7B, 0xFE7B}, {0xFE7D, 0xFE7D}, {0xFE7F, 0xFEFC},
    {0xFF10, 0xFF19}, {0xFF21, 0xFF3A}, {0xFF3F, 0xFF3F},
    {0xFF41, 0xFF5A}, {0xFF65, 0xFFBE}, {0xFFC2, 0xFFC7},
    {0xFFCA, 0xFFCF}, {0xFFD2, 0xFFD7}, {0xFFDA, 0xFFDC},
    {0x10000, 0x1000B}, {0x1000D, 0x10026}, {0x10028, 0x1003A},
    {0x1003C, 0x1003D}, {0x1003F, 0x1004D}, {0x10050, 0x1005D},
    {0x10080, 0x100FA}, {0x10140, 0x10174}, {0x101FD, 0x101FD},
    {0x10280, 0x1029C}, {0x102A0, 0x102D0}, {0x102E0, 0x102E0},
    {0x10300, 0x1031F}, {0x1032D, 0x1034A}, {0x10350, 0x1037A},
    {0x10380, 0x1039D}, {0x103A0, 0x103C3}, {0x103C8, 0x103CF},
    {0x103D1, 0x103D5}, {0x10400, 0x1049D}, {0x104A0, 0x104A9},
    {0x104B0, 0x104D3}, {0x104D8, 0x104FB}, {0x10500, 0x10527},
    {0x10530, 0x10563}, {0x10570, 0x1057A}, {0x1057C, 0x1058A},
    {0x1058C, 0x10592}, {0x10594, 0x10595}, {0x10597, 0x105A1},
    {0x105A3, 0x105B1}, {0x105B3, 0x105B9}, {0x105BB, 0x105BC},
    {0x105C0, 0x105F3}, {0x10600, 0x10736}, {0x10740, 0x10755},
    {0x10760, 0x10767}, {0x10780, 0x10785}, {0x10787, 0x107B0},
    {0x107B2, 0x107BA}, {0x10800, 0x10805}, {0x10808, 0x10808},
    {0x1080A, 0x10835}, {0x10837, 0x10838}, {0x1083C, 0x1083C},
    {0x1083F, 0x10855}, {0x10860, 0x10876}, {0x10880, 0x1089E},
    {0x108E0, 0x108F2}, {0x108F4, 0x108F5}, {0x10900, 0x10915},
    {0x10920, 0x10939}, {0x10980, 0x109B7}, {0x109BE, 0x109BF},
    {0x10A00, 0x10A03}, {0x10A05, 0x10A06}, {0x10A0C, 0x10A13},
    {0x10A15, 0x10A17}, {0x10A19, 0x10A35}, {0x10A38, 0x10A3A},
    {0x10A3F, 0x10A3F}, {0x10A60, 0x10A7C}, {0x10A80, 0x10A9C},
    {0x10AC0, 0x10AC7}, {0x10AC9, 0x10AE6}, {0x10B00, 0x10B35},
    {0x10B40, 0x10B55}, {0x10B60, 0x10B72}, {0x10B80, 0x10B91},
    {0x10C00, 0x10C48}, {0x10C80, 0x10CB2}, {0x10CC0, 0x10CF2},
    {0x10D00, 0x10D27}, {0x10D30, 0x10D39}, {0x10D40, 0x10D65},
    {0x10D69, 0x10D6D}, {0x10D6F, 0x10D85}, {0x10E80, 0x10EA9},
    {0x10EAB, 0x10EAC}, {0x10EB0, 0x10EB1}, {0x10EC2, 0x10EC4},
    {0x10EFC, 0x10F1C}, {0x10F27, 0x10F27}, {0x10F30, 0x10F50},
    {0x10F70, 0x10F85}, {0x10FB0, 0x10FC4}, {0x10FE0, 0x10FF6},
    {0x11000, 0x11046}, {0x11066, 0x11075}, {0x1107F, 0x110BA},
    {0x110C2, 0x110C2}, {0x110D0, 0x110E8}, {0x110F0, 0x110F9},
    {0x11100, 0x11134}, {0x11136, 0x1113F}, {0x11144, 0x11147},
    {0x11150, 0x11173}, {0x11176, 0x11176}, {0x11180, 0x111C4},
    {0x111C9, 0x111CC}, {0x111CE, 0x111DA}, {0x111DC, 0x111DC},
    {0x11200, 0x11211}, {0x11213, 0x11237}, {0x1123E, 0x11241},
    {0x11280, 0x11286}, {0x11288, 0x11288}, {0x1128A, 0x1128D},
    {0x1128F, 0x1129D}, {0x1129F, 0x112A8}, {0x112B0, 0x112EA},
    {0x112F0, 0x112F9}, {0x11300, 0x11303}, {0x11305, 0x1130C},
    {0x1130F, 0x11310}, {0x11313, 0x11328}, {0x1132A, 0x11330},
    {0x11332, 0x11333}, {0x11335, 0x11339}, {0x1133B, 0x11344},
    {0x11347, 0x11348}, {0x1134B, 0x1134D}, {0x11350, 0x11350},
    {0x11357, 0x11357}, {0x1135D, 0x11363}, {0x11366, 0x1136C},
    {0x11370, 0x11374}, {0x11380, 0x11389}, {0x1138B, 0x1138B},
    {0x1138E, 0x1138E}, {0x11390, 0x113B5}, {0x113B7, 0x113C0},
    {0x113C2, 0x113C2}, {0x113C5, 0x113C5}, {0x113C7, 0x113CA},
    {0x113CC, 0x113D3}, {0x113E1, 0x113E2}, {0x11400, 0x1144A},
    {0x11450, 0x11459}, {0x1145E, 0x11461}, {0x11480, 0x114C5},
    {0x114C7, 0x114C7}, {0x114D0, 0x114D9}, {0x11580, 0x115B5},
    {0x115B8, 0x115C0}, {0x115D8, 0x115DD}, {0x11600, 0x11640},
    {0x11644, 0x11644}, {0x11650, 0x11659}, {0x11680, 0x116B8},
    {0x116C0, 0x116C9}, {0x116D0, 0x116E3}, {0x11700, 0x1171A},
    {0x1171D, 0x1172B}, {0x11730, 0x11739}, {0x11740, 0x11746},
    {0x11800, 0x1183A}, {0x118A0, 0x118E9}, {0x118FF, 0x11906},
    {0x11909, 0x11909}, {0x1190C, 0x11913}, {0x11915, 0x11916},
    {0x11918, 0x11935}, {0x11937, 0x11938}, {0x1193B, 0x11943},
    {0x11950, 0x11959}, {0x119A0, 0x119A7}, {0x119AA, 0x119D7},
    {0x119DA, 0x119E1}, {0x119E3, 0x119E4}, {0x11A00, 0x11A3E},
    {0x11A47, 0x11A47}, {0x11A50, 0x11A99}, {0x11A9D, 0x11A9D},
    {0x11AB0, 0x11AF8}, {0x11BC0, 0x11BE0}, {0x11BF0, 0x11BF9},
    {0x11C00, 0x11C08}, {0x11C0A, 0x11C36}, {0x11C38, 0x11C40},
    {0x11C50, 0x11C59}, {0x11C72, 0x11C8F}, {0x11C92, 0x11CA7},
    {0x11CA9, 0x11CB6}, {0x11D00, 0x11D06}, {0x11D08, 0x11D09},
    {0x11D0B, 0x11D36}, {0x11D3A, 0x11D3A}, {0x11D3C, 0x11D3D},
    {0x11D3F, 0x11D47}, {0x11D50, 0x11D59}, {0x11D60, 0x11D65},
    {0x11D67, 0x11D68}, {0x11D6A, 0x11D8E}, {0x11D90, 0x11D91},
    {0x11D93, 0x11D98}, {0x11DA0, 0x11DA9}, {0x11EE0, 0x11EF6},
    {0x11F00, 0x11F10}, {0x11F12, 0x11F3A}, {0x11F3E, 0x11F42},
    {0x11F50, 0x11F5A}, {0x11FB0, 0x11FB0}, {0x12000, 0x12399},
    {0x12400, 0x1246E}, {0x12480, 0x12543}, {0x12F90, 0x12FF0},
    {0x13000, 0x1342F}, {0x13440, 0x13455}, {0x13460, 0x143FA},
    {0x14400, 0x14646}, {0x16100, 0x16139}, {0x16800, 0x16A38},
    {0x16A40, 0x16A5E}, {0x16A60, 0x16A69}, {0x16A70, 0x16ABE},
    {0x16AC0, 0x16AC9}, {0x16AD0, 0x16AED}, {0x16AF0, 0x16AF4},
    {0x16B00, 0x16B36}, {0x16B40, 0x16B43}, {0x16B50, 0x16B59},
    {0x16B63, 0x16B77}, {0x16B7D, 0x16B8F}, {0x16D40, 0x16D6C},
    {0x16D70, 0x16D79}, {0x16E40, 0x16E7F}, {0x16F00, 0x16F4A},
    {0x16F4F, 0x16F87}, {0x16F8F, 0x16F9F}, {0x16FE0, 0x16FE1},
    {0x16FE3, 0x16FE4}, {0x16FF0, 0x16FF1}, {0x17000, 0x187F7},
    {0x18800, 0x18CD5}, {0x18CFF, 0x18D08}, {0x1AFF0, 0x1AFF3},
    {0x1AFF5, 0x1AFFB}, {0x1AFFD, 0x1AFFE}, {0x1B000, 0x1B122},
    {0x1B132, 0x1B132}, {0x1B150, 0x1B152}, {0x1B155, 0x1B155},
    {0x1B164, 0x1B167}, {0x1B170, 0x1B2FB}, {0x1BC00, 0x1BC6A},
    {0x1BC70, 0x1BC7C}, {0x1BC80, 0x1BC88}, {0x1BC90, 0x1BC99},
    {0x1BC9D, 0x1BC9E}, {0x1CCF0, 0x1CCF9}, {0x1CF00, 0x1CF2D},
    {0x1CF30, 0x1CF46}, {0x1D165, 0x1D169}, {0x1D16D, 0x1D172},
    {0x1D17B, 0x1D182}, {0x1D185, 0x1D18B}, {0x1D1AA, 0x1D1AD},
    {0x1D242, 0x1D244}, {0x1D400, 0x1D454}, {0x1D456, 0x1D49C},
    {0x1D49E, 0x1D49F}, {0x1D4A2, 0x1D4A2}, {0x1D4A5, 0x1D4A6},
    {0x1D4A9, 0x1D4AC}, {0x1D4AE, 0x1D4B9}, {0x1D4BB, 0x1D4BB},
    {0x1D4BD, 0x1D4C3}, {0x1D4C5, 0x1D505}, {0x1D507, 0x1D50A},
    {0x1D50D, 0x1D514}, {0x1D516, 0x1D51C}, {0x1D51E, 0x1D539},
    {0x1D53B, 0x1D53E}, {0x1D540, 0x1D544}, {0x1D546, 0x1D546},
    {0x1D54A, 0x1D550}, {0x1D552, 0x1D6A5}, {0x1D6A8, 0x1D6C0},
    {0x1D6C2, 0x1D6DA}, {0x1D6DC, 0x1D6FA}, {0x1D6FC, 0x1D714},
    {0x1D716, 0x1D734}, {0x1D736, 0x1D74E}, {0x1D750, 0x1D76E},
    {0x1D770, 0x1D788}, {0x1D78A, 0x1D7A8}, {0x1D7AA, 0x1D7C2},
    {0x1D7C4, 0x1D7CB}, {0x1D7CE, 0x1D7FF}, {0x1DA00, 0x1DA36},
    {0x1DA3B, 0x1DA6C}, {0x1DA75, 0x1DA75}, {0x1DA84, 0x1DA84},
    {0x1DA9B, 0x1DA9F}, {0x1DAA1, 0x1DAAF}, {0x1DF00, 0x1DF1E},
    {0x1DF25, 0x1DF2A}, {0x1E000, 0x1E006}, {0x1E008, 0x1E018},
    {0x1E01B, 0x1E021}, {0x1E023, 0x1E024}, {0x1E026, 0x1E02A},
    {0x1E030, 0x1E06D}, {0x1E08F, 0x1E08F}, {0x1E100, 0x1E12C},
    {0x1E130, 0x1E13D}, {0x1E140, 0x1E149}, {0x1E14E, 0x1E14E},
    {0x1E290, 0x1E2AE}, {0x1E2C0, 0x1E2F9}, {0x1E4D0, 0x1E4F9},
    {0x1E5D0, 0x1E5FA}, {0x1E7E0, 0x1E7E6}, {0x1E7E8, 0x1E7EB},
    {0x1E7ED, 0x1E7EE}, {0x1E7F0, 0x1E7FE}, {0x1E800, 0x1E8C4},
    {0x1E8D0, 0x1E8D6}, {0x1E900, 0x1E94B}, {0x1E950, 0x1E959},
    {0x1EE00, 0x1EE03}, {0x1EE05, 0x1EE1F}, {0x1EE21, 0x1EE22},
    {0x1EE24, 0x1EE24}, {0x1EE27, 0x1EE27}, {0x1EE29, 0x1EE32},
    {0x1EE34, 0x1EE37}, {0x1EE39, 0x1EE39}, {0x1EE3B, 0x1EE3B},
    {0x1EE42, 0x1EE42}, {0x1EE47, 0x1EE47}, {0x1EE49, 0x1EE49},
    {0x1EE4B, 0x1EE4B}, {0x1EE4D, 0x1EE4F}, {0x1EE51, 0x1EE52},
    {0x1EE54, 0x1EE54}, {0x1EE57, 0x1EE57}, {0x1EE59, 0x1EE59},
    {0x1EE5B, 0x1EE5B}, {0x1EE5D, 0x1EE5D}, {0x1EE5F, 0x1EE5F},
    {0x1EE61, 0x1EE62}, {0x1EE64, 0x1EE64}, {0x1EE67, 0x1EE6A},
    {0x1EE6C, 0x1EE72}, {0x1EE74, 0x1EE77}, {0x1EE79, 0x1EE7C},
    {0x1EE7E, 0x1EE7E}, {0x1EE80, 0x1EE89}, {0x1EE8B, 0x1EE9B},
    {0x1EEA1, 0x1EEA3}, {0x1EEA5, 0x1EEA9}, {0x1EEAB, 0x1EEBB},
    {0x1FBF0, 0x1FBF9}, {0x20000, 0x2A6DF}, {0x2A700, 0x2B739},
    {0x2B740, 0x2B81D}, {0x2B820, 0x2CEA1}, {0x2CEB0, 0x2EBE0},
    {0x2EBF0, 0x2EE5D}, {0x2F800, 0x2FA1D}, {0x30000, 0x3134A},
    {0x31350, 0x323AF}, {0xE0100, 0xE01EF},
};

inline constexpr Decomposition decompositions[] = {
    {0xA0, 0, 1}, {0xA8, 1, 2}, {0xAA, 3, 1},
    {0xAF, 4, 2}, {0xB2, 6, 1}, {0xB3, 7, 1},
    {0xB4, 8, 2}, {0xB5, 10, 1}, {0xB8, 11, 2},
    {0xB9, 13, 1}, {0xBA, 14, 1}, {0xBC, 15, 3},
    {0xBD, 18, 3}, {0xBE, 21, 3}, {0xC0, 24, 2},
    {0xC1, 26, 2}, {0xC2, 28, 2}, {0xC3, 30, 2},
    {0xC4, 32, 2}, {0xC5, 34, 2}, {0xC7, 36, 2},
    {0xC8, 38, 2}, {0xC9, 40, 2}, {0xCA, 42, 2},
    {0xCB, 44, 2}, {0xCC, 46, 2}, {0xCD, 48, 2},
    {0xCE, 50, 2}, {0xCF, 52, 2}, {0xD1, 54, 2},
    {0xD2, 56, 2}, {0xD3, 58, 2}, {0xD4, 60, 2},
    {0xD5, 62, 2}, {0xD6, 64, 2}, {0xD9, 66, 2},
    {0xDA, 68, 2}, {0xDB, 70, 2}, {0xDC, 72, 2},
    {0xDD, 74, 2}, {0xE0, 76, 2}, {0xE1, 78, 2},
    {0xE2, 80, 2}, {0xE3, 82, 2}, {0xE4, 84, 2},
    {0xE5, 86, 2}, {0xE7, 88, 2}, {0xE8, 90, 2},
    {0xE9, 92, 2}, {0xEA, 94, 2}, {0xEB, 96, 2},
    {0xEC, 98, 2}, {0xED, 100, 2}, {0xEE, 102, 2},
    {0xEF, 104, 2}, {0xF1, 106, 2}, {0xF2, 108, 2},
    {0xF3, 110, 2}, {0xF4, 112, 2}, {0xF5, 114, 2},
    {0xF6, 116, 2}, {0xF9, 118, 2}, {0xFA, 120, 2},
    {0xFB, 122, 2}, {0xFC, 124, 2}, {0xFD, 126, 2},
    {0xFF, 128, 2}, {0x100, 130, 2}, {0x101, 132, 2},
    {0x102, 134, 2}, {0x103, 136, 2}, {0x104, 138, 2},
    {0x105, 140, 2}, {0x106, 142, 2}, {0x107, 144, 2},
    {0x108, 146, 2}, {0x109, 148, 2}, {0x10A, 150, 2},
    {0x10B, 152, 2}, {0x10C, 154, 2}, {0x10D, 156, 2},
    {0x10E, 158, 2}, {0x10F, 160, 2}, {0x112, 162, 2},
    {0x113, 164, 2}, {0x114, 166, 2}, {0x115, 168, 2},
    {0x116, 170, 2}, {0x117, 172, 2}, {0x118, 174, 2},
    {0x119, 176, 2}, {0x11A, 178, 2}, {0x11B, 180, 2},
    {0x11C, 182, 2}, {0x11D, 184, 2}, {0x11E, 186, 2},
    {0x11F, 188, 2}, {0x120, 190, 2}, {0x121, 192, 2},
    {0x122, 194, 2}, {0x123, 196, 2}, {0x124, 198, 2},
    {0x125, 200, 2}, {0x128, 202, 2}, {0x129, 204, 2},
    {0x12A, 206, 2}, {0x12B, 208, 2}, {0x12C, 210, 2},
    {0x12D, 212, 2}, {0x12E, 214, 2}, {0x12F, 216, 2},
    {0x130, 218, 2}, {0x132, 220, 2}, {0x133, 222, 2},
    {0x134, 224, 2}, {0x135, 226, 2}, {0x136, 228, 2},
    {0x137, 230, 2}, {0x139, 232, 2}, {0x13A, 234, 2},
    {0x13B, 236, 2}, {0x13C, 238, 2}, {0x13D, 240, 2},
    {0x13E, 242, 2}, {0x13F, 244, 2}, {0x140, 246, 2},
    {0x143, 248, 2}, {0x144, 250, 2}, {0x145, 252, 2},
    {0x146, 254, 2}, {0x147, 256, 2}, {0x148, 258, 2},
    {0x149, 260, 2}, {0x14C, 262, 2}, {0x14D, 264, 2},
    {0x14E, 266, 2}, {0x14F, 268, 2}, {0x150, 270, 2},
    {0x151, 272, 2}, {0x154, 274, 2}, {0x155, 276, 2},
    {0x156, 278, 2}, {0x157, 280, 2}, {0x158, 282, 2},
    {0x159, 284, 2}, {0x15A, 286, 2}, {0x15B, 288, 2},
    {0x15C, 290, 2}, {0x15D, 292, 2}, {0x15E, 294, 2},
    {0x15F, 296, 2}, {0x160, 298, 2}, {0x161, 300, 2},
    {0x162, 302, 2}, {0x163, 304, 2}, {0x164, 306, 2},
    {0x165, 308, 2}, {0x168, 310, 2}, {0x169, 312, 2},
    {0x16A, 314, 2}, {0x16B, 316, 2}, {0x16C, 318, 2},
    {0x16D, 320, 2}, {0x16E, 322, 2}, {0x16F, 324, 2},
    {0x170, 326, 2}, {0x171, 328, 2}, {0x172, 330, 2},
    {0x173, 332, 2}, {0x174, 334, 2}, {0x175, 336, 2},
    {0x176, 338, 2}, {0x177, 340, 2}, {0x178, 342, 2},
    {0x179, 344, 2}, {0x17A, 346, 2}, {0x17B, 348, 2},
    {0x17C, 350, 2}, {0x17D, 352, 2}, {0x17E, 354, 2},
    {0x17F, 356, 1}, {0x1A0, 357, 2}, {0x1A1, 359, 2},
    {0x1AF, 361, 2}, {0x1B0, 363, 2}, {0x1C4, 365, 2},
    {0x1C5, 367, 2}, {0x1C6, 369, 2}, {0x1C7, 371, 2},
    {0x1C8, 373, 2}, {0x1C9, 375, 2}, {0x1CA, 377, 2},
    {0x1CB, 379, 2}, {0x1CC, 381, 2}, {0x1CD, 383, 2},
    {0x1CE, 385, 2}, {0x1CF, 387, 2}, {0x1D0, 389, 2},
    {0x1D1, 391, 2}, {0x1D2, 393, 2}, {0x1D3, 395, 2},
    {0x1D4, 397, 2}, {0x1D5, 399, 2}, {0x1D6, 401, 2},
    {0x1D7, 403, 2}, {0x1D8, 405, 2}, {0x1D9, 407, 2},
    {0x1DA, 409, 2}, {0x1DB, 411, 2}, {0x1DC, 413, 2},
    {0x1DE, 415, 2}, {0x1DF, 417, 2}, {0x1E0, 419, 2},
    {0x1E1, 421, 2}, {0x1E2, 423, 2}, {0x1E3, 425, 2},
    {0x1E6, 427, 2}, {0x1E7, 429, 2}, {0x1E8, 431, 2},
    {0x1E9, 433, 2}, {0x1EA, 435, 2}, {0x1EB, 437, 2},
    {0x1EC, 439, 2}, {0x1ED, 441, 2}, {0x1EE, 443, 2},
    {0x1EF, 445, 2}, {0x1F0, 447, 2}, {0x1F1, 449, 2},
    {0x1F2, 451, 2}, {0x1F3, 453, 2}, {0x1F4, 455, 2},
    {0x1F5, 457, 2}, {0x1F8, 459, 2}, {0x1F9, 461, 2},
    {0x1FA, 463, 2}, {0x1FB, 465, 2}, {0x1FC, 467, 2},
    {0x1FD, 469, 2}, {0x1FE, 471, 2}, {0x1FF, 473, 2},
    {0x200, 475, 2}, {0x201, 477, 2}, {0x202, 479, 2},
    {0x203, 481, 2}, {0x204, 483, 2}, {0x205, 485, 2},
    {0x206, 487, 2}, {0x207, 489, 2}, {0x208, 491, 2},
    {0x209, 493, 2}, {0x20A, 495, 2}, {0x20B, 497, 2},
    {0x20C, 499, 2}, {0x20D, 501, 2}, {0x20E, 503, 2},
    {0x20F, 505, 2}, {0x210, 507, 2}, {0x211, 509, 2},
    {0x212, 511, 2}, {0x213, 513, 2}, {0x214, 515, 2},
    {0x215, 517, 2}, {0x216, 519, 2}, {0x217, 521, 2},
    {0x218, 523, 2}, {0x219, 525, 2}, {0x21A, 527, 2},
    {0x21B, 529, 2}, {0x21E, 531, 2}, {0x21F, 533, 2},
    {0x226, 535, 2}, {0x227, 537, 2}, {0x228, 539, 2},
    {0x229, 541, 2}, {0x22A, 543, 2}, {0x22B, 545, 2},
    {0x22C, 547, 2}, {0x22D, 549, 2}, {0x22E, 551, 2},
    {0x22F, 553, 2}, {0x230, 555, 2}, {0x231, 557, 2},
    {0x232, 559, 2}, {0x233, 561, 2}, {0x2B0, 563, 1},
    {0x2B1, 564, 1}, {0x2B2, 565, 1}, {0x2B3, 566, 1},
    {0x2B4, 567, 1}, {0x2B5, 568, 1}, {0x2B6, 569, 1},
    {0x2B7, 570, 1}, {0x2B8, 571, 1}, {0x2D8, 572, 2},
    {0x2D9, 574, 2}, {0x2DA, 576, 2}, {0x2DB, 578, 2},
    {0x2DC, 580, 2}, {0x2DD, 582, 2}, {0x2E0, 584, 1},
    {0x2E1, 585, 1}, {0x2E2, 586, 1}, {0x2E3, 587, 1},
    {0x2E4, 588, 1}, {0x340, 589, 1}, {0x341, 590, 1},
    {0x343, 591, 1}, {0x344, 592, 2}, {0x374, 594, 1},
    {0x37A, 595, 2}, {0x37E, 597, 1}, {0x384, 598, 2},
    {0x385, 600, 2}, {0x386, 602, 2}, {0x387, 604, 1},
    {0x388, 605, 2}, {0x389, 607, 2}, {0x38A, 609, 2},
    {0x38C, 611, 2}, {0x38E, 613, 2}, {0x38F, 615, 2},
    {0x390, 617, 2}, {0x3AA, 619, 2}, {0x3AB, 621, 2},
    {0x3AC, 623, 2}, {0x3AD, 625, 2}, {0x3AE, 627, 2},
    {0x3AF, 629, 2}, {0x3B0, 631, 2}, {0x3CA, 633, 2},
    {0x3CB, 635, 2}, {0x3CC, 637, 2}, {0x3CD, 639, 2},
    {0x3CE, 641, 2}, {0x3D0, 643, 1}, {0x3D1, 644, 1},
    {0x3D2, 645, 1}, {0x3D3, 646, 2}, {0x3D4, 648, 2},
    {0x3D5, 650, 1}, {0x3D6, 651, 1}, {0x3F0, 652, 1},
    {0x3F1, 653, 1}, {0x3F2, 654, 1}, {0x3F4, 655, 1},
    {0x3F5, 656, 1}, {0x3F9, 657, 1}, {0x400, 658, 2},
    {0x401, 660, 2}, {0x403, 662, 2}, {0x407, 664, 2},
    {0x40C, 666, 2}, {0x40D, 668, 2}, {0x40E, 670, 2},
    {0x419, 672, 2}, {0x439, 674, 2}, {0x450, 676, 2},
    {0x451, 678, 2}, {0x453, 680, 2}, {0x457, 682, 2},
    {0x45C, 684, 2}, {0x45D, 686, 2}, {0x45E, 688, 2},
    {0x476, 690, 2}, {0x477, 692, 2}, {0x4C1, 694, 2},
    {0x4C2, 696, 2}, {0x4D0, 698, 2}, {0x4D1, 700, 2},
    {0x4D2, 702, 2}, {0x4D3, 704, 2}, {0x4D6, 706, 2},
    {0x4D7, 708, 2}, {0x4DA, 710, 2}, {0x4DB, 712, 2},
    {0x4DC, 714, 2}, {0x4DD, 716, 2}, {0x4DE, 718, 2},
    {0x4DF, 720, 2}, {0x4E2, 722, 2}, {0x4E3, 724, 2},
    {0x4E4, 726, 2}, {0x4E5, 728, 2}, {0x4E6, 730, 2},
    {0x4E7, 732, 2}, {0x4EA, 734, 2}, {0x4EB, 736, 2},
    {0x4EC, 738, 2}, {0x4ED, 740, 2}, {0x4EE, 742, 2},
    {0x4EF, 744, 2}, {0x4F0, 746, 2}, {0x4F1, 748, 2},
    {0x4F2, 750, 2}, {0x4F3, 752, 2}, {0x4F4, 754, 2},
    {0x4F5, 756, 2}, {0x4F8, 758, 2}, {0x4F9, 760, 2},
    {0x587, 762, 2}, {0x622, 764, 2}, {0x623, 766, 2},
    {0x624, 768, 2}, {0x625, 770, 2}, {0x626, 772, 2},
    {0x675, 774, 2}, {0x676, 776, 2}, {0x677, 778, 2},
    {0x678, 780, 2}, {0x6C0, 782, 2}, {0x6C2, 784, 2},
    {0x6D3, 786, 2}, {0x929, 788, 2}, {0x931, 790, 2},
    {0x934, 792, 2}, {0x958, 794, 2}, {0x959, 796, 2},
    {0x95A, 798, 2}, {0x95B, 800, 2}, {0x95C, 802, 2},
    {0x95D, 804, 2}, {0x95E, 806, 2}, {0x95F, 808, 2},
    {0x9CB, 810, 2}, {0x9CC, 812, 2}, {0x9DC, 814, 2},
    {0x9DD, 816, 2}, {0x9DF, 818, 2}, {0xA33, 820, 2},
    {0xA36, 822, 2}, {0xA59, 824, 2}, {0xA5A, 826, 2},
    {0xA5B, 828, 2}, {0xA5E, 830, 2}, {0xB48, 832, 2},
    {0xB4B, 834, 2}, {0xB4C, 836, 2}, {0xB5C, 838, 2},
    {0xB5D, 840, 2}, {0xB94, 842, 2}, {0xBCA, 844, 2},
    {0xBCB, 846, 2}, {0xBCC, 848, 2}, {0xC48, 850, 2},
    {0xCC0, 852, 2}, {0xCC7, 854, 2}, {0xCC8, 856, 2},
    {0xCCA, 858, 2}, {0xCCB, 860, 2}, {0xD4A, 862, 2},
    {0xD4B, 864, 2}, {0xD4C, 866, 2}, {0xDDA, 868, 2},
    {0xDDC, 870, 2}, {0xDDD, 872, 2}, {0xDDE, 874, 2},
    {0xE33, 876, 2}, {0xEB3, 878, 2}, {0xEDC, 880, 2},
    {0xEDD, 882, 2}, {0xF0C, 884, 1}, {0xF43, 885, 2},
    {0xF4D, 887, 2}, {0xF52, 889, 2}, {0xF57, 891, 2},
    {0xF5C, 893, 2}, {0xF69, 895, 2}, {0xF73, 897, 2},
    {0xF75, 899, 2}, {0xF76, 901, 2}, {0xF77, 903, 2},
    {0xF78, 905, 2}, {0xF79, 907, 2}, {0xF81, 909, 2},
    {0xF93, 911, 2}, {0xF9D, 913, 2}, {0xFA2, 915, 2},
    {0xFA7, 917, 2}, {0xFAC, 919, 2}, {0xFB9, 921, 2},
    {0x1026, 923, 2}, {0x10FC, 925, 1}, {0x1B06, 926, 2},
    {0x1B08, 928, 2}, {0x1B0A, 930, 2}, {0x1B0C, 932, 2},
    {0x1B0E, 934, 2}, {0x1B12, 936, 2}, {0x1B3B, 938, 2},
    {0x1B3D, 940, 2}, {0x1B40, 942, 2}, {0x1B41, 944, 2},
    {0x1B43, 946, 2}, {0x1D2C, 948, 1}, {0x1D2D, 949, 1},
    {0x1D2E, 950, 1}, {0x1D30, 951, 1}, {0x1D31, 952, 1},
    {0x1D32, 953, 1}, {0x1D33, 954, 1}, {0x1D34, 955, 1},
    {0x1D35, 956, 1}, {0x1D36, 957, 1}, {0x1D37, 958, 1},
    {0x1D38, 959, 1}, {0x1D39, 960, 1}, {0x1D3A, 961, 1},
    {0x1D3C, 962, 1}, {0x1D3D, 963, 1}, {0x1D3E, 964, 1},
    {0x1D3F, 965, 1}, {0x1D40, 966, 1}, {0x1D41, 967, 1},
    {0x1D42, 968, 1}, {0x1D43, 969, 1}, {0x1D44, 970, 1},
    {0x1D45, 971, 1}, {0x1D46, 972, 1}, {0x1D47, 973, 1},
    {0x1D48, 974, 1}, {0x1D49, 975, 1}, {0x1D4A, 976, 1},
    {0x1D4B, 977, 1}, {0x1D4C, 978, 1}, {0x1D4D, 979, 1},
    {0x1D4F, 980, 1}, {0x1D50, 981, 1}, {0x1D51, 982, 1},
    {0x1D52, 983, 1}, {0x1D53, 984, 1}, {0x1D54, 985, 1},
    {0x1D55, 986, 1}, {0x1D56, 987, 1}, {0x1D57, 988, 1},
    {0x1D58, 989, 1}, {0x1D59, 990, 1}, {0x1D5A, 991, 1},
    {0x1D5B, 992, 1}, {0x1D5C, 993, 1}, {0x1D5D, 994, 1},
    {0x1D5E, 995, 1}, {0x1D5F, 996, 1}, {0x1D60, 997, 1},
    {0x1D61, 998, 1}, {0x1D62, 999, 1}, {0x1D63, 1000, 1},
    {0x1D64, 1001, 1}, {0x1D65, 1002, 1}, {0x1D66, 1003, 1},
    {0x1D67, 1004, 1}, {0x1D68, 1005, 1}, {0x1D69, 1006, 1},
    {0x1D6A, 1007, 1}, {0x1D78, 1008, 1}, {0x1D9B, 1009, 1},
    {0x1D9C, 1010, 1}, {0x1D9D, 1011, 1}, {0x1D9E, 1012, 1},
    {0x1D9F, 1013, 1}, {0x1DA0, 1014, 1}, {0x1DA1, 1015, 1},
    {0x1DA2, 1016, 1}, {0x1DA3, 1017, 1}, {0x1DA4, 1018, 1},
    {0x1DA5, 1019, 1}, {0x1DA6, 1020, 1}, {0x1DA7, 1021, 1},
    {0x1DA8, 1022, 1}, {0x1DA9, 1023, 1}, {0x1DAA, 1024, 1},
    {0x1DAB, 1025, 1}, {0x1DAC, 1026, 1}, {0x1DAD, 1027, 1},
    {0x1DAE, 1028, 1}, {0x1DAF, 1029, 1}, {0x1DB0, 1030, 1},
    {0x1DB1, 1031, 1}, {0x1DB2, 1032, 1}, {0x1DB3, 1033, 1},
    {0x1DB4, 1034, 1}, {0x1DB5, 1035, 1}, {0x1DB6, 1036, 1},
    {0x1DB7, 1037, 1}, {0x1DB8, 1038, 1}, {0x1DB9, 1039, 1},
    {0x1DBA, 1040, 1}, {0x1DBB, 1041, 1}, {0x1DBC, 1042, 1},
    {0x1DBD, 1043, 1}, {0x1DBE, 1044, 1}, {0x1DBF, 1045, 1},
    {0x1E00, 1046, 2}, {0x1E01, 1048, 2}, {0x1E02, 1050, 2},
    {0x1E03, 1052, 2}, {0x1E04, 1054, 2}, {0x1E05, 1056, 2},
    {0x1E06, 1058, 2}, {0x1E07, 1060, 2}, {0x1E08, 1062, 2},
    {0x1E09, 1064, 2}, {0x1E0A, 1066, 2}, {0x1E0B, 1068, 2},
    {0x1E0C, 1070, 2}, {0x1E0D, 1072, 2}, {0x1E0E, 1074, 2},
    {0x1E0F, 1076, 2}, {0x1E10, 1078, 2}, {0x1E11, 1080, 2},
    {0x1E12, 1082, 2}, {0x1E13, 1084, 2}, {0x1E14, 1086, 2},
    {0x1E15, 1088, 2}, {0x1E16, 1090, 2}, {0x1E17, 1092, 2},
    {0x1E18, 1094, 2}, {0x1E19, 1096, 2}, {0x1E1A, 1098, 2},
    {0x1E1B, 1100, 2}, {0x1E1C, 1102, 2}, {0x1E1D, 1104, 2},
    {0x1E1E, 1106, 2}, {0x1E1F, 1108, 2}, {0x1E20, 1110, 2},
    {0x1E21, 1112, 2}, {0x1E22, 1114, 2}, {0x1E23, 1116, 2},
    {0x1E24, 1118, 2}, {0x1E25, 1120, 2}, {0x1E26, 1122, 2},
    {0x1E27, 1124, 2}, {0x1E28, 1126, 2}, {0x1E29, 1128, 2},
    {0x1E2A, 1130, 2}, {0x1E2B, 1132, 2}, {0x1E2C, 1134, 2},
    {0x1E2D, 1136, 2}, {0x1E2E, 1138, 2}, {0x1E2F, 1140, 2},
    {0x1E30, 1142, 2}, {0x1E31, 1144, 2}, {0x1E32, 1146, 2},
    {0x1E33, 1148, 2}, {0x1E34, 1150, 2}, {0x1E35, 1152, 2},
    {0x1E36, 1154, 2}, {0x1E37, 1156, 2}, {0x1E38, 1158, 2},
    {0x1E39, 1160, 2}, {0x1E3A, 1162, 2}, {0x1E3B, 1164, 2},
    {0x1E3C, 1166, 2}, {0x1E3D, 1168, 2}, {0x1E3E, 1170, 2},
    {0x1E3F, 1172, 2}, {0x1E40, 1174, 2}, {0x1E41, 1176, 2},
    {0x1E42, 1178, 2}, {0x1E43, 1180, 2}, {0x1E44, 1182, 2},
    {0x1E45, 1184, 2}, {0x1E46, 1186, 2}, {0x1E47, 1188, 2},
    {0x1E48, 1190, 2}, {0x1E49, 1192, 2}, {0x1E4A, 1194, 2},
    {0x1E4B, 1196, 2}, {0x1E4C, 1198, 2}, {0x1E4D, 1200, 2},
    {0x1E4E, 1202, 2}, {0x1E4F, 1204, 2}, {0x1E50, 1206, 2},
    {0x1E51, 1208, 2}, {0x1E52, 1210, 2}, {0x1E53, 1212, 2},
    {0x1E54, 1214, 2}, {0x1E55, 1216, 2}, {0x1E56, 1218, 2},
    {0x1E57, 1220, 2}, {0x1E58, 1222, 2}, {0x1E59, 1224, 2},
    {0x1E5A, 1226, 2}, {0x1E5B, 1228, 2}, {0x1E5C, 1230, 2},
    {0x1E5D, 1232, 2}, {0x1E5E, 1234, 2}, {0x1E5F, 1236, 2},
    {0x1E60, 1238, 2}, {0x1E61, 1240, 2}, {0x1E62, 1242, 2},
    {0x1E63, 1244, 2}, {0x1E64, 1246, 2}, {0x1E65, 1248, 2},
    {0x1E66, 1250, 2}, {0x1E67, 1252, 2}, {0x1E68, 1254, 2},
    {0x1E69, 1256, 2}, {0x1E6A, 1258, 2}, {0x1E6B, 1260, 2},
    {0x1E6C, 1262, 2}, {0x1E6D, 1264, 2}, {0x1E6E, 1266, 2},
    {0x1E6F, 1268, 2}, {0x1E70, 1270, 2}, {0x1E71, 1272, 2},
    {0x1E72, 1274, 2}, {0x1E73, 1276, 2}, {0x1E74, 1278, 2},
    {0x1E75, 1280, 2}, {0x1E76, 1282, 2}, {0x1E77, 1284, 2},
    {0x1E78, 1286, 2}, {0x1E79, 1288, 2}, {0x1E7A, 1290, 2},
    {0x1E7B, 1292, 2}, {0x1E7C, 1294, 2}, {0x1E7D, 1296, 2},
    {0x1E7E, 1298, 2}, {0x1E7F, 1300, 2}, {0x1E80, 1302, 2},
    {0x1E81, 1304, 2}, {0x1E82, 1306, 2}, {0x1E83, 1308, 2},
    {0x1E84, 1310, 2}, {0x1E85, 1312, 2}, {0x1E86, 1314, 2},
    {0x1E87, 1316, 2}, {0x1E88, 1318, 2}, {0x1E89, 1320, 2},
    {0x1E8A, 1322, 2}, {0x1E8B, 1324, 2}, {0x1E8C, 1326, 2},
    {0x1E8D, 1328, 2}, {0x1E8E, 1330, 2}, {0x1E8F, 1332, 2},
    {0x1E90, 1334, 2}, {0x1E91, 1336, 2}, {0x1E92, 1338, 2},
    {0x1E93, 1340, 2}, {0x1E94, 1342, 2}, {0x1E95, 1344, 2},
    {0x1E96, 1346, 2}, {0x1E97, 1348, 2}, {0x1E98, 1350, 2},
    {0x1E99, 1352, 2}, {0x1E9A, 1354, 2}, {0x1E9B, 1356, 2},
    {0x1EA0, 1358, 2}, {0x1EA1, 1360, 2}, {0x1EA2, 1362, 2},
    {0x1EA3, 1364, 2}, {0x1EA4, 1366, 2}, {0x1EA5, 1368, 2},
    {0x1EA6, 1370, 2}, {0x1EA7, 1372, 2}, {0x1EA8, 1374, 2},
    {0x1EA9, 1376, 2}, {0x1EAA, 1378, 2}, {0x1EAB, 1380, 2},
    {0x1EAC, 1382, 2}, {0x1EAD, 1384, 2}, {0x1EAE, 1386, 2},
    {0x1EAF, 1388, 2}, {0x1EB0, 1390, 2}, {0x1EB1, 1392, 2},
    {0x1EB2, 1394, 2}, {0x1EB3, 1396, 2}, {0x1EB4, 1398, 2},
    {0x1EB5, 1400, 2}, {0x1EB6, 1402, 2}, {0x1EB7, 1404, 2},
    {0x1EB8, 1406, 2}, {0x1EB9, 1408, 2}, {0x1EBA, 1410, 2},
    {0x1EBB, 1412, 2}, {0x1EBC, 1414, 2}, {0x1EBD, 1416, 2},
    {0x1EBE, 1418, 2}, {0x1EBF, 1420, 2}, {0x1EC0, 1422, 2},
    {0x1EC1, 1424, 2}, {0x1EC2, 1426, 2}, {0x1EC3, 1428, 2},
    {0x1EC4, 1430, 2}, {0x1EC5, 1432, 2}, {0x1EC6, 1434, 2},
    {0x1EC7, 1436, 2}, {0x1EC8, 1438, 2}, {0x1EC9, 1440, 2},
    {0x1ECA, 1442, 2}, {0x1ECB, 1444, 2}, {0x1ECC, 1446, 2},
    {0x1ECD, 1448, 2}, {0x1ECE, 1450, 2}, {0x1ECF, 1452, 2},
    {0x1ED0, 1454, 2}, {0x1ED1, 1456, 2}, {0x1ED2, 1458, 2},
    {0x1ED3, 1460, 2}, {0x1ED4, 1462, 2}, {0x1ED5, 1464, 2},
    {0x1ED6, 1466, 2}, {0x1ED7, 1468, 2}, {0x1ED8, 1470, 2},
    {0x1ED9, 1472, 2}, {0x1EDA, 1474, 2}, {0x1EDB, 1476, 2},
    {0x1EDC, 1478, 2}, {0x1EDD, 1480, 2}, {0x1EDE, 1482, 2},
    {0x1EDF, 1484, 2}, {0x1EE0, 1486, 2}, {0x1EE1, 1488, 2},
    {0x1EE2, 1490, 2}, {0x1EE3, 1492, 2}, {0x1EE4, 1494, 2},
    {0x1EE5, 1496, 2}, {0x1EE6, 1498, 2}, {0x1EE7, 1500, 2},
    {0x1EE8, 1502, 2}, {0x1EE9, 1504, 2}, {0x1EEA, 1506, 2},
    {0x1EEB, 1508, 2}, {0x1EEC, 1510, 2}, {0x1EED, 1512, 2},
    {0x1EEE, 1514, 2}, {0x1EEF, 1516, 2}, {0x1EF0, 1518, 2},
    {0x1EF1, 1520, 2}, {0x1EF2, 1522, 2}, {0x1EF3, 1524, 2},
    {0x1EF4, 1526, 2}, {0x1EF5, 1528, 2}, {0x1EF6, 1530, 2},
    {0x1EF7, 1532, 2}, {0x1EF8, 1534, 2}, {0x1EF9, 1536, 2},
    {0x1F00, 1538, 2}, {0x1F01, 1540, 2}, {0x1F02, 1542, 2},
    {0x1F03, 1544, 2}, {0x1F04, 1546, 2}, {0x1F05, 1548, 2},
    {0x1F06, 1550, 2}, {0x1F07, 1552, 2}, {0x1F08, 1554, 2},
    {0x1F09, 1556, 2}, {0x1F0A, 1558, 2}, {0x1F0B, 1560, 2},
    {0x1F0C, 1562, 2}, {0x1F0D, 1564, 2}, {0x1F0E, 1566, 2},
    {0x1F0F, 1568, 2}, {0x1F10, 1570, 2}, {0x1F11, 1572, 2},
    {0x1F12, 1574, 2}, {0x1F13, 1576, 2}, {0x1F14, 1578, 2},
    {0x1F15, 1580, 2}, {0x1F18, 1582, 2}, {0x1F19, 1584, 2},
    {0x1F1A, 1586, 2}, {0x1F1B, 1588, 2}, {0x1F1C, 1590, 2},
    {0x1F1D, 1592, 2}, {0x1F20, 1594, 2}, {0x1F21, 1596, 2},
    {0x1F22, 1598, 2}, {0x1F23, 1600, 2}, {0x1F24, 1602, 2},
    {0x1F25, 1604, 2}, {0x1F26, 1606, 2}, {0x1F27, 1608, 2},
    {0x1F28, 1610, 2}, {0x1F29, 1612, 2}, {0x1F2A, 1614, 2},
    {0x1F2B, 1616, 2}, {0x1F2C, 1618, 2}, {0x1F2D, 1620, 2},
    {0x1F2E, 1622, 2}, {0x1F2F, 1624, 2}, {0x1F30, 1626, 2},
    {0x1F31, 1628, 2}, {0x1F32, 1630, 2}, {0x1F33, 1632, 2},
    {0x1F34, 1634, 2}, {0x1F35, 1636, 2}, {0x1F36, 1638, 2},
    {0x1F37, 1640, 2}, {0x1F38, 1642, 2}, {0x1F39, 1644, 2},
    {0x1F3A, 1646, 2}, {0x1F3B, 1648, 2}, {0x1F3C, 1650, 2},
    {0x1F3D, 1652, 2}, {0x1F3E, 1654, 2}, {0x1F3F, 1656, 2},
    {0x1F40, 1658, 2}, {0x1F41, 1660, 2}, {0x1F42, 1662, 2},
    {0x1F43, 1664, 2}, {0x1F44, 1666, 2}, {0x1F45, 1668, 2},
    {0x1F48, 1670, 2}, {0x1F49, 1672, 2}, {0x1F4A, 1674, 2},
    {0x1F4B, 1676, 2}, {0x1F4C, 1678, 2}, {0x1F4D, 1680, 2},
    {0x1F50, 1682, 2}, {0x1F51, 1684, 2}, {0x1F52, 1686, 2},
    {0x1F53, 1688, 2}, {0x1F54, 1690, 2}, {0x1F55, 1692, 2},
    {0x1F56, 1694, 2}, {0x1F57, 1696, 2}, {0x1F59, 1698, 2},
    {0x1F5B, 1700, 2}, {0x1F5D, 1702, 2}, {0x1F5F, 1704, 2},
    {0x1F60, 1706, 2}, {0x1F61, 1708, 2}, {0x1F62, 1710, 2},
    {0x1F63, 1712, 2}, {0x1F64, 1714, 2}, {0x1F65, 1716, 2},
    {0x1F66, 1718, 2}, {0x1F67, 1720, 2}, {0x1F68, 1722, 2},
    {0x1F69, 1724, 2}, {0x1F6A, 1726, 2}, {0x1F6B, 1728, 2},
    {0x1F6C, 1730, 2}, {0x1F6D, 1732, 2}, {0x1F6E, 1734, 2},
    {0x1F6F, 1736, 2}, {0x1F70, 1738, 2}, {0x1F71, 1740, 1},
    {0x1F72, 1741, 2}, {0x1F73, 1743, 1}, {0x1F74, 1744, 2},
    {0x1F75, 1746, 1}, {0x1F76, 1747, 2}, {0x1F77, 1749, 1},
    {0x1F78, 1750, 2}, {0x1F79, 1752, 1}, {0x1F7A, 1753, 2},
    {0x1F7B, 1755, 1}, {0x1F7C, 1756, 2}, {0x1F7D, 1758, 1},
    {0x1F80, 1759, 2}, {0x1F81, 1761, 2}, {0x1F82, 1763, 2},
    {0x1F83, 1765, 2}, {0x1F84, 1767, 2}, {0x1F85, 1769, 2},
    {0x1F86, 1771, 2}, {0x1F87, 1773, 2}, {0x1F88, 1775, 2},
    {0x1F89, 1777, 2}, {0x1F8A, 1779, 2}, {0x1F8B, 1781, 2},
    {0x1F8C, 1783, 2}, {0x1F8D, 1785, 2}, {0x1F8E, 1787, 2},
    {0x1F8F, 1789, 2}, {0x1F90, 1791, 2}, {0x1F91, 1793, 2},
    {0x1F92, 1795, 2}, {0x1F93, 1797, 2}, {0x1F94, 1799, 2},
    {0x1F95, 1801, 2}, {0x1F96, 1803, 2}, {0x1F97, 1805, 2},
    {0x1F98, 1807, 2}, {0x1F99, 1809, 2}, {0x1F9A, 1811, 2},
    {0x1F9B, 1813, 2}, {0x1F9C, 1815, 2}, {0x1F9D, 1817, 2},
    {0x1F9E, 1819, 2}, {0x1F9F, 1821, 2}, {0x1FA0, 1823, 2},
    {0x1FA1, 1825, 2}, {0x1FA2, 1827, 2}, {0x1FA3, 1829, 2},
    {0x1FA4, 1831, 2}, {0x1FA5, 1833, 2}, {0x1FA6, 1835, 2},
    {0x1FA7, 1837, 2}, {0x1FA8, 1839, 2}, {0x1FA9, 1841, 2},
    {0x1FAA, 1843, 2}, {0x1FAB, 1845, 2}, {0x1FAC, 1847, 2},
    {0x1FAD, 1849, 2}, {0x1FAE, 1851, 2}, {0x1FAF, 1853, 2},
    {0x1FB0, 1855, 2}, {0x1FB1, 1857, 2}, {0x1FB2, 1859, 2},
    {0x1FB3, 1861, 2}, {0x1FB4, 1863, 2}, {0x1FB6, 1865, 2},
    {0x1FB7, 1867, 2}, {0x1FB8, 1869, 2}, {0x1FB9, 1871, 2},
    {0x1FBA, 1873, 2}, {0x1FBB, 1875, 1}, {0x1FBC, 1876, 2},
    {0x1FBD, 1878, 2}, {0x1FBE, 1880, 1}, {0x1FBF, 1881, 2},
    {0x1FC0, 1883, 2}, {0x1FC1, 1885, 2}, {0x1FC2, 1887, 2},
    {0x1FC3, 1889, 2}, {0x1FC4, 1891, 2}, {0x1FC6, 1893, 2},
    {0x1FC7, 1895, 2}, {0x1FC8, 1897, 2}, {0x1FC9, 1899, 1},
    {0x1FCA, 1900, 2}, {0x1FCB, 1902, 1}, {0x1FCC, 1903, 2},
    {0x1FCD, 1905, 2}, {0x1FCE, 1907, 2}, {0x1FCF, 1909, 2},
    {0x1FD0, 1911, 2}, {0x1FD1, 1913, 2}, {0x1FD2, 1915, 2},
    {0x1FD3, 1917, 1}, {0x1FD6, 1918, 2}, {0x1FD7, 1920, 2},
    {0x1FD8, 1922, 2}, {0x1FD9, 1924, 2}, {0x1FDA, 1926, 2},
    {0x1FDB, 1928, 1}, {0x1FDD, 1929, 2}, {0x1FDE, 1931, 2},
    {0x1FDF, 1933, 2}, {0x1FE0, 1935, 2}, {0x1FE1, 1937, 2},
    {0x1FE2, 1939, 2}, {0x1FE3, 1941, 1}, {0x1FE4, 1942, 2},
    {0x1FE5, 1944, 2}, {0x1FE6, 1946, 2}, {0x1FE7, 1948, 2},
    {0x1FE8, 1950, 2}, {0x1FE9, 1952, 2}, {0x1FEA, 1954, 2},
    {0x1FEB, 1956, 1}, {0x1FEC, 1957, 2}, {0x1FED, 1959, 2},
    {0x1FEE, 1961, 1}, {0x1FEF, 1962, 1}, {0x1FF2, 1963, 2},
    {0x1FF3, 1965, 2}, {0x1FF4, 1967, 2}, {0x1FF6, 1969, 2},
    {0x1FF7, 1971, 2}, {0x1FF8, 1973, 2}, {0x1FF9, 1975, 1},
    {0x1FFA, 1976, 2}, {0x1FFB, 1978, 1}, {0x1FFC, 1979, 2},
    {0x1FFD, 1981, 1}, {0x1FFE, 1982, 2}, {0x2000, 1984, 1},
    {0x2001, 1985, 1}, {0x2002, 1986, 1}, {0x2003, 1987, 1},
    {0x2004, 1988, 1}, {0x2005, 1989, 1}, {0x2006, 1990, 1},
    {0x2007, 1991, 1}, {0x2008, 1992, 1}, {0x2009, 1993, 1},
    {0x200A, 1994, 1}, {0x2011, 1995, 1}, {0x2017, 1996, 2},
    {0x2024, 1998, 1}, {0x2025, 1999, 2}, {0x2026, 2001, 3},
    {0x202F, 2004, 1}, {0x2033, 2005, 2}, {0x2034, 2007, 3},
    {0x2036, 2010, 2}, {0x2037, 2012, 3}, {0x203C, 2015, 2},
    {0x203E, 2017, 2}, {0x2047, 2019, 2}, {0x2048, 2021, 2},
    {0x2049, 2023, 2}, {0x2057, 2025, 4}, {0x205F, 2029, 1},
    {0x2070, 2030, 1}, {0x2071, 2031, 1}, {0x2074, 2032, 1},
    {0x2075, 2033, 1}, {0x2076, 2034, 1}, {0x2077, 2035, 1},
    {0x2078, 2036, 1}, {0x2079, 2037, 1}, {0x207A, 2038, 1},
    {0x207B, 2039, 1}, {0x207C, 2040, 1}, {0x207D, 2041, 1},
    {0x207E, 2042, 1}, {0x207F, 2043, 1}, {0x2080, 2044, 1},
    {0x2081, 2045, 1}, {0x2082, 2046, 1}, {0x2083, 2047, 1},
    {0x2084, 2048, 1}, {0x2085, 2049, 1}, {0x2086, 2050, 1},
    {0x2087, 2051, 1}, {0x2088, 2052, 1}, {0x2089, 2053, 1},
    {0x208A, 2054, 1}, {0x208B, 2055, 1}, {0x208C, 2056, 1},
    {0x208D, 2057, 1}, {0x208E, 2058, 1}, {0x2090, 2059, 1},
    {0x2091, 2060, 1}, {0x2092, 2061, 1}, {0x2093, 2062, 1},
    {0x2094, 2063, 1}, {0x2095, 2064, 1}, {0x2096, 2065, 1},
    {0x2097, 2066, 1}, {0x2098, 2067, 1}, {0x2099, 2068, 1},
    {0x209A, 2069, 1}, {0x209B, 2070, 1}, {0x209C, 2071, 1},
    {0x20A8, 2072, 2}, {0x2100, 2074, 3}, {0x2101, 2077, 3},
    {0x2102, 2080, 1}, {0x2103, 2081, 2}, {0x2105, 2083, 3},
    {0x2106, 2086, 3}, {0x2107, 2089, 1}, {0x2109, 2090, 2},
    {0x210A, 2092, 1}, {0x210B, 2093, 1}, {0x210C, 2094, 1},
    {0x210D, 2095, 1}, {0x210E, 2096, 1}, {0x210F, 2097, 1},
    {0x2110, 2098, 1}, {0x2111, 2099, 1}, {0x2112, 2100, 1},
    {0x2113, 2101, 1}, {0x2115, 2102, 1}, {0x2116, 2103, 2},
    {0x2119, 2105, 1}, {0x211A, 2106, 1}, {0x211B, 2107, 1},
    {0x211C, 2108, 1}, {0x211D, 2109, 1}, {0x2120, 2110, 2},
    {0x2121, 2112, 3}, {0x2122, 2115, 2}, {0x2124, 2117, 1},
    {0x2126, 2118, 1}, {0x2128, 2119, 1}, {0x212A, 2120, 1},
    {0x212B, 2121, 1}, {0x212C, 2122, 1}, {0x212D, 2123, 1},
    {0x212F, 2124, 1}, {0x2130, 2125, 1}, {0x2131, 2126, 1},
    {0x2133, 2127, 1}, {0x2134, 2128, 1}, {0x2135, 2129, 1},
    {0x2136, 2130, 1}, {0x2137, 2131, 1}, {0x2138, 2132, 1},
    {0x2139, 2133, 1}, {0x213B, 2134, 3}, {0x213C, 2137, 1},
    {0x213D, 2138, 1}, {0x213E, 2139, 1}, {0x213F, 2140, 1},
    {0x2140, 2141, 1}, {0x2145, 2142, 1}, {0x2146, 2143, 1},
    {0x2147, 2144, 1}, {0x2148, 2145, 1}, {0x2149, 2146, 1},
    {0x2150, 2147, 3}, {0x2151, 2150, 3}, {0x2152, 2153, 4},
    {0x2153, 2157, 3}, {0x2154, 2160, 3}, {0x2155, 2163, 3},
    {0x2156, 2166, 3}, {0x2157, 2169, 3}, {0x2158, 2172, 3},
    {0x2159, 2175, 3}, {0x215A, 2178, 3}, {0x215B, 2181, 3},
    {0x215C, 2184, 3}, {0x215D, 2187, 3}, {0x215E, 2190, 3},
    {0x215F, 2193, 2}, {0x2160, 2195, 1}, {0x2161, 2196, 2},
    {0x2162, 2198, 3}, {0x2163, 2201, 2}, {0x2164, 2203, 1},
    {0x2165, 2204, 2}, {0x2166, 2206, 3}, {0x2167, 2209, 4},
    {0x2168, 2213, 2}, {0x2169, 2215, 1}, {0x216A, 2216, 2},
    {0x216B, 2218, 3}, {0x216C, 2221, 1}, {0x216D, 2222, 1},
    {0x216E, 2223, 1}, {0x216F, 2224, 1}, {0x2170, 2225, 1},
    {0x2171, 2226, 2}, {0x2172, 2228, 3}, {0x2173, 2231, 2},
    {0x2174, 2233, 1}, {0x2175, 2234, 2}, {0x2176, 2236, 3},
    {0x2177, 2239, 4}, {0x2178, 2243, 2}, {0x2179, 2245, 1},
    {0x217A, 2246, 2}, {0x217B, 2248, 3}, {0x217C, 2251, 1},
    {0x217D, 2252, 1}, {0x217E, 2253, 1}, {0x217F, 2254, 1},
    {0x2189, 2255, 3}, {0x219A, 2258, 2}, {0x219B, 2260, 2},
    {0x21AE, 2262, 2}, {0x21CD, 2264, 2}, {0x21CE, 2266, 2},
    {0x21CF, 2268, 2}, {0x2204, 2270, 2}, {0x2209, 2272, 2},
    {0x220C, 2274, 2}, {0x2224, 2276, 2}, {0x2226, 2278, 2},
    {0x222C, 2280, 2}, {0x222D, 2282, 3}, {0x222F, 2285, 2},
    {0x2230, 2287, 3}, {0x2241, 2290, 2}, {0x2244, 2292, 2},
    {0x2247, 2294, 2}, {0x2249, 2296, 2}, {0x2260, 2298, 2},
    {0x2262, 2300, 2}, {0x226D, 2302, 2}, {0x226E, 2304, 2},
    {0x226F, 2306, 2}, {0x2270, 2308, 2}, {0x2271, 2310, 2},
    {0x2274, 2312, 2}, {0x2275, 2314, 2}, {0x2278, 2316, 2},
    {0x2279, 2318, 2}, {0x2280, 2320, 2}, {0x2281, 2322, 2},
    {0x2284, 2324, 2}, {0x2285, 2326, 2}, {0x2288, 2328, 2},
    {0x2289, 2330, 2}, {0x22AC, 2332, 2}, {0x22AD, 2334, 2},
    {0x22AE, 2336, 2}, {0x22AF, 2338, 2}, {0x22E0, 2340, 2},
    {0x22E1, 2342, 2}, {0x22E2, 2344, 2}, {0x22E3, 2346, 2},
    {0x22EA, 2348, 2}, {0x22EB, 2350, 2}, {0x22EC, 2352, 2},
    {0x22ED, 2354, 2}, {0x2329, 2356, 1}, {0x232A, 2357, 1},
    {0x2460, 2358, 1}, {0x2461, 2359, 1}, {0x2462, 2360, 1},
    {0x2463, 2361, 1}, {0x2464, 2362, 1}, {0x2465, 2363, 1},
    {0x2466, 2364, 1}, {0x2467, 2365, 1}, {0x2468, 2366, 1},
    {0x2469, 2367, 2}, {0x246A, 2369, 2}, {0x246B, 2371, 2},
    {0x246C, 2373, 2}, {0x246D, 2375, 2}, {0x246E, 2377, 2},
    {0x246F, 2379, 2}, {0x2470, 2381, 2}, {0x2471, 2383, 2},
    {0x2472, 2385, 2}, {0x2473, 2387, 2}, {0x2474, 2389, 3},
    {0x2475, 2392, 3}, {0x2476, 2395, 3}, {0x2477, 2398, 3},
    {0x2478, 2401, 3}, {0x2479, 2404, 3}, {0x247A, 2407, 3},
    {0x247B, 2410, 3}, {0x247C, 2413, 3}, {0x247D, 2416, 4},
    {0x247E, 2420, 4}, {0x247F, 2424, 4}, {0x2480, 2428, 4},
    {0x2481, 2432, 4}, {0x2482, 2436, 4}, {0x2483, 2440, 4},
    {0x2484, 2444, 4}, {0x2485, 2448, 4}, {0x2486, 2452, 4},
    {0x2487, 2456, 4}, {0x2488, 2460, 2}, {0x2489, 2462, 2},
    {0x248A, 2464, 2}, {0x248B, 2466, 2}, {0x248C, 2468, 2},
    {0x248D, 2470, 2}, {0x248E, 2472, 2}, {0x248F, 2474, 2},
    {0x2490, 2476, 2}, {0x2491, 2478, 3}, {0x2492, 2481, 3},
    {0x2493, 2484, 3}, {0x2494, 2487, 3}, {0x2495, 2490, 3},
    {0x2496, 2493, 3}, {0x2497, 2496, 3}, {0x2498, 2499, 3},
    {0x2499, 2502, 3}, {0x249A, 2505, 3}, {0x249B, 2508, 3},
    {0x249C, 2511, 3}, {0x249D, 2514, 3}, {0x249E, 2517, 3},
    {0x249F, 2520, 3}, {0x24A0, 2523, 3}, {0x24A1, 2526, 3},
    {0x24A2, 2529, 3}, {0x24A3, 2532, 3}, {0x24A4, 2535, 3},
    {0x24A5, 2538, 3}, {0x24A6, 2541, 3}, {0x24A7, 2544, 3},
    {0x24A8, 2547, 3}, {0x24A9, 2550, 3}, {0x24AA, 2553, 3},
    {0x24AB, 2556, 3}, {0x24AC, 2559, 3}, {0x24AD, 2562, 3},
    {0x24AE, 2565, 3}, {0x24AF, 2568, 3}, {0x24B0, 2571, 3},
    {0x24B1, 2574, 3}, {0x24B2, 2577, 3}, {0x24B3, 2580, 3},
    {0x24B4, 2583, 3}, {0x24B5, 2586, 3}, {0x24B6, 2589, 1},
    {0x24B7, 2590, 1}, {0x24B8, 2591, 1}, {0x24B9, 2592, 1},
    {0x24BA, 2593, 1}, {0x24BB, 2594, 1}, {0x24BC, 2595, 1},
    {0x24BD, 2596, 1}, {0x24BE, 2597, 1}, {0x24BF, 2598, 1},
    {0x24C0, 2599, 1}, {0x24C1, 2600, 1}, {0x24C2, 2601, 1},
    {0x24C3, 2602, 1}, {0x24C4, 2603, 1}, {0x24C5, 2604, 1},
    {0x24C6, 2605, 1}, {0x24C7, 2606, 1}, {0x24C8, 2607, 1},
    {0x24C9, 2608, 1}, {0x24CA, 2609, 1}, {0x24CB, 2610, 1},
    {0x24CC, 2611, 1}, {0x24CD, 2612, 1}, {0x24CE, 2613, 1},
    {0x24CF, 2614, 1}, {0x24D0, 2615, 1}, {0x24D1, 2616, 1},
    {0x24D2, 2617, 1}, {0x24D3, 2618, 1}, {0x24D4, 2619, 1},
    {0x24D5, 2620, 1}, {0x24D6, 2621, 1}, {0x24D7, 2622, 1},
    {0x24D8, 2623, 1}, {0x24D9, 2624, 1}, {0x24DA, 2625, 1},
    {0x24DB, 2626, 1}, {0x24DC, 2627, 1}, {0x24DD, 2628, 1},
    {0x24DE, 2629, 1}, {0x24DF, 2630, 1}, {0x24E0, 2631, 1},
    {0x24E1, 2632, 1}, {0x24E2, 2633, 1}, {0x24E3, 2634, 1},
    {0x24E4, 2635, 1}, {0x24E5, 2636, 1}, {0x24E6, 2637, 1},
    {0x24E7, 2638, 1}, {0x24E8, 2639, 1}, {0x24E9, 2640, 1},
    {0x24EA, 2641, 1}, {0x2A0C, 2642, 4}, {0x2A74, 2646, 3},
    {0x2A75, 2649, 2}, {0x2A76, 2651, 3}, {0x2ADC, 2654, 2},
    {0x2C7C, 2656, 1}, {0x2C7D, 2657, 1}, {0x2D6F, 2658, 1},
    {0x2E9F, 2659, 1}, {0x2EF3, 2660, 1}, {0x2F00, 2661, 1},
    {0x2F01, 2662, 1}, {0x2F02, 2663, 1}, {0x2F03, 2664, 1},
    {0x2F04, 2665, 1}, {0x2F05, 2666, 1}, {0x2F06, 2667, 1},
    {0x2F07, 2668, 1}, {0x2F08, 2669, 1}, {0x2F09, 2670, 1},
    {0x2F0A, 2671, 1}, {0x2F0B, 2672, 1}, {0x2F0C, 2673, 1},
    {0x2F0D, 2674, 1}, {0x2F0E, 2675, 1}, {0x2F0F, 2676, 1},
    {0x2F10, 2677, 1}, {0x2F11, 2678, 1}, {0x2F12, 2679, 1},
    {0x2F13, 2680, 1}, {0x2F14, 2681, 1}, {0x2F15, 2682, 1},
    {0x2F16, 2683, 1}, {0x2F17, 2684, 1}, {0x2F18, 2685, 1},
    {0x2F19, 2686, 1}, {0x2F1A, 2687, 1}, {0x2F1B, 2688, 1},
    {0x2F1C, 2689, 1}, {0x2F1D, 2690, 1}, {0x2F1E, 2691, 1},
    {0x2F1F, 2692, 1}, {0x2F20, 2693, 1}, {0x2F21, 2694, 1},
    {0x2F22, 2695, 1}, {0x2F23, 2696, 1}, {0x2F24, 2697, 1},
    {0x2F25, 2698, 1}, {0x2F26, 2699, 1}, {0x2F27, 2700, 1},
    {0x2F28, 2701, 1}, {0x2F29, 2702, 1}, {0x2F2A, 2703, 1},
    {0x2F2B, 2704, 1}, {0x2F2C, 2705, 1}, {0x2F2D, 2706, 1},
    {0x2F2E, 2707, 1}, {0x2F2F, 2708, 1}, {0x2F30, 2709, 1},
    {0x2F31, 2710, 1}, {0x2F32, 2711, 1}, {0x2F33, 2712, 1},
    {0x2F34, 2713, 1}, {0x2F35, 2714, 1}, {0x2F36, 2715, 1},
    {0x2F37, 2716, 1}, {0x2F38, 2717, 1}, {0x2F39, 2718, 1},
    {0x2F3A, 2719, 1}, {0x2F3B, 2720, 1}, {0x2F3C, 2721, 1},
    {0x2F3D, 2722, 1}, {0x2F3E, 2723, 1}, {0x2F3F, 2724, 1},
    {0x2F40, 2725, 1}, {0x2F41, 2726, 1}, {0x2F42, 2727, 1},
    {0x2F43, 2728, 1}, {0x2F44, 2729, 1}, {0x2F45, 2730, 1},
    {0x2F46, 2731, 1}, {0x2F47, 2732, 1}, {0x2F48, 2733, 1},
    {0x2F49, 2734, 1}, {0x2F4A, 2735, 1}, {0x2F4B, 2736, 1},
    {0x2F4C, 2737, 1}, {0x2F4D, 2738, 1}, {0x2F4E, 2739, 1},
    {0x2F4F, 2740, 1}, {0x2F50, 2741, 1}, {0x2F51, 2742, 1},
    {0x2F52, 2743, 1}, {0x2F53, 2744, 1}, {0x2F54, 2745, 1},
    {0x2F55, 2746, 1}, {0x2F56, 2747, 1}, {0x2F57, 2748, 1},
    {0x2F58, 2749, 1}, {0x2F59, 2750, 1}, {0x2F5A, 2751, 1},
    {0x2F5B, 2752, 1}, {0x2F5C, 2753, 1}, {0x2F5D, 2754, 1},
    {0x2F5E, 2755, 1}, {0x2F5F, 2756, 1}, {0x2F60, 2757, 1},
    {0x2F61, 2758, 1}, {0x2F62, 2759, 1}, {0x2F63, 2760, 1},
    {0x2F64, 2761, 1}, {0x2F65, 2762, 1}, {0x2F66, 2763, 1},
    {0x2F67, 2764, 1}, {0x2F68, 2765, 1}, {0x2F69, 2766, 1},
    {0x2F6A, 2767, 1}, {0x2F6B, 2768, 1}, {0x2F6C, 2769, 1},
    {0x2F6D, 2770, 1}, {0x2F6E, 2771, 1}, {0x2F6F, 2772, 1},
    {0x2F70, 2773, 1}, {0x2F71, 2774, 1}, {0x2F72, 2775, 1},
    {0x2F73, 2776, 1}, {0x2F74, 2777, 1}, {0x2F75, 2778, 1},
    {0x2F76, 2779, 1}, {0x2F77, 2780, 1}, {0x2F78, 2781, 1},
    {0x2F79, 2782, 1}, {0x2F7A, 2783, 1}, {0x2F7B, 2784, 1},
    {0x2F7C, 2785, 1}, {0x2F7D, 2786, 1}, {0x2F7E, 2787, 1},
    {0x2F7F, 2788, 1}, {0x2F80, 2789, 1}, {0x2F81, 2790, 1},
    {0x2F82, 2791, 1}, {0x2F83, 2792, 1}, {0x2F84, 2793, 1},
    {0x2F85, 2794, 1}, {0x2F86, 2795, 1}, {0x2F87, 2796, 1},
    {0x2F88, 2797, 1}, {0x2F89, 2798, 1}, {0x2F8A, 2799, 1},
    {0x2F8B, 2800, 1}, {0x2F8C, 2801, 1}, {0x2F8D, 2802, 1},
    {0x2F8E, 2803, 1}, {0x2F8F, 2804, 1}, {0x2F90, 2805, 1},
    {0x2F91, 2806, 1}, {0x2F92, 2807, 1}, {0x2F93, 2808, 1},
    {0x2F94, 2809, 1}, {0x2F95, 2810, 1}, {0x2F96, 2811, 1},
    {0x2F97, 2812, 1}, {0x2F98, 2813, 1}, {0x2F99, 2814, 1},
    {0x2F9A, 2815, 1}, {0x2F9B, 2816, 1}, {0x2F9C, 2817, 1},
    {0x2F9D, 2818, 1}, {0x2F9E, 2819, 1}, {0x2F9F, 2820, 1},
    {0x2FA0, 2821, 1}, {0x2FA1, 2822, 1}, {0x2FA2, 2823, 1},
    {0x2FA3, 2824, 1}, {0x2FA4, 2825, 1}, {0x2FA5, 2826, 1},
    {0x2FA6, 2827, 1}, {0x2FA7, 2828, 1}, {0x2FA8, 2829, 1},
    {0x2FA9, 2830, 1}, {0x2FAA, 2831, 1}, {0x2FAB, 2832, 1},
    {0x2FAC, 2833, 1}, {0x2FAD, 2834, 1}, {0x2FAE, 2835, 1},
    {0x2FAF, 2836, 1}, {0x2FB0, 2837, 1}, {0x2FB1, 2838, 1},
    {0x2FB2, 2839, 1}, {0x2FB3, 2840, 1}, {0x2FB4, 2841, 1},
    {0x2FB5, 2842, 1}, {0x2FB6, 2843, 1}, {0x2FB7, 2844, 1},
    {0x2FB8, 2845, 1}, {0x2FB9, 2846, 1}, {0x2FBA, 2847, 1},
    {0x2FBB, 2848, 1}, {0x2FBC, 2849, 1}, {0x2FBD, 2850, 1},
    {0x2FBE, 2851, 1}, {0x2FBF, 2852, 1}, {0x2FC0, 2853, 1},
    {0x2FC1, 2854, 1}, {0x2FC2, 2855, 1}, {0x2FC3, 2856, 1},
    {0x2FC4, 2857, 1}, {0x2FC5, 2858, 1}, {0x2FC6, 2859, 1},
    {0x2FC7, 2860, 1}, {0x2FC8, 2861, 1}, {0x2FC9, 2862, 1},
    {0x2FCA, 2863, 1}, {0x2FCB, 2864, 1}, {0x2FCC, 2865, 1},
    {0x2FCD, 2866, 1}, {0x2FCE, 2867, 1}, {0x2FCF, 2868, 1},
    {0x2FD0, 2869, 1}, {0x2FD1, 2870, 1}, {0x2FD2, 2871, 1},
    {0x2FD3, 2872, 1}, {0x2FD4, 2873, 1}, {0x2FD5, 2874, 1},
    {0x3000, 2875, 1}, {0x3036, 2876, 1}, {0x3038, 2877, 1},
    {0x3039, 2878, 1}, {0x303A, 2879, 1}, {0x304C, 2880, 2},
    {0x304E, 2882, 2}, {0x3050, 2884, 2}, {0x3052, 2886, 2},
    {0x3054, 2888, 2}, {0x3056, 2890, 2}, {0x3058, 2892, 2},
    {0x305A, 2894, 2}, {0x305C, 2896, 2}, {0x305E, 2898, 2},
    {0x3060, 2900, 2}, {0x3062, 2902, 2}, {0x3065, 2904, 2},
    {0x3067, 2906, 2}, {0x3069, 2908, 2}, {0x3070, 2910, 2},
    {0x3071, 2912, 2}, {0x3073, 2914, 2}, {0x3074, 2916, 2},
    {0x3076, 2918, 2}, {0x3077, 2920, 2}, {0x3079, 2922, 2},
    {0x307A, 2924, 2}, {0x307C, 2926, 2}, {0x307D, 2928, 2},
    {0x3094, 2930, 2}, {0x309B, 2932, 2}, {0x309C, 2934, 2},
    {0x309E, 2936, 2}, {0x309F, 2938, 2}, {0x30AC, 2940, 2},
    {0x30AE, 2942, 2}, {0x30B0, 2944, 2}, {0x30B2, 2946, 2},
    {0x30B4, 2948, 2}, {0x30B6, 2950, 2}, {0x30B8, 2952, 2},
    {0x30BA, 2954, 2}, {0x30BC, 2956, 2}, {0x30BE, 2958, 2},
    {0x30C0, 2960, 2}, {0x30C2, 2962, 2}, {0x30C5, 2964, 2},
    {0x30C7, 2966, 2}, {0x30C9, 2968, 2}, {0x30D0, 2970, 2},
    {0x30D1, 2972, 2}, {0x30D3, 2974, 2}, {0x30D4, 2976, 2},
    {0x30D6, 2978, 2}, {0x30D7, 2980, 2}, {0x30D9, 2982, 2},
    {0x30DA, 2984, 2}, {0x30DC, 2986, 2}, {0x30DD, 2988, 2},
    {0x30F4, 2990, 2}, {0x30F7, 2992, 2}, {0x30F8, 2994, 2},
    {0x30F9, 2996, 2}, {0x30FA, 2998, 2}, {0x30FE, 3000, 2},
    {0x30FF, 3002, 2}, {0x3131, 3004, 1}, {0x3132, 3005, 1},
    {0x3133, 3006, 1}, {0x3134, 3007, 1}, {0x3135, 3008, 1},
    {0x3136, 3009, 1}, {0x3137, 3010, 1}, {0x3138, 3011, 1},
    {0x3139, 3012, 1}, {0x313A, 3013, 1}, {0x313B, 3014, 1},
    {0x313C, 3015, 1}, {0x313D, 3016, 1}, {0x313E, 3017, 1},
    {0x313F, 3018, 1}, {0x3140, 3019, 1}, {0x3141, 3020, 1},
    {0x3142, 3021, 1}, {0x3143, 3022, 1}, {0x3144, 3023, 1},
    {0x3145, 3024, 1}, {0x3146, 3025, 1}, {0x3147, 3026, 1},
    {0x3148, 3027, 1}, {0x3149, 3028, 1}, {0x314A, 3029, 1},
    {0x314B, 3030, 1}, {0x314C, 3031, 1}, {0x314D, 3032, 1},
    {0x314E, 3033, 1}, {0x314F, 3034, 1}, {0x3150, 3035, 1},
    {0x3151, 3036, 1}, {0x3152, 3037, 1}, {0x3153, 3038, 1},
    {0x3154, 3039, 1}, {0x3155, 3040, 1}, {0x3156, 3041, 1},
    {0x3157, 3042, 1}, {0x3158, 3043, 1}, {0x3159, 3044, 1},
    {0x315A, 3045, 1}, {0x315B, 3046, 1}, {0x315C, 3047, 1},
    {0x315D, 3048, 1}, {0x315E, 3049, 1}, {0x315F, 3050, 1},
    {0x3160, 3051, 1}, {0x3161, 3052, 1}, {0x3162, 3053, 1},
    {0x3163, 3054, 1}, {0x3164, 3055, 1}, {0x3165, 3056, 1},
    {0x3166, 3057, 1}, {0x3167, 3058, 1}, {0x3168, 3059, 1},
    {0x3169, 3060, 1}, {0x316A, 3061, 1}, {0x316B, 3062, 1},
    {0x316C, 3063, 1}, {0x316D, 3064, 1}, {0x316E, 3065, 1},
    {0x316F, 3066, 1}, {0x3170, 3067, 1}, {0x3171, 3068, 1},
    {0x3172, 3069, 1}, {0x3173, 3070, 1}, {0x3174, 3071, 1},
    {0x3175, 3072, 1}, {0x3176, 3073, 1}, {0x3177, 3074, 1},
    {0x3178, 3075, 1}, {0x3179, 3076, 1}, {0x317A, 3077, 1},
    {0x317B, 3078, 1}, {0x317C, 3079, 1}, {0x317D, 3080, 1},
    {0x317E, 3081, 1}, {0x317F, 3082, 1}, {0x3180, 3083, 1},
    {0x3181, 3084, 1}, {0x3182, 3085, 1}, {0x3183, 3086, 1},
    {0x3184, 3087, 1}, {0x3185, 3088, 1}, {0x3186, 3089, 1},
    {0x3187, 3090, 1}, {0x3188, 3091, 1}, {0x3189, 3092, 1},
    {0x318A, 3093, 1}, {0x318B, 3094, 1}, {0x318C, 3095, 1},
    {0x318D, 3096, 1}, {0x318E, 3097, 1}, {0x3192, 3098, 1},
    {0x3193, 3099, 1}, {0x3194, 3100, 1}, {0x3195, 3101, 1},
    {0x3196, 3102, 1}, {0x3197, 3103, 1}, {0x3198, 3104, 1},
    {0x3199, 3105, 1}, {0x319A, 3106, 1}, {0x319B, 3107, 1},
    {0x319C, 3108, 1}, {0x319D, 3109, 1}, {0x319E, 3110, 1},
    {0x319F, 3111, 1}, {0x3200, 3112, 3}, {0x3201, 3115, 3},
    {0x3202, 3118, 3}, {0x3203, 3121, 3}, {0x3204, 3124, 3},
    {0x3205, 3127, 3}, {0x3206, 3130, 3}, {0x3207, 3133, 3},
    {0x3208, 3136, 3}, {0x3209, 3139, 3}, {0x320A, 3142, 3},
    {0x320B, 3145, 3}, {0x320C, 3148, 3}, {0x320D, 3151, 3},
    {0x320E, 3154, 4}, {0x320F, 3158, 4}, {0x3210, 3162, 4},
    {0x3211, 3166, 4}, {0x3212, 3170, 4}, {0x3213, 3174, 4},
    {0x3214, 3178, 4}, {0x3215, 3182, 4}, {0x3216, 3186, 4},
    {0x3217, 3190, 4}, {0x3218, 3194, 4}, {0x3219, 3198, 4},
    {0x321A, 3202, 4}, {0x321B, 3206, 4}, {0x321C, 3210, 4},
    {0x321D, 3214, 7}, {0x321E, 3221, 6}, {0x3220, 3227, 3},
    {0x3221, 3230, 3}, {0x3222, 3233, 3}, {0x3223, 3236, 3},
    {0x3224, 3239, 3}, {0x3225, 3242, 3}, {0x3226, 3245, 3},
    {0x3227, 3248, 3}, {0x3228, 3251, 3}, {0x3229, 3254, 3},
    {0x322A, 3257, 3}, {0x322B, 3260, 3}, {0x322C, 3263, 3},
    {0x322D, 3266, 3}, {0x322E, 3269, 3}, {0x322F, 3272, 3},
    {0x3230, 3275, 3}, {0x3231, 3278, 3}, {0x3232, 3281, 3},
    {0x3233, 3284, 3}, {0x3234, 3287, 3}, {0x3235, 3290, 3},
    {0x3236, 3293, 3}, {0x3237, 3296, 3}, {0x3238, 3299, 3},
    {0x3239, 3302, 3}, {0x323A, 3305, 3}, {0x323B, 3308, 3},
    {0x323C, 3311, 3}, {0x323D, 3314, 3}, {0x323E, 3317, 3},
    {0x323F, 3320, 3}, {0x3240, 3323, 3}, {0x3241, 3326, 3},
    {0x3242, 3329, 3}, {0x3243, 3332, 3}, {0x3244, 3335, 1},
    {0x3245, 3336, 1}, {0x3246, 3337, 1}, {0x3247, 3338, 1},
    {0x3250, 3339, 3}, {0x3251, 3342, 2}, {0x3252, 3344, 2},
    {0x3253, 3346, 2}, {0x3254, 3348, 2}, {0x3255, 3350, 2},
    {0x3256, 3352, 2}, {0x3257, 3354, 2}, {0x3258, 3356, 2},
    {0x3259, 3358, 2}, {0x325A, 3360, 2}, {0x325B, 3362, 2},
    {0x325C, 3364, 2}, {0x325D, 3366, 2}, {0x325E, 3368, 2},
    {0x325F, 3370, 2}, {0x3260, 3372, 1}, {0x3261, 3373, 1},
    {0x3262, 3374, 1}, {0x3263, 3375, 1}, {0x3264, 3376, 1},
    {0x3265, 3377, 1}, {0x3266, 3378, 1}, {0x3267, 3379, 1},
    {0x3268, 3380, 1}, {0x3269, 3381, 1}, {0x326A, 3382, 1},
    {0x326B, 3383, 1}, {0x326C, 3384, 1}, {0x326D, 3385, 1},
    {0x326E, 3386, 2}, {0x326F, 3388, 2}, {0x3270, 3390, 2},
    {0x3271, 3392, 2}, {0x3272, 3394, 2}, {0x3273, 3396, 2},
    {0x3274, 3398, 2}, {0x3275, 3400, 2}, {0x3276, 3402, 2},
    {0x3277, 3404, 2}, {0x3278, 3406, 2}, {0x3279, 3408, 2},
    {0x327A, 3410, 2}, {0x327B, 3412, 2}, {0x327C, 3414, 5},
    {0x327D, 3419, 4}, {0x327E, 3423, 2}, {0x3280, 3425, 1},
    {0x3281, 3426, 1}, {0x3282, 3427, 1}, {0x3283, 3428, 1},
    {0x3284, 3429, 1}, {0x3285, 3430, 1}, {0x3286, 3431, 1},
    {0x3287, 3432, 1}, {0x3288, 3433, 1}, {0x3289, 3434, 1},
    {0x328A, 3435, 1}, {0x328B, 3436, 1}, {0x328C, 3437, 1},
    {0x328D, 3438, 1}, {0x328E, 3439, 1}, {0x328F, 3440, 1},
    {0x3290, 3441, 1}, {0x3291, 3442, 1}, {0x3292, 3443, 1},
    {0x3293, 3444, 1}, {0x3294, 3445, 1}, {0x3295, 3446, 1},
    {0x3296, 3447, 1}, {0x3297, 3448, 1}, {0x3298, 3449, 1},
    {0x3299, 3450, 1}, {0x329A, 3451, 1}, {0x329B, 3452, 1},
    {0x329C, 3453, 1}, {0x329D, 3454, 1}, {0x329E, 3455, 1},
    {0x329F, 3456, 1}, {0x32A0, 3457, 1}, {0x32A1, 3458, 1},
    {0x32A2, 3459, 1}, {0x32A3, 3460, 1}, {0x32A4, 3461, 1},
    {0x32A5, 3462, 1}, {0x32A6, 3463, 1}, {0x32A7, 3464, 1},
    {0x32A8, 3465, 1}, {0x32A9, 3466, 1}, {0x32AA, 3467, 1},
    {0x32AB, 3468, 1}, {0x32AC, 3469, 1}, {0x32AD, 3470, 1},
    {0x32AE, 3471, 1}, {0x32AF, 3472, 1}, {0x32B0, 3473, 1},
    {0x32B1, 3474, 2}, {0x32B2, 3476, 2}, {0x32B3, 3478, 2},
    {0x32B4, 3480, 2}, {0x32B5, 3482, 2}, {0x32B6, 3484, 2},
    {0x32B7, 3486, 2}, {0x32B8, 3488, 2}, {0x32B9, 3490, 2},
    {0x32BA, 3492, 2}, {0x32BB, 3494, 2}, {0x32BC, 3496, 2},
    {0x32BD, 3498, 2}, {0x32BE, 3500, 2}, {0x32BF, 3502, 2},
    {0x32C0, 3504, 2}, {0x32C1, 3506, 2}, {0x32C2, 3508, 2},
    {0x32C3, 3510, 2}, {0x32C4, 3512, 2}, {0x32C5, 3514, 2},
    {0x32C6, 3516, 2}, {0x32C7, 3518, 2}, {0x32C8, 3520, 2},
    {0x32C9, 3522, 3}, {0x32CA, 3525, 3}, {0x32CB, 3528, 3},
    {0x32CC, 3531, 2}, {0x32CD, 3533, 3}, {0x32CE, 3536, 2},
    {0x32CF, 3538, 3}, {0x32D0, 3541, 1}, {0x32D1, 3542, 1},
    {0x32D2, 3543, 1}, {0x32D3, 3544, 1}, {0x32D4, 3545, 1},
    {0x32D5, 3546, 1}, {0x32D6, 3547, 1}, {0x32D7, 3548, 1},
    {0x32D8, 3549, 1}, {0x32D9, 3550, 1}, {0x32DA, 3551, 1},
    {0x32DB, 3552, 1}, {0x32DC, 3553, 1}, {0x32DD, 3554, 1},
    {0x32DE, 3555, 1}, {0x32DF, 3556, 1}, {0x32E0, 3557, 1},
    {0x32E1, 3558, 1}, {0x32E2, 3559, 1}, {0x32E3, 3560, 1},
    {0x32E4, 3561, 1}, {0x32E5, 3562, 1}, {0x32E6, 3563, 1},
    {0x32E7, 3564, 1}, {0x32E8, 3565, 1}, {0x32E9, 3566, 1},
    {0x32EA, 3567, 1}, {0x32EB, 3568, 1}, {0x32EC, 3569, 1},
    {0x32ED, 3570, 1}, {0x32EE, 3571, 1}, {0x32EF, 3572, 1},
    {0x32F0, 3573, 1}, {0x32F1, 3574, 1}, {0x32F2, 3575, 1},
    {0x32F3, 3576, 1}, {0x32F4, 3577, 1}, {0x32F5, 3578, 1},
    {0x32F6, 3579, 1}, {0x32F7, 3580, 1}, {0x32F8, 3581, 1},
    {0x32F9, 3582, 1}, {0x32FA, 3583, 1}, {0x32FB, 3584, 1},
    {0x32FC, 3585, 1}, {0x32FD, 3586, 1}, {0x32FE, 3587, 1},
    {0x32FF, 3588, 2}, {0x3300, 3590, 4}, {0x3301, 3594, 4},
    {0x3302, 3598, 4}, {0x3303, 3602, 3}, {0x3304, 3605, 4},
    {0x3305, 3609, 3}, {0x3306, 3612, 3}, {0x3307, 3615, 5},
    {0x3308, 3620, 4}, {0x3309, 3624, 3}, {0x330A, 3627, 3},
    {0x330B, 3630, 3}, {0x330C, 3633, 4}, {0x330D, 3637, 4},
    {0x330E, 3641, 3}, {0x330F, 3644, 3}, {0x3310, 3647, 2},
    {0x3311, 3649, 3}, {0x3312, 3652, 4}, {0x3313, 3656, 4},
    {0x3314, 3660, 2}, {0x3315, 3662, 5}, {0x3316, 3667, 6},
    {0x3317, 3673, 5}, {0x3318, 3678, 3}, {0x3319, 3681, 5},
    {0x331A, 3686, 5}, {0x331B, 3691, 4}, {0x331C, 3695, 3},
    {0x331D, 3698, 3}, {0x331E, 3701, 3}, {0x331F, 3704, 4},
    {0x3320, 3708, 5}, {0x3321, 3713, 4}, {0x3322, 3717, 3},
    {0x3323, 3720, 3}, {0x3324, 3723, 3}, {0x3325, 3726, 2},
    {0x3326, 3728, 2}, {0x3327, 3730, 2}, {0x3328, 3732, 2},
    {0x3329, 3734, 3}, {0x332A, 3737, 3}, {0x332B, 3740, 5},
    {0x332C, 3745, 3}, {0x332D, 3748, 4}, {0x332E, 3752, 5},
    {0x332F, 3757, 3}, {0x3330, 3760, 2}, {0x3331, 3762, 2},
    {0x3332, 3764, 5}, {0x3333, 3769, 4}, {0x3334, 3773, 5},
    {0x3335, 3778, 3}, {0x3336, 3781, 5}, {0x3337, 3786, 2},
    {0x3338, 3788, 3}, {0x3339, 3791, 3}, {0x333A, 3794, 3},
    {0x333B, 3797, 3}, {0x333C, 3800, 3}, {0x333D, 3803, 4},
    {0x333E, 3807, 3}, {0x333F, 3810, 2}, {0x3340, 3812, 3},
    {0x3341, 3815, 3}, {0x3342, 3818, 3}, {0x3343, 3821, 4},
    {0x3344, 3825, 3}, {0x3345, 3828, 3}, {0x3346, 3831, 3},
    {0x3347, 3834, 5}, {0x3348, 3839, 4}, {0x3349, 3843, 2},
    {0x334A, 3845, 5}, {0x334B, 3850, 2}, {0x334C, 3852, 4},
    {0x334D, 3856, 4}, {0x334E, 3860, 3}, {0x334F, 3863, 3},
    {0x3350, 3866, 3}, {0x3351, 3869, 4}, {0x3352, 3873, 2},
    {0x3353, 3875, 3}, {0x3354, 3878, 4}, {0x3355, 3882, 2},
    {0x3356, 3884, 5}, {0x3357, 3889, 3}, {0x3358, 3892, 2},
    {0x3359, 3894, 2}, {0x335A, 3896, 2}, {0x335B, 3898, 2},
    {0x335C, 3900, 2}, {0x335D, 3902, 2}, {0x335E, 3904, 2},
    {0x335F, 3906, 2}, {0x3360, 3908, 2}, {0x3361, 3910, 2},
    {0x3362, 3912, 3}, {0x3363, 3915, 3}, {0x3364, 3918, 3},
    {0x3365, 3921, 3}, {0x3366, 3924, 3}, {0x3367, 3927, 3},
    {0x3368, 3930, 3}, {0x3369, 3933, 3}, {0x336A, 3936, 3},
    {0x336B, 3939, 3}, {0x336C, 3942, 3}, {0x336D, 3945, 3},
    {0x336E, 3948, 3}, {0x336F, 3951, 3}, {0x3370, 3954, 3},
    {0x3371, 3957, 3}, {0x3372, 3960, 2}, {0x3373, 3962, 2},
    {0x3374, 3964, 3}, {0x3375, 3967, 2}, {0x3376, 3969, 2},
    {0x3377, 3971, 2}, {0x3378, 3973, 3}, {0x3379, 3976, 3},
    {0x337A, 3979, 2}, {0x337B, 3981, 2}, {0x337C, 3983, 2},
    {0x337D, 3985, 2}, {0x337E, 3987, 2}, {0x337F, 3989, 4},
    {0x3380, 3993, 2}, {0x3381, 3995, 2}, {0x3382, 3997, 2},
    {0x3383, 3999, 2}, {0x3384, 4001, 2}, {0x3385, 4003, 2},
    {0x3386, 4005, 2}, {0x3387, 4007, 2}, {0x3388, 4009, 3},
    {0x3389, 4012, 4}, {0x338A, 4016, 2}, {0x338B, 4018, 2},
    {0x338C, 4020, 2}, {0x338D, 4022, 2}, {0x338E, 4024, 2},
    {0x338F, 4026, 2}, {0x3390, 4028, 2}, {0x3391, 4030, 3},
    {0x3392, 4033, 3}, {0x3393, 4036, 3}, {0x3394, 4039, 3},
    {0x3395, 4042, 2}, {0x3396, 4044, 2}, {0x3397, 4046, 2},
    {0x3398, 4048, 2}, {0x3399, 4050, 2}, {0x339A, 4052, 2},
    {0x339B, 4054, 2}, {0x339C, 4056, 2}, {0x339D, 4058, 2},
    {0x339E, 4060, 2}, {0x339F, 4062, 3}, {0x33A0, 4065, 3},
    {0x33A1, 4068, 2}, {0x33A2, 4070, 3}, {0x33A3, 4073, 3},
    {0x33A4, 4076, 3}, {0x33A5, 4079, 2}, {0x33A6, 4081, 3},
    {0x33A7, 4084, 3}, {0x33A8, 4087, 4}, {0x33A9, 4091, 2},
    {0x33AA, 4093, 3}, {0x33AB, 4096, 3}, {0x33AC, 4099, 3},
    {0x33AD, 4102, 3}, {0x33AE, 4105, 5}, {0x33AF, 4110, 6},
    {0x33B0, 4116, 2}, {0x33B1, 4118, 2}, {0x33B2, 4120, 2},
    {0x33B3, 4122, 2}, {0x33B4, 4124, 2}, {0x33B5, 4126, 2},
    {0x33B6, 4128, 2}, {0x33B7, 4130, 2}, {0x33B8, 4132, 2},
    {0x33B9, 4134, 2}, {0x33BA, 4136, 2}, {0x33BB, 4138, 2},
    {0x33BC, 4140, 2}, {0x33BD, 4142, 2}, {0x33BE, 4144, 2},
    {0x33BF, 4146, 2}, {0x33C0, 4148, 2}, {0x33C1, 4150, 2},
    {0x33C2, 4152, 4}, {0x33C3, 4156, 2}, {0x33C4, 4158, 2},
    {0x33C5, 4160, 2}, {0x33C6, 4162, 4}, {0x33C7, 4166, 3},
    {0x33C8, 4169, 2}, {0x33C9, 4171, 2}, {0x33CA, 4173, 2},
    {0x33CB, 4175, 2}, {0x33CC, 4177, 2}, {0x33CD, 4179, 2},
    {0x33CE, 4181, 2}, {0x33CF, 4183, 2}, {0x33D0, 4185, 2},
    {0x33D1, 4187, 2}, {0x33D2, 4189, 3}, {0x33D3, 4192, 2},
    {0x33D4, 4194, 2}, {0x33D5, 4196, 3}, {0x33D6, 4199, 3},
    {0x33D7, 4202, 2}, {0x33D8, 4204, 4}, {0x33D9, 4208, 3},
    {0x33DA, 4211, 2}, {0x33DB, 4213, 2}, {0x33DC, 4215, 2},
    {0x33DD, 4217, 2}, {0x33DE, 4219, 3}, {0x33DF, 4222, 3},
    {0x33E0, 4225, 2}, {0x33E1, 4227, 2}, {0x33E2, 4229, 2},
    {0x33E3, 4231, 2}, {0x33E4, 4233, 2}, {0x33E5, 4235, 2},
    {0x33E6, 4237, 2}, {0x33E7, 4239, 2}, {0x33E8, 4241, 2},
    {0x33E9, 4243, 3}, {0x33EA, 4246, 3}, {0x33EB, 4249, 3},
    {0x33EC, 4252, 3}, {0x33ED, 4255, 3}, {0x33EE, 4258, 3},
    {0x33EF, 4261, 3}, {0x33F0, 4264, 3}, {0x33F1, 4267, 3},
    {0x33F2, 4270, 3}, {0x33F3, 4273, 3}, {0x33F4, 4276, 3},
    {0x33F5, 4279, 3}, {0x33F6, 4282, 3}, {0x33F7, 4285, 3},
    {0x33F8, 4288, 3}, {0x33F9, 4291, 3}, {0x33FA, 4294, 3},
    {0x33FB, 4297, 3}, {0x33FC, 4300, 3}, {0x33FD, 4303, 3},
    {0x33FE, 4306, 3}, {0x33FF, 4309, 3}, {0xA69C, 4312, 1},
    {0xA69D, 4313, 1}, {0xA770, 4314, 1}, {0xA7F2, 4315, 1},
    {0xA7F3, 4316, 1}, {0xA7F4, 4317, 1}, {0xA7F8, 4318, 1},
    {0xA7F9, 4319, 1}, {0xAB5C, 4320, 1}, {0xAB5D, 4321, 1},
    {0xAB5E, 4322, 1}, {0xAB5F, 4323, 1}, {0xAB69, 4324, 1},
    {0xAC00, 4325, 2}, {0xAC01, 4327, 3}, {0xAC02, 4330, 3},
    {0xAC03, 4333, 3}, {0xAC04, 4336, 3}, {0xAC05, 4339, 3},
    {0xAC06, 4342, 3}, {0xAC07, 4345, 3}, {0xAC08, 4348, 3},
    {0xAC09, 4351, 3}, {0xAC0A, 4354, 3}, {0xAC0B, 4357, 3},
    {0xAC0C, 4360, 3}, {0xAC0D, 4363, 3}, {0xAC0E, 4366, 3},
    {0xAC0F, 4369, 3}, {0xAC10, 4372, 3}, {0xAC11, 4375, 3},
    {0xAC12, 4378, 3}, {0xAC13, 4381, 3}, {0xAC14, 4384, 3},
    {0xAC15, 4387, 3}, {0xAC16, 4390, 3}, {0xAC17, 4393, 3},
    {0xAC18, 4396, 3}, {0xAC19, 4399, 3}, {0xAC1A, 4402, 3},
    {0xAC1B, 4405, 3}, {0xAC1C, 4408, 2}, {0xAC1D, 4410, 3},
    {0xAC1E, 4413, 3}, {0xAC1F, 4416, 3}, {0xAC20, 4419, 3},
    {0xAC21, 4422, 3}, {0xAC22, 4425, 3}, {0xAC23, 4428, 3},
    {0xAC24, 4431, 3}, {0xAC25, 4434, 3}, {0xAC26, 4437, 3},
    {0xAC27, 4440, 3}, {0xAC28, 4443, 3}, {0xAC29, 4446, 3},
    {0xAC2A, 4449, 3}, {0xAC2B, 4452, 3}, {0xAC2C, 4455, 3},
    {0xAC2D, 4458, 3}, {0xAC2E, 4461, 3}, {0xAC2F, 4464, 3},
    {0xAC30, 4467, 3}, {0xAC31, 4470, 3}, {0xAC32, 4473, 3},
    {0xAC33, 4476, 3}, {0xAC34, 4479, 3}, {0xAC35, 4482, 3},
    {0xAC36, 4485, 3}, {0xAC37, 4488, 3}, {0xAC38, 4491, 2},
    {0xAC39, 4493, 3}, {0xAC3A, 4496, 3}, {0xAC3B, 4499, 3},
    {0xAC3C, 4502, 3}, {0xAC3D, 4505, 3}, {0xAC3E, 4508, 3},
    {0xAC3F, 4511, 3}, {0xAC40, 4514, 3}, {0xAC41, 4517, 3},
    {0xAC42, 4520, 3}, {0xAC43, 4523, 3}, {0xAC44, 4526, 3},
    {0xAC45, 4529, 3}, {0xAC46, 4532, 3}, {0xAC47, 4535, 3},
    {0xAC48, 4538, 3}, {0xAC49, 4541, 3}, {0xAC4A, 4544, 3},
    {0xAC4B, 4547, 3}, {0xAC4C, 4550, 3}, {0xAC4D, 4553, 3},
    {0xAC4E, 4556, 3}, {0xAC4F, 4559, 3}, {0xAC50, 4562, 3},
    {0xAC51, 4565, 3}, {0xAC52, 4568, 3}, {0xAC53, 4571, 3},
    {0xAC54, 4574, 2}, {0xAC55, 4576, 3}, {0xAC56, 4579, 3},
    {0xAC57, 4582, 3}, {0xAC58, 4585, 3}, {0xAC59, 4588, 3},
    {0xAC5A, 4591, 3}, {0xAC5B, 4594, 3}, {0xAC5C, 4597, 3},
    {0xAC5D, 4600, 3}, {0xAC5E, 4603, 3}, {0xAC5F, 4606, 3},
    {0xAC60, 4609, 3}, {0xAC61, 4612, 3}, {0xAC62, 4615, 3},
    {0xAC63, 4618, 3}, {0xAC64, 4621, 3}, {0xAC65, 4624, 3},
    {0xAC66, 4627, 3}, {0xAC67, 4630, 3}, {0xAC68, 4633, 3},
    {0xAC69, 4636, 3}, {0xAC6A, 4639, 3}, {0xAC6B, 4642, 3},
    {0xAC6C, 4645, 3}, {0xAC6D, 4648, 3}, {0xAC6E, 4651, 3},
    {0xAC6F, 4654, 3}, {0xAC70, 4657, 2}, {0xAC71, 4659, 3},
    {0xAC72, 4662, 3}, {0xAC73, 4665, 3}, {0xAC74, 4668, 3},
    {0xAC75, 4671, 3}, {0xAC76, 4674, 3}, {0xAC77, 4677, 3},
    {0xAC78, 4680, 3}, {0xAC79, 4683, 3}, {0xAC7A, 4686, 3},
    {0xAC7B, 4689, 3}, {0xAC7C, 4692, 3}, {0xAC7D, 4695, 3},
    {0xAC7E, 4698, 3}, {0xAC7F, 4701, 3}, {0xAC80, 4704, 3},
    {0xAC81, 4707, 3}, {0xAC82, 4710, 3}, {0xAC83, 4713, 3},
    {0xAC84, 4716, 3}, {0xAC85, 4719, 3}, {0xAC86, 4722, 3},
    {0xAC87, 4725, 3}, {0xAC88, 4728, 3}, {0xAC89, 4731, 3},
    {0xAC8A, 4734, 3}, {0xAC8B, 4737, 3}, {0xAC8C, 4740, 2},
    {0xAC8D, 4742, 3}, {0xAC8E, 4745, 3}, {0xAC8F, 4748, 3},
    {0xAC90, 4751, 3}, {0xAC91, 4754, 3}, {0xAC92, 4757, 3},
    {0xAC93, 4760, 3}, {0xAC94, 4763, 3}, {0xAC95, 4766, 3},
    {0xAC96, 4769, 3}, {0xAC97, 4772, 3}, {0xAC98, 4775, 3},
    {0xAC99, 4778, 3}, {0xAC9A, 4781, 3}, {0xAC9B, 4784, 3},
    {0xAC9C, 4787, 3}, {0xAC9D, 4790, 3}, {0xAC9E, 4793, 3},
    {0xAC9F, 4796, 3}, {0xACA0, 4799, 3}, {0xACA1, 4802, 3},
    {0xACA2, 4805, 3}, {0xACA3, 4808, 3}, {0xACA4, 4811, 3},
    {0xACA5, 4814, 3}, {0xACA6, 4817, 3}, {0xACA7, 4820, 3},
    {0xACA8, 4823, 2}, {0xACA9, 4825, 3}, {0xACAA, 4828, 3},
    {0xACAB, 4831, 3}, {0xACAC, 4834, 3}, {0xACAD, 4837, 3},
    {0xACAE, 4840, 3}, {0xACAF, 4843, 3}, {0xACB0, 4846, 3},
    {0xACB1, 4849, 3}, {0xACB2, 4852, 3}, {0xACB3, 4855, 3},
    {0xACB4, 4858, 3}, {0xACB5, 4861, 3}, {0xACB6, 4864, 3},
    {0xACB7, 4867, 3}, {0xACB8, 4870, 3}, {0xACB9, 4873, 3},
    {0xACBA, 4876, 3}, {0xACBB, 4879, 3}, {0xACBC, 4882, 3},
    {0xACBD, 4885, 3}, {0xACBE, 4888, 3}, {0xACBF, 4891, 3},
    {0xACC0, 4894, 3}, {0xACC1, 4897, 3}, {0xACC2, 4900, 3},
    {0xACC3, 4903, 3}, {0xACC4, 4906, 2}, {0xACC5, 4908, 3},
    {0xACC6, 4911, 3}, {0xACC7, 4914, 3}, {0xACC8, 4917, 3},
    {0xACC9, 4920, 3}, {0xACCA, 4923, 3}, {0xACCB, 4926, 3},
    {0xACCC, 4929, 3}, {0xACCD, 4932, 3}, {0xACCE, 4935, 3},
    {0xACCF, 4938, 3}, {0xACD0, 4941, 3}, {0xACD1, 4944, 3},
    {0xACD2, 4947, 3}, {0xACD3, 4950, 3}, {0xACD4, 4953, 3},
    {0xACD5, 4956, 3}, {0xACD6, 4959, 3}, {0xACD7, 4962, 3},
    {0xACD8, 4965, 3}, {0xACD9, 4968, 3}, {0xACDA, 4971, 3},
    {0xACDB, 4974, 3}, {0xACDC, 4977, 3}, {0xACDD, 4980, 3},
    {0xACDE, 4983, 3}, {0xACDF, 4986, 3}, {0xACE0, 4989, 2},
    {0xACE1, 4991, 3}, {0xACE2, 4994, 3}, {0xACE3, 4997, 3},
    {0xACE4, 5000, 3}, {0xACE5, 5003, 3}, {0xACE6, 5006, 3},
    {0xACE7, 5009, 3}, {0xACE8, 5012, 3}, {0xACE9, 5015, 3},
    {0xACEA, 5018, 3}, {0xACEB, 5021, 3}, {0xACEC, 5024, 3},
    {0xACED, 5027, 3}, {0xACEE, 5030, 3}, {0xACEF, 5033, 3},
    {0xACF0, 5036, 3}, {0xACF1, 5039, 3}, {0xACF2, 5042, 3},
    {0xACF3, 5045, 3}, {0xACF4, 5048, 3}, {0xACF5, 5051, 3},
    {0xACF6, 5054, 3}, {0xACF7, 5057, 3}, {0xACF8, 5060, 3},
    {0xACF9, 5063, 3}, {0xACFA, 5066, 3}, {0xACFB, 5069, 3},
    {0xACFC, 5072, 2}, {0xACFD, 5074, 3}, {0xACFE, 5077, 3},
    {0xACFF, 5080, 3}, {0xAD00, 5083, 3}, {0xAD01, 5086, 3},
    {0xAD02, 5089, 3}, {0xAD03, 5092, 3}, {0xAD04, 5095, 3},
    {0xAD05, 5098, 3}, {0xAD06, 5101, 3}, {0xAD07, 5104, 3},
    {0xAD08, 5107, 3}, {0xAD09, 5110, 3}, {0xAD0A, 5113, 3},
    {0xAD0B, 5116, 3}, {0xAD0C, 5119, 3}, {0xAD0D, 5122, 3},
    {0xAD0E, 5125, 3}, {0xAD0F, 5128, 3}, {0xAD10, 5131, 3},
    {0xAD11, 5134, 3}, {0xAD12, 5137, 3}, {0xAD13, 5140, 3},
    {0xAD14, 5143, 3}, {0xAD15, 5146, 3}, {0xAD16, 5149, 3},
    {0xAD17, 5152, 3}, {0xAD18, 5155, 2}, {0xAD19, 5157, 3},
    {0xAD1A, 5160, 3}, {0xAD1B, 5163, 3}, {0xAD1C, 5166, 3},
    {0xAD1D, 5169, 3}, {0xAD1E, 5172, 3}, {0xAD1F, 5175, 3},
    {0xAD20, 5178, 3}, {0xAD21, 5181, 3}, {0xAD22, 5184, 3},
    {0xAD23, 5187, 3}, {0xAD24, 5190, 3}, {0xAD25, 5193, 3},
    {0xAD26, 5196, 3}, {0xAD27, 5199, 3}, {0xAD28, 5202, 3},
    {0xAD29, 5205, 3}, {0xAD2A, 5208, 3}, {0xAD2B, 5211, 3},
    {0xAD2C, 5214, 3}, {0xAD2D, 5217, 3}, {0xAD2E, 5220, 3},
    {0xAD2F, 5223, 3}, {0xAD30, 5226, 3}, {0xAD31, 5229, 3},
    {0xAD32, 5232, 3}, {0xAD33, 5235, 3}, {0xAD34, 5238, 2},
    {0xAD35, 5240, 3}, {0xAD36, 5243, 3}, {0xAD37, 5246, 3},
    {0xAD38, 5249, 3}, {0xAD39, 5252, 3}, {0xAD3A, 5255, 3},
    {0xAD3B, 5258, 3}, {0xAD3C, 5261, 3}, {0xAD3D, 5264, 3},
    {0xAD3E, 5267, 3}, {0xAD3F, 5270, 3}, {0xAD40, 5273, 3},
    {0xAD41, 5276, 3}, {0xAD42, 5279, 3}, {0xAD43, 5282, 3},
    {0xAD44, 5285, 3}, {0xAD45, 5288, 3}, {0xAD46, 5291, 3},
    {0xAD47, 5294, 3}, {0xAD48, 5297, 3}, {0xAD49, 5300, 3},
    {0xAD4A, 5303, 3}, {0xAD4B, 5306, 3}, {0xAD4C, 5309, 3},
    {0xAD4D, 5312, 3}, {0xAD4E, 5315, 3}, {0xAD4F, 5318, 3},
    {0xAD50, 5321, 2}, {0xAD51, 5323, 3}, {0xAD52, 5326, 3},
    {0xAD53, 5329, 3}, {0xAD54, 5332, 3}, {0xAD55, 5335, 3},
    {0xAD56, 5338, 3}, {0xAD57, 5341, 3}, {0xAD58, 5344, 3},
    {0xAD59, 5347, 3}, {0xAD5A, 5350, 3}, {0xAD5B, 5353, 3},
    {0xAD5C, 5356, 3}, {0xAD5D, 5359, 3}, {0xAD5E, 5362, 3},
    {0xAD5F, 5365, 3}, {0xAD60, 5368, 3}, {0xAD61, 5371, 3},
    {0xAD62, 5374, 3}, {0xAD63, 5377, 3}, {0xAD64, 5380, 3},
    {0xAD65, 5383, 3}, {0xAD66, 5386, 3}, {0xAD67, 5389, 3},
    {0xAD68, 5392, 3}, {0xAD69, 5395, 3}, {0xAD6A, 5398, 3},
    {0xAD6B, 5401, 3}, {0xAD6C, 5404, 2}, {0xAD6D, 5406, 3},
    {0xAD6E, 5409, 3}, {0xAD6F, 5412, 3}, {0xAD70, 5415, 3},
    {0xAD71, 5418, 3}, {0xAD72, 5421, 3}, {0xAD73, 5424, 3},
    {0xAD74, 5427, 3}, {0xAD75, 5430, 3}, {0xAD76, 5433, 3},
    {0xAD77, 5436, 3}, {0xAD78, 5439, 3}, {0xAD79, 5442, 3},
    {0xAD7A, 5445, 3}, {0xAD7B, 5448, 3}, {0xAD7C, 5451, 3},
    {0xAD7D, 5454, 3}, {0xAD7E, 5457, 3}, {0xAD7F, 5460, 3},
    {0xAD80, 5463, 3}, {0xAD81, 5466, 3}, {0xAD82, 5469, 3},
    {0xAD83, 5472, 3}, {0xAD84, 5475, 3}, {0xAD85, 5478, 3},
    {0xAD86, 5481, 3}, {0xAD87, 5484, 3}, {0xAD88, 5487, 2},
    {0xAD89, 5489, 3}, {0xAD8A, 5492, 3}, {0xAD8B, 5495, 3},
    {0xAD8C, 5498, 3}, {0xAD8D, 5501, 3}, {0xAD8E, 5504, 3},
    {0xAD8F, 5507, 3}, {0xAD90, 5510, 3}, {0xAD91, 5513, 3},
    {0xAD92, 5516, 3}, {0xAD93, 5519, 3}, {0xAD94, 5522, 3},
    {0xAD95, 5525, 3}, {0xAD96, 5528, 3}, {0xAD97, 5531, 3},
    {0xAD98, 5534, 3}, {0xAD99, 5537, 3}, {0xAD9A, 5540, 3},
    {0xAD9B, 5543, 3}, {0xAD9C, 5546, 3}, {0xAD9D, 5549, 3},
    {0xAD9E, 5552, 3}, {0xAD9F, 5555, 3}, {0xADA0, 5558, 3},
    {0xADA1, 5561, 3}, {0xADA2, 5564, 3}, {0xADA3, 5567, 3},
    {0xADA4, 5570, 2}, {0xADA5, 5572, 3}, {0xADA6, 5575, 3},
    {0xADA7, 5578, 3}, {0xADA8, 5581, 3}, {0xADA9, 5584, 3},
    {0xADAA, 5587, 3}, {0xADAB, 5590, 3}, {0xADAC, 5593, 3},
    {0xADAD, 5596, 3}, {0xADAE, 5599, 3}, {0xADAF, 5602, 3},
    {0xADB0, 5605, 3}, {0xADB1, 5608, 3}, {0xADB2, 5611, 3},
    {0xADB3, 5614, 3}, {0xADB4, 5617, 3}, {0xADB5, 5620, 3},
    {0xADB6, 5623, 3}, {0xADB7, 5626, 3}, {0xADB8, 5629, 3},
    {0xADB9, 5632, 3}, {0xADBA, 5635, 3}, {0xADBB, 5638, 3},
    {0xADBC, 5641, 3}, {0xADBD, 5644, 3}, {0xADBE, 5647, 3},
    {0xADBF, 5650, 3}, {0xADC0, 5653, 2}, {0xADC1, 5655, 3},
    {0xADC2, 5658, 3}, {0xADC3, 5661, 3}, {0xADC4, 5664, 3},
    {0xADC5, 5667, 3}, {0xADC6, 5670, 3}, {0xADC7, 5673, 3},
    {0xADC8, 5676, 3}, {0xADC9, 5679, 3}, {0xADCA, 5682, 3},
    {0xADCB, 5685, 3}, {0xADCC, 5688, 3}, {0xADCD, 5691, 3},
    {0xADCE, 5694, 3}, {0xADCF, 5697, 3}, {0xADD0, 5700, 3},
    {0xADD1, 5703, 3}, {0xADD2, 5706, 3}, {0xADD3, 5709, 3},
    {0xADD4, 5712, 3}, {0xADD5, 5715, 3}, {0xADD6, 5718, 3},
    {0xADD7, 5721, 3}, {0xADD8, 5724, 3}, {0xADD9, 5727, 3},
    {0xADDA, 5730, 3}, {0xADDB, 5733, 3}, {0xADDC, 5736, 2},
    {0xADDD, 5738, 3}, {0xADDE, 5741, 3}, {0xADDF, 5744, 3},
    {0xADE0, 5747, 3}, {0xADE1, 5750, 3}, {0xADE2, 5753, 3},
    {0xADE3, 5756, 3}, {0xADE4, 5759, 3}, {0xADE5, 5762, 3},
    {0xADE6, 5765, 3}, {0xADE7, 5768, 3}, {0xADE8, 5771, 3},
    {0xADE9, 5774, 3}, {0xADEA, 5777, 3}, {0xADEB, 5780, 3},
    {0xADEC, 5783, 3}, {0xADED, 5786, 3}, {0xADEE, 5789, 3},
    {0xADEF, 5792, 3}, {0xADF0, 5795, 3}, {0xADF1, 5798, 3},
    {0xADF2, 5801, 3}, {0xADF3, 5804, 3}, {0xADF4, 5807, 3},
    {0xADF5, 5810, 3}, {0xADF6, 5813, 3}, {0xADF7, 5816, 3},
    {0xADF8, 5819, 2}, {0xADF9, 5821, 3}, {0xADFA, 5824, 3},
    {0xADFB, 5827, 3}, {0xADFC, 5830, 3}, {0xADFD, 5833, 3},
    {0xADFE, 5836, 3}, {0xADFF, 5839, 3}, {0xAE00, 5842, 3},
    {0xAE01, 5845, 3}, {0xAE02, 5848, 3}, {0xAE03, 5851, 3},
    {0xAE04, 5854, 3}, {0xAE05, 5857, 3}, {0xAE06, 5860, 3},
    {0xAE07, 5863, 3}, {0xAE08, 5866, 3}, {0xAE09, 5869, 3},
    {0xAE0A, 5872, 3}, {0xAE0B, 5875, 3}, {0xAE0C, 5878, 3},
    {0xAE0D, 5881, 3}, {0xAE0E, 5884, 3}, {0xAE0F, 5887, 3},
    {0xAE10, 5890, 3}, {0xAE11, 5893, 3}, {0xAE12, 5896, 3},
    {0xAE13, 5899, 3}, {0xAE14, 5902, 2}, {0xAE15, 5904, 3},
    {0xAE16, 5907, 3}, {0xAE17, 5910, 3}, {0xAE18, 5913, 3},
    {0xAE19, 5916, 3}, {0xAE1A, 5919, 3}, {0xAE1B, 5922, 3},
    {0xAE1C, 5925, 3}, {0xAE1D, 5928, 3}, {0xAE1E, 5931, 3},
    {0xAE1F, 5934, 3}, {0xAE20, 5937, 3}, {0xAE21, 5940, 3},
    {0xAE22, 5943, 3}, {0xAE23, 5946, 3}, {0xAE24, 5949, 3},
    {0xAE25, 5952, 3}, {0xAE26, 5955, 3}, {0xAE27, 5958, 3},
    {0xAE28, 5961, 3}, {0xAE29, 5964, 3}, {0xAE2A, 5967, 3},
    {0xAE2B, 5970, 3}, {0xAE2C, 5973, 3}, {0xAE2D, 5976, 3},
    {0xAE2E, 5979, 3}, {0xAE2F, 5982, 3}, {0xAE30, 5985, 2},
    {0xAE31, 5987, 3}, {0xAE32, 5990, 3}, {0xAE33, 5993, 3},
    {0xAE34, 5996, 3}, {0xAE35, 5999, 3}, {0xAE36, 6002, 3},
    {0xAE37, 6005, 3}, {0xAE38, 6008, 3}, {0xAE39, 6011, 3},
    {0xAE3A, 6014, 3}, {0xAE3B, 6017, 3}, {0xAE3C, 6020, 3},
    {0xAE3D, 6023, 3}, {0xAE3E, 6026, 3}, {0xAE3F, 6029, 3},
    {0xAE40, 6032, 3}, {0xAE41, 6035, 3}, {0xAE42, 6038, 3},
    {0xAE43, 6041, 3}, {0xAE44, 6044, 3}, {0xAE45, 6047, 3},
    {0xAE46, 6050, 3}, {0xAE47, 6053, 3}, {0xAE48, 6056, 3},
    {0xAE49, 6059, 3}, {0xAE4A, 6062, 3}, {0xAE4B, 6065, 3},
    {0xAE4C, 6068, 2}, {0xAE4D, 6070, 3}, {0xAE4E, 6073, 3},
    {0xAE4F, 6076, 3}, {0xAE50, 6079, 3}, {0xAE51, 6082, 3},
    {0xAE52, 6085, 3}, {0xAE53, 6088, 3}, {0xAE54, 6091, 3},
    {0xAE55, 6094, 3}, {0xAE56, 6097, 3}, {0xAE57, 6100, 3},
    {0xAE58, 6103, 3}, {0xAE59, 6106, 3}, {0xAE5A, 6109, 3},
    {0xAE5B, 6112, 3}, {0xAE5C, 6115, 3}, {0xAE5D, 6118, 3},
    {0xAE5E, 6121, 3}, {0xAE5F, 6124, 3}, {0xAE60, 6127, 3},
    {0xAE61, 6130, 3}, {0xAE62, 6133, 3}, {0xAE63, 6136, 3},
    {0xAE64, 6139, 3}, {0xAE65, 6142, 3}, {0xAE66, 6145, 3},
    {0xAE67, 6148, 3}, {0xAE68, 6151, 2}, {0xAE69, 6153, 3},
    {0xAE6A, 6156, 3}, {0xAE6B, 6159, 3}, {0xAE6C, 6162, 3},
    {0xAE6D, 6165, 3}, {0xAE6E, 6168, 3}, {0xAE6F, 6171, 3},
    {0xAE70, 6174, 3}, {0xAE71, 6177, 3}, {0xAE72, 6180, 3},
    {0xAE73, 6183, 3}, {0xAE74, 6186, 3}, {0xAE75, 6189, 3},
    {0xAE76, 6192, 3}, {0xAE77, 6195, 3}, {0xAE78, 6198, 3},
    {0xAE79, 6201, 3}, {0xAE7A, 6204, 3}, {0xAE7B, 6207, 3},
    {0xAE7C, 6210, 3}, {0xAE7D, 6213, 3}, {0xAE7E, 6216, 3},
    {0xAE7F, 6219, 3}, {0xAE80, 6222, 3}, {0xAE81, 6225, 3},
    {0xAE82, 6228, 3}, {0xAE83, 6231, 3}, {0xAE84, 6234, 2},
    {0xAE85, 6236, 3}, {0xAE86, 6239, 3}, {0xAE87, 6242, 3},
    {0xAE88, 6245, 3}, {0xAE89, 6248, 3}, {0xAE8A, 6251, 3},
    {0xAE8B, 6254, 3}, {0xAE8C, 6257, 3}, {0xAE8D, 6260, 3},
    {0xAE8E, 6263, 3}, {0xAE8F, 6266, 3}, {0xAE90, 6269, 3},
    {0xAE91, 6272, 3}, {0xAE92, 6275, 3}, {0xAE93, 6278, 3},
    {0xAE94, 6281, 3}, {0xAE95, 6284, 3}, {0xAE96, 6287, 3},
    {0xAE97, 6290, 3}, {0xAE98, 6293, 3}, {0xAE99, 6296, 3},
    {0xAE9A, 6299, 3}, {0xAE9B, 6302, 3}, {0xAE9C, 6305, 3},
    {0xAE9D, 6308, 3}, {0xAE9E, 6311, 3}, {0xAE9F, 6314, 3},
    {0xAEA0, 6317, 2}, {0xAEA1, 6319, 3}, {0xAEA2, 6322, 3},
    {0xAEA3, 6325, 3}, {0xAEA4, 6328, 3}, {0xAEA5, 6331, 3},
    {0xAEA6, 6334, 3}, {0xAEA7, 6337, 3}, {0xAEA8, 6340, 3},
    {0xAEA9, 6343, 3}, {0xAEAA, 6346, 3}, {0xAEAB, 6349, 3},
    {0xAEAC, 6352, 3}, {0xAEAD, 6355, 3}, {0xAEAE, 6358, 3},
    {0xAEAF, 6361, 3}, {0xAEB0, 6364, 3}, {0xAEB1, 6367, 3},
    {0xAEB2, 6370, 3}, {0xAEB3, 6373, 3}, {0xAEB4, 6376, 3},
    {0xAEB5, 6379, 3}, {0xAEB6, 6382, 3}, {0xAEB7, 6385, 3},
    {0xAEB8, 6388, 3}, {0xAEB9, 6391, 3}, {0xAEBA, 6394, 3},
    {0xAEBB, 6397, 3}, {0xAEBC, 6400, 2}, {0xAEBD, 6402, 3},
    {0xAEBE, 6405, 3}, {0xAEBF, 6408, 3}, {0xAEC0, 6411, 3},
    {0xAEC1, 6414, 3}, {0xAEC2, 6417, 3}, {0xAEC3, 6420, 3},
    {0xAEC4, 6423, 3}, {0xAEC5, 6426, 3}, {0xAEC6, 6429, 3},
    {0xAEC7, 6432, 3}, {0xAEC8, 6435, 3}, {0xAEC9, 6438, 3},
    {0xAECA, 6441, 3}, {0xAECB, 6444, 3}, {0xAECC, 6447, 3},
    {0xAECD, 6450, 3}, {0xAECE, 6453, 3}, {0xAECF, 6456, 3},
    {0xAED0, 6459, 3}, {0xAED1, 6462, 3}, {0xAED2, 6465, 3},
    {0xAED3, 6468, 3}, {0xAED4, 6471, 3}, {0xAED5, 6474, 3},
    {0xAED6, 6477, 3}, {0xAED7, 6480, 3}, {0xAED8, 6483, 2},
    {0xAED9, 6485, 3}, {0xAEDA, 6488, 3}, {0xAEDB, 6491, 3},
    {0xAEDC, 6494, 3}, {0xAEDD, 6497, 3}, {0xAEDE, 6500, 3},
    {0xAEDF, 6503, 3}, {0xAEE0, 6506, 3}, {0xAEE1, 6509, 3},
    {0xAEE2, 6512, 3}, {0xAEE3, 6515, 3}, {0xAEE4, 6518, 3},
    {0xAEE5, 6521, 3}, {0xAEE6, 6524, 3}, {0xAEE7, 6527, 3},
    {0xAEE8, 6530, 3}, {0xAEE9, 6533, 3}, {0xAEEA, 6536, 3},
    {0xAEEB, 6539, 3}, {0xAEEC, 6542, 3}, {0xAEED, 6545, 3},
    {0xAEEE, 6548, 3}, {0xAEEF, 6551, 3}, {0xAEF0, 6554, 3},
    {0xAEF1, 6557, 3}, {0xAEF2, 6560, 3}, {0xAEF3, 6563, 3},
    {0xAEF4, 6566, 2}, {0xAEF5, 6568, 3}, {0xAEF6, 6571, 3},
    {0xAEF7, 6574, 3}, {0xAEF8, 6577, 3}, {0xAEF9, 6580, 3},
    {0xAEFA, 6583, 3}, {0xAEFB, 6586, 3}, {0xAEFC, 6589, 3},
    {0xAEFD, 6592, 3}, {0xAEFE, 6595, 3}, {0xAEFF, 6598, 3},
    {0xAF00, 6601, 3}, {0xAF01, 6604, 3}, {0xAF02, 6607, 3},
    {0xAF03, 6610, 3}, {0xAF04, 6613, 3}, {0xAF05, 6616, 3},
    {0xAF06, 6619, 3}, {0xAF07, 6622, 3}, {0xAF08, 6625, 3},
    {0xAF09, 6628, 3}, {0xAF0A, 6631, 3}, {0xAF0B, 6634, 3},
    {0xAF0C, 6637, 3}, {0xAF0D, 6640, 3}, {0xAF0E, 6643, 3},
    {0xAF0F, 6646, 3}, {0xAF10, 6649, 2}, {0xAF11, 6651, 3},
    {0xAF12, 6654, 3}, {0xAF13, 6657, 3}, {0xAF14, 6660, 3},
    {0xAF15, 6663, 3}, {0xAF16, 6666, 3}, {0xAF17, 6669, 3},
    {0xAF18, 6672, 3}, {0xAF19, 6675, 3}, {0xAF1A, 6678, 3},
    {0xAF1B, 6681, 3}, {0xAF1C, 6684, 3}, {0xAF1D, 6687, 3},
    {0xAF1E, 6690, 3}, {0xAF1F, 6693, 3}, {0xAF20, 6696, 3},
    {0xAF21, 6699, 3}, {0xAF22, 6702, 3}, {0xAF23, 6705, 3},
    {0xAF24, 6708, 3}, {0xAF25, 6711, 3}, {0xAF26, 6714, 3},
    {0xAF27, 6717, 3}, {0xAF28, 6720, 3}, {0xAF29, 6723, 3},
    {0xAF2A, 6726, 3}, {0xAF2B, 6729, 3}, {0xAF2C, 6732, 2},
    {0xAF2D, 6734, 3}, {0xAF2E, 6737, 3}, {0xAF2F, 6740, 3},
    {0xAF30, 6743, 3}, {0xAF31, 6746, 3}, {0xAF32, 6749, 3},
    {0xAF33, 6752, 3}, {0xAF34, 6755, 3}, {0xAF35, 6758, 3},
    {0xAF36, 6761, 3}, {0xAF37, 6764, 3}, {0xAF38, 6767, 3},
    {0xAF39, 6770, 3}, {0xAF3A, 6773, 3}, {0xAF3B, 6776, 3},
    {0xAF3C, 6779, 3}, {0xAF3D, 6782, 3}, {0xAF3E, 6785, 3},
    {0xAF3F, 6788, 3}, {0xAF40, 6791, 3}, {0xAF41, 6794, 3},
    {0xAF42, 6797, 3}, {0xAF43, 6800, 3}, {0xAF44, 6803, 3},
    {0xAF45, 6806, 3}, {0xAF46, 6809, 3}, {0xAF47, 6812, 3},
    {0xAF48, 6815, 2}, {0xAF49, 6817, 3}, {0xAF4A, 6820, 3},
    {0xAF4B, 6823, 3}, {0xAF4C, 6826, 3}, {0xAF4D, 6829, 3},
    {0xAF4E, 6832, 3}, {0xAF4F, 6835, 3}, {0xAF50, 6838, 3},
    {0xAF51, 6841, 3}, {0xAF52, 6844, 3}, {0xAF53, 6847, 3},
    {0xAF54, 6850, 3}, {0xAF55, 6853, 3}, {0xAF56, 6856, 3},
    {0xAF57, 6859, 3}, {0xAF58, 6862, 3}, {0xAF59, 6865, 3},
    {0xAF5A, 6868, 3}, {0xAF5B, 6871, 3}, {0xAF5C, 6874, 3},
    {0xAF5D, 6877, 3}, {0xAF5E, 6880, 3}, {0xAF5F, 6883, 3},
    {0xAF60, 6886, 3}, {0xAF61, 6889, 3}, {0xAF62, 6892, 3},
    {0xAF63, 6895, 3}, {0xAF64, 6898, 2}, {0xAF65, 6900, 3},
    {0xAF66, 6903, 3}, {0xAF67, 6906, 3}, {0xAF68, 6909, 3},
    {0xAF69, 6912, 3}, {0xAF6A, 6915, 3}, {0xAF6B, 6918, 3},
    {0xAF6C, 6921, 3}, {0xAF6D, 6924, 3}, {0xAF6E, 6927, 3},
    {0xAF6F, 6930, 3}, {0xAF70, 6933, 3}, {0xAF71, 6936, 3},
    {0xAF72, 6939, 3}, {0xAF73, 6942, 3}, {0xAF74, 6945, 3},
    {0xAF75, 6948, 3}, {0xAF76, 6951, 3}, {0xAF77, 6954, 3},
    {0xAF78, 6957, 3}, {0xAF79, 6960, 3}, {0xAF7A, 6963, 3},
    {0xAF7B, 6966, 3}, {0xAF7C, 6969, 3}, {0xAF7D, 6972, 3},
    {0xAF7E, 6975, 3}, {0xAF7F, 6978, 3}, {0xAF80, 6981, 2},
    {0xAF81, 6983, 3}, {0xAF82, 6986, 3}, {0xAF83, 6989, 3},
    {0xAF84, 6992, 3}, {0xAF85, 6995, 3}, {0xAF86, 6998, 3},
    {0xAF87, 7001, 3}, {0xAF88, 7004, 3}, {0xAF89, 7007, 3},
    {0xAF8A, 7010, 3}, {0xAF8B, 7013, 3}, {0xAF8C, 7016, 3},
    {0xAF8D, 7019, 3}, {0xAF8E, 7022, 3}, {0xAF8F, 7025, 3},
    {0xAF90, 7028, 3}, {0xAF91, 7031, 3}, {0xAF92, 7034, 3},
    {0xAF93, 7037, 3}, {0xAF94, 7040, 3}, {0xAF95, 7043, 3},
    {0xAF96, 7046, 3}, {0xAF97, 7049, 3}, {0xAF98, 7052, 3},
    {0xAF99, 7055, 3}, {0xAF9A, 7058, 3}, {0xAF9B, 7061, 3},
    {0xAF9C, 7064, 2}, {0xAF9D, 7066, 3}, {0xAF9E, 7069, 3},
    {0xAF9F, 7072, 3}, {0xAFA0, 7075, 3}, {0xAFA1, 7078, 3},
    {0xAFA2, 7081, 3}, {0xAFA3, 7084, 3}, {0xAFA4, 7087, 3},
    {0xAFA5, 7090, 3}, {0xAFA6, 7093, 3}, {0xAFA7, 7096, 3},
    {0xAFA8, 7099, 3}, {0xAFA9, 7102, 3}, {0xAFAA, 7105, 3},
    {0xAFAB, 7108, 3}, {0xAFAC, 7111, 3}, {0xAFAD, 7114, 3},
    {0xAFAE, 7117, 3}, {0xAFAF, 7120, 3}, {0xAFB0, 7123, 3},
    {0xAFB1, 7126, 3}, {0xAFB2, 7129, 3}, {0xAFB3, 7132, 3},
    {0xAFB4, 7135, 3}, {0xAFB5, 7138, 3}, {0xAFB6, 7141, 3},
    {0xAFB7, 7144, 3}, {0xAFB8, 7147, 2}, {0xAFB9, 7149, 3},
    {0xAFBA, 7152, 3}, {0xAFBB, 7155, 3}, {0xAFBC, 7158, 3},
    {0xAFBD, 7161, 3}, {0xAFBE, 7164, 3}, {0xAFBF, 7167, 3},
    {0xAFC0, 7170, 3}, {0xAFC1, 7173, 3}, {0xAFC2, 7176, 3},
    {0xAFC3, 7179, 3}, {0xAFC4, 7182, 3}, {0xAFC5, 7185, 3},
    {0xAFC6, 7188, 3}, {0xAFC7, 7191, 3}, {0xAFC8, 7194, 3},
    {0xAFC9, 7197, 3}, {0xAFCA, 7200, 3}, {0xAFCB, 7203, 3},
    {0xAFCC, 7206, 3}, {0xAFCD, 7209, 3}, {0xAFCE, 7212, 3},
    {0xAFCF, 7215, 3}, {0xAFD0, 7218, 3}, {0xAFD1, 7221, 3},
    {0xAFD2, 7224, 3}, {0xAFD3, 7227, 3}, {0xAFD4, 7230, 2},
    {0xAFD5, 7232, 3}, {0xAFD6, 7235, 3}, {0xAFD7, 7238, 3},
    {0xAFD8, 7241, 3}, {0xAFD9, 7244, 3}, {0xAFDA, 7247, 3},
    {0xAFDB, 7250, 3}, {0xAFDC, 7253, 3}, {0xAFDD, 7256, 3},
    {0xAFDE, 7259, 3}, {0xAFDF, 7262, 3}, {0xAFE0, 7265, 3},
    {0xAFE1, 7268, 3}, {0xAFE2, 7271, 3}, {0xAFE3, 7274, 3},
    {0xAFE4, 7277, 3}, {0xAFE5, 7280, 3}, {0xAFE6, 7283, 3},
    {0xAFE7, 7286, 3}, {0xAFE8, 7289, 3}, {0xAFE9, 7292, 3},
    {0xAFEA, 7295, 3}, {0xAFEB, 7298, 3}, {0xAFEC, 7301, 3},
    {0xAFED, 7304, 3}, {0xAFEE, 7307, 3}, {0xAFEF, 7310, 3},
    {0xAFF0, 7313, 2}, {0xAFF1, 7315, 3}, {0xAFF2, 7318, 3},
    {0xAFF3, 7321, 3}, {0xAFF4, 7324, 3}, {0xAFF5, 7327, 3},
    {0xAFF6, 7330, 3}, {0xAFF7, 7333, 3}, {0xAFF8, 7336, 3},
    {0xAFF9, 7339, 3}, {0xAFFA, 7342, 3}, {0xAFFB, 7345, 3},
    {0xAFFC, 7348, 3}, {0xAFFD, 7351, 3}, {0xAFFE, 7354, 3},
    {0xAFFF, 7357, 3}, {0xB000, 7360, 3}, {0xB001, 7363, 3},
    {0xB002, 7366, 3}, {0xB003, 7369, 3}, {0xB004, 7372, 3},
    {0xB005, 7375, 3}, {0xB006, 7378, 3}, {0xB007, 7381, 3},
    {0xB008, 7384, 3}, {0xB009, 7387, 3}, {0xB00A, 7390, 3},
    {0xB00B, 7393, 3}, {0xB00C, 7396, 2}, {0xB00D, 7398, 3},
    {0xB00E, 7401, 3}, {0xB00F, 7404, 3}, {0xB010, 7407, 3},
    {0xB011, 7410, 3}, {0xB012, 7413, 3}, {0xB013, 7416, 3},
    {0xB014, 7419, 3}, {0xB015, 7422, 3}, {0xB016, 7425, 3},
    {0xB017, 7428, 3}, {0xB018, 7431, 3}, {0xB019, 7434, 3},
    {0xB01A, 7437, 3}, {0xB01B, 7440, 3}, {0xB01C, 7443, 3},
    {0xB01D, 7446, 3}, {0xB01E, 7449, 3}, {0xB01F, 7452, 3},
    {0xB020, 7455, 3}, {0xB021, 7458, 3}, {0xB022, 7461, 3},
    {0xB023, 7464, 3}, {0xB024, 7467, 3}, {0xB025, 7470, 3},
    {0xB026, 7473, 3}, {0xB027, 7476, 3}, {0xB028, 7479, 2},
    {0xB029, 7481, 3}, {0xB02A, 7484, 3}, {0xB02B, 7487, 3},
    {0xB02C, 7490, 3}, {0xB02D, 7493, 3}, {0xB02E, 7496, 3},
    {0xB02F, 7499, 3}, {0xB030, 7502, 3}, {0xB031, 7505, 3},
    {0xB032, 7508, 3}, {0xB033, 7511, 3}, {0xB034, 7514, 3},
    {0xB035, 7517, 3}, {0xB036, 7520, 3}, {0xB037, 7523, 3},
    {0xB038, 7526, 3}, {0xB039, 7529, 3}, {0xB03A, 7532, 3},
    {0xB03B, 7535, 3}, {0xB03C, 7538, 3}, {0xB03D, 7541, 3},
    {0xB03E, 7544, 3}, {0xB03F, 7547, 3}, {0xB040, 7550, 3},
    {0xB041, 7553, 3}, {0xB042, 7556, 3}, {0xB043, 7559, 3},
    {0xB044, 7562, 2}, {0xB045, 7564, 3}, {0xB046, 7567, 3},
    {0xB047, 7570, 3}, {0xB048, 7573, 3}, {0xB049, 7576, 3},
    {0xB04A, 7579, 3}, {0xB04B, 7582, 3}, {0xB04C, 7585, 3},
    {0xB04D, 7588, 3}, {0xB04E, 7591, 3}, {0xB04F, 7594, 3},
    {0xB050, 7597, 3}, {0xB051, 7600, 3}, {0xB052, 7603, 3},
    {0xB053, 7606, 3}, {0xB054, 7609, 3}, {0xB055, 7612, 3},
    {0xB056, 7615, 3}, {0xB057, 7618, 3}, {0xB058, 7621, 3},
    {0xB059, 7624, 3}, {0xB05A, 7627, 3}, {0xB05B, 7630, 3},
    {0xB05C, 7633, 3}, {0xB05D, 7636, 3}, {0xB05E, 7639, 3},
    {0xB05F, 7642, 3}, {0xB060, 7645, 2}, {0xB061, 7647, 3},
    {0xB062, 7650, 3}, {0xB063, 7653, 3}, {0xB064, 7656, 3},
    {0xB065, 7659, 3}, {0xB066, 7662, 3}, {0xB067, 7665, 3},
    {0xB068, 7668, 3}, {0xB069, 7671, 3}, {0xB06A, 7674, 3},
    {0xB06B, 7677, 3}, {0xB06C, 7680, 3}, {0xB06D, 7683, 3},
    {0xB06E, 7686, 3}, {0xB06F, 7689, 3}, {0xB070, 7692, 3},
    {0xB071, 7695, 3}, {0xB072, 7698, 3}, {0xB073, 7701, 3},
    {0xB074, 7704, 3}, {0xB075, 7707, 3}, {0xB076, 7710, 3},
    {0xB077, 7713, 3}, {0xB078, 7716, 3}, {0xB079, 7719, 3},
    {0xB07A, 7722, 3}, {0xB07B, 7725, 3}, {0xB07C, 7728, 2},
    {0xB07D, 7730, 3}, {0xB07E, 7733, 3}, {0xB07F, 7736, 3},
    {0xB080, 7739, 3}, {0xB081, 7742, 3}, {0xB082, 7745, 3},
    {0xB083, 7748, 3}, {0xB084, 7751, 3}, {0xB085, 7754, 3},
    {0xB086, 7757, 3}, {0xB087, 7760, 3}, {0xB088, 7763, 3},
    {0xB089, 7766, 3}, {0xB08A, 7769, 3}, {0xB08B, 7772, 3},
    {0xB08C, 7775, 3}, {0xB08D, 7778, 3}, {0xB08E, 7781, 3},
    {0xB08F, 7784, 3}, {0xB090, 7787, 3}, {0xB091, 7790, 3},
    {0xB092, 7793, 3}, {0xB093, 7796, 3}, {0xB094, 7799, 3},
    {0xB095, 7802, 3}, {0xB096, 7805, 3}, {0xB097, 7808, 3},
    {0xB098, 7811, 2}, {0xB099, 7813, 3}, {0xB09A, 7816, 3},
    {0xB09B, 7819, 3}, {0xB09C, 7822, 3}, {0xB09D, 7825, 3},
    {0xB09E, 7828, 3}, {0xB09F, 7831, 3}, {0xB0A0, 7834, 3},
    {0xB0A1, 7837, 3}, {0xB0A2, 7840, 3}, {0xB0A3, 7843, 3},
    {0xB0A4, 7846, 3}, {0xB0A5, 7849, 3}, {0xB0A6, 7852, 3},
    {0xB0A7, 7855, 3}, {0xB0A8, 7858, 3}, {0xB0A9, 7861, 3},
    {0xB0AA, 7864, 3}, {0xB0AB, 7867, 3}, {0xB0AC, 7870, 3},
    {0xB0AD, 7873, 3}, {0xB0AE, 7876, 3}, {0xB0AF, 7879, 3},
    {0xB0B0, 7882, 3}, {0xB0B1, 7885, 3}, {0xB0B2, 7888, 3},
    {0xB0B3, 7891, 3}, {0xB0B4, 7894, 2}, {0xB0B5, 7896, 3},
    {0xB0B6, 7899, 3}, {0xB0B7, 7902, 3}, {0xB0B8, 7905, 3},
    {0xB0B9, 7908, 3}, {0xB0BA, 7911, 3}, {0xB0BB, 7914, 3},
    {0xB0BC, 7917, 3}, {0xB0BD, 7920, 3}, {0xB0BE, 7923, 3},
    {0xB0BF, 7926, 3}, {0xB0C0, 7929, 3}, {0xB0C1, 7932, 3},
    {0xB0C2, 7935, 3}, {0xB0C3, 7938, 3}, {0xB0C4, 7941, 3},
    {0xB0C5, 7944, 3}, {0xB0C6, 7947, 3}, {0xB0C7, 7950, 3},
    {0xB0C8, 7953, 3}, {0xB0C9, 7956, 3}, {0xB0CA, 7959, 3},
    {0xB0CB, 7962, 3}, {0xB0CC, 7965, 3}, {0xB0CD, 7968, 3},
    {0xB0CE, 7971, 3}, {0xB0CF, 7974, 3}, {0xB0D0, 7977, 2},
    {0xB0D1, 7979, 3}, {0xB0D2, 7982, 3}, {0xB0D3, 7985, 3},
    {0xB0D4, 7988, 3}, {0xB0D5, 7991, 3}, {0xB0D6, 7994, 3},
    {0xB0D7, 7997, 3}, {0xB0D8, 8000, 3}, {0xB0D9, 8003, 3},
    {0xB0DA, 8006, 3}, {0xB0DB, 8009, 3}, {0xB0DC, 8012, 3},
    {0xB0DD, 8015, 3}, {0xB0DE, 8018, 3}, {0xB0DF, 8021, 3},
    {0xB0E0, 8024, 3}, {0xB0E1, 8027, 3}, {0xB0E2, 8030, 3},
    {0xB0E3, 8033, 3}, {0xB0E4, 8036, 3}, {0xB0E5, 8039, 3},
    {0xB0E6, 8042, 3}, {0xB0E7, 8045, 3}, {0xB0E8, 8048, 3},
    {0xB0E9, 8051, 3}, {0xB0EA, 8054, 3}, {0xB0EB, 8057, 3},
    {0xB0EC, 8060, 2}, {0xB0ED, 8062, 3}, {0xB0EE, 8065, 3},
    {0xB0EF, 8068, 3}, {0xB0F0, 8071, 3}, {0xB0F1, 8074, 3},
    {0xB0F2, 8077, 3}, {0xB0F3, 8080, 3}, {0xB0F4, 8083, 3},
    {0xB0F5, 8086, 3}, {0xB0F6, 8089, 3}, {0xB0F7, 8092, 3},
    {0xB0F8, 8095, 3}, {0xB0F9, 8098, 3}, {0xB0FA, 8101, 3},
    {0xB0FB, 8104, 3}, {0xB0FC, 8107, 3}, {0xB0FD, 8110, 3},
    {0xB0FE, 8113, 3}, {0xB0FF, 8116, 3}, {0xB100, 8119, 3},
    {0xB101, 8122, 3}, {0xB102, 8125, 3}, {0xB103, 8128, 3},
    {0xB104, 8131, 3}, {0xB105, 8134, 3}, {0xB106, 8137, 3},
    {0xB107, 8140, 3}, {0xB108, 8143, 2}, {0xB109, 8145, 3},
    {0xB10A, 8148, 3}, {0xB10B, 8151, 3}, {0xB10C, 8154, 3},
    {0xB10D, 8157, 3}, {0xB10E, 8160, 3}, {0xB10F, 8163, 3},
    {0xB110, 8166, 3}, {0xB111, 8169, 3}, {0xB112, 8172, 3},
    {0xB113, 8175, 3}, {0xB114, 8178, 3}, {0xB115, 8181, 3},
    {0xB116, 8184, 3}, {0xB117, 8187, 3}, {0xB118, 8190, 3},
    {0xB119, 8193, 3}, {0xB11A, 8196, 3}, {0xB11B, 8199, 3},
    {0xB11C, 8202, 3}, {0xB11D, 8205, 3}, {0xB11E, 8208, 3},
    {0xB11F, 8211, 3}, {0xB120, 8214, 3}, {0xB121, 8217, 3},
    {0xB122, 8220, 3}, {0xB123, 8223, 3}, {0xB124, 8226, 2},
    {0xB125, 8228, 3}, {0xB126, 8231, 3}, {0xB127, 8234, 3},
    {0xB128, 8237, 3}, {0xB129, 8240, 3}, {0xB12A, 8243, 3},
    {0xB12B, 8246, 3}, {0xB12C, 8249, 3}, {0xB12D, 8252, 3},
    {0xB12E, 8255, 3}, {0xB12F, 8258, 3}, {0xB130, 8261, 3},
    {0xB131, 8264, 3}, {0xB132, 8267, 3}, {0xB133, 8270, 3},
    {0xB134, 8273, 3}, {0xB135, 8276, 3}, {0xB136, 8279, 3},
    {0xB137, 8282, 3}, {0xB138, 8285, 3}, {0xB139, 8288, 3},
    {0xB13A, 8291, 3}, {0xB13B, 8294, 3}, {0xB13C, 8297, 3},
    {0xB13D, 8300, 3}, {0xB13E, 8303, 3}, {0xB13F, 8306, 3},
    {0xB140, 8309, 2}, {0xB141, 8311, 3}, {0xB142, 8314, 3},
    {0xB143, 8317, 3}, {0xB144, 8320, 3}, {0xB145, 8323, 3},
    {0xB146, 8326, 3}, {0xB147, 8329, 3}, {0xB148, 8332, 3},
    {0xB149, 8335, 3}, {0xB14A, 8338, 3}, {0xB14B, 8341, 3},
    {0xB14C, 8344, 3}, {0xB14D, 8347, 3}, {0xB14E, 8350, 3},
    {0xB14F, 8353, 3}, {0xB150, 8356, 3}, {0xB151, 8359, 3},
    {0xB152, 8362, 3}, {0xB153, 8365, 3}, {0xB154, 8368, 3},
    {0xB155, 8371, 3}, {0xB156, 8374, 3}, {0xB157, 8377, 3},
    {0xB158, 8380, 3}, {0xB159, 8383, 3}, {0xB15A, 8386, 3},
    {0xB15B, 8389, 3}, {0xB15C, 8392, 2}, {0xB15D, 8394, 3},
    {0xB15E, 8397, 3}, {0xB15F, 8400, 3}, {0xB160, 8403, 3},
    {0xB161, 8406, 3}, {0xB162, 8409, 3}, {0xB163, 8412, 3},
    {0xB164, 8415, 3}, {0xB165, 8418, 3}, {0xB166, 8421, 3},
    {0xB167, 8424, 3}, {0xB168, 8427, 3}, {0xB169, 8430, 3},
    {0xB16A, 8433, 3}, {0xB16B, 8436, 3}, {0xB16C, 8439, 3},
    {0xB16D, 8442, 3}, {0xB16E, 8445, 3}, {0xB16F, 8448, 3},
    {0xB170, 8451, 3}, {0xB171, 8454, 3}, {0xB172, 8457, 3},
    {0xB173, 8460, 3}, {0xB174, 8463, 3}, {0xB175, 8466, 3},
    {0xB176, 8469, 3}, {0xB177, 8472, 3}, {0xB178, 8475, 2},
    {0xB179, 8477, 3}, {0xB17A, 8480, 3}, {0xB17B, 8483, 3},
    {0xB17C, 8486, 3}, {0xB17D, 8489, 3}, {0xB17E, 8492, 3},
    {0xB17F, 8495, 3}, {0xB180, 8498, 3}, {0xB181, 8501, 3},
    {0xB182, 8504, 3}, {0xB183, 8507, 3}, {0xB184, 8510, 3},
    {0xB185, 8513, 3}, {0xB186, 8516, 3}, {0xB187, 8519, 3},
    {0xB188, 8522, 3}, {0xB189, 8525, 3}, {0xB18A, 8528, 3},
    {0xB18B, 8531, 3}, {0xB18C, 8534, 3}, {0xB18D, 8537, 3},
    {0xB18E, 8540, 3}, {0xB18F, 8543, 3}, {0xB190, 8546, 3},
    {0xB191, 8549, 3}, {0xB192, 8552, 3}, {0xB193, 8555, 3},
    {0xB194, 8558, 2}, {0xB195, 8560, 3}, {0xB196, 8563, 3},
    {0xB197, 8566, 3}, {0xB198, 8569, 3}, {0xB199, 8572, 3},
    {0xB19A, 8575, 3}, {0xB19B, 8578, 3}, {0xB19C, 8581, 3},
    {0xB19D, 8584, 3}, {0xB19E, 8587, 3}, {0xB19F, 8590, 3},
    {0xB1A0, 8593, 3}, {0xB1A1, 8596, 3}, {0xB1A2, 8599, 3},
    {0xB1A3, 8602, 3}, {0xB1A4, 8605, 3}, {0xB1A5, 8608, 3},
    {0xB1A6, 8611, 3}, {0xB1A7, 8614, 3}, {0xB1A8, 8617, 3},
    {0xB1A9, 8620, 3}, {0xB1AA, 8623, 3}, {0xB1AB, 8626, 3},
    {0xB1AC, 8629, 3}, {0xB1AD, 8632, 3}, {0xB1AE, 8635, 3},
    {0xB1AF, 8638, 3}, {0xB1B0, 8641, 2}, {0xB1B1, 8643, 3},
    {0xB1B2, 8646, 3}, {0xB1B3, 8649, 3}, {0xB1B4, 8652, 3},
    {0xB1B5, 8655, 3}, {0xB1B6, 8658, 3}, {0xB1B7, 8661, 3},
    {0xB1B8, 8664, 3}, {0xB1B9, 8667, 3}, {0xB1BA, 8670, 3},
    {0xB1BB, 8673, 3}, {0xB1BC, 8676, 3}, {0xB1BD, 8679, 3},
    {0xB1BE, 8682, 3}, {0xB1BF, 8685, 3}, {0xB1C0, 8688, 3},
    {0xB1C1, 8691, 3}, {0xB1C2, 8694, 3}, {0xB1C3, 8697, 3},
    {0xB1C4, 8700, 3}, {0xB1C5, 8703, 3}, {0xB1C6, 8706, 3},
    {0xB1C7, 8709, 3}, {0xB1C8, 8712, 3}, {0xB1C9, 8715, 3},
    {0xB1CA, 8718, 3}, {0xB1CB, 8721, 3}, {0xB1CC, 8724, 2},
    {0xB1CD, 8726, 3}, {0xB1CE, 8729, 3}, {0xB1CF, 8732, 3},
    {0xB1D0, 8735, 3}, {0xB1D1, 8738, 3}, {0xB1D2, 8741, 3},
    {0xB1D3, 8744, 3}, {0xB1D4, 8747, 3}, {0xB1D5, 8750, 3},
    {0xB1D6, 8753, 3}, {0xB1D7, 8756, 3}, {0xB1D8, 8759, 3},
    {0xB1D9, 8762, 3}, {0xB1DA, 8765, 3}, {0xB1DB, 8768, 3},
    {0xB1DC, 8771, 3}, {0xB1DD, 8774, 3}, {0xB1DE, 8777, 3},
    {0xB1DF, 8780, 3}, {0xB1E0, 8783, 3}, {0xB1E1, 8786, 3},
    {0xB1E2, 8789, 3}, {0xB1E3, 8792, 3}, {0xB1E4, 8795, 3},
    {0xB1E5, 8798, 3}, {0xB1E6, 8801, 3}, {0xB1E7, 8804, 3},
    {0xB1E8, 8807, 2}, {0xB1E9, 8809, 3}, {0xB1EA, 8812, 3},
    {0xB1EB, 8815, 3}, {0xB1EC, 8818, 3}, {0xB1ED, 8821, 3},
    {0xB1EE, 8824, 3}, {0xB1EF, 8827, 3}, {0xB1F0, 8830, 3},
    {0xB1F1, 8833, 3}, {0xB1F2, 8836, 3}, {0xB1F3, 8839, 3},
    {0xB1F4, 8842, 3}, {0xB1F5, 8845, 3}, {0xB1F6, 8848, 3},
    {0xB1F7, 8851, 3}, {0xB1F8, 8854, 3}, {0xB1F9, 8857, 3},
    {0xB1FA, 8860, 3}, {0xB1FB, 8863, 3}, {0xB1FC, 8866, 3},
    {0xB1FD, 8869, 3}, {0xB1FE, 8872, 3}, {0xB1FF, 8875, 3},
    {0xB200, 8878, 3}, {0xB201, 8881, 3}, {0xB202, 8884, 3},
    {0xB203, 8887, 3}, {0xB204, 8890, 2}, {0xB205, 8892, 3},
    {0xB206, 8895, 3}, {0xB207, 8898, 3}, {0xB208, 8901, 3},
    {0xB209, 8904, 3}, {0xB20A, 8907, 3}, {0xB20B, 8910, 3},
    {0xB20C, 8913, 3}, {0xB20D, 8916, 3}, {0xB20E, 8919, 3},
    {0xB20F, 8922, 3}, {0xB210, 8925, 3}, {0xB211, 8928, 3},
    {0xB212, 8931, 3}, {0xB213, 8934, 3}, {0xB214, 8937, 3},
    {0xB215, 8940, 3}, {0xB216, 8943, 3}, {0xB217, 8946, 3},
    {0xB218, 8949, 3}, {0xB219, 8952, 3}, {0xB21A, 8955, 3},
    {0xB21B, 8958, 3}, {0xB21C, 8961, 3}, {0xB21D, 8964, 3},
    {0xB21E, 8967, 3}, {0xB21F, 8970, 3}, {0xB220, 8973, 2},
    {0xB221, 8975, 3}, {0xB222, 8978, 3}, {0xB223, 8981, 3},
    {0xB224, 8984, 3}, {0xB225, 8987, 3}, {0xB226, 8990, 3},
    {0xB227, 8993, 3}, {0xB228, 8996, 3}, {0xB229, 8999, 3},
    {0xB22A, 9002, 3}, {0xB22B, 9005, 3}, {0xB22C, 9008, 3},
    {0xB22D, 9011, 3}, {0xB22E, 9014, 3}, {0xB22F, 9017, 3},
    {0xB230, 9020, 3}, {0xB231, 9023, 3}, {0xB232, 9026, 3},
    {0xB233, 9029, 3}, {0xB234, 9032, 3}, {0xB235, 9035, 3},
    {0xB236, 9038, 3}, {0xB237, 9041, 3}, {0xB238, 9044, 3},
    {0xB239, 9047, 3}, {0xB23A, 9050, 3}, {0xB23B, 9053, 3},
    {0xB23C, 9056, 2}, {0xB23D, 9058, 3}, {0xB23E, 9061, 3},
    {0xB23F, 9064, 3}, {0xB240, 9067, 3}, {0xB241, 9070, 3},
    {0xB242, 9073, 3}, {0xB243, 9076, 3}, {0xB244, 9079, 3},
    {0xB245, 9082, 3}, {0xB246, 9085, 3}, {0xB247, 9088, 3},
    {0xB248, 9091, 3}, {0xB249, 9094, 3}, {0xB24A, 9097, 3},
    {0xB24B, 9100, 3}, {0xB24C, 9103, 3}, {0xB24D, 9106, 3},
    {0xB24E, 9109, 3}, {0xB24F, 9112, 3}, {0xB250, 9115, 3},
    {0xB251, 9118, 3}, {0xB252, 9121, 3}, {0xB253, 9124, 3},
    {0xB254, 9127, 3}, {0xB255, 9130, 3}, {0xB256, 9133, 3},
    {0xB257, 9136, 3}, {0xB258, 9139, 2}, {0xB259, 9141, 3},
    {0xB25A, 9144, 3}, {0xB25B, 9147, 3}, {0xB25C, 9150, 3},
    {0xB25D, 9153, 3}, {0xB25E, 9156, 3}, {0xB25F, 9159, 3},
    {0xB260, 9162, 3}, {0xB261, 9165, 3}, {0xB262, 9168, 3},
    {0xB263, 9171, 3}, {0xB264, 9174, 3}, {0xB265, 9177, 3},
    {0xB266, 9180, 3}, {0xB267, 9183, 3}, {0xB268, 9186, 3},
    {0xB269, 9189, 3}, {0xB26A, 9192, 3}, {0xB26B, 9195, 3},
    {0xB26C, 9198, 3}, {0xB26D, 9201, 3}, {0xB26E, 9204, 3},
    {0xB26F, 9207, 3}, {0xB270, 9210, 3}, {0xB271, 9213, 3},
    {0xB272, 9216, 3}, {0xB273, 9219, 3}, {0xB274, 9222, 2},
    {0xB275, 9224, 3}, {0xB276, 9227, 3}, {0xB277, 9230, 3},
    {0xB278, 9233, 3}, {0xB279, 9236, 3}, {0xB27A, 9239, 3},
    {0xB27B, 9242, 3}, {0xB27C, 9245, 3}, {0xB27D, 9248, 3},
    {0xB27E, 9251, 3}, {0xB27F, 9254, 3}, {0xB280, 9257, 3},
    {0xB281, 9260, 3}, {0xB282, 9263, 3}, {0xB283, 9266, 3},
    {0xB284, 9269, 3}, {0xB285, 9272, 3}, {0xB286, 9275, 3},
    {0xB287, 9278, 3}, {0xB288, 9281, 3}, {0xB289, 9284, 3},
    {0xB28A, 9287, 3}, {0xB28B, 9290, 3}, {0xB28C, 9293, 3},
    {0xB28D, 9296, 3}, {0xB28E, 9299, 3}, {0xB28F, 9302, 3},
    {0xB290, 9305, 2}, {0xB291, 9307, 3}, {0xB292, 9310, 3},
    {0xB293, 9313, 3}, {0xB294, 9316, 3}, {0xB295, 9319, 3},
    {0xB296, 9322, 3}, {0xB297, 9325, 3}, {0xB298, 9328, 3},
    {0xB299, 9331, 3}, {0xB29A, 9334, 3}, {0xB29B, 9337, 3},
    {0xB29C, 9340, 3}, {0xB29D, 9343, 3}, {0xB29E, 9346, 3},
    {0xB29F, 9349, 3}, {0xB2A0, 9352, 3}, {0xB2A1, 9355, 3},
    {0xB2A2, 9358, 3}, {0xB2A3, 9361, 3}, {0xB2A4, 9364, 3},
    {0xB2A5, 9367, 3}, {0xB2A6, 9370, 3}, {0xB2A7, 9373, 3},
    {0xB2A8, 9376, 3}, {0xB2A9, 9379, 3}, {0xB2AA, 9382, 3},
    {0xB2AB, 9385, 3}, {0xB2AC, 9388, 2}, {0xB2AD, 9390, 3},
    {0xB2AE, 9393, 3}, {0xB2AF, 9396, 3}, {0xB2B0, 9399, 3},
    {0xB2B1, 9402, 3}, {0xB2B2, 9405, 3}, {0xB2B3, 9408, 3},
    {0xB2B4, 9411, 3}, {0xB2B5, 9414, 3}, {0xB2B6, 9417, 3},
    {0xB2B7, 9420, 3}, {0xB2B8, 9423, 3}, {0xB2B9, 9426, 3},
    {0xB2BA, 9429, 3}, {0xB2BB, 9432, 3}, {0xB2BC, 9435, 3},
    {0xB2BD, 9438, 3}, {0xB2BE, 9441, 3}, {0xB2BF, 9444, 3},
    {0xB2C0, 9447, 3}, {0xB2C1, 9450, 3}, {0xB2C2, 9453, 3},
    {0xB2C3, 9456, 3}, {0xB2C4, 9459, 3}, {0xB2C5, 9462, 3},
    {0xB2C6, 9465, 3}, {0xB2C7, 9468, 3}, {0xB2C8, 9471, 2},
    {0xB2C9, 9473, 3}, {0xB2CA, 9476, 3}, {0xB2CB, 9479, 3},
    {0xB2CC, 9482, 3}, {0xB2CD, 9485, 3}, {0xB2CE, 9488, 3},
    {0xB2CF, 9491, 3}, {0xB2D0, 9494, 3}, {0xB2D1, 9497, 3},
    {0xB2D2, 9500, 3}, {0xB2D3, 9503, 3}, {0xB2D4, 9506, 3},
    {0xB2D5, 9509, 3}, {0xB2D6, 9512, 3}, {0xB2D7, 9515, 3},
    {0xB2D8, 9518, 3}, {0xB2D9, 9521, 3}, {0xB2DA, 9524, 3},
    {0xB2DB, 9527, 3}, {0xB2DC, 9530, 3}, {0xB2DD, 9533, 3},
    {0xB2DE, 9536, 3}, {0xB2DF, 9539, 3}, {0xB2E0, 9542, 3},
    {0xB2E1, 9545, 3}, {0xB2E2, 9548, 3}, {0xB2E3, 9551, 3},
    {0xB2E4, 9554, 2}, {0xB2E5, 9556, 3}, {0xB2E6, 9559, 3},
    {0xB2E7, 9562, 3}, {0xB2E8, 9565, 3}, {0xB2E9, 9568, 3},
    {0xB2EA, 9571, 3}, {0xB2EB, 9574, 3}, {0xB2EC, 9577, 3},
    {0xB2ED, 9580, 3}, {0xB2EE, 9583, 3}, {0xB2EF, 9586, 3},
    {0xB2F0, 9589, 3}, {0xB2F1, 9592, 3}, {0xB2F2, 9595, 3},
    {0xB2F3, 9598, 3}, {0xB2F4, 9601, 3}, {0xB2F5, 9604, 3},
    {0xB2F6, 9607, 3}, {0xB2F7, 9610, 3}, {0xB2F8, 9613, 3},
    {0xB2F9, 9616, 3}, {0xB2FA, 9619, 3}, {0xB2FB, 9622, 3},
    {0xB2FC, 9625, 3}, {0xB2FD, 9628, 3}, {0xB2FE, 9631, 3},
    {0xB2FF, 9634, 3}, {0xB300, 9637, 2}, {0xB301, 9639, 3},
    {0xB302, 9642, 3}, {0xB303, 9645, 3}, {0xB304, 9648, 3},
    {0xB305, 9651, 3}, {0xB306, 9654, 3}, {0xB307, 9657, 3},
    {0xB308, 9660, 3}, {0xB309, 9663, 3}, {0xB30A, 9666, 3},
    {0xB30B, 9669, 3}, {0xB30C, 9672, 3}, {0xB30D, 9675, 3},
    {0xB30E, 9678, 3}, {0xB30F, 9681, 3}, {0xB310, 9684, 3},
    {0xB311, 9687, 3}, {0xB312, 9690, 3}, {0xB313, 9693, 3},
    {0xB314, 9696, 3}, {0xB315, 9699, 3}, {0xB316, 9702, 3},
    {0xB317, 9705, 3}, {0xB318, 9708, 3}, {0xB319, 9711, 3},
    {0xB31A, 9714, 3}, {0xB31B, 9717, 3}, {0xB31C, 9720, 2},
    {0xB31D, 9722, 3}, {0xB31E, 9725, 3}, {0xB31F, 9728, 3},
    {0xB320, 9731, 3}, {0xB321, 9734, 3}, {0xB322, 9737, 3},
    {0xB323, 9740, 3}, {0xB324, 9743, 3}, {0xB325, 9746, 3},
    {0xB326, 9749, 3}, {0xB327, 9752, 3}, {0xB328, 9755, 3},
    {0xB329, 9758, 3}, {0xB32A, 9761, 3}, {0xB32B, 9764, 3},
    {0xB32C, 9767, 3}, {0xB32D, 9770, 3}, {0xB32E, 9773, 3},
    {0xB32F, 9776, 3}, {0xB330, 9779, 3}, {0xB331, 9782, 3},
    {0xB332, 9785, 3}, {0xB333, 9788, 3}, {0xB334, 9791, 3},
    {0xB335, 9794, 3}, {0xB336, 9797, 3}, {0xB337, 9800, 3},
    {0xB338, 9803, 2}, {0xB339, 9805, 3}, {0xB33A, 9808, 3},
    {0xB33B, 9811, 3}, {0xB33C, 9814, 3}, {0xB33D, 9817, 3},
    {0xB33E, 9820, 3}, {0xB33F, 9823, 3}, {0xB340, 9826, 3},
    {0xB341, 9829, 3}, {0xB342, 9832, 3}, {0xB343, 9835, 3},
    {0xB344, 9838, 3}, {0xB345, 9841, 3}, {0xB346, 9844, 3},
    {0xB347, 9847, 3}, {0xB348, 9850, 3}, {0xB349, 9853, 3},
    {0xB34A, 9856, 3}, {0xB34B, 9859, 3}, {0xB34C, 9862, 3},
    {0xB34D, 9865, 3}, {0xB34E, 9868, 3}, {0xB34F, 9871, 3},
    {0xB350, 9874, 3}, {0xB351, 9877, 3}, {0xB352, 9880, 3},
    {0xB353, 9883, 3}, {0xB354, 9886, 2}, {0xB355, 9888, 3},
    {0xB356, 9891, 3}, {0xB357, 9894, 3}, {0xB358, 9897, 3},
    {0xB359, 9900, 3}, {0xB35A, 9903, 3}, {0xB35B, 9906, 3},
    {0xB35C, 9909, 3}, {0xB35D, 9912, 3}, {0xB35E, 9915, 3},
    {0xB35F, 9918, 3}, {0xB360, 9921, 3}, {0xB361, 9924, 3},
    {0xB362, 9927, 3}, {0xB363, 9930, 3}, {0xB364, 9933, 3},
    {0xB365, 9936, 3}, {0xB366, 9939, 3}, {0xB367, 9942, 3},
    {0xB368, 9945, 3}, {0xB369, 9948, 3}, {0xB36A, 9951, 3},
    {0xB36B, 9954, 3}, {0xB36C, 9957, 3}, {0xB36D, 9960, 3},
    {0xB36E, 9963, 3}, {0xB36F, 9966, 3}, {0xB370, 9969, 2},
    {0xB371, 9971, 3}, {0xB372, 9974, 3}, {0xB373, 9977, 3},
    {0xB374, 9980, 3}, {0xB375, 9983, 3}, {0xB376, 9986, 3},
    {0xB377, 9989, 3}, {0xB378, 9992, 3}, {0xB379, 9995, 3},
    {0xB37A, 9998, 3}, {0xB37B, 10001, 3}, {0xB37C, 10004, 3},
    {0xB37D, 10007, 3}, {0xB37E, 10010, 3}, {0xB37F, 10013, 3},
    {0xB380, 10016, 3}, {0xB381, 10019, 3}, {0xB382, 10022, 3},
    {0xB383, 10025, 3}, {0xB384, 10028, 3}, {0xB385, 10031, 3},
    {0xB386, 10034, 3}, {0xB387, 10037, 3}, {0xB388, 10040, 3},
    {0xB389, 10043, 3}, {0xB38A, 10046, 3}, {0xB38B, 10049, 3},
    {0xB38C, 10052, 2}, {0xB38D, 10054, 3}, {0xB38E, 10057, 3},
    {0xB38F, 10060, 3}, {0xB390, 10063, 3}, {0xB391, 10066, 3},
    {0xB392, 10069, 3}, {0xB393, 10072, 3}, {0xB394, 10075, 3},
    {0xB395, 10078, 3}, {0xB396, 10081, 3}, {0xB397, 10084, 3},
    {0xB398, 10087, 3}, {0xB399, 10090, 3}, {0xB39A, 10093, 3},
    {0xB39B, 10096, 3}, {0xB39C, 10099, 3}, {0xB39D, 10102, 3},
    {0xB39E, 10105, 3}, {0xB39F, 10108, 3}, {0xB3A0, 10111, 3},
    {0xB3A1, 10114, 3}, {0xB3A2, 10117, 3}, {0xB3A3, 10120, 3},
    {0xB3A4, 10123, 3}, {0xB3A5, 10126, 3}, {0xB3A6, 10129, 3},
    {0xB3A7, 10132, 3}, {0xB3A8, 10135, 2}, {0xB3A9, 10137, 3},
    {0xB3AA, 10140, 3}, {0xB3AB, 10143, 3}, {0xB3AC, 10146, 3},
    {0xB3AD, 10149, 3}, {0xB3AE, 10152, 3}, {0xB3AF, 10155, 3},
    {0xB3B0, 10158, 3}, {0xB3B1, 10161, 3}, {0xB3B2, 10164, 3},
    {0xB3B3, 10167, 3}, {0xB3B4, 10170, 3}, {0xB3B5, 10173, 3},
    {0xB3B6, 10176, 3}, {0xB3B7, 10179, 3}, {0xB3B8, 10182, 3},
    {0xB3B9, 10185, 3}, {0xB3BA, 10188, 3}, {0xB3BB, 10191, 3},
    {0xB3BC, 10194, 3}, {0xB3BD, 10197, 3}, {0xB3BE, 10200, 3},
    {0xB3BF, 10203, 3}, {0xB3C0, 10206, 3}, {0xB3C1, 10209, 3},
    {0xB3C2, 10212, 3}, {0xB3C3, 10215, 3}, {0xB3C4, 10218, 2},
    {0xB3C5, 10220, 3}, {0xB3C6, 10223, 3}, {0xB3C7, 10226, 3},
    {0xB3C8, 10229, 3}, {0xB3C9, 10232, 3}, {0xB3CA, 10235, 3},
    {0xB3CB, 10238, 3}, {0xB3CC, 10241, 3}, {0xB3CD, 10244, 3},
    {0xB3CE, 10247, 3}, {0xB3CF, 10250, 3}, {0xB3D0, 10253, 3},
    {0xB3D1, 10256, 3}, {0xB3D2, 10259, 3}, {0xB3D3, 10262, 3},
    {0xB3D4, 10265, 3}, {0xB3D5, 10268, 3}, {0xB3D6, 10271, 3},
    {0xB3D7, 10274, 3}, {0xB3D8, 10277, 3}, {0xB3D9, 10280, 3},
    {0xB3DA, 10283, 3}, {0xB3DB, 10286, 3}, {0xB3DC, 10289, 3},
    {0xB3DD, 10292, 3}, {0xB3DE, 10295, 3}, {0xB3DF, 10298, 3},
    {0xB3E0, 10301, 2}, {0xB3E1, 10303, 3}, {0xB3E2, 10306, 3},
    {0xB3E3, 10309, 3}, {0xB3E4, 10312, 3}, {0xB3E5, 10315, 3},
    {0xB3E6, 10318, 3}, {0xB3E7, 10321, 3}, {0xB3E8, 10324, 3},
    {0xB3E9, 10327, 3}, {0xB3EA, 10330, 3}, {0xB3EB, 10333, 3},
    {0xB3EC, 10336, 3}, {0xB3ED, 10339, 3}, {0xB3EE, 10342, 3},
    {0xB3EF, 10345, 3}, {0xB3F0, 10348, 3}, {0xB3F1, 10351, 3},
    {0xB3F2, 10354, 3}, {0xB3F3, 10357, 3}, {0xB3F4, 10360, 3},
    {0xB3F5, 10363, 3}, {0xB3F6, 10366, 3}, {0xB3F7, 10369, 3},
    {0xB3F8, 10372, 3}, {0xB3F9, 10375, 3}, {0xB3FA, 10378, 3},
    {0xB3FB, 10381, 3}, {0xB3FC, 10384, 2}, {0xB3FD, 10386, 3},
    {0xB3FE, 10389, 3}, {0xB3FF, 10392, 3}, {0xB400, 10395, 3},
    {0xB401, 10398, 3}, {0xB402, 10401, 3}, {0xB403, 10404, 3},
    {0xB404, 10407, 3}, {0xB405, 10410, 3}, {0xB406, 10413, 3},
    {0xB407, 10416, 3}, {0xB408, 10419, 3}, {0xB409, 10422, 3},
    {0xB40A, 10425, 3}, {0xB40B, 10428, 3}, {0xB40C, 10431, 3},
    {0xB40D, 10434, 3}, {0xB40E, 10437, 3}, {0xB40F, 10440, 3},
    {0xB410, 10443, 3}, {0xB411, 10446, 3}, {0xB412, 10449, 3},
    {0xB413, 10452, 3}, {0xB414, 10455, 3}, {0xB415, 10458, 3},
    {0xB416, 10461, 3}, {0xB417, 10464, 3}, {0xB418, 10467, 2},
    {0xB419, 10469, 3}, {0xB41A, 10472, 3}, {0xB41B, 10475, 3},
    {0xB41C, 10478, 3}, {0xB41D, 10481, 3}, {0xB41E, 10484, 3},
    {0xB41F, 10487, 3}, {0xB420, 10490, 3}, {0xB421, 10493, 3},
    {0xB422, 10496, 3}, {0xB423, 10499, 3}, {0xB424, 10502, 3},
    {0xB425, 10505, 3}, {0xB426, 10508, 3}, {0xB427, 10511, 3},
    {0xB428, 10514, 3}, {0xB429, 10517, 3}, {0xB42A, 10520, 3},
    {0xB42B, 10523, 3}, {0xB42C, 10526, 3}, {0xB42D, 10529, 3},
    {0xB42E, 10532, 3}, {0xB42F, 10535, 3}, {0xB430, 10538, 3},
    {0xB431, 10541, 3}, {0xB432, 10544, 3}, {0xB433, 10547, 3},
    {0xB434, 10550, 2}, {0xB435, 10552, 3}, {0xB436, 10555, 3},
    {0xB437, 10558, 3}, {0xB438, 10561, 3}, {0xB439, 10564, 3},
    {0xB43A, 10567, 3}, {0xB43B, 10570, 3}, {0xB43C, 10573, 3},
    {0xB43D, 10576, 3}, {0xB43E, 10579, 3}, {0xB43F, 10582, 3},
    {0xB440, 10585, 3}, {0xB441, 10588, 3}, {0xB442, 10591, 3},
    {0xB443, 10594, 3}, {0xB444, 10597, 3}, {0xB445, 10600, 3},
    {0xB446, 10603, 3}, {0xB447, 10606, 3}, {0xB448, 10609, 3},
    {0xB449, 10612, 3}, {0xB44A, 10615, 3}, {0xB44B, 10618, 3},
    {0xB44C, 10621, 3}, {0xB44D, 10624, 3}, {0xB44E, 10627, 3},
    {0xB44F, 10630, 3}, {0xB450, 10633, 2}, {0xB451, 10635, 3},
    {0xB452, 10638, 3}, {0xB453, 10641, 3}, {0xB454, 10644, 3},
    {0xB455, 10647, 3}, {0xB456, 10650, 3}, {0xB457, 10653, 3},
    {0xB458, 10656, 3}, {0xB459, 10659, 3}, {0xB45A, 10662, 3},
    {0xB45B, 10665, 3}, {0xB45C, 10668, 3}, {0xB45D, 10671, 3},
    {0xB45E, 10674, 3}, {0xB45F, 10677, 3}, {0xB460, 10680, 3},
    {0xB461, 10683, 3}, {0xB462, 10686, 3}, {0xB463, 10689, 3},
    {0xB464, 10692, 3}, {0xB465, 10695, 3}, {0xB466, 10698, 3},
    {0xB467, 10701, 3}, {0xB468, 10704, 3}, {0xB469, 10707, 3},
    {0xB46A, 10710, 3}, {0xB46B, 10713, 3}, {0xB46C, 10716, 2},
    {0xB46D, 10718, 3}, {0xB46E, 10721, 3}, {0xB46F, 10724, 3},
    {0xB470, 10727, 3}, {0xB471, 10730, 3}, {0xB472, 10733, 3},
    {0xB473, 10736, 3}, {0xB474, 10739, 3}, {0xB475, 10742, 3},
    {0xB476, 10745, 3}, {0xB477, 10748, 3}, {0xB478, 10751, 3},
    {0xB479, 10754, 3}, {0xB47A, 10757, 3}, {0xB47B, 10760, 3},
    {0xB47C, 10763, 3}, {0xB47D, 10766, 3}, {0xB47E, 10769, 3},
    {0xB47F, 10772, 3}, {0xB480, 10775, 3}, {0xB481, 10778, 3},
    {0xB482, 10781, 3}, {0xB483, 10784, 3}, {0xB484, 10787, 3},
    {0xB485, 10790, 3}, {0xB486, 10793, 3}, {0xB487, 10796, 3},
    {0xB488, 10799, 2}, {0xB489, 10801, 3}, {0xB48A, 10804, 3},
    {0xB48B, 10807, 3}, {0xB48C, 10810, 3}, {0xB48D, 10813, 3},
    {0xB48E, 10816, 3}, {0xB48F, 10819, 3}, {0xB490, 10822, 3},
    {0xB491, 10825, 3}, {0xB492, 10828, 3}, {0xB493, 10831, 3},
    {0xB494, 10834, 3}, {0xB495, 10837, 3}, {0xB496, 10840, 3},
    {0xB497, 10843, 3}, {0xB498, 10846, 3}, {0xB499, 10849, 3},
    {0xB49A, 10852, 3}, {0xB49B, 10855, 3}, {0xB49C, 10858, 3},
    {0xB49D, 10861, 3}, {0xB49E, 10864, 3}, {0xB49F, 10867, 3},
    {0xB4A0, 10870, 3}, {0xB4A1, 10873, 3}, {0xB4A2, 10876, 3},
    {0xB4A3, 10879, 3}, {0xB4A4, 10882, 2}, {0xB4A5, 10884, 3},
    {0xB4A6, 10887, 3}, {0xB4A7, 10890, 3}, {0xB4A8, 10893, 3},
    {0xB4A9, 10896, 3}, {0xB4AA, 10899, 3}, {0xB4AB, 10902, 3},
    {0xB4AC, 10905, 3}, {0xB4AD, 10908, 3}, {0xB4AE, 10911, 3},
    {0xB4AF, 10914, 3}, {0xB4B0, 10917, 3}, {0xB4B1, 10920, 3},
    {0xB4B2, 10923, 3}, {0xB4B3, 10926, 3}, {0xB4B4, 10929, 3},
    {0xB4B5, 10932, 3}, {0xB4B6, 10935, 3}, {0xB4B7, 10938, 3},
    {0xB4B8, 10941, 3}, {0xB4B9, 10944, 3}, {0xB4BA, 10947, 3},
    {0xB4BB, 10950, 3}, {0xB4BC, 10953, 3}, {0xB4BD, 10956, 3},
    {0xB4BE, 10959, 3}, {0xB4BF, 10962, 3}, {0xB4C0, 10965, 2},
    {0xB4C1, 10967, 3}, {0xB4C2, 10970, 3}, {0xB4C3, 10973, 3},
    {0xB4C4, 10976, 3}, {0xB4C5, 10979, 3}, {0xB4C6, 10982, 3},
    {0xB4C7, 10985, 3}, {0xB4C8, 10988, 3}, {0xB4C9, 10991, 3},
    {0xB4CA, 10994, 3}, {0xB4CB, 10997, 3}, {0xB4CC, 11000, 3},
    {0xB4CD, 11003, 3}, {0xB4CE, 11006, 3}, {0xB4CF, 11009, 3},
    {0xB4D0, 11012, 3}, {0xB4D1, 11015, 3}, {0xB4D2, 11018, 3},
    {0xB4D3, 11021, 3}, {0xB4D4, 11024, 3}, {0xB4D5, 11027, 3},
    {0xB4D6, 11030, 3}, {0xB4D7, 11033, 3}, {0xB4D8, 11036, 3},
    {0xB4D9, 11039, 3}, {0xB4DA, 11042, 3}, {0xB4DB, 11045, 3},
    {0xB4DC, 11048, 2}, {0xB4DD, 11050, 3}, {0xB4DE, 11053, 3},
    {0xB4DF, 11056, 3}, {0xB4E0, 11059, 3}, {0xB4E1, 11062, 3},
    {0xB4E2, 11065, 3}, {0xB4E3, 11068, 3}, {0xB4E4, 11071, 3},
    {0xB4E5, 11074, 3}, {0xB4E6, 11077, 3}, {0xB4E7, 11080, 3},
    {0xB4E8, 11083, 3}, {0xB4E9, 11086, 3}, {0xB4EA, 11089, 3},
    {0xB4EB, 11092, 3}, {0xB4EC, 11095, 3}, {0xB4ED, 11098, 3},
    {0xB4EE, 11101, 3}, {0xB4EF, 11104, 3}, {0xB4F0, 11107, 3},
    {0xB4F1, 11110, 3}, {0xB4F2, 11113, 3}, {0xB4F3, 11116, 3},
    {0xB4F4, 11119, 3}, {0xB4F5, 11122, 3}, {0xB4F6, 11125, 3},
    {0xB4F7, 11128, 3}, {0xB4F8, 11131, 2}, {0xB4F9, 11133, 3},
    {0xB4FA, 11136, 3}, {0xB4FB, 11139, 3}, {0xB4FC, 11142, 3},
    {0xB4FD, 11145, 3}, {0xB4FE, 11148, 3}, {0xB4FF, 11151, 3},
    {0xB500, 11154, 3}, {0xB501, 11157, 3}, {0xB502, 11160, 3},
    {0xB503, 11163, 3}, {0xB504, 11166, 3}, {0xB505, 11169, 3},
    {0xB506, 11172, 3}, {0xB507, 11175, 3}, {0xB508, 11178, 3},
    {0xB509, 11181, 3}, {0xB50A, 11184, 3}, {0xB50B, 11187, 3},
    {0xB50C, 11190, 3}, {0xB50D, 11193, 3}, {0xB50E, 11196, 3},
    {0xB50F, 11199, 3}, {0xB510, 11202, 3}, {0xB511, 11205, 3},
    {0xB512, 11208, 3}, {0xB513, 11211, 3}, {0xB514, 11214, 2},
    {0xB515, 11216, 3}, {0xB516, 11219, 3}, {0xB517, 11222, 3},
    {0xB518, 11225, 3}, {0xB519, 11228, 3}, {0xB51A, 11231, 3},
    {0xB51B, 11234, 3}, {0xB51C, 11237, 3}, {0xB51D, 11240, 3},
    {0xB51E, 11243, 3}, {0xB51F, 11246, 3}, {0xB520, 11249, 3},
    {0xB521, 11252, 3}, {0xB522, 11255, 3}, {0xB523, 11258, 3},
    {0xB524, 11261, 3}, {0xB525, 11264, 3}, {0xB526, 11267, 3},
    {0xB527, 11270, 3}, {0xB528, 11273, 3}, {0xB529, 11276, 3},
    {0xB52A, 11279, 3}, {0xB52B, 11282, 3}, {0xB52C, 11285, 3},
    {0xB52D, 11288, 3}, {0xB52E, 11291, 3}, {0xB52F, 11294, 3},
    {0xB530, 11297, 2}, {0xB531, 11299, 3}, {0xB532, 11302, 3},
    {0xB533, 11305, 3}, {0xB534, 11308, 3}, {0xB535, 11311, 3},
    {0xB536, 11314, 3}, {0xB537, 11317, 3}, {0xB538, 11320, 3},
    {0xB539, 11323, 3}, {0xB53A, 11326, 3}, {0xB53B, 11329, 3},
    {0xB53C, 11332, 3}, {0xB53D, 11335, 3}, {0xB53E, 11338, 3},
    {0xB53F, 11341, 3}, {0xB540, 11344, 3}, {0xB541, 11347, 3},
    {0xB542, 11350, 3}, {0xB543, 11353, 3}, {0xB544, 11356, 3},
    {0xB545, 11359, 3}, {0xB546, 11362, 3}, {0xB547, 11365, 3},
    {0xB548, 11368, 3}, {0xB549, 11371, 3}, {0xB54A, 11374, 3},
    {0xB54B, 11377, 3}, {0xB54C, 11380, 2}, {0xB54D, 11382, 3},
    {0xB54E, 11385, 3}, {0xB54F, 11388, 3}, {0xB550, 11391, 3},
    {0xB551, 11394, 3}, {0xB552, 11397, 3}, {0xB553, 11400, 3},
    {0xB554, 11403, 3}, {0xB555, 11406, 3}, {0xB556, 11409, 3},
    {0xB557, 11412, 3}, {0xB558, 11415, 3}, {0xB559, 11418, 3},
    {0xB55A, 11421, 3}, {0xB55B, 11424, 3}, {0xB55C, 11427, 3},
    {0xB55D, 11430, 3}, {0xB55E, 11433, 3}, {0xB55F, 11436, 3},
    {0xB560, 11439, 3}, {0xB561, 11442, 3}, {0xB562, 11445, 3},
    {0xB563, 11448, 3}, {0xB564, 11451, 3}, {0xB565, 11454, 3},
    {0xB566, 11457, 3}, {0xB567, 11460, 3}, {0xB568, 11463, 2},
    {0xB569, 11465, 3}, {0xB56A, 11468, 3}, {0xB56B, 11471, 3},
    {0xB56C, 11474, 3}, {0xB56D, 11477, 3}, {0xB56E, 11480, 3},
    {0xB56F, 11483, 3}, {0xB570, 11486, 3}, {0xB571, 11489, 3},
    {0xB572, 11492, 3}, {0xB573, 11495, 3}, {0xB574, 11498, 3},
    {0xB575, 11501, 3}, {0xB576, 11504, 3}, {0xB577, 11507, 3},
    {0xB578, 11510, 3}, {0xB579, 11513, 3}, {0xB57A, 11516, 3},
    {0xB57B, 11519, 3}, {0xB57C, 11522, 3}, {0xB57D, 11525, 3},
    {0xB57E, 11528, 3}, {0xB57F, 11531, 3}, {0xB580, 11534, 3},
    {0xB581, 11537, 3}, {0xB582, 11540, 3}, {0xB583, 11543, 3},
    {0xB584, 11546, 2}, {0xB585, 11548, 3}, {0xB586, 11551, 3},
    {0xB587, 11554, 3}, {0xB588, 11557, 3}, {0xB589, 11560, 3},
    {0xB58A, 11563, 3}, {0xB58B, 11566, 3}, {0xB58C, 11569, 3},
    {0xB58D, 11572, 3}, {0xB58E, 11575, 3}, {0xB58F, 11578, 3},
    {0xB590, 11581, 3}, {0xB591, 11584, 3}, {0xB592, 11587, 3},
    {0xB593, 11590, 3}, {0xB594, 11593, 3}, {0xB595, 11596, 3},
    {0xB596, 11599, 3}, {0xB597, 11602, 3}, {0xB598, 11605, 3},
    {0xB599, 11608, 3}, {0xB59A, 11611, 3}, {0xB59B, 11614, 3},
    {0xB59C, 11617, 3}, {0xB59D, 11620, 3}, {0xB59E, 11623, 3},
    {0xB59F, 11626, 3}, {0xB5A0, 11629, 2}, {0xB5A1, 11631, 3},
    {0xB5A2, 11634, 3}, {0xB5A3, 11637, 3}, {0xB5A4, 11640, 3},
    {0xB5A5, 11643, 3}, {0xB5A6, 11646, 3}, {0xB5A7, 11649, 3},
    {0xB5A8, 11652, 3}, {0xB5A9, 11655, 3}, {0xB5AA, 11658, 3},
    {0xB5AB, 11661, 3}, {0xB5AC, 11664, 3}, {0xB5AD, 11667, 3},
    {0xB5AE, 11670, 3}, {0xB5AF, 11673, 3}, {0xB5B0, 11676, 3},
    {0xB5B1, 11679, 3}, {0xB5B2, 11682, 3}, {0xB5B3, 11685, 3},
    {0xB5B4, 11688, 3}, {0xB5B5, 11691, 3}, {0xB5B6, 11694, 3},
    {0xB5B7, 11697, 3}, {0xB5B8, 11700, 3}, {0xB5B9, 11703, 3},
    {0xB5BA, 11706, 3}, {0xB5BB, 11709, 3}, {0xB5BC, 11712, 2},
    {0xB5BD, 11714, 3}, {0xB5BE, 11717, 3}, {0xB5BF, 11720, 3},
    {0xB5C0, 11723, 3}, {0xB5C1, 11726, 3}, {0xB5C2, 11729, 3},
    {0xB5C3, 11732, 3}, {0xB5C4, 11735, 3}, {0xB5C5, 11738, 3},
    {0xB5C6, 11741, 3}, {0xB5C7, 11744, 3}, {0xB5C8, 11747, 3},
    {0xB5C9, 11750, 3}, {0xB5CA, 11753, 3}, {0xB5CB, 11756, 3},
    {0xB5CC, 11759, 3}, {0xB5CD, 11762, 3}, {0xB5CE, 11765, 3},
    {0xB5CF, 11768, 3}, {0xB5D0, 11771, 3}, {0xB5D1, 11774, 3},
    {0xB5D2, 11777, 3}, {0xB5D3, 11780, 3}, {0xB5D4, 11783, 3},
    {0xB5D5, 11786, 3}, {0xB5D6, 11789, 3}, {0xB5D7, 11792, 3},
    {0xB5D8, 11795, 2}, {0xB5D9, 11797, 3}, {0xB5DA, 11800, 3},
    {0xB5DB, 11803, 3}, {0xB5DC, 11806, 3}, {0xB5DD, 11809, 3},
    {0xB5DE, 11812, 3}, {0xB5DF, 11815, 3}, {0xB5E0, 11818, 3},
    {0xB5E1, 11821, 3}, {0xB5E2, 11824, 3}, {0xB5E3, 11827, 3},
    {0xB5E4, 11830, 3}, {0xB5E5, 11833, 3}, {0xB5E6, 11836, 3},
    {0xB5E7, 11839, 3}, {0xB5E8, 11842, 3}, {0xB5E9, 11845, 3},
    {0xB5EA, 11848, 3}, {0xB5EB, 11851, 3}, {0xB5EC, 11854, 3},
    {0xB5ED, 11857, 3}, {0xB5EE, 11860, 3}, {0xB5EF, 11863, 3},
    {0xB5F0, 11866, 3}, {0xB5F1, 11869, 3}, {0xB5F2, 11872, 3},
    {0xB5F3, 11875, 3}, {0xB5F4, 11878, 2}, {0xB5F5, 11880, 3},
    {0xB5F6, 11883, 3}, {0xB5F7, 11886, 3}, {0xB5F8, 11889, 3},
    {0xB5F9, 11892, 3}, {0xB5FA, 11895, 3}, {0xB5FB, 11898, 3},
    {0xB5FC, 11901, 3}, {0xB5FD, 11904, 3}, {0xB5FE, 11907, 3},
    {0xB5FF, 11910, 3}, {0xB600, 11913, 3}, {0xB601, 11916, 3},
    {0xB602, 11919, 3}, {0xB603, 11922, 3}, {0xB604, 11925, 3},
    {0xB605, 11928, 3}, {0xB606, 11931, 3}, {0xB607, 11934, 3},
    {0xB608, 11937, 3}, {0xB609, 11940, 3}, {0xB60A, 11943, 3},
    {0xB60B, 11946, 3}, {0xB60C, 11949, 3}, {0xB60D, 11952, 3},
    {0xB60E, 11955, 3}, {0xB60F, 11958, 3}, {0xB610, 11961, 2},
    {0xB611, 11963, 3}, {0xB612, 11966, 3}, {0xB613, 11969, 3},
    {0xB614, 11972, 3}, {0xB615, 11975, 3}, {0xB616, 11978, 3},
    {0xB617, 11981, 3}, {0xB618, 11984, 3}, {0xB619, 11987, 3},
    {0xB61A, 11990, 3}, {0xB61B, 11993, 3}, {0xB61C, 11996, 3},
    {0xB61D, 11999, 3}, {0xB61E, 12002, 3}, {0xB61F, 12005, 3},
    {0xB620, 12008, 3}, {0xB621, 12011, 3}, {0xB622, 12014, 3},
    {0xB623, 12017, 3}, {0xB624, 12020, 3}, {0xB625, 12023, 3},
    {0xB626, 12026, 3}, {0xB627, 12029, 3}, {0xB628, 12032, 3},
    {0xB629, 12035, 3}, {0xB62A, 12038, 3}, {0xB62B, 12041, 3},
    {0xB62C, 12044, 2}, {0xB62D, 12046, 3}, {0xB62E, 12049, 3},
    {0xB62F, 12052, 3}, {0xB630, 12055, 3}, {0xB631, 12058, 3},
    {0xB632, 12061, 3}, {0xB633, 12064, 3}, {0xB634, 12067, 3},
    {0xB635, 12070, 3}, {0xB636, 12073, 3}, {0xB637, 12076, 3},
    {0xB638, 12079, 3}, {0xB639, 12082, 3}, {0xB63A, 12085, 3},
    {0xB63B, 12088, 3}, {0xB63C, 12091, 3}, {0xB63D, 12094, 3},
    {0xB63E, 12097, 3}, {0xB63F, 12100, 3}, {0xB640, 12103, 3},
    {0xB641, 12106, 3}, {0xB642, 12109, 3}, {0xB643, 12112, 3},
    {0xB644, 12115, 3}, {0xB645, 12118, 3}, {0xB646, 12121, 3},
    {0xB647, 12124, 3}, {0xB648, 12127, 2}, {0xB649, 12129, 3},
    {0xB64A, 12132, 3}, {0xB64B, 12135, 3}, {0xB64C, 12138, 3},
    {0xB64D, 12141, 3}, {0xB64E, 12144, 3}, {0xB64F, 12147, 3},
    {0xB650, 12150, 3}, {0xB651, 12153, 3}, {0xB652, 12156, 3},
    {0xB653, 12159, 3}, {0xB654, 12162, 3}, {0xB655, 12165, 3},
    {0xB656, 12168, 3}, {0xB657, 12171, 3}, {0xB658, 12174, 3},
    {0xB659, 12177, 3}, {0xB65A, 12180, 3}, {0xB65B, 12183, 3},
    {0xB65C, 12186, 3}, {0xB65D, 12189, 3}, {0xB65E, 12192, 3},
    {0xB65F, 12195, 3}, {0xB660, 12198, 3}, {0xB661, 12201, 3},
    {0xB662, 12204, 3}, {0xB663, 12207, 3}, {0xB664, 12210, 2},
    {0xB665, 12212, 3}, {0xB666, 12215, 3}, {0xB667, 12218, 3},
    {0xB668, 12221, 3}, {0xB669, 12224, 3}, {0xB66A, 12227, 3},
    {0xB66B, 12230, 3}, {0xB66C, 12233, 3}, {0xB66D, 12236, 3},
    {0xB66E, 12239, 3}, {0xB66F, 12242, 3}, {0xB670, 12245, 3},
    {0xB671, 12248, 3}, {0xB672, 12251, 3}, {0xB673, 12254, 3},
    {0xB674, 12257, 3}, {0xB675, 12260, 3}, {0xB676, 12263, 3},
    {0xB677, 12266, 3}, {0xB678, 12269, 3}, {0xB679, 12272, 3},
    {0xB67A, 12275, 3}, {0xB67B, 12278, 3}, {0xB67C, 12281, 3},
    {0xB67D, 12284, 3}, {0xB67E, 12287, 3}, {0xB67F, 12290, 3},
    {0xB680, 12293, 2}, {0xB681, 12295, 3}, {0xB682, 12298, 3},
    {0xB683, 12301, 3}, {0xB684, 12304, 3}, {0xB685, 12307, 3},
    {0xB686, 12310, 3}, {0xB687, 12313, 3}, {0xB688, 12316, 3},
    {0xB689, 12319, 3}, {0xB68A, 12322, 3}, {0xB68B, 12325, 3},
    {0xB68C, 12328, 3}, {0xB68D, 12331, 3}, {0xB68E, 12334, 3},
    {0xB68F, 12337, 3}, {0xB690, 12340, 3}, {0xB691, 12343, 3},
    {0xB692, 12346, 3}, {0xB693, 12349, 3}, {0xB694, 12352, 3},
    {0xB695, 12355, 3}, {0xB696, 12358, 3}, {0xB697, 12361, 3},
    {0xB698, 12364, 3}, {0xB699, 12367, 3}, {0xB69A, 12370, 3},
    {0xB69B, 12373, 3}, {0xB69C, 12376, 2}, {0xB69D, 12378, 3},
    {0xB69E, 12381, 3}, {0xB69F, 12384, 3}, {0xB6A0, 12387, 3},
    {0xB6A1, 12390, 3}, {0xB6A2, 12393, 3}, {0xB6A3, 12396, 3},
    {0xB6A4, 12399, 3}, {0xB6A5, 12402, 3}, {0xB6A6, 12405, 3},
    {0xB6A7, 12408, 3}, {0xB6A8, 12411, 3}, {0xB6A9, 12414, 3},
    {0xB6AA, 12417, 3}, {0xB6AB, 12420, 3}, {0xB6AC, 12423, 3},
    {0xB6AD, 12426, 3}, {0xB6AE, 12429, 3}, {0xB6AF, 12432, 3},
    {0xB6B0, 12435, 3}, {0xB6B1, 12438, 3}, {0xB6B2, 12441, 3},
    {0xB6B3, 12444, 3}, {0xB6B4, 12447, 3}, {0xB6B5, 12450, 3},
    {0xB6B6, 12453, 3}, {0xB6B7, 12456, 3}, {0xB6B8, 12459, 2},
    {0xB6B9, 12461, 3}, {0xB6BA, 12464, 3}, {0xB6BB, 12467, 3},
    {0xB6BC, 12470, 3}, {0xB6BD, 12473, 3}, {0xB6BE, 12476, 3},
    {0xB6BF, 12479, 3}, {0xB6C0, 12482, 3}, {0xB6C1, 12485, 3},
    {0xB6C2, 12488, 3}, {0xB6C3, 12491, 3}, {0xB6C4, 12494, 3},
    {0xB6C5, 12497, 3}, {0xB6C6, 12500, 3}, {0xB6C7, 12503, 3},
    {0xB6C8, 12506, 3}, {0xB6C9, 12509, 3}, {0xB6CA, 12512, 3},
    {0xB6CB, 12515, 3}, {0xB6CC, 12518, 3}, {0xB6CD, 12521, 3},
    {0xB6CE, 12524, 3}, {0xB6CF, 12527, 3}, {0xB6D0, 12530, 3},
    {0xB6D1, 12533, 3}, {0xB6D2, 12536, 3}, {0xB6D3, 12539, 3},
    {0xB6D4, 12542, 2}, {0xB6D5, 12544, 3}, {0xB6D6, 12547, 3},
    {0xB6D7, 12550, 3}, {0xB6D8, 12553, 3}, {0xB6D9, 12556, 3},
    {0xB6DA, 12559, 3}, {0xB6DB, 12562, 3}, {0xB6DC, 12565, 3},
    {0xB6DD, 12568, 3}, {0xB6DE, 12571, 3}, {0xB6DF, 12574, 3},
    {0xB6E0, 12577, 3}, {0xB6E1, 12580, 3}, {0xB6E2, 12583, 3},
    {0xB6E3, 12586, 3}, {0xB6E4, 12589, 3}, {0xB6E5, 12592, 3},
    {0xB6E6, 12595, 3}, {0xB6E7, 12598, 3}, {0xB6E8, 12601, 3},
    {0xB6E9, 12604, 3}, {0xB6EA, 12607, 3}, {0xB6EB, 12610, 3},
    {0xB6EC, 12613, 3}, {0xB6ED, 12616, 3}, {0xB6EE, 12619, 3},
    {0xB6EF, 12622, 3}, {0xB6F0, 12625, 2}, {0xB6F1, 12627, 3},
    {0xB6F2, 12630, 3}, {0xB6F3, 12633, 3}, {0xB6F4, 12636, 3},
    {0xB6F5, 12639, 3}, {0xB6F6, 12642, 3}, {0xB6F7, 12645, 3},
    {0xB6F8, 12648, 3}, {0xB6F9, 12651, 3}, {0xB6FA, 12654, 3},
    {0xB6FB, 12657, 3}, {0xB6FC, 12660, 3}, {0xB6FD, 12663, 3},
    {0xB6FE, 12666, 3}, {0xB6FF, 12669, 3}, {0xB700, 12672, 3},
    {0xB701, 12675, 3}, {0xB702, 12678, 3}, {0xB703, 12681, 3},
    {0xB704, 12684, 3}, {0xB705, 12687, 3}, {0xB706, 12690, 3},
    {0xB707, 12693, 3}, {0xB708, 12696, 3}, {0xB709, 12699, 3},
    {0xB70A, 12702, 3}, {0xB70B, 12705, 3}, {0xB70C, 12708, 2},
    {0xB70D, 12710, 3}, {0xB70E, 12713, 3}, {0xB70F, 12716, 3},
    {0xB710, 12719, 3}, {0xB711, 12722, 3}, {0xB712, 12725, 3},
    {0xB713, 12728, 3}, {0xB714, 12731, 3}, {0xB715, 12734, 3},
    {0xB716, 12737, 3}, {0xB717, 12740, 3}, {0xB718, 12743, 3},
    {0xB719, 12746, 3}, {0xB71A, 12749, 3}, {0xB71B, 12752, 3},
    {0xB71C, 12755, 3}, {0xB71D, 12758, 3}, {0xB71E, 12761, 3},
    {0xB71F, 12764, 3}, {0xB720, 12767, 3}, {0xB721, 12770, 3},
    {0xB722, 12773, 3}, {0xB723, 12776, 3}, {0xB724, 12779, 3},
    {0xB725, 12782, 3}, {0xB726, 12785, 3}, {0xB727, 12788, 3},
    {0xB728, 12791, 2}, {0xB729, 12793, 3}, {0xB72A, 12796, 3},
    {0xB72B, 12799, 3}, {0xB72C, 12802, 3}, {0xB72D, 12805, 3},
    {0xB72E, 12808, 3}, {0xB72F, 12811, 3}, {0xB730, 12814, 3},
    {0xB731, 12817, 3}, {0xB732, 12820, 3}, {0xB733, 12823, 3},
    {0xB734, 12826, 3}, {0xB735, 12829, 3}, {0xB736, 12832, 3},
    {0xB737, 12835, 3}, {0xB738, 12838, 3}, {0xB739, 12841, 3},
    {0xB73A, 12844, 3}, {0xB73B, 12847, 3}, {0xB73C, 12850, 3},
    {0xB73D, 12853, 3}, {0xB73E, 12856, 3}, {0xB73F, 12859, 3},
    {0xB740, 12862, 3}, {0xB741, 12865, 3}, {0xB742, 12868, 3},
    {0xB743, 12871, 3}, {0xB744, 12874, 2}, {0xB745, 12876, 3},
    {0xB746, 12879, 3}, {0xB747, 12882, 3}, {0xB748, 12885, 3},
    {0xB749, 12888, 3}, {0xB74A, 12891, 3}, {0xB74B, 12894, 3},
    {0xB74C, 12897, 3}, {0xB74D, 12900, 3}, {0xB74E, 12903, 3},
    {0xB74F, 12906, 3}, {0xB750, 12909, 3}, {0xB751, 12912, 3},
    {0xB752, 12915, 3}, {0xB753, 12918, 3}, {0xB754, 12921, 3},
    {0xB755, 12924, 3}, {0xB756, 12927, 3}, {0xB757, 12930, 3},
    {0xB758, 12933, 3}, {0xB759, 12936, 3}, {0xB75A, 12939, 3},
    {0xB75B, 12942, 3}, {0xB75C, 12945, 3}, {0xB75D, 12948, 3},
    {0xB75E, 12951, 3}, {0xB75F, 12954, 3}, {0xB760, 12957, 2},
    {0xB761, 12959, 3}, {0xB762, 12962, 3}, {0xB763, 12965, 3},
    {0xB764, 12968, 3}, {0xB765, 12971, 3}, {0xB766, 12974, 3},
    {0xB767, 12977, 3}, {0xB768, 12980, 3}, {0xB769, 12983, 3},
    {0xB76A, 12986, 3}, {0xB76B, 12989, 3}, {0xB76C, 12992, 3},
    {0xB76D, 12995, 3}, {0xB76E, 12998, 3}, {0xB76F, 13001, 3},
    {0xB770, 13004, 3}, {0xB771, 13007, 3}, {0xB772, 13010, 3},
    {0xB773, 13013, 3}, {0xB774, 13016, 3}, {0xB775, 13019, 3},
    {0xB776, 13022, 3}, {0xB777, 13025, 3}, {0xB778, 13028, 3},
    {0xB779, 13031, 3}, {0xB77A, 13034, 3}, {0xB77B, 13037, 3},
    {0xB77C, 13040, 2}, {0xB77D, 13042, 3}, {0xB77E, 13045, 3},
    {0xB77F, 13048, 3}, {0xB780, 13051, 3}, {0xB781, 13054, 3},
    {0xB782, 13057, 3}, {0xB783, 13060, 3}, {0xB784, 13063, 3},
    {0xB785, 13066, 3}, {0xB786, 13069, 3}, {0xB787, 13072, 3},
    {0xB788, 13075, 3}, {0xB789, 13078, 3}, {0xB78A, 13081, 3},
    {0xB78B, 13084, 3}, {0xB78C, 13087, 3}, {0xB78D, 13090, 3},
    {0xB78E, 13093, 3}, {0xB78F, 13096, 3}, {0xB790, 13099, 3},
    {0xB791, 13102, 3}, {0xB792, 13105, 3}, {0xB793, 13108, 3},
    {0xB794, 13111, 3}, {0xB795, 13114, 3}, {0xB796, 13117, 3},
    {0xB797, 13120, 3}, {0xB798, 13123, 2}, {0xB799, 13125, 3},
    {0xB79A, 13128, 3}, {0xB79B, 13131, 3}, {0xB79C, 13134, 3},
    {0xB79D, 13137, 3}, {0xB79E, 13140, 3}, {0xB79F, 13143, 3},
    {0xB7A0, 13146, 3}, {0xB7A1, 13149, 3}, {0xB7A2, 13152, 3},
    {0xB7A3, 13155, 3}, {0xB7A4, 13158, 3}, {0xB7A5, 13161, 3},
    {0xB7A6, 13164, 3}, {0xB7A7, 13167, 3}, {0xB7A8, 13170, 3},
    {0xB7A9, 13173, 3}, {0xB7AA, 13176, 3}, {0xB7AB, 13179, 3},
    {0xB7AC, 13182, 3}, {0xB7AD, 13185, 3}, {0xB7AE, 13188, 3},
    {0xB7AF, 13191, 3}, {0xB7B0, 13194, 3}, {0xB7B1, 13197, 3},
    {0xB7B2, 13200, 3}, {0xB7B3, 13203, 3}, {0xB7B4, 13206, 2},
    {0xB7B5, 13208, 3}, {0xB7B6, 13211, 3}, {0xB7B7, 13214, 3},
    {0xB7B8, 13217, 3}, {0xB7B9, 13220, 3}, {0xB7BA, 13223, 3},
    {0xB7BB, 13226, 3}, {0xB7BC, 13229, 3}, {0xB7BD, 13232, 3},
    {0xB7BE, 13235, 3}, {0xB7BF, 13238, 3}, {0xB7C0, 13241, 3},
    {0xB7C1, 13244, 3}, {0xB7C2, 13247, 3}, {0xB7C3, 13250, 3},
    {0xB7C4, 13253, 3}, {0xB7C5, 13256, 3}, {0xB7C6, 13259, 3},
    {0xB7C7, 13262, 3}, {0xB7C8, 13265, 3}, {0xB7C9, 13268, 3},
    {0xB7CA, 13271, 3}, {0xB7CB, 13274, 3}, {0xB7CC, 13277, 3},
    {0xB7CD, 13280, 3}, {0xB7CE, 13283, 3}, {0xB7CF, 13286, 3},
    {0xB7D0, 13289, 2}, {0xB7D1, 13291, 3}, {0xB7D2, 13294, 3},
    {0xB7D3, 13297, 3}, {0xB7D4, 13300, 3}, {0xB7D5, 13303, 3},
    {0xB7D6, 13306, 3}, {0xB7D7, 13309, 3}, {0xB7D8, 13312, 3},
    {0xB7D9, 13315, 3}, {0xB7DA, 13318, 3}, {0xB7DB, 13321, 3},
    {0xB7DC, 13324, 3}, {0xB7DD, 13327, 3}, {0xB7DE, 13330, 3},
    {0xB7DF, 13333, 3}, {0xB7E0, 13336, 3}, {0xB7E1, 13339, 3},
    {0xB7E2, 13342, 3}, {0xB7E3, 13345, 3}, {0xB7E4, 13348, 3},
    {0xB7E5, 13351, 3}, {0xB7E6, 13354, 3}, {0xB7E7, 13357, 3},
    {0xB7E8, 13360, 3}, {0xB7E9, 13363, 3}, {0xB7EA, 13366, 3},
    {0xB7EB, 13369, 3}, {0xB7EC, 13372, 2}, {0xB7ED, 13374, 3},
    {0xB7EE, 13377, 3}, {0xB7EF, 13380, 3}, {0xB7F0, 13383, 3},
    {0xB7F1, 13386, 3}, {0xB7F2, 13389, 3}, {0xB7F3, 13392, 3},
    {0xB7F4, 13395, 3}, {0xB7F5, 13398, 3}, {0xB7F6, 13401, 3},
    {0xB7F7, 13404, 3}, {0xB7F8, 13407, 3}, {0xB7F9, 13410, 3},
    {0xB7FA, 13413, 3}, {0xB7FB, 13416, 3}, {0xB7FC, 13419, 3},
    {0xB7FD, 13422, 3}, {0xB7FE, 13425, 3}, {0xB7FF, 13428, 3},
    {0xB800, 13431, 3}, {0xB801, 13434, 3}, {0xB802, 13437, 3},
    {0xB803, 13440, 3}, {0xB804, 13443, 3}, {0xB805, 13446, 3},
    {0xB806, 13449, 3}, {0xB807, 13452, 3}, {0xB808, 13455, 2},
    {0xB809, 13457, 3}, {0xB80A, 13460, 3}, {0xB80B, 13463, 3},
    {0xB80C, 13466, 3}, {0xB80D, 13469, 3}, {0xB80E, 13472, 3},
    {0xB80F, 13475, 3}, {0xB810, 13478, 3}, {0xB811, 13481, 3},
    {0xB812, 13484, 3}, {0xB813, 13487, 3}, {0xB814, 13490, 3},
    {0xB815, 13493, 3}, {0xB816, 13496, 3}, {0xB817, 13499, 3},
    {0xB818, 13502, 3}, {0xB819, 13505, 3}, {0xB81A, 13508, 3},
    {0xB81B, 13511, 3}, {0xB81C, 13514, 3}, {0xB81D, 13517, 3},
    {0xB81E, 13520, 3}, {0xB81F, 13523, 3}, {0xB820, 13526, 3},
    {0xB821, 13529, 3}, {0xB822, 13532, 3}, {0xB823, 13535, 3},
    {0xB824, 13538, 2}, {0xB825, 13540, 3}, {0xB826, 13543, 3},
    {0xB827, 13546, 3}, {0xB828, 13549, 3}, {0xB829, 13552, 3},
    {0xB82A, 13555, 3}, {0xB82B, 13558, 3}, {0xB82C, 13561, 3},
    {0xB82D, 13564, 3}, {0xB82E, 13567, 3}, {0xB82F, 13570, 3},
    {0xB830, 13573, 3}, {0xB831, 13576, 3}, {0xB832, 13579, 3},
    {0xB833, 13582, 3}, {0xB834, 13585, 3}, {0xB835, 13588, 3},
    {0xB836, 13591, 3}, {0xB837, 13594, 3}, {0xB838, 13597, 3},
    {0xB839, 13600, 3}, {0xB83A, 13603, 3}, {0xB83B, 13606, 3},
    {0xB83C, 13609, 3}, {0xB83D, 13612, 3}, {0xB83E, 13615, 3},
    {0xB83F, 13618, 3}, {0xB840, 13621, 2}, {0xB841, 13623, 3},
    {0xB842, 13626, 3}, {0xB843, 13629, 3}, {0xB844, 13632, 3},
    {0xB845, 13635, 3}, {0xB846, 13638, 3}, {0xB847, 13641, 3},
    {0xB848, 13644, 3}, {0xB849, 13647, 3}, {0xB84A, 13650, 3},
    {0xB84B, 13653, 3}, {0xB84C, 13656, 3}, {0xB84D, 13659, 3},
    {0xB84E, 13662, 3}, {0xB84F, 13665, 3}, {0xB850, 13668, 3},
    {0xB851, 13671, 3}, {0xB852, 13674, 3}, {0xB853, 13677, 3},
    {0xB854, 13680, 3}, {0xB855, 13683, 3}, {0xB856, 13686, 3},
    {0xB857, 13689, 3}, {0xB858, 13692, 3}, {0xB859, 13695, 3},
    {0xB85A, 13698, 3}, {0xB85B, 13701, 3}, {0xB85C, 13704, 2},
    {0xB85D, 13706, 3}, {0xB85E, 13709, 3}, {0xB85F, 13712, 3},
    {0xB860, 13715, 3}, {0xB861, 13718, 3}, {0xB862, 13721, 3},
    {0xB863, 13724, 3}, {0xB864, 13727, 3}, {0xB865, 13730, 3},
    {0xB866, 13733, 3}, {0xB867, 13736, 3}, {0xB868, 13739, 3},
    {0xB869, 13742, 3}, {0xB86A, 13745, 3}, {0xB86B, 13748, 3},
    {0xB86C, 13751, 3}, {0xB86D, 13754, 3}, {0xB86E, 13757, 3},
    {0xB86F, 13760, 3}, {0xB870, 13763, 3}, {0xB871, 13766, 3},
    {0xB872, 13769, 3}, {0xB873, 13772, 3}, {0xB874, 13775, 3},
    {0xB875, 13778, 3}, {0xB876, 13781, 3}, {0xB877, 13784, 3},
    {0xB878, 13787, 2}, {0xB879, 13789, 3}, {0xB87A, 13792, 3},
    {0xB87B, 13795, 3}, {0xB87C, 13798, 3}, {0xB87D, 13801, 3},
    {0xB87E, 13804, 3}, {0xB87F, 13807, 3}, {0xB880, 13810, 3},
    {0xB881, 13813, 3}, {0xB882, 13816, 3}, {0xB883, 13819, 3},
    {0xB884, 13822, 3}, {0xB885, 13825, 3}, {0xB886, 13828, 3},
    {0xB887, 13831, 3}, {0xB888, 13834, 3}, {0xB889, 13837, 3},
    {0xB88A, 13840, 3}, {0xB88B, 13843, 3}, {0xB88C, 13846, 3},
    {0xB88D, 13849, 3}, {0xB88E, 13852, 3}, {0xB88F, 13855, 3},
    {0xB890, 13858, 3}, {0xB891, 13861, 3}, {0xB892, 13864, 3},
    {0xB893, 13867, 3}, {0xB894, 13870, 2}, {0xB895, 13872, 3},
    {0xB896, 13875, 3}, {0xB897, 13878, 3}, {0xB898, 13881, 3},
    {0xB899, 13884, 3}, {0xB89A, 13887, 3}, {0xB89B, 13890, 3},
    {0xB89C, 13893, 3}, {0xB89D, 13896, 3}, {0xB89E, 13899, 3},
    {0xB89F, 13902, 3}, {0xB8A0, 13905, 3}, {0xB8A1, 13908, 3},
    {0xB8A2, 13911, 3}, {0xB8A3, 13914, 3}, {0xB8A4, 13917, 3},
    {0xB8A5, 13920, 3}, {0xB8A6, 13923, 3}, {0xB8A7, 13926, 3},
    {0xB8A8, 13929, 3}, {0xB8A9, 13932, 3}, {0xB8AA, 13935, 3},
    {0xB8AB, 13938, 3}, {0xB8AC, 13941, 3}, {0xB8AD, 13944, 3},
    {0xB8AE, 13947, 3}, {0xB8AF, 13950, 3}, {0xB8B0, 13953, 2},
    {0xB8B1, 13955, 3}, {0xB8B2, 13958, 3}, {0xB8B3, 13961, 3},
    {0xB8B4, 13964, 3}, {0xB8B5, 13967, 3}, {0xB8B6, 13970, 3},
    {0xB8B7, 13973, 3}, {0xB8B8, 13976, 3}, {0xB8B9, 13979, 3},
    {0xB8BA, 13982, 3}, {0xB8BB, 13985, 3}, {0xB8BC, 13988, 3},
    {0xB8BD, 13991, 3}, {0xB8BE, 13994, 3}, {0xB8BF, 13997, 3},
    {0xB8C0, 14000, 3}, {0xB8C1, 14003, 3}, {0xB8C2, 14006, 3},
    {0xB8C3, 14009, 3}, {0xB8C4, 14012, 3}, {0xB8C5, 14015, 3},
    {0xB8C6, 14018, 3}, {0xB8C7, 14021, 3}, {0xB8C8, 14024, 3},
    {0xB8C9, 14027, 3}, {0xB8CA, 14030, 3}, {0xB8CB, 14033, 3},
    {0xB8CC, 14036, 2}, {0xB8CD, 14038, 3}, {0xB8CE, 14041, 3},
    {0xB8CF, 14044, 3}, {0xB8D0, 14047, 3}, {0xB8D1, 14050, 3},
    {0xB8D2, 14053, 3}, {0xB8D3, 14056, 3}, {0xB8D4, 14059, 3},
    {0xB8D5, 14062, 3}, {0xB8D6, 14065, 3}, {0xB8D7, 14068, 3},
    {0xB8D8, 14071, 3}, {0xB8D9, 14074, 3}, {0xB8DA, 14077, 3},
    {0xB8DB, 14080, 3}, {0xB8DC, 14083, 3}, {0xB8DD, 14086, 3},
    {0xB8DE, 14089, 3}, {0xB8DF, 14092, 3}, {0xB8E0, 14095, 3},
    {0xB8E1, 14098, 3}, {0xB8E2, 14101, 3}, {0xB8E3, 14104, 3},
    {0xB8E4, 14107, 3}, {0xB8E5, 14110, 3}, {0xB8E6, 14113, 3},
    {0xB8E7, 14116, 3}, {0xB8E8, 14119, 2}, {0xB8E9, 14121, 3},
    {0xB8EA, 14124, 3}, {0xB8EB, 14127, 3}, {0xB8EC, 14130, 3},
    {0xB8ED, 14133, 3}, {0xB8EE, 14136, 3}, {0xB8EF, 14139, 3},
    {0xB8F0, 14142, 3}, {0xB8F1, 14145, 3}, {0xB8F2, 14148, 3},
    {0xB8F3, 14151, 3}, {0xB8F4, 14154, 3}, {0xB8F5, 14157, 3},
    {0xB8F6, 14160, 3}, {0xB8F7, 14163, 3}, {0xB8F8, 14166, 3},
    {0xB8F9, 14169, 3}, {0xB8FA, 14172, 3}, {0xB8FB, 14175, 3},
    {0xB8FC, 14178, 3}, {0xB8FD, 14181, 3}, {0xB8FE, 14184, 3},
    {0xB8FF, 14187, 3}, {0xB900, 14190, 3}, {0xB901, 14193, 3},
    {0xB902, 14196, 3}, {0xB903, 14199, 3}, {0xB904, 14202, 2},
    {0xB905, 14204, 3}, {0xB906, 14207, 3}, {0xB907, 14210, 3},
    {0xB908, 14213, 3}, {0xB909, 14216, 3}, {0xB90A, 14219, 3},
    {0xB90B, 14222, 3}, {0xB90C, 14225, 3}, {0xB90D, 14228, 3},
    {0xB90E, 14231, 3}, {0xB90F, 14234, 3}, {0xB910, 14237, 3},
    {0xB911, 14240, 3}, {0xB912, 14243, 3}, {0xB913, 14246, 3},
    {0xB914, 14249, 3}, {0xB915, 14252, 3}, {0xB916, 14255, 3},
    {0xB917, 14258, 3}, {0xB918, 14261, 3}, {0xB919, 14264, 3},
    {0xB91A, 14267, 3}, {0xB91B, 14270, 3}, {0xB91C, 14273, 3},
    {0xB91D, 14276, 3}, {0xB91E, 14279, 3}, {0xB91F, 14282, 3},
    {0xB920, 14285, 2}, {0xB921, 14287, 3}, {0xB922, 14290, 3},
    {0xB923, 14293, 3}, {0xB924, 14296, 3}, {0xB925, 14299, 3},
    {0xB926, 14302, 3}, {0xB927, 14305, 3}, {0xB928, 14308, 3},
    {0xB929, 14311, 3}, {0xB92A, 14314, 3}, {0xB92B, 14317, 3},
    {0xB92C, 14320, 3}, {0xB92D, 14323, 3}, {0xB92E, 14326, 3},
    {0xB92F, 14329, 3}, {0xB930, 14332, 3}, {0xB931, 14335, 3},
    {0xB932, 14338, 3}, {0xB933, 14341, 3}, {0xB934, 14344, 3},
    {0xB935, 14347, 3}, {0xB936, 14350, 3}, {0xB937, 14353, 3},
    {0xB938, 14356, 3}, {0xB939, 14359, 3}, {0xB93A, 14362, 3},
    {0xB93B, 14365, 3}, {0xB93C, 14368, 2}, {0xB93D, 14370, 3},
    {0xB93E, 14373, 3}, {0xB93F, 14376, 3}, {0xB940, 14379, 3},
    {0xB941, 14382, 3}, {0xB942, 14385, 3}, {0xB943, 14388, 3},
    {0xB944, 14391, 3}, {0xB945, 14394, 3}, {0xB946, 14397, 3},
    {0xB947, 14400, 3}, {0xB948, 14403, 3}, {0xB949, 14406, 3},
    {0xB94A, 14409, 3}, {0xB94B, 14412, 3}, {0xB94C, 14415, 3},
    {0xB94D, 14418, 3}, {0xB94E, 14421, 3}, {0xB94F, 14424, 3},
    {0xB950, 14427, 3}, {0xB951, 14430, 3}, {0xB952, 14433, 3},
    {0xB953, 14436, 3}, {0xB954, 14439, 3}, {0xB955, 14442, 3},
    {0xB956, 14445, 3}, {0xB957, 14448, 3}, {0xB958, 14451, 2},
    {0xB959, 14453, 3}, {0xB95A, 14456, 3}, {0xB95B, 14459, 3},
    {0xB95C, 14462, 3}, {0xB95D, 14465, 3}, {0xB95E, 14468, 3},
    {0xB95F, 14471, 3}, {0xB960, 14474, 3}, {0xB961, 14477, 3},
    {0xB962, 14480, 3}, {0xB963, 14483, 3}, {0xB964, 14486, 3},
    {0xB965, 14489, 3}, {0xB966, 14492, 3}, {0xB967, 14495, 3},
    {0xB968, 14498, 3}, {0xB969, 14501, 3}, {0xB96A, 14504, 3},
    {0xB96B, 14507, 3}, {0xB96C, 14510, 3}, {0xB96D, 14513, 3},
    {0xB96E, 14516, 3}, {0xB96F, 14519, 3}, {0xB970, 14522, 3},
    {0xB971, 14525, 3}, {0xB972, 14528, 3}, {0xB973, 14531, 3},
    {0xB974, 14534, 2}, {0xB975, 14536, 3}, {0xB976, 14539, 3},
    {0xB977, 14542, 3}, {0xB978, 14545, 3}, {0xB979, 14548, 3},
    {0xB97A, 14551, 3}, {0xB97B, 14554, 3}, {0xB97C, 14557, 3},
    {0xB97D, 14560, 3}, {0xB97E, 14563, 3}, {0xB97F, 14566, 3},
    {0xB980, 14569, 3}, {0xB981, 14572, 3}, {0xB982, 14575, 3},
    {0xB983, 14578, 3}, {0xB984, 14581, 3}, {0xB985, 14584, 3},
    {0xB986, 14587, 3}, {0xB987, 14590, 3}, {0xB988, 14593, 3},
    {0xB989, 14596, 3}, {0xB98A, 14599, 3}, {0xB98B, 14602, 3},
    {0xB98C, 14605, 3}, {0xB98D, 14608, 3}, {0xB98E, 14611, 3},
    {0xB98F, 14614, 3}, {0xB990, 14617, 2}, {0xB991, 14619, 3},
    {0xB992, 14622, 3}, {0xB993, 14625, 3}, {0xB994, 14628, 3},
    {0xB995, 14631, 3}, {0xB996, 14634, 3}, {0xB997, 14637, 3},
    {0xB998, 14640, 3}, {0xB999, 14643, 3}, {0xB99A, 14646, 3},
    {0xB99B, 14649, 3}, {0xB99C, 14652, 3}, {0xB99D, 14655, 3},
    {0xB99E, 14658, 3}, {0xB99F, 14661, 3}, {0xB9A0, 14664, 3},
    {0xB9A1, 14667, 3}, {0xB9A2, 14670, 3}, {0xB9A3, 14673, 3},
    {0xB9A4, 14676, 3}, {0xB9A5, 14679, 3}, {0xB9A6, 14682, 3},
    {0xB9A7, 14685, 3}, {0xB9A8, 14688, 3}, {0xB9A9, 14691, 3},
    {0xB9AA, 14694, 3}, {0xB9AB, 14697, 3}, {0xB9AC, 14700, 2},
    {0xB9AD, 14702, 3}, {0xB9AE, 14705, 3}, {0xB9AF, 14708, 3},
    {0xB9B0, 14711, 3}, {0xB9B1, 14714, 3}, {0xB9B2, 14717, 3},
    {0xB9B3, 14720, 3}, {0xB9B4, 14723, 3}, {0xB9B5, 14726, 3},
    {0xB9B6, 14729, 3}, {0xB9B7, 14732, 3}, {0xB9B8, 14735, 3},
    {0xB9B9, 14738, 3}, {0xB9BA, 14741, 3}, {0xB9BB, 14744, 3},
    {0xB9BC, 14747, 3}, {0xB9BD, 14750, 3}, {0xB9BE, 14753, 3},
    {0xB9BF, 14756, 3}, {0xB9C0, 14759, 3}, {0xB9C1, 14762, 3},
    {0xB9C2, 14765, 3}, {0xB9C3, 14768, 3}, {0xB9C4, 14771, 3},
    {0xB9C5, 14774, 3}, {0xB9C6, 14777, 3}, {0xB9C7, 14780, 3},
    {0xB9C8, 14783, 2}, {0xB9C9, 14785, 3}, {0xB9CA, 14788, 3},
    {0xB9CB, 14791, 3}, {0xB9CC, 14794, 3}, {0xB9CD, 14797, 3},
    {0xB9CE, 14800, 3}, {0xB9CF, 14803, 3}, {0xB9D0, 14806, 3},
    {0xB9D1, 14809, 3}, {0xB9D2, 14812, 3}, {0xB9D3, 14815, 3},
    {0xB9D4, 14818, 3}, {0xB9D5, 14821, 3}, {0xB9D6, 14824, 3},
    {0xB9D7, 14827, 3}, {0xB9D8, 14830, 3}, {0xB9D9, 14833, 3},
    {0xB9DA, 14836, 3}, {0xB9DB, 14839, 3}, {0xB9DC, 14842, 3},
    {0xB9DD, 14845, 3}, {0xB9DE, 14848, 3}, {0xB9DF, 14851, 3},
    {0xB9E0, 14854, 3}, {0xB9E1, 14857, 3}, {0xB9E2, 14860, 3},
    {0xB9E3, 14863, 3}, {0xB9E4, 14866, 2}, {0xB9E5, 14868, 3},
    {0xB9E6, 14871, 3}, {0xB9E7, 14874, 3}, {0xB9E8, 14877, 3},
    {0xB9E9, 14880, 3}, {0xB9EA, 14883, 3}, {0xB9EB, 14886, 3},
    {0xB9EC, 14889, 3}, {0xB9ED, 14892, 3}, {0xB9EE, 14895, 3},
    {0xB9EF, 14898, 3}, {0xB9F0, 14901, 3}, {0xB9F1, 14904, 3},
    {0xB9F2, 14907, 3}, {0xB9F3, 14910, 3}, {0xB9F4, 14913, 3},
    {0xB9F5, 14916, 3}, {0xB9F6, 14919, 3}, {0xB9F7, 14922, 3},
    {0xB9F8, 14925, 3}, {0xB9F9, 14928, 3}, {0xB9FA, 14931, 3},
    {0xB9FB, 14934, 3}, {0xB9FC, 14937, 3}, {0xB9FD, 14940, 3},
    {0xB9FE, 14943, 3}, {0xB9FF, 14946, 3}, {0xBA00, 14949, 2},
    {0xBA01, 14951, 3}, {0xBA02, 14954, 3}, {0xBA03, 14957, 3},
    {0xBA04, 14960, 3}, {0xBA05, 14963, 3}, {0xBA06, 14966, 3},
    {0xBA07, 14969, 3}, {0xBA08, 14972, 3}, {0xBA09, 14975, 3},
    {0xBA0A, 14978, 3}, {0xBA0B, 14981, 3}, {0xBA0C, 14984, 3},
    {0xBA0D, 14987, 3}, {0xBA0E, 14990, 3}, {0xBA0F, 14993, 3},
    {0xBA10, 14996, 3}, {0xBA11, 14999, 3}, {0xBA12, 15002, 3},
    {0xBA13, 15005, 3}, {0xBA14, 15008, 3}, {0xBA15, 15011, 3},
    {0xBA16, 15014, 3}, {0xBA17, 15017, 3}, {0xBA18, 15020, 3},
    {0xBA19, 15023, 3}, {0xBA1A, 15026, 3}, {0xBA1B, 15029, 3},
    {0xBA1C, 15032, 2}, {0xBA1D, 15034, 3}, {0xBA1E, 15037, 3},
    {0xBA1F, 15040, 3}, {0xBA20, 15043, 3}, {0xBA21, 15046, 3},
    {0xBA22, 15049, 3}, {0xBA23, 15052, 3}, {0xBA24, 15055, 3},
    {0xBA25, 15058, 3}, {0xBA26, 15061, 3}, {0xBA27, 15064, 3},
    {0xBA28, 15067, 3}, {0xBA29, 15070, 3}, {0xBA2A, 15073, 3},
    {0xBA2B, 15076, 3}, {0xBA2C, 15079, 3}, {0xBA2D, 15082, 3},
    {0xBA2E, 15085, 3}, {0xBA2F, 15088, 3}, {0xBA30, 15091, 3},
    {0xBA31, 15094, 3}, {0xBA32, 15097, 3}, {0xBA33, 15100, 3},
    {0xBA34, 15103, 3}, {0xBA35, 15106, 3}, {0xBA36, 15109, 3},
    {0xBA37, 15112, 3}, {0xBA38, 15115, 2}, {0xBA39, 15117, 3},
    {0xBA3A, 15120, 3}, {0xBA3B, 15123, 3}, {0xBA3C, 15126, 3},
    {0xBA3D, 15129, 3}, {0xBA3E, 15132, 3}, {0xBA3F, 15135, 3},
    {0xBA40, 15138, 3}, {0xBA41, 15141, 3}, {0xBA42, 15144, 3},
    {0xBA43, 15147, 3}, {0xBA44, 15150, 3}, {0xBA45, 15153, 3},
    {0xBA46, 15156, 3}, {0xBA47, 15159, 3}, {0xBA48, 15162, 3},
    {0xBA49, 15165, 3}, {0xBA4A, 15168, 3}, {0xBA4B, 15171, 3},
    {0xBA4C, 15174, 3}, {0xBA4D, 15177, 3}, {0xBA4E, 15180, 3},
    {0xBA4F, 15183, 3}, {0xBA50, 15186, 3}, {0xBA51, 15189, 3},
    {0xBA52, 15192, 3}, {0xBA53, 15195, 3}, {0xBA54, 15198, 2},
    {0xBA55, 15200, 3}, {0xBA56, 15203, 3}, {0xBA57, 15206, 3},
    {0xBA58, 15209, 3}, {0xBA59, 15212, 3}, {0xBA5A, 15215, 3},
    {0xBA5B, 15218, 3}, {0xBA5C, 15221, 3}, {0xBA5D, 15224, 3},
    {0xBA5E, 15227, 3}, {0xBA5F, 15230, 3}, {0xBA60, 15233, 3},
    {0xBA61, 15236, 3}, {0xBA62, 15239, 3}, {0xBA63, 15242, 3},
    {0xBA64, 15245, 3}, {0xBA65, 15248, 3}, {0xBA66, 15251, 3},
    {0xBA67, 15254, 3}, {0xBA68, 15257, 3}, {0xBA69, 15260, 3},
    {0xBA6A, 15263, 3}, {0xBA6B, 15266, 3}, {0xBA6C, 15269, 3},
    {0xBA6D, 15272, 3}, {0xBA6E, 15275, 3}, {0xBA6F, 15278, 3},
    {0xBA70, 15281, 2}, {0xBA71, 15283, 3}, {0xBA72, 15286, 3},
    {0xBA73, 15289, 3}, {0xBA74, 15292, 3}, {0xBA75, 15295, 3},
    {0xBA76, 15298, 3}, {0xBA77, 15301, 3}, {0xBA78, 15304, 3},
    {0xBA79, 15307, 3}, {0xBA7A, 15310, 3}, {0xBA7B, 15313, 3},
    {0xBA7C, 15316, 3}, {0xBA7D, 15319, 3}, {0xBA7E, 15322, 3},
    {0xBA7F, 15325, 3}, {0xBA80, 15328, 3}, {0xBA81, 15331, 3},
    {0xBA82, 15334, 3}, {0xBA83, 15337, 3}, {0xBA84, 15340, 3},
    {0xBA85, 15343, 3}, {0xBA86, 15346, 3}, {0xBA87, 15349, 3},
    {0xBA88, 15352, 3}, {0xBA89, 15355, 3}, {0xBA8A, 15358, 3},
    {0xBA8B, 15361, 3}, {0xBA8C, 15364, 2}, {0xBA8D, 15366, 3},
    {0xBA8E, 15369, 3}, {0xBA8F, 15372, 3}, {0xBA90, 15375, 3},
    {0xBA91, 15378, 3}, {0xBA92, 15381, 3}, {0xBA93, 15384, 3},
    {0xBA94, 15387, 3}, {0xBA95, 15390, 3}, {0xBA96, 15393, 3},
    {0xBA97, 15396, 3}, {0xBA98, 15399, 3}, {0xBA99, 15402, 3},
    {0xBA9A, 15405, 3}, {0xBA9B, 15408, 3}, {0xBA9C, 15411, 3},
    {0xBA9D, 15414, 3}, {0xBA9E, 15417, 3}, {0xBA9F, 15420, 3},
    {0xBAA0, 15423, 3}, {0xBAA1, 15426, 3}, {0xBAA2, 15429, 3},
    {0xBAA3, 15432, 3}, {0xBAA4, 15435, 3}, {0xBAA5, 15438, 3},
    {0xBAA6, 15441, 3}, {0xBAA7, 15444, 3}, {0xBAA8, 15447, 2},
    {0xBAA9, 15449, 3}, {0xBAAA, 15452, 3}, {0xBAAB, 15455, 3},
    {0xBAAC, 15458, 3}, {0xBAAD, 15461, 3}, {0xBAAE, 15464, 3},
    {0xBAAF, 15467, 3}, {0xBAB0, 15470, 3}, {0xBAB1, 15473, 3},
    {0xBAB2, 15476, 3}, {0xBAB3, 15479, 3}, {0xBAB4, 15482, 3},
    {0xBAB5, 15485, 3}, {0xBAB6, 15488, 3}, {0xBAB7, 15491, 3},
    {0xBAB8, 15494, 3}, {0xBAB9, 15497, 3}, {0xBABA, 15500, 3},
    {0xBABB, 15503, 3}, {0xBABC, 15506, 3}, {0xBABD, 15509, 3},
    {0xBABE, 15512, 3}, {0xBABF, 15515, 3}, {0xBAC0, 15518, 3},
    {0xBAC1, 15521, 3}, {0xBAC2, 15524, 3}, {0xBAC3, 15527, 3},
    {0xBAC4, 15530, 2}, {0xBAC5, 15532, 3}, {0xBAC6, 15535, 3},
    {0xBAC7, 15538, 3}, {0xBAC8, 15541, 3}, {0xBAC9, 15544, 3},
    {0xBACA, 15547, 3}, {0xBACB, 15550, 3}, {0xBACC, 15553, 3},
    {0xBACD, 15556, 3}, {0xBACE, 15559, 3}, {0xBACF, 15562, 3},
    {0xBAD0, 15565, 3}, {0xBAD1, 15568, 3}, {0xBAD2, 15571, 3},
    {0xBAD3, 15574, 3}, {0xBAD4, 15577, 3}, {0xBAD5, 15580, 3},
    {0xBAD6, 15583, 3}, {0xBAD7, 15586, 3}, {0xBAD8, 15589, 3},
    {0xBAD9, 15592, 3}, {0xBADA, 15595, 3}, {0xBADB, 15598, 3},
    {0xBADC, 15601, 3}, {0xBADD, 15604, 3}, {0xBADE, 15607, 3},
    {0xBADF, 15610, 3}, {0xBAE0, 15613, 2}, {0xBAE1, 15615, 3},
    {0xBAE2, 15618, 3}, {0xBAE3, 15621, 3}, {0xBAE4, 15624, 3},
    {0xBAE5, 15627, 3}, {0xBAE6, 15630, 3}, {0xBAE7, 15633, 3},
    {0xBAE8, 15636, 3}, {0xBAE9, 15639, 3}, {0xBAEA, 15642, 3},
    {0xBAEB, 15645, 3}, {0xBAEC, 15648, 3}, {0xBAED, 15651, 3},
    {0xBAEE, 15654, 3}, {0xBAEF, 15657, 3}, {0xBAF0, 15660, 3},
    {0xBAF1, 15663, 3}, {0xBAF2, 15666, 3}, {0xBAF3, 15669, 3},
    {0xBAF4, 15672, 3}, {0xBAF5, 15675, 3}, {0xBAF6, 15678, 3},
    {0xBAF7, 15681, 3}, {0xBAF8, 15684, 3}, {0xBAF9, 15687, 3},
    {0xBAFA, 15690, 3}, {0xBAFB, 15693, 3}, {0xBAFC, 15696, 2},
    {0xBAFD, 15698, 3}, {0xBAFE, 15701, 3}, {0xBAFF, 15704, 3},
    {0xBB00, 15707, 3}, {0xBB01, 15710, 3}, {0xBB02, 15713, 3},
    {0xBB03, 15716, 3}, {0xBB04, 15719, 3}, {0xBB05, 15722, 3},
    {0xBB06, 15725, 3}, {0xBB07, 15728, 3}, {0xBB08, 15731, 3},
    {0xBB09, 15734, 3}, {0xBB0A, 15737, 3}, {0xBB0B, 15740, 3},
    {0xBB0C, 15743, 3}, {0xBB0D, 15746, 3}, {0xBB0E, 15749, 3},
    {0xBB0F, 15752, 3}, {0xBB10, 15755, 3}, {0xBB11, 15758, 3},
    {0xBB12, 15761, 3}, {0xBB13, 15764, 3}, {0xBB14, 15767, 3},
    {0xBB15, 15770, 3}, {0xBB16, 15773, 3}, {0xBB17, 15776, 3},
    {0xBB18, 15779, 2}, {0xBB19, 15781, 3}, {0xBB1A, 15784, 3},
    {0xBB1B, 15787, 3}, {0xBB1C, 15790, 3}, {0xBB1D, 15793, 3},
    {0xBB1E, 15796, 3}, {0xBB1F, 15799, 3}, {0xBB20, 15802, 3},
    {0xBB21, 15805, 3}, {0xBB22, 15808, 3}, {0xBB23, 15811, 3},
    {0xBB24, 15814, 3}, {0xBB25, 15817, 3}, {0xBB26, 15820, 3},
    {0xBB27, 15823, 3}, {0xBB28, 15826, 3}, {0xBB29, 15829, 3},
    {0xBB2A, 15832, 3}, {0xBB2B, 15835, 3}, {0xBB2C, 15838, 3},
    {0xBB2D, 15841, 3}, {0xBB2E, 15844, 3}, {0xBB2F, 15847, 3},
    {0xBB30, 15850, 3}, {0xBB31, 15853, 3}, {0xBB32, 15856, 3},
    {0xBB33, 15859, 3}, {0xBB34, 15862, 2}, {0xBB35, 15864, 3},
    {0xBB36, 15867, 3}, {0xBB37, 15870, 3}, {0xBB38, 15873, 3},
    {0xBB39, 15876, 3}, {0xBB3A, 15879, 3}, {0xBB3B, 15882, 3},
    {0xBB3C, 15885, 3}, {0xBB3D, 15888, 3}, {0xBB3E, 15891, 3},
    {0xBB3F, 15894, 3}, {0xBB40, 15897, 3}, {0xBB41, 15900, 3},
    {0xBB42, 15903, 3}, {0xBB43, 15906, 3}, {0xBB44, 15909, 3},
    {0xBB45, 15912, 3}, {0xBB46, 15915, 3}, {0xBB47, 15918, 3},
    {0xBB48, 15921, 3}, {0xBB49, 15924, 3}, {0xBB4A, 15927, 3},
    {0xBB4B, 15930, 3}, {0xBB4C, 15933, 3}, {0xBB4D, 15936, 3},
    {0xBB4E, 15939, 3}, {0xBB4F, 15942, 3}, {0xBB50, 15945, 2},
    {0xBB51, 15947, 3}, {0xBB52, 15950, 3}, {0xBB53, 15953, 3},
    {0xBB54, 15956, 3}, {0xBB55, 15959, 3}, {0xBB56, 15962, 3},
    {0xBB57, 15965, 3}, {0xBB58, 15968, 3}, {0xBB59, 15971, 3},
    {0xBB5A, 15974, 3}, {0xBB5B, 15977, 3}, {0xBB5C, 15980, 3},
    {0xBB5D, 15983, 3}, {0xBB5E, 15986, 3}, {0xBB5F, 15989, 3},
    {0xBB60, 15992, 3}, {0xBB61, 15995, 3}, {0xBB62, 15998, 3},
    {0xBB63, 16001, 3}, {0xBB64, 16004, 3}, {0xBB65, 16007, 3},
    {0xBB66, 16010, 3}, {0xBB67, 16013, 3}, {0xBB68, 16016, 3},
    {0xBB69, 16019, 3}, {0xBB6A, 16022, 3}, {0xBB6B, 16025, 3},
    {0xBB6C, 16028, 2}, {0xBB6D, 16030, 3}, {0xBB6E, 16033, 3},
    {0xBB6F, 16036, 3}, {0xBB70, 16039, 3}, {0xBB71, 16042, 3},
    {0xBB72, 16045, 3}, {0xBB73, 16048, 3}, {0xBB74, 16051, 3},
    {0xBB75, 16054, 3}, {0xBB76, 16057, 3}, {0xBB77, 16060, 3},
    {0xBB78, 16063, 3}, {0xBB79, 16066, 3}, {0xBB7A, 16069, 3},
    {0xBB7B, 16072, 3}, {0xBB7C, 16075, 3}, {0xBB7D, 16078, 3},
    {0xBB7E, 16081, 3}, {0xBB7F, 16084, 3}, {0xBB80, 16087, 3},
    {0xBB81, 16090, 3}, {0xBB82, 16093, 3}, {0xBB83, 16096, 3},
    {0xBB84, 16099, 3}, {0xBB85, 16102, 3}, {0xBB86, 16105, 3},
    {0xBB87, 16108, 3}, {0xBB88, 16111, 2}, {0xBB89, 16113, 3},
    {0xBB8A, 16116, 3}, {0xBB8B, 16119, 3}, {0xBB8C, 16122, 3},
    {0xBB8D, 16125, 3}, {0xBB8E, 16128, 3}, {0xBB8F, 16131, 3},
    {0xBB90, 16134, 3}, {0xBB91, 16137, 3}, {0xBB92, 16140, 3},
    {0xBB93, 16143, 3}, {0xBB94, 16146, 3}, {0xBB95, 16149, 3},
    {0xBB96, 16152, 3}, {0xBB97, 16155, 3}, {0xBB98, 16158, 3},
    {0xBB99, 16161, 3}, {0xBB9A, 16164, 3}, {0xBB9B, 16167, 3},
    {0xBB9C, 16170, 3}, {0xBB9D, 16173, 3}, {0xBB9E, 16176, 3},
    {0xBB9F, 16179, 3}, {0xBBA0, 16182, 3}, {0xBBA1, 16185, 3},
    {0xBBA2, 16188, 3}, {0xBBA3, 16191, 3}, {0xBBA4, 16194, 2},
    {0xBBA5, 16196, 3}, {0xBBA6, 16199, 3}, {0xBBA7, 16202, 3},
    {0xBBA8, 16205, 3}, {0xBBA9, 16208, 3}, {0xBBAA, 16211, 3},
    {0xBBAB, 16214, 3}, {0xBBAC, 16217, 3}, {0xBBAD, 16220, 3},
    {0xBBAE, 16223, 3}, {0xBBAF, 16226, 3}, {0xBBB0, 16229, 3},
    {0xBBB1, 16232, 3}, {0xBBB2, 16235, 3}, {0xBBB3, 16238, 3},
    {0xBBB4, 16241, 3}, {0xBBB5, 16244, 3}, {0xBBB6, 16247, 3},
    {0xBBB7, 16250, 3}, {0xBBB8, 16253, 3}, {0xBBB9, 16256, 3},
    {0xBBBA, 16259, 3}, {0xBBBB, 16262, 3}, {0xBBBC, 16265, 3},
    {0xBBBD, 16268, 3}, {0xBBBE, 16271, 3}, {0xBBBF, 16274, 3},
    {0xBBC0, 16277, 2}, {0xBBC1, 16279, 3}, {0xBBC2, 16282, 3},
    {0xBBC3, 16285, 3}, {0xBBC4, 16288, 3}, {0xBBC5, 16291, 3},
    {0xBBC6, 16294, 3}, {0xBBC7, 16297, 3}, {0xBBC8, 16300, 3},
    {0xBBC9, 16303, 3}, {0xBBCA, 16306, 3}, {0xBBCB, 16309, 3},
    {0xBBCC, 16312, 3}, {0xBBCD, 16315, 3}, {0xBBCE, 16318, 3},
    {0xBBCF, 16321, 3}, {0xBBD0, 16324, 3}, {0xBBD1, 16327, 3},
    {0xBBD2, 16330, 3}, {0xBBD3, 16333, 3}, {0xBBD4, 16336, 3},
    {0xBBD5, 16339, 3}, {0xBBD6, 16342, 3}, {0xBBD7, 16345, 3},
    {0xBBD8, 16348, 3}, {0xBBD9, 16351, 3}, {0xBBDA, 16354, 3},
    {0xBBDB, 16357, 3}, {0xBBDC, 16360, 2}, {0xBBDD, 16362, 3},
    {0xBBDE, 16365, 3}, {0xBBDF, 16368, 3}, {0xBBE0, 16371, 3},
    {0xBBE1, 16374, 3}, {0xBBE2, 16377, 3}, {0xBBE3, 16380, 3},
    {0xBBE4, 16383, 3}, {0xBBE5, 16386, 3}, {0xBBE6, 16389, 3},
    {0xBBE7, 16392, 3}, {0xBBE8, 16395, 3}, {0xBBE9, 16398, 3},
    {0xBBEA, 16401, 3}, {0xBBEB, 16404, 3}, {0xBBEC, 16407, 3},
    {0xBBED, 16410, 3}, {0xBBEE, 16413, 3}, {0xBBEF, 16416, 3},
    {0xBBF0, 16419, 3}, {0xBBF1, 16422, 3}, {0xBBF2, 16425, 3},
    {0xBBF3, 16428, 3}, {0xBBF4, 16431, 3}, {0xBBF5, 16434, 3},
    {0xBBF6, 16437, 3}, {0xBBF7, 16440, 3}, {0xBBF8, 16443, 2},
    {0xBBF9, 16445, 3}, {0xBBFA, 16448, 3}, {0xBBFB, 16451, 3},
    {0xBBFC, 16454, 3}, {0xBBFD, 16457, 3}, {0xBBFE, 16460, 3},
    {0xBBFF, 16463, 3}, {0xBC00, 16466, 3}, {0xBC01, 16469, 3},
    {0xBC02, 16472, 3}, {0xBC03, 16475, 3}, {0xBC04, 16478, 3},
    {0xBC05, 16481, 3}, {0xBC06, 16484, 3}, {0xBC07, 16487, 3},
    {0xBC08, 16490, 3}, {0xBC09, 16493, 3}, {0xBC0A, 16496, 3},
    {0xBC0B, 16499, 3}, {0xBC0C, 16502, 3}, {0xBC0D, 16505, 3},
    {0xBC0E, 16508, 3}, {0xBC0F, 16511, 3}, {0xBC10, 16514, 3},
    {0xBC11, 16517, 3}, {0xBC12, 16520, 3}, {0xBC13, 16523, 3},
    {0xBC14, 16526, 2}, {0xBC15, 16528, 3}, {0xBC16, 16531, 3},
    {0xBC17, 16534, 3}, {0xBC18, 16537, 3}, {0xBC19, 16540, 3},
    {0xBC1A, 16543, 3}, {0xBC1B, 16546, 3}, {0xBC1C, 16549, 3},
    {0xBC1D, 16552, 3}, {0xBC1E, 16555, 3}, {0xBC1F, 16558, 3},
    {0xBC20, 16561, 3}, {0xBC21, 16564, 3}, {0xBC22, 16567, 3},
    {0xBC23, 16570, 3}, {0xBC24, 16573, 3}, {0xBC25, 16576, 3},
    {0xBC26, 16579, 3}, {0xBC27, 16582, 3}, {0xBC28, 16585, 3},
    {0xBC29, 16588, 3}, {0xBC2A, 16591, 3}, {0xBC2B, 16594, 3},
    {0xBC2C, 16597, 3}, {0xBC2D, 16600, 3}, {0xBC2E, 16603, 3},
    {0xBC2F, 16606, 3}, {0xBC30, 16609, 2}, {0xBC31, 16611, 3},
    {0xBC32, 16614, 3}, {0xBC33, 16617, 3}, {0xBC34, 16620, 3},
    {0xBC35, 16623, 3}, {0xBC36, 16626, 3}, {0xBC37, 16629, 3},
    {0xBC38, 16632, 3}, {0xBC39, 16635, 3}, {0xBC3A, 16638, 3},
    {0xBC3B, 16641, 3}, {0xBC3C, 16644, 3}, {0xBC3D, 16647, 3},
    {0xBC3E, 16650, 3}, {0xBC3F, 16653, 3}, {0xBC40, 16656, 3},
    {0xBC41, 16659, 3}, {0xBC42, 16662, 3}, {0xBC43, 16665, 3},
    {0xBC44, 16668, 3}, {0xBC45, 16671, 3}, {0xBC46, 16674, 3},
    {0xBC47, 16677, 3}, {0xBC48, 16680, 3}, {0xBC49, 16683, 3},
    {0xBC4A, 16686, 3}, {0xBC4B, 16689, 3}, {0xBC4C, 16692, 2},
    {0xBC4D, 16694, 3}, {0xBC4E, 16697, 3}, {0xBC4F, 16700, 3},
    {0xBC50, 16703, 3}, {0xBC51, 16706, 3}, {0xBC52, 16709, 3},
    {0xBC53, 16712, 3}, {0xBC54, 16715, 3}, {0xBC55, 16718, 3},
    {0xBC56, 16721, 3}, {0xBC57, 16724, 3}, {0xBC58, 16727, 3},
    {0xBC59, 16730, 3}, {0xBC5A, 16733, 3}, {0xBC5B, 16736, 3},
    {0xBC5C, 16739, 3}, {0xBC5D, 16742, 3}, {0xBC5E, 16745, 3},
    {0xBC5F, 16748, 3}, {0xBC60, 16751, 3}, {0xBC61, 16754, 3},
    {0xBC62, 16757, 3}, {0xBC63, 16760, 3}, {0xBC64, 16763, 3},
    {0xBC65, 16766, 3}, {0xBC66, 16769, 3}, {0xBC67, 16772, 3},
    {0xBC68, 16775, 2}, {0xBC69, 16777, 3}, {0xBC6A, 16780, 3},
    {0xBC6B, 16783, 3}, {0xBC6C, 16786, 3}, {0xBC6D, 16789, 3},
    {0xBC6E, 16792, 3}, {0xBC6F, 16795, 3}, {0xBC70, 16798, 3},
    {0xBC71, 16801, 3}, {0xBC72, 16804, 3}, {0xBC73, 16807, 3},
    {0xBC74, 16810, 3}, {0xBC75, 16813, 3}, {0xBC76, 16816, 3},
    {0xBC77, 16819, 3}, {0xBC78, 16822, 3}, {0xBC79, 16825, 3},
    {0xBC7A, 16828, 3}, {0xBC7B, 16831, 3}, {0xBC7C, 16834, 3},
    {0xBC7D, 16837, 3}, {0xBC7E, 16840, 3}, {0xBC7F, 16843, 3},
    {0xBC80, 16846, 3}, {0xBC81, 16849, 3}, {0xBC82, 16852, 3},
    {0xBC83, 16855, 3}, {0xBC84, 16858, 2}, {0xBC85, 16860, 3},
    {0xBC86, 16863, 3}, {0xBC87, 16866, 3}, {0xBC88, 16869, 3},
    {0xBC89, 16872, 3}, {0xBC8A, 16875, 3}, {0xBC8B, 16878, 3},
    {0xBC8C, 16881, 3}, {0xBC8D, 16884, 3}, {0xBC8E, 16887, 3},
    {0xBC8F, 16890, 3}, {0xBC90, 16893, 3}, {0xBC91, 16896, 3},
    {0xBC92, 16899, 3}, {0xBC93, 16902, 3}, {0xBC94, 16905, 3},
    {0xBC95, 16908, 3}, {0xBC96, 16911, 3}, {0xBC97, 16914, 3},
    {0xBC98, 16917, 3}, {0xBC99, 16920, 3}, {0xBC9A, 16923, 3},
    {0xBC9B, 16926, 3}, {0xBC9C, 16929, 3}, {0xBC9D, 16932, 3},
    {0xBC9E, 16935, 3}, {0xBC9F, 16938, 3}, {0xBCA0, 16941, 2},
    {0xBCA1, 16943, 3}, {0xBCA2, 16946, 3}, {0xBCA3, 16949, 3},
    {0xBCA4, 16952, 3}, {0xBCA5, 16955, 3}, {0xBCA6, 16958, 3},
    {0xBCA7, 16961, 3}, {0xBCA8, 16964, 3}, {0xBCA9, 16967, 3},
    {0xBCAA, 16970, 3}, {0xBCAB, 16973, 3}, {0xBCAC, 16976, 3},
    {0xBCAD, 16979, 3}, {0xBCAE, 16982, 3}, {0xBCAF, 16985, 3},
    {0xBCB0, 16988, 3}, {0xBCB1, 16991, 3}, {0xBCB2, 16994, 3},
    {0xBCB3, 16997, 3}, {0xBCB4, 17000, 3}, {0xBCB5, 17003, 3},
    {0xBCB6, 17006, 3}, {0xBCB7, 17009, 3}, {0xBCB8, 17012, 3},
    {0xBCB9, 17015, 3}, {0xBCBA, 17018, 3}, {0xBCBB, 17021, 3},
    {0xBCBC, 17024, 2}, {0xBCBD, 17026, 3}, {0xBCBE, 17029, 3},
    {0xBCBF, 17032, 3}, {0xBCC0, 17035, 3}, {0xBCC1, 17038, 3},
    {0xBCC2, 17041, 3}, {0xBCC3, 17044, 3}, {0xBCC4, 17047, 3},
    {0xBCC5, 17050, 3}, {0xBCC6, 17053, 3}, {0xBCC7, 17056, 3},
    {0xBCC8, 17059, 3}, {0xBCC9, 17062, 3}, {0xBCCA, 17065, 3},
    {0xBCCB, 17068, 3}, {0xBCCC, 17071, 3}, {0xBCCD, 17074, 3},
    {0xBCCE, 17077, 3}, {0xBCCF, 17080, 3}, {0xBCD0, 17083, 3},
    {0xBCD1, 17086, 3}, {0xBCD2, 17089, 3}, {0xBCD3, 17092, 3},
    {0xBCD4, 17095, 3}, {0xBCD5, 17098, 3}, {0xBCD6, 17101, 3},
    {0xBCD7, 17104, 3}, {0xBCD8, 17107, 2}, {0xBCD9, 17109, 3},
    {0xBCDA, 17112, 3}, {0xBCDB, 17115, 3}, {0xBCDC, 17118, 3},
    {0xBCDD, 17121, 3}, {0xBCDE, 17124, 3}, {0xBCDF, 17127, 3},
    {0xBCE0, 17130, 3}, {0xBCE1, 17133, 3}, {0xBCE2, 17136, 3},
    {0xBCE3, 17139, 3}, {0xBCE4, 17142, 3}, {0xBCE5, 17145, 3},
    {0xBCE6, 17148, 3}, {0xBCE7, 17151, 3}, {0xBCE8, 17154, 3},
    {0xBCE9, 17157, 3}, {0xBCEA, 17160, 3}, {0xBCEB, 17163, 3},
    {0xBCEC, 17166, 3}, {0xBCED, 17169, 3}, {0xBCEE, 17172, 3},
    {0xBCEF, 17175, 3}, {0xBCF0, 17178, 3}, {0xBCF1, 17181, 3},
    {0xBCF2, 17184, 3}, {0xBCF3, 17187, 3}, {0xBCF4, 17190, 2},
    {0xBCF5, 17192, 3}, {0xBCF6, 17195, 3}, {0xBCF7, 17198, 3},
    {0xBCF8, 17201, 3}, {0xBCF9, 17204, 3}, {0xBCFA, 17207, 3},
    {0xBCFB, 17210, 3}, {0xBCFC, 17213, 3}, {0xBCFD, 17216, 3},
    {0xBCFE, 17219, 3}, {0xBCFF, 17222, 3}, {0xBD00, 17225, 3},
    {0xBD01, 17228, 3}, {0xBD02, 17231, 3}, {0xBD03, 17234, 3},
    {0xBD04, 17237, 3}, {0xBD05, 17240, 3}, {0xBD06, 17243, 3},
    {0xBD07, 17246, 3}, {0xBD08, 17249, 3}, {0xBD09, 17252, 3},
    {0xBD0A, 17255, 3}, {0xBD0B, 17258, 3}, {0xBD0C, 17261, 3},
    {0xBD0D, 17264, 3}, {0xBD0E, 17267, 3}, {0xBD0F, 17270, 3},
    {0xBD10, 17273, 2}, {0xBD11, 17275, 3}, {0xBD12, 17278, 3},
    {0xBD13, 17281, 3}, {0xBD14, 17284, 3}, {0xBD15, 17287, 3},
    {0xBD16, 17290, 3}, {0xBD17, 17293, 3}, {0xBD18, 17296, 3},
    {0xBD19, 17299, 3}, {0xBD1A, 17302, 3}, {0xBD1B, 17305, 3},
    {0xBD1C, 17308, 3}, {0xBD1D, 17311, 3}, {0xBD1E, 17314, 3},
    {0xBD1F, 17317, 3}, {0xBD20, 17320, 3}, {0xBD21, 17323, 3},
    {0xBD22, 17326, 3}, {0xBD23, 17329, 3}, {0xBD24, 17332, 3},
    {0xBD25, 17335, 3}, {0xBD26, 17338, 3}, {0xBD27, 17341, 3},
    {0xBD28, 17344, 3}, {0xBD29, 17347, 3}, {0xBD2A, 17350, 3},
    {0xBD2B, 17353, 3}, {0xBD2C, 17356, 2}, {0xBD2D, 17358, 3},
    {0xBD2E, 17361, 3}, {0xBD2F, 17364, 3}, {0xBD30, 17367, 3},
    {0xBD31, 17370, 3}, {0xBD32, 17373, 3}, {0xBD33, 17376, 3},
    {0xBD34, 17379, 3}, {0xBD35, 17382, 3}, {0xBD36, 17385, 3},
    {0xBD37, 17388, 3}, {0xBD38, 17391, 3}, {0xBD39, 17394, 3},
    {0xBD3A, 17397, 3}, {0xBD3B, 17400, 3}, {0xBD3C, 17403, 3},
    {0xBD3D, 17406, 3}, {0xBD3E, 17409, 3}, {0xBD3F, 17412, 3},
    {0xBD40, 17415, 3}, {0xBD41, 17418, 3}, {0xBD42, 17421, 3},
    {0xBD43, 17424, 3}, {0xBD44, 17427, 3}, {0xBD45, 17430, 3},
    {0xBD46, 17433, 3}, {0xBD47, 17436, 3}, {0xBD48, 17439, 2},
    {0xBD49, 17441, 3}, {0xBD4A, 17444, 3}, {0xBD4B, 17447, 3},
    {0xBD4C, 17450, 3}, {0xBD4D, 17453, 3}, {0xBD4E, 17456, 3},
    {0xBD4F, 17459, 3}, {0xBD50, 17462, 3}, {0xBD51, 17465, 3},
    {0xBD52, 17468, 3}, {0xBD53, 17471, 3}, {0xBD54, 17474, 3},
    {0xBD55, 17477, 3}, {0xBD56, 17480, 3}, {0xBD57, 17483, 3},
    {0xBD58, 17486, 3}, {0xBD59, 17489, 3}, {0xBD5A, 17492, 3},
    {0xBD5B, 17495, 3}, {0xBD5C, 17498, 3}, {0xBD5D, 17501, 3},
    {0xBD5E, 17504, 3}, {0xBD5F, 17507, 3}, {0xBD60, 17510, 3},
    {0xBD61, 17513, 3}, {0xBD62, 17516, 3}, {0xBD63, 17519, 3},
    {0xBD64, 17522, 2}, {0xBD65, 17524, 3}, {0xBD66, 17527, 3},
    {0xBD67, 17530, 3}, {0xBD68, 17533, 3}, {0xBD69, 17536, 3},
    {0xBD6A, 17539, 3}, {0xBD6B, 17542, 3}, {0xBD6C, 17545, 3},
    {0xBD6D, 17548, 3}, {0xBD6E, 17551, 3}, {0xBD6F, 17554, 3},
    {0xBD70, 17557, 3}, {0xBD71, 17560, 3}, {0xBD72, 17563, 3},
    {0xBD73, 17566, 3}, {0xBD74, 17569, 3}, {0xBD75, 17572, 3},
    {0xBD76, 17575, 3}, {0xBD77, 17578, 3}, {0xBD78, 17581, 3},
    {0xBD79, 17584, 3}, {0xBD7A, 17587, 3}, {0xBD7B, 17590, 3},
    {0xBD7C, 17593, 3}, {0xBD7D, 17596, 3}, {0xBD7E, 17599, 3},
    {0xBD7F, 17602, 3}, {0xBD80, 17605, 2}, {0xBD81, 17607, 3},
    {0xBD82, 17610, 3}, {0xBD83, 17613, 3}, {0xBD84, 17616, 3},
    {0xBD85, 17619, 3}, {0xBD86, 17622, 3}, {0xBD87, 17625, 3},
    {0xBD88, 17628, 3}, {0xBD89, 17631, 3}, {0xBD8A, 17634, 3},
    {0xBD8B, 17637, 3}, {0xBD8C, 17640, 3}, {0xBD8D, 17643, 3},
    {0xBD8E, 17646, 3}, {0xBD8F, 17649, 3}, {0xBD90, 17652, 3},
    {0xBD91, 17655, 3}, {0xBD92, 17658, 3}, {0xBD93, 17661, 3},
    {0xBD94, 17664, 3}, {0xBD95, 17667, 3}, {0xBD96, 17670, 3},
    {0xBD97, 17673, 3}, {0xBD98, 17676, 3}, {0xBD99, 17679, 3},
    {0xBD9A, 17682, 3}, {0xBD9B, 17685, 3}, {0xBD9C, 17688, 2},
    {0xBD9D, 17690, 3}, {0xBD9E, 17693, 3}, {0xBD9F, 17696, 3},
    {0xBDA0, 17699, 3}, {0xBDA1, 17702, 3}, {0xBDA2, 17705, 3},
    {0xBDA3, 17708, 3}, {0xBDA4, 17711, 3}, {0xBDA5, 17714, 3},
    {0xBDA6, 17717, 3}, {0xBDA7, 17720, 3}, {0xBDA8, 17723, 3},
    {0xBDA9, 17726, 3}, {0xBDAA, 17729, 3}, {0xBDAB, 17732, 3},
    {0xBDAC, 17735, 3}, {0xBDAD, 17738, 3}, {0xBDAE, 17741, 3},
    {0xBDAF, 17744, 3}, {0xBDB0, 17747, 3}, {0xBDB1, 17750, 3},
    {0xBDB2, 17753, 3}, {0xBDB3, 17756, 3}, {0xBDB4, 17759, 3},
    {0xBDB5, 17762, 3}, {0xBDB6, 17765, 3}, {0xBDB7, 17768, 3},
    {0xBDB8, 17771, 2}, {0xBDB9, 17773, 3}, {0xBDBA, 17776, 3},
    {0xBDBB, 17779, 3}, {0xBDBC, 17782, 3}, {0xBDBD, 17785, 3},
    {0xBDBE, 17788, 3}, {0xBDBF, 17791, 3}, {0xBDC0, 17794, 3},
    {0xBDC1, 17797, 3}, {0xBDC2, 17800, 3}, {0xBDC3, 17803, 3},
    {0xBDC4, 17806, 3}, {0xBDC5, 17809, 3}, {0xBDC6, 17812, 3},
    {0xBDC7, 17815, 3}, {0xBDC8, 17818, 3}, {0xBDC9, 17821, 3},
    {0xBDCA, 17824, 3}, {0xBDCB, 17827, 3}, {0xBDCC, 17830, 3},
    {0xBDCD, 17833, 3}, {0xBDCE, 17836, 3}, {0xBDCF, 17839, 3},
    {0xBDD0, 17842, 3}, {0xBDD1, 17845, 3}, {0xBDD2, 17848, 3},
    {0xBDD3, 17851, 3}, {0xBDD4, 17854, 2}, {0xBDD5, 17856, 3},
    {0xBDD6, 17859, 3}, {0xBDD7, 17862, 3}, {0xBDD8, 17865, 3},
    {0xBDD9, 17868, 3}, {0xBDDA, 17871, 3}, {0xBDDB, 17874, 3},
    {0xBDDC, 17877, 3}, {0xBDDD, 17880, 3}, {0xBDDE, 17883, 3},
    {0xBDDF, 17886, 3}, {0xBDE0, 17889, 3}, {0xBDE1, 17892, 3},
    {0xBDE2, 17895, 3}, {0xBDE3, 17898, 3}, {0xBDE4, 17901, 3},
    {0xBDE5, 17904, 3}, {0xBDE6, 17907, 3}, {0xBDE7, 17910, 3},
    {0xBDE8, 17913, 3}, {0xBDE9, 17916, 3}, {0xBDEA, 17919, 3},
    {0xBDEB, 17922, 3}, {0xBDEC, 17925, 3}, {0xBDED, 17928, 3},
    {0xBDEE, 17931, 3}, {0xBDEF, 17934, 3}, {0xBDF0, 17937, 2},
    {0xBDF1, 17939, 3}, {0xBDF2, 17942, 3}, {0xBDF3, 17945, 3},
    {0xBDF4, 17948, 3}, {0xBDF5, 17951, 3}, {0xBDF6, 17954, 3},
    {0xBDF7, 17957, 3}, {0xBDF8, 17960, 3}, {0xBDF9, 17963, 3},
    {0xBDFA, 17966, 3}, {0xBDFB, 17969, 3}, {0xBDFC, 17972, 3},
    {0xBDFD, 17975, 3}, {0xBDFE, 17978, 3}, {0xBDFF, 17981, 3},
    {0xBE00, 17984, 3}, {0xBE01, 17987, 3}, {0xBE02, 17990, 3},
    {0xBE03, 17993, 3}, {0xBE04, 17996, 3}, {0xBE05, 17999, 3},
    {0xBE06, 18002, 3}, {0xBE07, 18005, 3}, {0xBE08, 18008, 3},
    {0xBE09, 18011, 3}, {0xBE0A, 18014, 3}, {0xBE0B, 18017, 3},
    {0xBE0C, 18020, 2}, {0xBE0D, 18022, 3}, {0xBE0E, 18025, 3},
    {0xBE0F, 18028, 3}, {0xBE10, 18031, 3}, {0xBE11, 18034, 3},
    {0xBE12, 18037, 3}, {0xBE13, 18040, 3}, {0xBE14, 18043, 3},
    {0xBE15, 18046, 3}, {0xBE16, 18049, 3}, {0xBE17, 18052, 3},
    {0xBE18, 18055, 3}, {0xBE19, 18058, 3}, {0xBE1A, 18061, 3},
    {0xBE1B, 18064, 3}, {0xBE1C, 18067, 3}, {0xBE1D, 18070, 3},
    {0xBE1E, 18073, 3}, {0xBE1F, 18076, 3}, {0xBE20, 18079, 3},
    {0xBE21, 18082, 3}, {0xBE22, 18085, 3}, {0xBE23, 18088, 3},
    {0xBE24, 18091, 3}, {0xBE25, 18094, 3}, {0xBE26, 18097, 3},
    {0xBE27, 18100, 3}, {0xBE28, 18103, 2}, {0xBE29, 18105, 3},
    {0xBE2A, 18108, 3}, {0xBE2B, 18111, 3}, {0xBE2C, 18114, 3},
    {0xBE2D, 18117, 3}, {0xBE2E, 18120, 3}, {0xBE2F, 18123, 3},
    {0xBE30, 18126, 3}, {0xBE31, 18129, 3}, {0xBE32, 18132, 3},
    {0xBE33, 18135, 3}, {0xBE34, 18138, 3}, {0xBE35, 18141, 3},
    {0xBE36, 18144, 3}, {0xBE37, 18147, 3}, {0xBE38, 18150, 3},
    {0xBE39, 18153, 3}, {0xBE3A, 18156, 3}, {0xBE3B, 18159, 3},
    {0xBE3C, 18162, 3}, {0xBE3D, 18165, 3}, {0xBE3E, 18168, 3},
    {0xBE3F, 18171, 3}, {0xBE40, 18174, 3}, {0xBE41, 18177, 3},
    {0xBE42, 18180, 3}, {0xBE43, 18183, 3}, {0xBE44, 18186, 2},
    {0xBE45, 18188, 3}, {0xBE46, 18191, 3}, {0xBE47, 18194, 3},
    {0xBE48, 18197, 3}, {0xBE49, 18200, 3}, {0xBE4A, 18203, 3},
    {0xBE4B, 18206, 3}, {0xBE4C, 18209, 3}, {0xBE4D, 18212, 3},
    {0xBE4E, 18215, 3}, {0xBE4F, 18218, 3}, {0xBE50, 18221, 3},
    {0xBE51, 18224, 3}, {0xBE52, 18227, 3}, {0xBE53, 18230, 3},
    {0xBE54, 18233, 3}, {0xBE55, 18236, 3}, {0xBE56, 18239, 3},
    {0xBE57, 18242, 3}, {0xBE58, 18245, 3}, {0xBE59, 18248, 3},
    {0xBE5A, 18251, 3}, {0xBE5B, 18254, 3}, {0xBE5C, 18257, 3},
    {0xBE5D, 18260, 3}, {0xBE5E, 18263, 3}, {0xBE5F, 18266, 3},
    {0xBE60, 18269, 2}, {0xBE61, 18271, 3}, {0xBE62, 18274, 3},
    {0xBE63, 18277, 3}, {0xBE64, 18280, 3}, {0xBE65, 18283, 3},
    {0xBE66, 18286, 3}, {0xBE67, 18289, 3}, {0xBE68, 18292, 3},
    {0xBE69, 18295, 3}, {0xBE6A, 18298, 3}, {0xBE6B, 18301, 3},
    {0xBE6C, 18304, 3}, {0xBE6D, 18307, 3}, {0xBE6E, 18310, 3},
    {0xBE6F, 18313, 3}, {0xBE70, 18316, 3}, {0xBE71, 18319, 3},
    {0xBE72, 18322, 3}, {0xBE73, 18325, 3}, {0xBE74, 18328, 3},
    {0xBE75, 18331, 3}, {0xBE76, 18334, 3}, {0xBE77, 18337, 3},
    {0xBE78, 18340, 3}, {0xBE79, 18343, 3}, {0xBE7A, 18346, 3},
    {0xBE7B, 18349, 3}, {0xBE7C, 18352, 2}, {0xBE7D, 18354, 3},
    {0xBE7E, 18357, 3}, {0xBE7F, 18360, 3}, {0xBE80, 18363, 3},
    {0xBE81, 18366, 3}, {0xBE82, 18369, 3}, {0xBE83, 18372, 3},
    {0xBE84, 18375, 3}, {0xBE85, 18378, 3}, {0xBE86, 18381, 3},
    {0xBE87, 18384, 3}, {0xBE88, 18387, 3}, {0xBE89, 18390, 3},
    {0xBE8A, 18393, 3}, {0xBE8B, 18396, 3}, {0xBE8C, 18399, 3},
    {0xBE8D, 18402, 3}, {0xBE8E, 18405, 3}, {0xBE8F, 18408, 3},
    {0xBE90, 18411, 3}, {0xBE91, 18414, 3}, {0xBE92, 18417, 3},
    {0xBE93, 18420, 3}, {0xBE94, 18423, 3}, {0xBE95, 18426, 3},
    {0xBE96, 18429, 3}, {0xBE97, 18432, 3}, {0xBE98, 18435, 2},
    {0xBE99, 18437, 3}, {0xBE9A, 18440, 3}, {0xBE9B, 18443, 3},
    {0xBE9C, 18446, 3}, {0xBE9D, 18449, 3}, {0xBE9E, 18452, 3},
    {0xBE9F, 18455, 3}, {0xBEA0, 18458, 3}, {0xBEA1, 18461, 3},
    {0xBEA2, 18464, 3}, {0xBEA3, 18467, 3}, {0xBEA4, 18470, 3},
    {0xBEA5, 18473, 3}, {0xBEA6, 18476, 3}, {0xBEA7, 18479, 3},
    {0xBEA8, 18482, 3}, {0xBEA9, 18485, 3}, {0xBEAA, 18488, 3},
    {0xBEAB, 18491, 3}, {0xBEAC, 18494, 3}, {0xBEAD, 18497, 3},
    {0xBEAE, 18500, 3}, {0xBEAF, 18503, 3}, {0xBEB0, 18506, 3},
    {0xBEB1, 18509, 3}, {0xBEB2, 18512, 3}, {0xBEB3, 18515, 3},
    {0xBEB4, 18518, 2}, {0xBEB5, 18520, 3}, {0xBEB6, 18523, 3},
    {0xBEB7, 18526, 3}, {0xBEB8, 18529, 3}, {0xBEB9, 18532, 3},
    {0xBEBA, 18535, 3}, {0xBEBB, 18538, 3}, {0xBEBC, 18541, 3},
    {0xBEBD, 18544, 3}, {0xBEBE, 18547, 3}, {0xBEBF, 18550, 3},
    {0xBEC0, 18553, 3}, {0xBEC1, 18556, 3}, {0xBEC2, 18559, 3},
    {0xBEC3, 18562, 3}, {0xBEC4, 18565, 3}, {0xBEC5, 18568, 3},
    {0xBEC6, 18571, 3}, {0xBEC7, 18574, 3}, {0xBEC8, 18577, 3},
    {0xBEC9, 18580, 3}, {0xBECA, 18583, 3}, {0xBECB, 18586, 3},
    {0xBECC, 18589, 3}, {0xBECD, 18592, 3}, {0xBECE, 18595, 3},
    {0xBECF, 18598, 3}, {0xBED0, 18601, 2}, {0xBED1, 18603, 3},
    {0xBED2, 18606, 3}, {0xBED3, 18609, 3}, {0xBED4, 18612, 3},
    {0xBED5, 18615, 3}, {0xBED6, 18618, 3}, {0xBED7, 18621, 3},
    {0xBED8, 18624, 3}, {0xBED9, 18627, 3}, {0xBEDA, 18630, 3},
    {0xBEDB, 18633, 3}, {0xBEDC, 18636, 3}, {0xBEDD, 18639, 3},
    {0xBEDE, 18642, 3}, {0xBEDF, 18645, 3}, {0xBEE0, 18648, 3},
    {0xBEE1, 18651, 3}, {0xBEE2, 18654, 3}, {0xBEE3, 18657, 3},
    {0xBEE4, 18660, 3}, {0xBEE5, 18663, 3}, {0xBEE6, 18666, 3},
    {0xBEE7, 18669, 3}, {0xBEE8, 18672, 3}, {0xBEE9, 18675, 3},
    {0xBEEA, 18678, 3}, {0xBEEB, 18681, 3}, {0xBEEC, 18684, 2},
    {0xBEED, 18686, 3}, {0xBEEE, 18689, 3}, {0xBEEF, 18692, 3},
    {0xBEF0, 18695, 3}, {0xBEF1, 18698, 3}, {0xBEF2, 18701, 3},
    {0xBEF3, 18704, 3}, {0xBEF4, 18707, 3}, {0xBEF5, 18710, 3},
    {0xBEF6, 18713, 3}, {0xBEF7, 18716, 3}, {0xBEF8, 18719, 3},
    {0xBEF9, 18722, 3}, {0xBEFA, 18725, 3}, {0xBEFB, 18728, 3},
    {0xBEFC, 18731, 3}, {0xBEFD, 18734, 3}, {0xBEFE, 18737, 3},
    {0xBEFF, 18740, 3}, {0xBF00, 18743, 3}, {0xBF01, 18746, 3},
    {0xBF02, 18749, 3}, {0xBF03, 18752, 3}, {0xBF04, 18755, 3},
    {0xBF05, 18758, 3}, {0xBF06, 18761, 3}, {0xBF07, 18764, 3},
    {0xBF08, 18767, 2}, {0xBF09, 18769, 3}, {0xBF0A, 18772, 3},
    {0xBF0B, 18775, 3}, {0xBF0C, 18778, 3}, {0xBF0D, 18781, 3},
    {0xBF0E, 18784, 3}, {0xBF0F, 18787, 3}, {0xBF10, 18790, 3},
    {0xBF11, 18793, 3}, {0xBF12, 18796, 3}, {0xBF13, 18799, 3},
    {0xBF14, 18802, 3}, {0xBF15, 18805, 3}, {0xBF16, 18808, 3},
    {0xBF17, 18811, 3}, {0xBF18, 18814, 3}, {0xBF19, 18817, 3},
    {0xBF1A, 18820, 3}, {0xBF1B, 18823, 3}, {0xBF1C, 18826, 3},
    {0xBF1D, 18829, 3}, {0xBF1E, 18832, 3}, {0xBF1F, 18835, 3},
    {0xBF20, 18838, 3}, {0xBF21, 18841, 3}, {0xBF22, 18844, 3},
    {0xBF23, 18847, 3}, {0xBF24, 18850, 2}, {0xBF25, 18852, 3},
    {0xBF26, 18855, 3}, {0xBF27, 18858, 3}, {0xBF28, 18861, 3},
    {0xBF29, 18864, 3}, {0xBF2A, 18867, 3}, {0xBF2B, 18870, 3},
    {0xBF2C, 18873, 3}, {0xBF2D, 18876, 3}, {0xBF2E, 18879, 3},
    {0xBF2F, 18882, 3}, {0xBF30, 18885, 3}, {0xBF31, 18888, 3},
    {0xBF32, 18891, 3}, {0xBF33, 18894, 3}, {0xBF34, 18897, 3},
    {0xBF35, 18900, 3}, {0xBF36, 18903, 3}, {0xBF37, 18906, 3},
    {0xBF38, 18909, 3}, {0xBF39, 18912, 3}, {0xBF3A, 18915, 3},
    {0xBF3B, 18918, 3}, {0xBF3C, 18921, 3}, {0xBF3D, 18924, 3},
    {0xBF3E, 18927, 3}, {0xBF3F, 18930, 3}, {0xBF40, 18933, 2},
    {0xBF41, 18935, 3}, {0xBF42, 18938, 3}, {0xBF43, 18941, 3},
    {0xBF44, 18944, 3}, {0xBF45, 18947, 3}, {0xBF46, 18950, 3},
    {0xBF47, 18953, 3}, {0xBF48, 18956, 3}, {0xBF49, 18959, 3},
    {0xBF4A, 18962, 3}, {0xBF4B, 18965, 3}, {0xBF4C, 18968, 3},
    {0xBF4D, 18971, 3}, {0xBF4E, 18974, 3}, {0xBF4F, 18977, 3},
    {0xBF50, 18980, 3}, {0xBF51, 18983, 3}, {0xBF52, 18986, 3},
    {0xBF53, 18989, 3}, {0xBF54, 18992, 3}, {0xBF55, 18995, 3},
    {0xBF56, 18998, 3}, {0xBF57, 19001, 3}, {0xBF58, 19004, 3},
    {0xBF59, 19007, 3}, {0xBF5A, 19010, 3}, {0xBF5B, 19013, 3},
    {0xBF5C, 19016, 2}, {0xBF5D, 19018, 3}, {0xBF5E, 19021, 3},
    {0xBF5F, 19024, 3}, {0xBF60, 19027, 3}, {0xBF61, 19030, 3},
    {0xBF62, 19033, 3}, {0xBF63, 19036, 3}, {0xBF64, 19039, 3},
    {0xBF65, 19042, 3}, {0xBF66, 19045, 3}, {0xBF67, 19048, 3},
    {0xBF68, 19051, 3}, {0xBF69, 19054, 3}, {0xBF6A, 19057, 3},
    {0xBF6B, 19060, 3}, {0xBF6C, 19063, 3}, {0xBF6D, 19066, 3},
    {0xBF6E, 19069, 3}, {0xBF6F, 19072, 3}, {0xBF70, 19075, 3},
    {0xBF71, 19078, 3}, {0xBF72, 19081, 3}, {0xBF73, 19084, 3},
    {0xBF74, 19087, 3}, {0xBF75, 19090, 3}, {0xBF76, 19093, 3},
    {0xBF77, 19096, 3}, {0xBF78, 19099, 2}, {0xBF79, 19101, 3},
    {0xBF7A, 19104, 3}, {0xBF7B, 19107, 3}, {0xBF7C, 19110, 3},
    {0xBF7D, 19113, 3}, {0xBF7E, 19116, 3}, {0xBF7F, 19119, 3},
    {0xBF80, 19122, 3}, {0xBF81, 19125, 3}, {0xBF82, 19128, 3},
    {0xBF83, 19131, 3}, {0xBF84, 19134, 3}, {0xBF85, 19137, 3},
    {0xBF86, 19140, 3}, {0xBF87, 19143, 3}, {0xBF88, 19146, 3},
    {0xBF89, 19149, 3}, {0xBF8A, 19152, 3}, {0xBF8B, 19155, 3},
    {0xBF8C, 19158, 3}, {0xBF8D, 19161, 3}, {0xBF8E, 19164, 3},
    {0xBF8F, 19167, 3}, {0xBF90, 19170, 3}, {0xBF91, 19173, 3},
    {0xBF92, 19176, 3}, {0xBF93, 19179, 3}, {0xBF94, 19182, 2},
    {0xBF95, 19184, 3}, {0xBF96, 19187, 3}, {0xBF97, 19190, 3},
    {0xBF98, 19193, 3}, {0xBF99, 19196, 3}, {0xBF9A, 19199, 3},
    {0xBF9B, 19202, 3}, {0xBF9C, 19205, 3}, {0xBF9D, 19208, 3},
    {0xBF9E, 19211, 3}, {0xBF9F, 19214, 3}, {0xBFA0, 19217, 3},
    {0xBFA1, 19220, 3}, {0xBFA2, 19223, 3}, {0xBFA3, 19226, 3},
    {0xBFA4, 19229, 3}, {0xBFA5, 19232, 3}, {0xBFA6, 19235, 3},
    {0xBFA7, 19238, 3}, {0xBFA8, 19241, 3}, {0xBFA9, 19244, 3},
    {0xBFAA, 19247, 3}, {0xBFAB, 19250, 3}, {0xBFAC, 19253, 3},
    {0xBFAD, 19256, 3}, {0xBFAE, 19259, 3}, {0xBFAF, 19262, 3},
    {0xBFB0, 19265, 2}, {0xBFB1, 19267, 3}, {0xBFB2, 19270, 3},
    {0xBFB3, 19273, 3}, {0xBFB4, 19276, 3}, {0xBFB5, 19279, 3},
    {0xBFB6, 19282, 3}, {0xBFB7, 19285, 3}, {0xBFB8, 19288, 3},
    {0xBFB9, 19291, 3}, {0xBFBA, 19294, 3}, {0xBFBB, 19297, 3},
    {0xBFBC, 19300, 3}, {0xBFBD, 19303, 3}, {0xBFBE, 19306, 3},
    {0xBFBF, 19309, 3}, {0xBFC0, 19312, 3}, {0xBFC1, 19315, 3},
    {0xBFC2, 19318, 3}, {0xBFC3, 19321, 3}, {0xBFC4, 19324, 3},
    {0xBFC5, 19327, 3}, {0xBFC6, 19330, 3}, {0xBFC7, 19333, 3},
    {0xBFC8, 19336, 3}, {0xBFC9, 19339, 3}, {0xBFCA, 19342, 3},
    {0xBFCB, 19345, 3}, {0xBFCC, 19348, 2}, {0xBFCD, 19350, 3},
    {0xBFCE, 19353, 3}, {0xBFCF, 19356, 3}, {0xBFD0, 19359, 3},
    {0xBFD1, 19362, 3}, {0xBFD2, 19365, 3}, {0xBFD3, 19368, 3},
    {0xBFD4, 19371, 3}, {0xBFD5, 19374, 3}, {0xBFD6, 19377, 3},
    {0xBFD7, 19380, 3}, {0xBFD8, 19383, 3}, {0xBFD9, 19386, 3},
    {0xBFDA, 19389, 3}, {0xBFDB, 19392, 3}, {0xBFDC, 19395, 3},
    {0xBFDD, 19398, 3}, {0xBFDE, 19401, 3}, {0xBFDF, 19404, 3},
    {0xBFE0, 19407, 3}, {0xBFE1, 19410, 3}, {0xBFE2, 19413, 3},
    {0xBFE3, 19416, 3}, {0xBFE4, 19419, 3}, {0xBFE5, 19422, 3},
    {0xBFE6, 19425, 3}, {0xBFE7, 19428, 3}, {0xBFE8, 19431, 2},
    {0xBFE9, 19433, 3}, {0xBFEA, 19436, 3}, {0xBFEB, 19439, 3},
    {0xBFEC, 19442, 3}, {0xBFED, 19445, 3}, {0xBFEE, 19448, 3},
    {0xBFEF, 19451, 3}, {0xBFF0, 19454, 3}, {0xBFF1, 19457, 3},
    {0xBFF2, 19460, 3}, {0xBFF3, 19463, 3}, {0xBFF4, 19466, 3},
    {0xBFF5, 19469, 3}, {0xBFF6, 19472, 3}, {0xBFF7, 19475, 3},
    {0xBFF8, 19478, 3}, {0xBFF9, 19481, 3}, {0xBFFA, 19484, 3},
    {0xBFFB, 19487, 3}, {0xBFFC, 19490, 3}, {0xBFFD, 19493, 3},
    {0xBFFE, 19496, 3}, {0xBFFF, 19499, 3}, {0xC000, 19502, 3},
    {0xC001, 19505, 3}, {0xC002, 19508, 3}, {0xC003, 19511, 3},
    {0xC004, 19514, 2}, {0xC005, 19516, 3}, {0xC006, 19519, 3},
    {0xC007, 19522, 3}, {0xC008, 19525, 3}, {0xC009, 19528, 3},
    {0xC00A, 19531, 3}, {0xC00B, 19534, 3}, {0xC00C, 19537, 3},
    {0xC00D, 19540, 3}, {0xC00E, 19543, 3}, {0xC00F, 19546, 3},
    {0xC010, 19549, 3}, {0xC011, 19552, 3}, {0xC012, 19555, 3},
    {0xC013, 19558, 3}, {0xC014, 19561, 3}, {0xC015, 19564, 3},
    {0xC016, 19567, 3}, {0xC017, 19570, 3}, {0xC018, 19573, 3},
    {0xC019, 19576, 3}, {0xC01A, 19579, 3}, {0xC01B, 19582, 3},
    {0xC01C, 19585, 3}, {0xC01D, 19588, 3}, {0xC01E, 19591, 3},
    {0xC01F, 19594, 3}, {0xC020, 19597, 2}, {0xC021, 19599, 3},
    {0xC022, 19602, 3}, {0xC023, 19605, 3}, {0xC024, 19608, 3},
    {0xC025, 19611, 3}, {0xC026, 19614, 3}, {0xC027, 19617, 3},
    {0xC028, 19620, 3}, {0xC029, 19623, 3}, {0xC02A, 19626, 3},
    {0xC02B, 19629, 3}, {0xC02C, 19632, 3}, {0xC02D, 19635, 3},
    {0xC02E, 19638, 3}, {0xC02F, 19641, 3}, {0xC030, 19644, 3},
    {0xC031, 19647, 3}, {0xC032, 19650, 3}, {0xC033, 19653, 3},
    {0xC034, 19656, 3}, {0xC035, 19659, 3}, {0xC036, 19662, 3},
    {0xC037, 19665, 3}, {0xC038, 19668, 3}, {0xC039, 19671, 3},
    {0xC03A, 19674, 3}, {0xC03B, 19677, 3}, {0xC03C, 19680, 2},
    {0xC03D, 19682, 3}, {0xC03E, 19685, 3}, {0xC03F, 19688, 3},
    {0xC040, 19691, 3}, {0xC041, 19694, 3}, {0xC042, 19697, 3},
    {0xC043, 19700, 3}, {0xC044, 19703, 3}, {0xC045, 19706, 3},
    {0xC046, 19709, 3}, {0xC047, 19712, 3}, {0xC048, 19715, 3},
    {0xC049, 19718, 3}, {0xC04A, 19721, 3}, {0xC04B, 19724, 3},
    {0xC04C, 19727, 3}, {0xC04D, 19730, 3}, {0xC04E, 19733, 3},
    {0xC04F, 19736, 3}, {0xC050, 19739, 3}, {0xC051, 19742, 3},
    {0xC052, 19745, 3}, {0xC053, 19748, 3}, {0xC054, 19751, 3},
    {0xC055, 19754, 3}, {0xC056, 19757, 3}, {0xC057, 19760, 3},
    {0xC058, 19763, 2}, {0xC059, 19765, 3}, {0xC05A, 19768, 3},
    {0xC05B, 19771, 3}, {0xC05C, 19774, 3}, {0xC05D, 19777, 3},
    {0xC05E, 19780, 3}, {0xC05F, 19783, 3}, {0xC060, 19786, 3},
    {0xC061, 19789, 3}, {0xC062, 19792, 3}, {0xC063, 19795, 3},
    {0xC064, 19798, 3}, {0xC065, 19801, 3}, {0xC066, 19804, 3},
    {0xC067, 19807, 3}, {0xC068, 19810, 3}, {0xC069, 19813, 3},
    {0xC06A, 19816, 3}, {0xC06B, 19819, 3}, {0xC06C, 19822, 3},
    {0xC06D, 19825, 3}, {0xC06E, 19828, 3}, {0xC06F, 19831, 3},
    {0xC070, 19834, 3}, {0xC071, 19837, 3}, {0xC072, 19840, 3},
    {0xC073, 19843, 3}, {0xC074, 19846, 2}, {0xC075, 19848, 3},
    {0xC076, 19851, 3}, {0xC077, 19854, 3}, {0xC078, 19857, 3},
    {0xC079, 19860, 3}, {0xC07A, 19863, 3}, {0xC07B, 19866, 3},
    {0xC07C, 19869, 3}, {0xC07D, 19872, 3}, {0xC07E, 19875, 3},
    {0xC07F, 19878, 3}, {0xC080, 19881, 3}, {0xC081, 19884, 3},
    {0xC082, 19887, 3}, {0xC083, 19890, 3}, {0xC084, 19893, 3},
    {0xC085, 19896, 3}, {0xC086, 19899, 3}, {0xC087, 19902, 3},
    {0xC088, 19905, 3}, {0xC089, 19908, 3}, {0xC08A, 19911, 3},
    {0xC08B, 19914, 3}, {0xC08C, 19917, 3}, {0xC08D, 19920, 3},
    {0xC08E, 19923, 3}, {0xC08F, 19926, 3}, {0xC090, 19929, 2},
    {0xC091, 19931, 3}, {0xC092, 19934, 3}, {0xC093, 19937, 3},
    {0xC094, 19940, 3}, {0xC095, 19943, 3}, {0xC096, 19946, 3},
    {0xC097, 19949, 3}, {0xC098, 19952, 3}, {0xC099, 19955, 3},
    {0xC09A, 19958, 3}, {0xC09B, 19961, 3}, {0xC09C, 19964, 3},
    {0xC09D, 19967, 3}, {0xC09E, 19970, 3}, {0xC09F, 19973, 3},
    {0xC0A0, 19976, 3}, {0xC0A1, 19979, 3}, {0xC0A2, 19982, 3},
    {0xC0A3, 19985, 3}, {0xC0A4, 19988, 3}, {0xC0A5, 19991, 3},
    {0xC0A6, 19994, 3}, {0xC0A7, 19997, 3}, {0xC0A8, 20000, 3},
    {0xC0A9, 20003, 3}, {0xC0AA, 20006, 3}, {0xC0AB, 20009, 3},
    {0xC0AC, 20012, 2}, {0xC0AD, 20014, 3}, {0xC0AE, 20017, 3},
    {0xC0AF, 20020, 3}, {0xC0B0, 20023, 3}, {0xC0B1, 20026, 3},
    {0xC0B2, 20029, 3}, {0xC0B3, 20032, 3}, {0xC0B4, 20035, 3},
    {0xC0B5, 20038, 3}, {0xC0B6, 20041, 3}, {0xC0B7, 20044, 3},
    {0xC0B8, 20047, 3}, {0xC0B9, 20050, 3}, {0xC0BA, 20053, 3},
    {0xC0BB, 20056, 3}, {0xC0BC, 20059, 3}, {0xC0BD, 20062, 3},
    {0xC0BE, 20065, 3}, {0xC0BF, 20068, 3}, {0xC0C0, 20071, 3},
    {0xC0C1, 20074, 3}, {0xC0C2, 20077, 3}, {0xC0C3, 20080, 3},
    {0xC0C4, 20083, 3}, {0xC0C5, 20086, 3}, {0xC0C6, 20089, 3},
    {0xC0C7, 20092, 3}, {0xC0C8, 20095, 2}, {0xC0C9, 20097, 3},
    {0xC0CA, 20100, 3}, {0xC0CB, 20103, 3}, {0xC0CC, 20106, 3},
    {0xC0CD, 20109, 3}, {0xC0CE, 20112, 3}, {0xC0CF, 20115, 3},
    {0xC0D0, 20118, 3}, {0xC0D1, 20121, 3}, {0xC0D2, 20124, 3},
    {0xC0D3, 20127, 3}, {0xC0D4, 20130, 3}, {0xC0D5, 20133, 3},
    {0xC0D6, 20136, 3}, {0xC0D7, 20139, 3}, {0xC0D8, 20142, 3},
    {0xC0D9, 20145, 3}, {0xC0DA, 20148, 3}, {0xC0DB, 20151, 3},
    {0xC0DC, 20154, 3}, {0xC0DD, 20157, 3}, {0xC0DE, 20160, 3},
    {0xC0DF, 20163, 3}, {0xC0E0, 20166, 3}, {0xC0E1, 20169, 3},
    {0xC0E2, 20172, 3}, {0xC0E3, 20175, 3}, {0xC0E4, 20178, 2},
    {0xC0E5, 20180, 3}, {0xC0E6, 20183, 3}, {0xC0E7, 20186, 3},
    {0xC0E8, 20189, 3}, {0xC0E9, 20192, 3}, {0xC0EA, 20195, 3},
    {0xC0EB, 20198, 3}, {0xC0EC, 20201, 3}, {0xC0ED, 20204, 3},
    {0xC0EE, 20207, 3}, {0xC0EF, 20210, 3}, {0xC0F0, 20213, 3},
    {0xC0F1, 20216, 3}, {0xC0F2, 20219, 3}, {0xC0F3, 20222, 3},
    {0xC0F4, 20225, 3}, {0xC0F5, 20228, 3}, {0xC0F6, 20231, 3},
    {0xC0F7, 20234, 3}, {0xC0F8, 20237, 3}, {0xC0F9, 20240, 3},
    {0xC0FA, 20243, 3}, {0xC0FB, 20246, 3}, {0xC0FC, 20249, 3},
    {0xC0FD, 20252, 3}, {0xC0FE, 20255, 3}, {0xC0FF, 20258, 3},
    {0xC100, 20261, 2}, {0xC101, 20263, 3}, {0xC102, 20266, 3},
    {0xC103, 20269, 3}, {0xC104, 20272, 3}, {0xC105, 20275, 3},
    {0xC106, 20278, 3}, {0xC107, 20281, 3}, {0xC108, 20284, 3},
    {0xC109, 20287, 3}, {0xC10A, 20290, 3}, {0xC10B, 20293, 3},
    {0xC10C, 20296, 3}, {0xC10D, 20299, 3}, {0xC10E, 20302, 3},
    {0xC10F, 20305, 3}, {0xC110, 20308, 3}, {0xC111, 20311, 3},
    {0xC112, 20314, 3}, {0xC113, 20317, 3}, {0xC114, 20320, 3},
    {0xC115, 20323, 3}, {0xC116, 20326, 3}, {0xC117, 20329, 3},
    {0xC118, 20332, 3}, {0xC119, 20335, 3}, {0xC11A, 20338, 3},
    {0xC11B, 20341, 3}, {0xC11C, 20344, 2}, {0xC11D, 20346, 3},
    {0xC11E, 20349, 3}, {0xC11F, 20352, 3}, {0xC120, 20355, 3},
    {0xC121, 20358, 3}, {0xC122, 20361, 3}, {0xC123, 20364, 3},
    {0xC124, 20367, 3}, {0xC125, 20370, 3}, {0xC126, 20373, 3},
    {0xC127, 20376, 3}, {0xC128, 20379, 3}, {0xC129, 20382, 3},
    {0xC12A, 20385, 3}, {0xC12B, 20388, 3}, {0xC12C, 20391, 3},
    {0xC12D, 20394, 3}, {0xC12E, 20397, 3}, {0xC12F, 20400, 3},
    {0xC130, 20403, 3}, {0xC131, 20406, 3}, {0xC132, 20409, 3},
    {0xC133, 20412, 3}, {0xC134, 20415, 3}, {0xC135, 20418, 3},
    {0xC136, 20421, 3}, {0xC137, 20424, 3}, {0xC138, 20427, 2},
    {0xC139, 20429, 3}, {0xC13A, 20432, 3}, {0xC13B, 20435, 3},
    {0xC13C, 20438, 3}, {0xC13D, 20441, 3}, {0xC13E, 20444, 3},
    {0xC13F, 20447, 3}, {0xC140, 20450, 3}, {0xC141, 20453, 3},
    {0xC142, 20456, 3}, {0xC143, 20459, 3}, {0xC144, 20462, 3},
    {0xC145, 20465, 3}, {0xC146, 20468, 3}, {0xC147, 20471, 3},
    {0xC148, 20474, 3}, {0xC149, 20477, 3}, {0xC14A, 20480, 3},
    {0xC14B, 20483, 3}, {0xC14C, 20486, 3}, {0xC14D, 20489, 3},
    {0xC14E, 20492, 3}, {0xC14F, 20495, 3}, {0xC150, 20498, 3},
    {0xC151, 20501, 3}, {0xC152, 20504, 3}, {0xC153, 20507, 3},
    {0xC154, 20510, 2}, {0xC155, 20512, 3}, {0xC156, 20515, 3},
    {0xC157, 20518, 3}, {0xC158, 20521, 3}, {0xC159, 20524, 3},
    {0xC15A, 20527, 3}, {0xC15B, 20530, 3}, {0xC15C, 20533, 3},
    {0xC15D, 20536, 3}, {0xC15E, 20539, 3}, {0xC15F, 20542, 3},
    {0xC160, 20545, 3}, {0xC161, 20548, 3}, {0xC162, 20551, 3},
    {0xC163, 20554, 3}, {0xC164, 20557, 3}, {0xC165, 20560, 3},
    {0xC166, 20563, 3}, {0xC167, 20566, 3}, {0xC168, 20569, 3},
    {0xC169, 20572, 3}, {0xC16A, 20575, 3}, {0xC16B, 20578, 3},
    {0xC16C, 20581, 3}, {0xC16D, 20584, 3}, {0xC16E, 20587, 3},
    {0xC16F, 20590, 3}, {0xC170, 20593, 2}, {0xC171, 20595, 3},
    {0xC172, 20598, 3}, {0xC173, 20601, 3}, {0xC174, 20604, 3},
    {0xC175, 20607, 3}, {0xC176, 20610, 3}, {0xC177, 20613, 3},
    {0xC178, 20616, 3}, {0xC179, 20619, 3}, {0xC17A, 20622, 3},
    {0xC17B, 20625, 3}, {0xC17C, 20628, 3}, {0xC17D, 20631, 3},
    {0xC17E, 20634, 3}, {0xC17F, 20637, 3}, {0xC180, 20640, 3},
    {0xC181, 20643, 3}, {0xC182, 20646, 3}, {0xC183, 20649, 3},
    {0xC184, 20652, 3}, {0xC185, 20655, 3}, {0xC186, 20658, 3},
    {0xC187, 20661, 3}, {0xC188, 20664, 3}, {0xC189, 20667, 3},
    {0xC18A, 20670, 3}, {0xC18B, 20673, 3}, {0xC18C, 20676, 2},
    {0xC18D, 20678, 3}, {0xC18E, 20681, 3}, {0xC18F, 20684, 3},
    {0xC190, 20687, 3}, {0xC191, 20690, 3}, {0xC192, 20693, 3},
    {0xC193, 20696, 3}, {0xC194, 20699, 3}, {0xC195, 20702, 3},
    {0xC196, 20705, 3}, {0xC197, 20708, 3}, {0xC198, 20711, 3},
    {0xC199, 20714, 3}, {0xC19A, 20717, 3}, {0xC19B, 20720, 3},
    {0xC19C, 20723, 3}, {0xC19D, 20726, 3}, {0xC19E, 20729, 3},
    {0xC19F, 20732, 3}, {0xC1A0, 20735, 3}, {0xC1A1, 20738, 3},
    {0xC1A2, 20741, 3}, {0xC1A3, 20744, 3}, {0xC1A4, 20747, 3},
    {0xC1A5, 20750, 3}, {0xC1A6, 20753, 3}, {0xC1A7, 20756, 3},
    {0xC1A8, 20759, 2}, {0xC1A9, 20761, 3}, {0xC1AA, 20764, 3},
    {0xC1AB, 20767, 3}, {0xC1AC, 20770, 3}, {0xC1AD, 20773, 3},
    {0xC1AE, 20776, 3}, {0xC1AF, 20779, 3}, {0xC1B0, 20782, 3},
    {0xC1B1, 20785, 3}, {0xC1B2, 20788, 3}, {0xC1B3, 20791, 3},
    {0xC1B4, 20794, 3}, {0xC1B5, 20797, 3}, {0xC1B6, 20800, 3},
    {0xC1B7, 20803, 3}, {0xC1B8, 20806, 3}, {0xC1B9, 20809, 3},
    {0xC1BA, 20812, 3}, {0xC1BB, 20815, 3}, {0xC1BC, 20818, 3},
    {0xC1BD, 20821, 3}, {0xC1BE, 20824, 3}, {0xC1BF, 20827, 3},
    {0xC1C0, 20830, 3}, {0xC1C1, 20833, 3}, {0xC1C2, 20836, 3},
    {0xC1C3, 20839, 3}, {0xC1C4, 20842, 2}, {0xC1C5, 20844, 3},
    {0xC1C6, 20847, 3}, {0xC1C7, 20850, 3}, {0xC1C8, 20853, 3},
    {0xC1C9, 20856, 3}, {0xC1CA, 20859, 3}, {0xC1CB, 20862, 3},
    {0xC1CC, 20865, 3}, {0xC1CD, 20868, 3}, {0xC1CE, 20871, 3},
    {0xC1CF, 20874, 3}, {0xC1D0, 20877, 3}, {0xC1D1, 20880, 3},
    {0xC1D2, 20883, 3}, {0xC1D3, 20886, 3}, {0xC1D4, 20889, 3},
    {0xC1D5, 20892, 3}, {0xC1D6, 20895, 3}, {0xC1D7, 20898, 3},
    {0xC1D8, 20901, 3}, {0xC1D9, 20904, 3}, {0xC1DA, 20907, 3},
    {0xC1DB, 20910, 3}, {0xC1DC, 20913, 3}, {0xC1DD, 20916, 3},
    {0xC1DE, 20919, 3}, {0xC1DF, 20922, 3}, {0xC1E0, 20925, 2},
    {0xC1E1, 20927, 3}, {0xC1E2, 20930, 3}, {0xC1E3, 20933, 3},
    {0xC1E4, 20936, 3}, {0xC1E5, 20939, 3}, {0xC1E6, 20942, 3},
    {0xC1E7, 20945, 3}, {0xC1E8, 20948, 3}, {0xC1E9, 20951, 3},
    {0xC1EA, 20954, 3}, {0xC1EB, 20957, 3}, {0xC1EC, 20960, 3},
    {0xC1ED, 20963, 3}, {0xC1EE, 20966, 3}, {0xC1EF, 20969, 3},
    {0xC1F0, 20972, 3}, {0xC1F1, 20975, 3}, {0xC1F2, 20978, 3},
    {0xC1F3, 20981, 3}, {0xC1F4, 20984, 3}, {0xC1F5, 20987, 3},
    {0xC1F6, 20990, 3}, {0xC1F7, 20993, 3}, {0xC1F8, 20996, 3},
    {0xC1F9, 20999, 3}, {0xC1FA, 21002, 3}, {0xC1FB, 21005, 3},
    {0xC1FC, 21008, 2}, {0xC1FD, 21010, 3}, {0xC1FE, 21013, 3},
    {0xC1FF, 21016, 3}, {0xC200, 21019, 3}, {0xC201, 21022, 3},
    {0xC202, 21025, 3}, {0xC203, 21028, 3}, {0xC204, 21031, 3},
    {0xC205, 21034, 3}, {0xC206, 21037, 3}, {0xC207, 21040, 3},
    {0xC208, 21043, 3}, {0xC209, 21046, 3}, {0xC20A, 21049, 3},
    {0xC20B, 21052, 3}, {0xC20C, 21055, 3}, {0xC20D, 21058, 3},
    {0xC20E, 21061, 3}, {0xC20F, 21064, 3}, {0xC210, 21067, 3},
    {0xC211, 21070, 3}, {0xC212, 21073, 3}, {0xC213, 21076, 3},
    {0xC214, 21079, 3}, {0xC215, 21082, 3}, {0xC216, 21085, 3},
    {0xC217, 21088, 3}, {0xC218, 21091, 2}, {0xC219, 21093, 3},
    {0xC21A, 21096, 3}, {0xC21B, 21099, 3}, {0xC21C, 21102, 3},
    {0xC21D, 21105, 3}, {0xC21E, 21108, 3}, {0xC21F, 21111, 3},
    {0xC220, 21114, 3}, {0xC221, 21117, 3}, {0xC222, 21120, 3},
    {0xC223, 21123, 3}, {0xC224, 21126, 3}, {0xC225, 21129, 3},
    {0xC226, 21132, 3}, {0xC227, 21135, 3}, {0xC228, 21138, 3},
    {0xC229, 21141, 3}, {0xC22A, 21144, 3}, {0xC22B, 21147, 3},
    {0xC22C, 21150, 3}, {0xC22D, 21153, 3}, {0xC22E, 21156, 3},
    {0xC22F, 21159, 3}, {0xC230, 21162, 3}, {0xC231, 21165, 3},
    {0xC232, 21168, 3}, {0xC233, 21171, 3}, {0xC234, 21174, 2},
    {0xC235, 21176, 3}, {0xC236, 21179, 3}, {0xC237, 21182, 3},
    {0xC238, 21185, 3}, {0xC239, 21188, 3}, {0xC23A, 21191, 3},
    {0xC23B, 21194, 3}, {0xC23C, 21197, 3}, {0xC23D, 21200, 3},
    {0xC23E, 21203, 3}, {0xC23F, 21206, 3}, {0xC240, 21209, 3},
    {0xC241, 21212, 3}, {0xC242, 21215, 3}, {0xC243, 21218, 3},
    {0xC244, 21221, 3}, {0xC245, 21224, 3}, {0xC246, 21227, 3},
    {0xC247, 21230, 3}, {0xC248, 21233, 3}, {0xC249, 21236, 3},
    {0xC24A, 21239, 3}, {0xC24B, 21242, 3}, {0xC24C, 21245, 3},
    {0xC24D, 21248, 3}, {0xC24E, 21251, 3}, {0xC24F, 21254, 3},
    {0xC250, 21257, 2}, {0xC251, 21259, 3}, {0xC252, 21262, 3},
    {0xC253, 21265, 3}, {0xC254, 21268, 3}, {0xC255, 21271, 3},
    {0xC256, 21274, 3}, {0xC257, 21277, 3}, {0xC258, 21280, 3},
    {0xC259, 21283, 3}, {0xC25A, 21286, 3}, {0xC25B, 21289, 3},
    {0xC25C, 21292, 3}, {0xC25D, 21295, 3}, {0xC25E, 21298, 3},
    {0xC25F, 21301, 3}, {0xC260, 21304, 3}, {0xC261, 21307, 3},
    {0xC262, 21310, 3}, {0xC263, 21313, 3}, {0xC264, 21316, 3},
    {0xC265, 21319, 3}, {0xC266, 21322, 3}, {0xC267, 21325, 3},
    {0xC268, 21328, 3}, {0xC269, 21331, 3}, {0xC26A, 21334, 3},
    {0xC26B, 21337, 3}, {0xC26C, 21340, 2}, {0xC26D, 21342, 3},
    {0xC26E, 21345, 3}, {0xC26F, 21348, 3}, {0xC270, 21351, 3},
    {0xC271, 21354, 3}, {0xC272, 21357, 3}, {0xC273, 21360, 3},
    {0xC274, 21363, 3}, {0xC275, 21366, 3}, {0xC276, 21369, 3},
    {0xC277, 21372, 3}, {0xC278, 21375, 3}, {0xC279, 21378, 3},
    {0xC27A, 21381, 3}, {0xC27B, 21384, 3}, {0xC27C, 21387, 3},
    {0xC27D, 21390, 3}, {0xC27E, 21393, 3}, {0xC27F, 21396, 3},
    {0xC280, 21399, 3}, {0xC281, 21402, 3}, {0xC282, 21405, 3},
    {0xC283, 21408, 3}, {0xC284, 21411, 3}, {0xC285, 21414, 3},
    {0xC286, 21417, 3}, {0xC287, 21420, 3}, {0xC288, 21423, 2},
    {0xC289, 21425, 3}, {0xC28A, 21428, 3}, {0xC28B, 21431, 3},
    {0xC28C, 21434, 3}, {0xC28D, 21437, 3}, {0xC28E, 21440, 3},
    {0xC28F, 21443, 3}, {0xC290, 21446, 3}, {0xC291, 21449, 3},
    {0xC292, 21452, 3}, {0xC293, 21455, 3}, {0xC294, 21458, 3},
    {0xC295, 21461, 3}, {0xC296, 21464, 3}, {0xC297, 21467, 3},
    {0xC298, 21470, 3}, {0xC299, 21473, 3}, {0xC29A, 21476, 3},
    {0xC29B, 21479, 3}, {0xC29C, 21482, 3}, {0xC29D, 21485, 3},
    {0xC29E, 21488, 3}, {0xC29F, 21491, 3}, {0xC2A0, 21494, 3},
    {0xC2A1, 21497, 3}, {0xC2A2, 21500, 3}, {0xC2A3, 21503, 3},
    {0xC2A4, 21506, 2}, {0xC2A5, 21508, 3}, {0xC2A6, 21511, 3},
    {0xC2A7, 21514, 3}, {0xC2A8, 21517, 3}, {0xC2A9, 21520, 3},
    {0xC2AA, 21523, 3}, {0xC2AB, 21526, 3}, {0xC2AC, 21529, 3},
    {0xC2AD, 21532, 3}, {0xC2AE, 21535, 3}, {0xC2AF, 21538, 3},
    {0xC2B0, 21541, 3}, {0xC2B1, 21544, 3}, {0xC2B2, 21547, 3},
    {0xC2B3, 21550, 3}, {0xC2B4, 21553, 3}, {0xC2B5, 21556, 3},
    {0xC2B6, 21559, 3}, {0xC2B7, 21562, 3}, {0xC2B8, 21565, 3},
    {0xC2B9, 21568, 3}, {0xC2BA, 21571, 3}, {0xC2BB, 21574, 3},
    {0xC2BC, 21577, 3}, {0xC2BD, 21580, 3}, {0xC2BE, 21583, 3},
    {0xC2BF, 21586, 3}, {0xC2C0, 21589, 2}, {0xC2C1, 21591, 3},
    {0xC2C2, 21594, 3}, {0xC2C3, 21597, 3}, {0xC2C4, 21600, 3},
    {0xC2C5, 21603, 3}, {0xC2C6, 21606, 3}, {0xC2C7, 21609, 3},
    {0xC2C8, 21612, 3}, {0xC2C9, 21615, 3}, {0xC2CA, 21618, 3},
    {0xC2CB, 21621, 3}, {0xC2CC, 21624, 3}, {0xC2CD, 21627, 3},
    {0xC2CE, 21630, 3}, {0xC2CF, 21633, 3}, {0xC2D0, 21636, 3},
    {0xC2D1, 21639, 3}, {0xC2D2, 21642, 3}, {0xC2D3, 21645, 3},
    {0xC2D4, 21648, 3}, {0xC2D5, 21651, 3}, {0xC2D6, 21654, 3},
    {0xC2D7, 21657, 3}, {0xC2D8, 21660, 3}, {0xC2D9, 21663, 3},
    {0xC2DA, 21666, 3}, {0xC2DB, 21669, 3}, {0xC2DC, 21672, 2},
    {0xC2DD, 21674, 3}, {0xC2DE, 21677, 3}, {0xC2DF, 21680, 3},
    {0xC2E0, 21683, 3}, {0xC2E1, 21686, 3}, {0xC2E2, 21689, 3},
    {0xC2E3, 21692, 3}, {0xC2E4, 21695, 3}, {0xC2E5, 21698, 3},
    {0xC2E6, 21701, 3}, {0xC2E7, 21704, 3}, {0xC2E8, 21707, 3},
    {0xC2E9, 21710, 3}, {0xC2EA, 21713, 3}, {0xC2EB, 21716, 3},
    {0xC2EC, 21719, 3}, {0xC2ED, 21722, 3}, {0xC2EE, 21725, 3},
    {0xC2EF, 21728, 3}, {0xC2F0, 21731, 3}, {0xC2F1, 21734, 3},
    {0xC2F2, 21737, 3}, {0xC2F3, 21740, 3}, {0xC2F4, 21743, 3},
    {0xC2F5, 21746, 3}, {0xC2F6, 21749, 3}, {0xC2F7, 21752, 3},
    {0xC2F8, 21755, 2}, {0xC2F9, 21757, 3}, {0xC2FA, 21760, 3},
    {0xC2FB, 21763, 3}, {0xC2FC, 21766, 3}, {0xC2FD, 21769, 3},
    {0xC2FE, 21772, 3}, {0xC2FF, 21775, 3}, {0xC300, 21778, 3},
    {0xC301, 21781, 3}, {0xC302, 21784, 3}, {0xC303, 21787, 3},
    {0xC304, 21790, 3}, {0xC305, 21793, 3}, {0xC306, 21796, 3},
    {0xC307, 21799, 3}, {0xC308, 21802, 3}, {0xC309, 21805, 3},
    {0xC30A, 21808, 3}, {0xC30B, 21811, 3}, {0xC30C, 21814, 3},
    {0xC30D, 21817, 3}, {0xC30E, 21820, 3}, {0xC30F, 21823, 3},
    {0xC310, 21826, 3}, {0xC311, 21829, 3}, {0xC312, 21832, 3},
    {0xC313, 21835, 3}, {0xC314, 21838, 2}, {0xC315, 21840, 3},
    {0xC316, 21843, 3}, {0xC317, 21846, 3}, {0xC318, 21849, 3},
    {0xC319, 21852, 3}, {0xC31A, 21855, 3}, {0xC31B, 21858, 3},
    {0xC31C, 21861, 3}, {0xC31D, 21864, 3}, {0xC31E, 21867, 3},
    {0xC31F, 21870, 3}, {0xC320, 21873, 3}, {0xC321, 21876, 3},
    {0xC322, 21879, 3}, {0xC323, 21882, 3}, {0xC324, 21885, 3},
    {0xC325, 21888, 3}, {0xC326, 21891, 3}, {0xC327, 21894, 3},
    {0xC328, 21897, 3}, {0xC329, 21900, 3}, {0xC32A, 21903, 3},
    {0xC32B, 21906, 3}, {0xC32C, 21909, 3}, {0xC32D, 21912, 3},
    {0xC32E, 21915, 3}, {0xC32F, 21918, 3}, {0xC330, 21921, 2},
    {0xC331, 21923, 3}, {0xC332, 21926, 3}, {0xC333, 21929, 3},
    {0xC334, 21932, 3}, {0xC335, 21935, 3}, {0xC336, 21938, 3},
    {0xC337, 21941, 3}, {0xC338, 21944, 3}, {0xC339, 21947, 3},
    {0xC33A, 21950, 3}, {0xC33B, 21953, 3}, {0xC33C, 21956, 3},
    {0xC33D, 21959, 3}, {0xC33E, 21962, 3}, {0xC33F, 21965, 3},
    {0xC340, 21968, 3}, {0xC341, 21971, 3}, {0xC342, 21974, 3},
    {0xC343, 21977, 3}, {0xC344, 21980, 3}, {0xC345, 21983, 3},
    {0xC346, 21986, 3}, {0xC347, 21989, 3}, {0xC348, 21992, 3},
    {0xC349, 21995, 3}, {0xC34A, 21998, 3}, {0xC34B, 22001, 3},
    {0xC34C, 22004, 2}, {0xC34D, 22006, 3}, {0xC34E, 22009, 3},
    {0xC34F, 22012, 3}, {0xC350, 22015, 3}, {0xC351, 22018, 3},
    {0xC352, 22021, 3}, {0xC353, 22024, 3}, {0xC354, 22027, 3},
    {0xC355, 22030, 3}, {0xC356, 22033, 3}, {0xC357, 22036, 3},
    {0xC358, 22039, 3}, {0xC359, 22042, 3}, {0xC35A, 22045, 3},
    {0xC35B, 22048, 3}, {0xC35C, 22051, 3}, {0xC35D, 22054, 3},
    {0xC35E, 22057, 3}, {0xC35F, 22060, 3}, {0xC360, 22063, 3},
    {0xC361, 22066, 3}, {0xC362, 22069, 3}, {0xC363, 22072, 3},
    {0xC364, 22075, 3}, {0xC365, 22078, 3}, {0xC366, 22081, 3},
    {0xC367, 22084, 3}, {0xC368, 22087, 2}, {0xC369, 22089, 3},
    {0xC36A, 22092, 3}, {0xC36B, 22095, 3}, {0xC36C, 22098, 3},
    {0xC36D, 22101, 3}, {0xC36E, 22104, 3}, {0xC36F, 22107, 3},
    {0xC370, 22110, 3}, {0xC371, 22113, 3}, {0xC372, 22116, 3},
    {0xC373, 22119, 3}, {0xC374, 22122, 3}, {0xC375, 22125, 3},
    {0xC376, 22128, 3}, {0xC377, 22131, 3}, {0xC378, 22134, 3},
    {0xC379, 22137, 3}, {0xC37A, 22140, 3}, {0xC37B, 22143, 3},
    {0xC37C, 22146, 3}, {0xC37D, 22149, 3}, {0xC37E, 22152, 3},
    {0xC37F, 22155, 3}, {0xC380, 22158, 3}, {0xC381, 22161, 3},
    {0xC382, 22164, 3}, {0xC383, 22167, 3}, {0xC384, 22170, 2},
    {0xC385, 22172, 3}, {0xC386, 22175, 3}, {0xC387, 22178, 3},
    {0xC388, 22181, 3}, {0xC389, 22184, 3}, {0xC38A, 22187, 3},
    {0xC38B, 22190, 3}, {0xC38C, 22193, 3}, {0xC38D, 22196, 3},
    {0xC38E, 22199, 3}, {0xC38F, 22202, 3}, {0xC390, 22205, 3},
    {0xC391, 22208, 3}, {0xC392, 22211, 3}, {0xC393, 22214, 3},
    {0xC394, 22217, 3}, {0xC395, 22220, 3}, {0xC396, 22223, 3},
    {0xC397, 22226, 3}, {0xC398, 22229, 3}, {0xC399, 22232, 3},
    {0xC39A, 22235, 3}, {0xC39B, 22238, 3}, {0xC39C, 22241, 3},
    {0xC39D, 22244, 3}, {0xC39E, 22247, 3}, {0xC39F, 22250, 3},
    {0xC3A0, 22253, 2}, {0xC3A1, 22255, 3}, {0xC3A2, 22258, 3},
    {0xC3A3, 22261, 3}, {0xC3A4, 22264, 3}, {0xC3A5, 22267, 3},
    {0xC3A6, 22270, 3}, {0xC3A7, 22273, 3}, {0xC3A8, 22276, 3},
    {0xC3A9, 22279, 3}, {0xC3AA, 22282, 3}, {0xC3AB, 22285, 3},
    {0xC3AC, 22288, 3}, {0xC3AD, 22291, 3}, {0xC3AE, 22294, 3},
    {0xC3AF, 22297, 3}, {0xC3B0, 22300, 3}, {0xC3B1, 22303, 3},
    {0xC3B2, 22306, 3}, {0xC3B3, 22309, 3}, {0xC3B4, 22312, 3},
    {0xC3B5, 22315, 3}, {0xC3B6, 22318, 3}, {0xC3B7, 22321, 3},
    {0xC3B8, 22324, 3}, {0xC3B9, 22327, 3}, {0xC3BA, 22330, 3},
    {0xC3BB, 22333, 3}, {0xC3BC, 22336, 2}, {0xC3BD, 22338, 3},
    {0xC3BE, 22341, 3}, {0xC3BF, 22344, 3}, {0xC3C0, 22347, 3},
    {0xC3C1, 22350, 3}, {0xC3C2, 22353, 3}, {0xC3C3, 22356, 3},
    {0xC3C4, 22359, 3}, {0xC3C5, 22362, 3}, {0xC3C6, 22365, 3},
    {0xC3C7, 22368, 3}, {0xC3C8, 22371, 3}, {0xC3C9, 22374, 3},
    {0xC3CA, 22377, 3}, {0xC3CB, 22380, 3}, {0xC3CC, 22383, 3},
    {0xC3CD, 22386, 3}, {0xC3CE, 22389, 3}, {0xC3CF, 22392, 3},
    {0xC3D0, 22395, 3}, {0xC3D1, 22398, 3}, {0xC3D2, 22401, 3},
    {0xC3D3, 22404, 3}, {0xC3D4, 22407, 3}, {0xC3D5, 22410, 3},
    {0xC3D6, 22413, 3}, {0xC3D7, 22416, 3}, {0xC3D8, 22419, 2},
    {0xC3D9, 22421, 3}, {0xC3DA, 22424, 3}, {0xC3DB, 22427, 3},
    {0xC3DC, 22430, 3}, {0xC3DD, 22433, 3}, {0xC3DE, 22436, 3},
    {0xC3DF, 22439, 3}, {0xC3E0, 22442, 3}, {0xC3E1, 22445, 3},
    {0xC3E2, 22448, 3}, {0xC3E3, 22451, 3}, {0xC3E4, 22454, 3},
    {0xC3E5, 22457, 3}, {0xC3E6, 22460, 3}, {0xC3E7, 22463, 3},
    {0xC3E8, 22466, 3}, {0xC3E9, 22469, 3}, {0xC3EA, 22472, 3},
    {0xC3EB, 22475, 3}, {0xC3EC, 22478, 3}, {0xC3ED, 22481, 3},
    {0xC3EE, 22484, 3}, {0xC3EF, 22487, 3}, {0xC3F0, 22490, 3},
    {0xC3F1, 22493, 3}, {0xC3F2, 22496, 3}, {0xC3F3, 22499, 3},
    {0xC3F4, 22502, 2}, {0xC3F5, 22504, 3}, {0xC3F6, 22507, 3},
    {0xC3F7, 22510, 3}, {0xC3F8, 22513, 3}, {0xC3F9, 22516, 3},
    {0xC3FA, 22519, 3}, {0xC3FB, 22522, 3}, {0xC3FC, 22525, 3},
    {0xC3FD, 22528, 3}, {0xC3FE, 22531, 3}, {0xC3FF, 22534, 3},
    {0xC400, 22537, 3}, {0xC401, 22540, 3}, {0xC402, 22543, 3},
    {0xC403, 22546, 3}, {0xC404, 22549, 3}, {0xC405, 22552, 3},
    {0xC406, 22555, 3}, {0xC407, 22558, 3}, {0xC408, 22561, 3},
    {0xC409, 22564, 3}, {0xC40A, 22567, 3}, {0xC40B, 22570, 3},
    {0xC40C, 22573, 3}, {0xC40D, 22576, 3}, {0xC40E, 22579, 3},
    {0xC40F, 22582, 3}, {0xC410, 22585, 2}, {0xC411, 22587, 3},
    {0xC412, 22590, 3}, {0xC413, 22593, 3}, {0xC414, 22596, 3},
    {0xC415, 22599, 3}, {0xC416, 22602, 3}, {0xC417, 22605, 3},
    {0xC418, 22608, 3}, {0xC419, 22611, 3}, {0xC41A, 22614, 3},
    {0xC41B, 22617, 3}, {0xC41C, 22620, 3}, {0xC41D, 22623, 3},
    {0xC41E, 22626, 3}, {0xC41F, 22629, 3}, {0xC420, 22632, 3},
    {0xC421, 22635, 3}, {0xC422, 22638, 3}, {0xC423, 22641, 3},
    {0xC424, 22644, 3}, {0xC425, 22647, 3}, {0xC426, 22650, 3},
    {0xC427, 22653, 3}, {0xC428, 22656, 3}, {0xC429, 22659, 3},
    {0xC42A, 22662, 3}, {0xC42B, 22665, 3}, {0xC42C, 22668, 2},
    {0xC42D, 22670, 3}, {0xC42E, 22673, 3}, {0xC42F, 22676, 3},
    {0xC430, 22679, 3}, {0xC431, 22682, 3}, {0xC432, 22685, 3},
    {0xC433, 22688, 3}, {0xC434, 22691, 3}, {0xC435, 22694, 3},
    {0xC436, 22697, 3}, {0xC437, 22700, 3}, {0xC438, 22703, 3},
    {0xC439, 22706, 3}, {0xC43A, 22709, 3}, {0xC43B, 22712, 3},
    {0xC43C, 22715, 3}, {0xC43D, 22718, 3}, {0xC43E, 22721, 3},
    {0xC43F, 22724, 3}, {0xC440, 22727, 3}, {0xC441, 22730, 3},
    {0xC442, 22733, 3}, {0xC443, 22736, 3}, {0xC444, 22739, 3},
    {0xC445, 22742, 3}, {0xC446, 22745, 3}, {0xC447, 22748, 3},
    {0xC448, 22751, 2}, {0xC449, 22753, 3}, {0xC44A, 22756, 3},
    {0xC44B, 22759, 3}, {0xC44C, 22762, 3}, {0xC44D, 22765, 3},
    {0xC44E, 22768, 3}, {0xC44F, 22771, 3}, {0xC450, 22774, 3},
    {0xC451, 22777, 3}, {0xC452, 22780, 3}, {0xC453, 22783, 3},
    {0xC454, 22786, 3}, {0xC455, 22789, 3}, {0xC456, 22792, 3},
    {0xC457, 22795, 3}, {0xC458, 22798, 3}, {0xC459, 22801, 3},
    {0xC45A, 22804, 3}, {0xC45B, 22807, 3}, {0xC45C, 22810, 3},
    {0xC45D, 22813, 3}, {0xC45E, 22816, 3}, {0xC45F, 22819, 3},
    {0xC460, 22822, 3}, {0xC461, 22825, 3}, {0xC462, 22828, 3},
    {0xC463, 22831, 3}, {0xC464, 22834, 2}, {0xC465, 22836, 3},
    {0xC466, 22839, 3}, {0xC467, 22842, 3}, {0xC468, 22845, 3},
    {0xC469, 22848, 3}, {0xC46A, 22851, 3}, {0xC46B, 22854, 3},
    {0xC46C, 22857, 3}, {0xC46D, 22860, 3}, {0xC46E, 22863, 3},
    {0xC46F, 22866, 3}, {0xC470, 22869, 3}, {0xC471, 22872, 3},
    {0xC472, 22875, 3}, {0xC473, 22878, 3}, {0xC474, 22881, 3},
    {0xC475, 22884, 3}, {0xC476, 22887, 3}, {0xC477, 22890, 3},
    {0xC478, 22893, 3}, {0xC479, 22896, 3}, {0xC47A, 22899, 3},
    {0xC47B, 22902, 3}, {0xC47C, 22905, 3}, {0xC47D, 22908, 3},
    {0xC47E, 22911, 3}, {0xC47F, 22914, 3}, {0xC480, 22917, 2},
    {0xC481, 22919, 3}, {0xC482, 22922, 3}, {0xC483, 22925, 3},
    {0xC484, 22928, 3}, {0xC485, 22931, 3}, {0xC486, 22934, 3},
    {0xC487, 22937, 3}, {0xC488, 22940, 3}, {0xC489, 22943, 3},
    {0xC48A, 22946, 3}, {0xC48B, 22949, 3}, {0xC48C, 22952, 3},
    {0xC48D, 22955, 3}, {0xC48E, 22958, 3}, {0xC48F, 22961, 3},
    {0xC490, 22964, 3}, {0xC491, 22967, 3}, {0xC492, 22970, 3},
    {0xC493, 22973, 3}, {0xC494, 22976, 3}, {0xC495, 22979, 3},
    {0xC496, 22982, 3}, {0xC497, 22985, 3}, {0xC498, 22988, 3},
    {0xC499, 22991, 3}, {0xC49A, 22994, 3}, {0xC49B, 22997, 3},
    {0xC49C, 23000, 2}, {0xC49D, 23002, 3}, {0xC49E, 23005, 3},
    {0xC49F, 23008, 3}, {0xC4A0, 23011, 3}, {0xC4A1, 23014, 3},
    {0xC4A2, 23017, 3}, {0xC4A3, 23020, 3}, {0xC4A4, 23023, 3},
    {0xC4A5, 23026, 3}, {0xC4A6, 23029, 3}, {0xC4A7, 23032, 3},
    {0xC4A8, 23035, 3}, {0xC4A9, 23038, 3}, {0xC4AA, 23041, 3},
    {0xC4AB, 23044, 3}, {0xC4AC, 23047, 3}, {0xC4AD, 23050, 3},
    {0xC4AE, 23053, 3}, {0xC4AF, 23056, 3}, {0xC4B0, 23059, 3},
    {0xC4B1, 23062, 3}, {0xC4B2, 23065, 3}, {0xC4B3, 23068, 3},
    {0xC4B4, 23071, 3}, {0xC4B5, 23074, 3}, {0xC4B6, 23077, 3},
    {0xC4B7, 23080, 3}, {0xC4B8, 23083, 2}, {0xC4B9, 23085, 3},
    {0xC4BA, 23088, 3}, {0xC4BB, 23091, 3}, {0xC4BC, 23094, 3},
    {0xC4BD, 23097, 3}, {0xC4BE, 23100, 3}, {0xC4BF, 23103, 3},
    {0xC4C0, 23106, 3}, {0xC4C1, 23109, 3}, {0xC4C2, 23112, 3},
    {0xC4C3, 23115, 3}, {0xC4C4, 23118, 3}, {0xC4C5, 23121, 3},
    {0xC4C6, 23124, 3}, {0xC4C7, 23127, 3}, {0xC4C8, 23130, 3},
    {0xC4C9, 23133, 3}, {0xC4CA, 23136, 3}, {0xC4CB, 23139, 3},
    {0xC4CC, 23142, 3}, {0xC4CD, 23145, 3}, {0xC4CE, 23148, 3},
    {0xC4CF, 23151, 3}, {0xC4D0, 23154, 3}, {0xC4D1, 23157, 3},
    {0xC4D2, 23160, 3}, {0xC4D3, 23163, 3}, {0xC4D4, 23166, 2},
    {0xC4D5, 23168, 3}, {0xC4D6, 23171, 3}, {0xC4D7, 23174, 3},
    {0xC4D8, 23177, 3}, {0xC4D9, 23180, 3}, {0xC4DA, 23183, 3},
    {0xC4DB, 23186, 3}, {0xC4DC, 23189, 3}, {0xC4DD, 23192, 3},
    {0xC4DE, 23195, 3}, {0xC4DF, 23198, 3}, {0xC4E0, 23201, 3},
    {0xC4E1, 23204, 3}, {0xC4E2, 23207, 3}, {0xC4E3, 23210, 3},
    {0xC4E4, 23213, 3}, {0xC4E5, 23216, 3}, {0xC4E6, 23219, 3},
    {0xC4E7, 23222, 3}, {0xC4E8, 23225, 3}, {0xC4E9, 23228, 3},
    {0xC4EA, 23231, 3}, {0xC4EB, 23234, 3}, {0xC4EC, 23237, 3},
    {0xC4ED, 23240, 3}, {0xC4EE, 23243, 3}, {0xC4EF, 23246, 3},
    {0xC4F0, 23249, 2}, {0xC4F1, 23251, 3}, {0xC4F2, 23254, 3},
    {0xC4F3, 23257, 3}, {0xC4F4, 23260, 3}, {0xC4F5, 23263, 3},
    {0xC4F6, 23266, 3}, {0xC4F7, 23269, 3}, {0xC4F8, 23272, 3},
    {0xC4F9, 23275, 3}, {0xC4FA, 23278, 3}, {0xC4FB, 23281, 3},
    {0xC4FC, 23284, 3}, {0xC4FD, 23287, 3}, {0xC4FE, 23290, 3},
    {0xC4FF, 23293, 3}, {0xC500, 23296, 3}, {0xC501, 23299, 3},
    {0xC502, 23302, 3}, {0xC503, 23305, 3}, {0xC504, 23308, 3},
    {0xC505, 23311, 3}, {0xC506, 23314, 3}, {0xC507, 23317, 3},
    {0xC508, 23320, 3}, {0xC509, 23323, 3}, {0xC50A, 23326, 3},
    {0xC50B, 23329, 3}, {0xC50C, 23332, 2}, {0xC50D, 23334, 3},
    {0xC50E, 23337, 3}, {0xC50F, 23340, 3}, {0xC510, 23343, 3},
    {0xC511, 23346, 3}, {0xC512, 23349, 3}, {0xC513, 23352, 3},
    {0xC514, 23355, 3}, {0xC515, 23358, 3}, {0xC516, 23361, 3},
    {0xC517, 23364, 3}, {0xC518, 23367, 3}, {0xC519, 23370, 3},
    {0xC51A, 23373, 3}, {0xC51B, 23376, 3}, {0xC51C, 23379, 3},
    {0xC51D, 23382, 3}, {0xC51E, 23385, 3}, {0xC51F, 23388, 3},
    {0xC520, 23391, 3}, {0xC521, 23394, 3}, {0xC522, 23397, 3},
    {0xC523, 23400, 3}, {0xC524, 23403, 3}, {0xC525, 23406, 3},
    {0xC526, 23409, 3}, {0xC527, 23412, 3}, {0xC528, 23415, 2},
    {0xC529, 23417, 3}, {0xC52A, 23420, 3}, {0xC52B, 23423, 3},
    {0xC52C, 23426, 3}, {0xC52D, 23429, 3}, {0xC52E, 23432, 3},
    {0xC52F, 23435, 3}, {0xC530, 23438, 3}, {0xC531, 23441, 3},
    {0xC532, 23444, 3}, {0xC533, 23447, 3}, {0xC534, 23450, 3},
    {0xC535, 23453, 3}, {0xC536, 23456, 3}, {0xC537, 23459, 3},
    {0xC538, 23462, 3}, {0xC539, 23465, 3}, {0xC53A, 23468, 3},
    {0xC53B, 23471, 3}, {0xC53C, 23474, 3}, {0xC53D, 23477, 3},
    {0xC53E, 23480, 3}, {0xC53F, 23483, 3}, {0xC540, 23486, 3},
    {0xC541, 23489, 3}, {0xC542, 23492, 3}, {0xC543, 23495, 3},
    {0xC544, 23498, 2}, {0xC545, 23500, 3}, {0xC546, 23503, 3},
    {0xC547, 23506, 3}, {0xC548, 23509, 3}, {0xC549, 23512, 3},
    {0xC54A, 23515, 3}, {0xC54B, 23518, 3}, {0xC54C, 23521, 3},
    {0xC54D, 23524, 3}, {0xC54E, 23527, 3}, {0xC54F, 23530, 3},
    {0xC550, 23533, 3}, {0xC551, 23536, 3}, {0xC552, 23539, 3},
    {0xC553, 23542, 3}, {0xC554, 23545, 3}, {0xC555, 23548, 3},
    {0xC556, 23551, 3}, {0xC557, 23554, 3}, {0xC558, 23557, 3},
    {0xC559, 23560, 3}, {0xC55A, 23563, 3}, {0xC55B, 23566, 3},
    {0xC55C, 23569, 3}, {0xC55D, 23572, 3}, {0xC55E, 23575, 3},
    {0xC55F, 23578, 3}, {0xC560, 23581, 2}, {0xC561, 23583, 3},
    {0xC562, 23586, 3}, {0xC563, 23589, 3}, {0xC564, 23592, 3},
    {0xC565, 23595, 3}, {0xC566, 23598, 3}, {0xC567, 23601, 3},
    {0xC568, 23604, 3}, {0xC569, 23607, 3}, {0xC56A, 23610, 3},
    {0xC56B, 23613, 3}, {0xC56C, 23616, 3}, {0xC56D, 23619, 3},
    {0xC56E, 23622, 3}, {0xC56F, 23625, 3}, {0xC570, 23628, 3},
    {0xC571, 23631, 3}, {0xC572, 23634, 3}, {0xC573, 23637, 3},
    {0xC574, 23640, 3}, {0xC575, 23643, 3}, {0xC576, 23646, 3},
    {0xC577, 23649, 3}, {0xC578, 23652, 3}, {0xC579, 23655, 3},
    {0xC57A, 23658, 3}, {0xC57B, 23661, 3}, {0xC57C, 23664, 2},
    {0xC57D, 23666, 3}, {0xC57E, 23669, 3}, {0xC57F, 23672, 3},
    {0xC580, 23675, 3}, {0xC581, 23678, 3}, {0xC582, 23681, 3},
    {0xC583, 23684, 3}, {0xC584, 23687, 3}, {0xC585, 23690, 3},
    {0xC586, 23693, 3}, {0xC587, 23696, 3}, {0xC588, 23699, 3},
    {0xC589, 23702, 3}, {0xC58A, 23705, 3}, {0xC58B, 23708, 3},
    {0xC58C, 23711, 3}, {0xC58D, 23714, 3}, {0xC58E, 23717, 3},
    {0xC58F, 23720, 3}, {0xC590, 23723, 3}, {0xC591, 23726, 3},
    {0xC592, 23729, 3}, {0xC593, 23732, 3}, {0xC594, 23735, 3},
    {0xC595, 23738, 3}, {0xC596, 23741, 3}, {0xC597, 23744, 3},
    {0xC598, 23747, 2}, {0xC599, 23749, 3}, {0xC59A, 23752, 3},
    {0xC59B, 23755, 3}, {0xC59C, 23758, 3}, {0xC59D, 23761, 3},
    {0xC59E, 23764, 3}, {0xC59F, 23767, 3}, {0xC5A0, 23770, 3},
    {0xC5A1, 23773, 3}, {0xC5A2, 23776, 3}, {0xC5A3, 23779, 3},
    {0xC5A4, 23782, 3}, {0xC5A5, 23785, 3}, {0xC5A6, 23788, 3},
    {0xC5A7, 23791, 3}, {0xC5A8, 23794, 3}, {0xC5A9, 23797, 3},
    {0xC5AA, 23800, 3}, {0xC5AB, 23803, 3}, {0xC5AC, 23806, 3},
    {0xC5AD, 23809, 3}, {0xC5AE, 23812, 3}, {0xC5AF, 23815, 3},
    {0xC5B0, 23818, 3}, {0xC5B1, 23821, 3}, {0xC5B2, 23824, 3},
    {0xC5B3, 23827, 3}, {0xC5B4, 23830, 2}, {0xC5B5, 23832, 3},
    {0xC5B6, 23835, 3}, {0xC5B7, 23838, 3}, {0xC5B8, 23841, 3},
    {0xC5B9, 23844, 3}, {0xC5BA, 23847, 3}, {0xC5BB, 23850, 3},
    {0xC5BC, 23853, 3}, {0xC5BD, 23856, 3}, {0xC5BE, 23859, 3},
    {0xC5BF, 23862, 3}, {0xC5C0, 23865, 3}, {0xC5C1, 23868, 3},
    {0xC5C2, 23871, 3}, {0xC5C3, 23874, 3}, {0xC5C4, 23877, 3},
    {0xC5C5, 23880, 3}, {0xC5C6, 23883, 3}, {0xC5C7, 23886, 3},
    {0xC5C8, 23889, 3}, {0xC5C9, 23892, 3}, {0xC5CA, 23895, 3},
    {0xC5CB, 23898, 3}, {0xC5CC, 23901, 3}, {0xC5CD, 23904, 3},
    {0xC5CE, 23907, 3}, {0xC5CF, 23910, 3}, {0xC5D0, 23913, 2},
    {0xC5D1, 23915, 3}, {0xC5D2, 23918, 3}, {0xC5D3, 23921, 3},
    {0xC5D4, 23924, 3}, {0xC5D5, 23927, 3}, {0xC5D6, 23930, 3},
    {0xC5D7, 23933, 3}, {0xC5D8, 23936, 3}, {0xC5D9, 23939, 3},
    {0xC5DA, 23942, 3}, {0xC5DB, 23945, 3}, {0xC5DC, 23948, 3},
    {0xC5DD, 23951, 3}, {0xC5DE, 23954, 3}, {0xC5DF, 23957, 3},
    {0xC5E0, 23960, 3}, {0xC5E1, 23963, 3}, {0xC5E2, 23966, 3},
    {0xC5E3, 23969, 3}, {0xC5E4, 23972, 3}, {0xC5E5, 23975, 3},
    {0xC5E6, 23978, 3}, {0xC5E7, 23981, 3}, {0xC5E8, 23984, 3},
    {0xC5E9, 23987, 3}, {0xC5EA, 23990, 3}, {0xC5EB, 23993, 3},
    {0xC5EC, 23996, 2}, {0xC5ED, 23998, 3}, {0xC5EE, 24001, 3},
    {0xC5EF, 24004, 3}, {0xC5F0, 24007, 3}, {0xC5F1, 24010, 3},
    {0xC5F2, 24013, 3}, {0xC5F3, 24016, 3}, {0xC5F4, 24019, 3},
    {0xC5F5, 24022, 3}, {0xC5F6, 24025, 3}, {0xC5F7, 24028, 3},
    {0xC5F8, 24031, 3}, {0xC5F9, 24034, 3}, {0xC5FA, 24037, 3},
    {0xC5FB, 24040, 3}, {0xC5FC, 24043, 3}, {0xC5FD, 24046, 3},
    {0xC5FE, 24049, 3}, {0xC5FF, 24052, 3}, {0xC600, 24055, 3},
    {0xC601, 24058, 3}, {0xC602, 24061, 3}, {0xC603, 24064, 3},
    {0xC604, 24067, 3}, {0xC605, 24070, 3}, {0xC606, 24073, 3},
    {0xC607, 24076, 3}, {0xC608, 24079, 2}, {0xC609, 24081, 3},
    {0xC60A, 24084, 3}, {0xC60B, 24087, 3}, {0xC60C, 24090, 3},
    {0xC60D, 24093, 3}, {0xC60E, 24096, 3}, {0xC60F, 24099, 3},
    {0xC610, 24102, 3}, {0xC611, 24105, 3}, {0xC612, 24108, 3},
    {0xC613, 24111, 3}, {0xC614, 24114, 3}, {0xC615, 24117, 3},
    {0xC616, 24120, 3}, {0xC617, 24123, 3}, {0xC618, 24126, 3},
    {0xC619, 24129, 3}, {0xC61A, 24132, 3}, {0xC61B, 24135, 3},
    {0xC61C, 24138, 3}, {0xC61D, 24141, 3}, {0xC61E, 24144, 3},
    {0xC61F, 24147, 3}, {0xC620, 24150, 3}, {0xC621, 24153, 3},
    {0xC622, 24156, 3}, {0xC623, 24159, 3}, {0xC624, 24162, 2},
    {0xC625, 24164, 3}, {0xC626, 24167, 3}, {0xC627, 24170, 3},
    {0xC628, 24173, 3}, {0xC629, 24176, 3}, {0xC62A, 24179, 3},
    {0xC62B, 24182, 3}, {0xC62C, 24185, 3}, {0xC62D, 24188, 3},
    {0xC62E, 24191, 3}, {0xC62F, 24194, 3}, {0xC630, 24197, 3},
    {0xC631, 24200, 3}, {0xC632, 24203, 3}, {0xC633, 24206, 3},
    {0xC634, 24209, 3}, {0xC635, 24212, 3}, {0xC636, 24215, 3},
    {0xC637, 24218, 3}, {0xC638, 24221, 3}, {0xC639, 24224, 3},
    {0xC63A, 24227, 3}, {0xC63B, 24230, 3}, {0xC63C, 24233, 3},
    {0xC63D, 24236, 3}, {0xC63E, 24239, 3}, {0xC63F, 24242, 3},
    {0xC640, 24245, 2}, {0xC641, 24247, 3}, {0xC642, 24250, 3},
    {0xC643, 24253, 3}, {0xC644, 24256, 3}, {0xC645, 24259, 3},
    {0xC646, 24262, 3}, {0xC647, 24265, 3}, {0xC648, 24268, 3},
    {0xC649, 24271, 3}, {0xC64A, 24274, 3}, {0xC64B, 24277, 3},
    {0xC64C, 24280, 3}, {0xC64D, 24283, 3}, {0xC64E, 24286, 3},
    {0xC64F, 24289, 3}, {0xC650, 24292, 3}, {0xC651, 24295, 3},
    {0xC652, 24298, 3}, {0xC653, 24301, 3}, {0xC654, 24304, 3},
    {0xC655, 24307, 3}, {0xC656, 24310, 3}, {0xC657, 24313, 3},
    {0xC658, 24316, 3}, {0xC659, 24319, 3}, {0xC65A, 24322, 3},
    {0xC65B, 24325, 3}, {0xC65C, 24328, 2}, {0xC65D, 24330, 3},
    {0xC65E, 24333, 3}, {0xC65F, 24336, 3}, {0xC660, 24339, 3},
    {0xC661, 24342, 3}, {0xC662, 24345, 3}, {0xC663, 24348, 3},
    {0xC664, 24351, 3}, {0xC665, 24354, 3}, {0xC666, 24357, 3},
    {0xC667, 24360, 3}, {0xC668, 24363, 3}, {0xC669, 24366, 3},
    {0xC66A, 24369, 3}, {0xC66B, 24372, 3}, {0xC66C, 24375, 3},
    {0xC66D, 24378, 3}, {0xC66E, 24381, 3}, {0xC66F, 24384, 3},
    {0xC670, 24387, 3}, {0xC671, 24390, 3}, {0xC672, 24393, 3},
    {0xC673, 24396, 3}, {0xC674, 24399, 3}, {0xC675, 24402, 3},
    {0xC676, 24405, 3}, {0xC677, 24408, 3}, {0xC678, 24411, 2},
    {0xC679, 24413, 3}, {0xC67A, 24416, 3}, {0xC67B, 24419, 3},
    {0xC67C, 24422, 3}, {0xC67D, 24425, 3}, {0xC67E, 24428, 3},
    {0xC67F, 24431, 3}, {0xC680, 24434, 3}, {0xC681, 24437, 3},
    {0xC682, 24440, 3}, {0xC683, 24443, 3}, {0xC684, 24446, 3},
    {0xC685, 24449, 3}, {0xC686, 24452, 3}, {0xC687, 24455, 3},
    {0xC688, 24458, 3}, {0xC689, 24461, 3}, {0xC68A, 24464, 3},
    {0xC68B, 24467, 3}, {0xC68C, 24470, 3}, {0xC68D, 24473, 3},
    {0xC68E, 24476, 3}, {0xC68F, 24479, 3}, {0xC690, 24482, 3},
    {0xC691, 24485, 3}, {0xC692, 24488, 3}, {0xC693, 24491, 3},
    {0xC694, 24494, 2}, {0xC695, 24496, 3}, {0xC696, 24499, 3},
    {0xC697, 24502, 3}, {0xC698, 24505, 3}, {0xC699, 24508, 3},
    {0xC69A, 24511, 3}, {0xC69B, 24514, 3}, {0xC69C, 24517, 3},
    {0xC69D, 24520, 3}, {0xC69E, 24523, 3}, {0xC69F, 24526, 3},
    {0xC6A0, 24529, 3}, {0xC6A1, 24532, 3}, {0xC6A2, 24535, 3},
    {0xC6A3, 24538, 3}, {0xC6A4, 24541, 3}, {0xC6A5, 24544, 3},
    {0xC6A6, 24547, 3}, {0xC6A7, 24550, 3}, {0xC6A8, 24553, 3},
    {0xC6A9, 24556, 3}, {0xC6AA, 24559, 3}, {0xC6AB, 24562, 3},
    {0xC6AC, 24565, 3}, {0xC6AD, 24568, 3}, {0xC6AE, 24571, 3},
    {0xC6AF, 24574, 3}, {0xC6B0, 24577, 2}, {0xC6B1, 24579, 3},
    {0xC6B2, 24582, 3}, {0xC6B3, 24585, 3}, {0xC6B4, 24588, 3},
    {0xC6B5, 24591, 3}, {0xC6B6, 24594, 3}, {0xC6B7, 24597, 3},
    {0xC6B8, 24600, 3}, {0xC6B9, 24603, 3}, {0xC6BA, 24606, 3},
    {0xC6BB, 24609, 3}, {0xC6BC, 24612, 3}, {0xC6BD, 24615, 3},
    {0xC6BE, 24618, 3}, {0xC6BF, 24621, 3}, {0xC6C0, 24624, 3},
    {0xC6C1, 24627, 3}, {0xC6C2, 24630, 3}, {0xC6C3, 24633, 3},
    {0xC6C4, 24636, 3}, {0xC6C5, 24639, 3}, {0xC6C6, 24642, 3},
    {0xC6C7, 24645, 3}, {0xC6C8, 24648, 3}, {0xC6C9, 24651, 3},
    {0xC6CA, 24654, 3}, {0xC6CB, 24657, 3}, {0xC6CC, 24660, 2},
    {0xC6CD, 24662, 3}, {0xC6CE, 24665, 3}, {0xC6CF, 24668, 3},
    {0xC6D0, 24671, 3}, {0xC6D1, 24674, 3}, {0xC6D2, 24677, 3},
    {0xC6D3, 24680, 3}, {0xC6D4, 24683, 3}, {0xC6D5, 24686, 3},
    {0xC6D6, 24689, 3}, {0xC6D7, 24692, 3}, {0xC6D8, 24695, 3},
    {0xC6D9, 24698, 3}, {0xC6DA, 24701, 3}, {0xC6DB, 24704, 3},
    {0xC6DC, 24707, 3}, {0xC6DD, 24710, 3}, {0xC6DE, 24713, 3},
    {0xC6DF, 24716, 3}, {0xC6E0, 24719, 3}, {0xC6E1, 24722, 3},
    {0xC6E2, 24725, 3}, {0xC6E3, 24728, 3}, {0xC6E4, 24731, 3},
    {0xC6E5, 24734, 3}, {0xC6E6, 24737, 3}, {0xC6E7, 24740, 3},
    {0xC6E8, 24743, 2}, {0xC6E9, 24745, 3}, {0xC6EA, 24748, 3},
    {0xC6EB, 24751, 3}, {0xC6EC, 24754, 3}, {0xC6ED, 24757, 3},
    {0xC6EE, 24760, 3}, {0xC6EF, 24763, 3}, {0xC6F0, 24766, 3},
    {0xC6F1, 24769, 3}, {0xC6F2, 24772, 3}, {0xC6F3, 24775, 3},
    {0xC6F4, 24778, 3}, {0xC6F5, 24781, 3}, {0xC6F6, 24784, 3},
    {0xC6F7, 24787, 3}, {0xC6F8, 24790, 3}, {0xC6F9, 24793, 3},
    {0xC6FA, 24796, 3}, {0xC6FB, 24799, 3}, {0xC6FC, 24802, 3},
    {0xC6FD, 24805, 3}, {0xC6FE, 24808, 3}, {0xC6FF, 24811, 3},
    {0xC700, 24814, 3}, {0xC701, 24817, 3}, {0xC702, 24820, 3},
    {0xC703, 24823, 3}, {0xC704, 24826, 2}, {0xC705, 24828, 3},
    {0xC706, 24831, 3}, {0xC707, 24834, 3}, {0xC708, 24837, 3},
    {0xC709, 24840, 3}, {0xC70A, 24843, 3}, {0xC70B, 24846, 3},
    {0xC70C, 24849, 3}, {0xC70D, 24852, 3}, {0xC70E, 24855, 3},
    {0xC70F, 24858, 3}, {0xC710, 24861, 3}, {0xC711, 24864, 3},
    {0xC712, 24867, 3}, {0xC713, 24870, 3}, {0xC714, 24873, 3},
    {0xC715, 24876, 3}, {0xC716, 24879, 3}, {0xC717, 24882, 3},
    {0xC718, 24885, 3}, {0xC719, 24888, 3}, {0xC71A, 24891, 3},
    {0xC71B, 24894, 3}, {0xC71C, 24897, 3}, {0xC71D, 24900, 3},
    {0xC71E, 24903, 3}, {0xC71F, 24906, 3}, {0xC720, 24909, 2},
    {0xC721, 24911, 3}, {0xC722, 24914, 3}, {0xC723, 24917, 3},
    {0xC724, 24920, 3}, {0xC725, 24923, 3}, {0xC726, 24926, 3},
    {0xC727, 24929, 3}, {0xC728, 24932, 3}, {0xC729, 24935, 3},
    {0xC72A, 24938, 3}, {0xC72B, 24941, 3}, {0xC72C, 24944, 3},
    {0xC72D, 24947, 3}, {0xC72E, 24950, 3}, {0xC72F, 24953, 3},
    {0xC730, 24956, 3}, {0xC731, 24959, 3}, {0xC732, 24962, 3},
    {0xC733, 24965, 3}, {0xC734, 24968, 3}, {0xC735, 24971, 3},
    {0xC736, 24974, 3}, {0xC737, 24977, 3}, {0xC738, 24980, 3},
    {0xC739, 24983, 3}, {0xC73A, 24986, 3}, {0xC73B, 24989, 3},
    {0xC73C, 24992, 2}, {0xC73D, 24994, 3}, {0xC73E, 24997, 3},
    {0xC73F, 25000, 3}, {0xC740, 25003, 3}, {0xC741, 25006, 3},
    {0xC742, 25009, 3}, {0xC743, 25012, 3}, {0xC744, 25015, 3},
    {0xC745, 25018, 3}, {0xC746, 25021, 3}, {0xC747, 25024, 3},
    {0xC748, 25027, 3}, {0xC749, 25030, 3}, {0xC74A, 25033, 3},
    {0xC74B, 25036, 3}, {0xC74C, 25039, 3}, {0xC74D, 25042, 3},
    {0xC74E, 25045, 3}, {0xC74F, 25048, 3}, {0xC750, 25051, 3},
    {0xC751, 25054, 3}, {0xC752, 25057, 3}, {0xC753, 25060, 3},
    {0xC754, 25063, 3}, {0xC755, 25066, 3}, {0xC756, 25069, 3},
    {0xC757, 25072, 3}, {0xC758, 25075, 2}, {0xC759, 25077, 3},
    {0xC75A, 25080, 3}, {0xC75B, 25083, 3}, {0xC75C, 25086, 3},
    {0xC75D, 25089, 3}, {0xC75E, 25092, 3}, {0xC75F, 25095, 3},
    {0xC760, 25098, 3}, {0xC761, 25101, 3}, {0xC762, 25104, 3},
    {0xC763, 25107, 3}, {0xC764, 25110, 3}, {0xC765, 25113, 3},
    {0xC766, 25116, 3}, {0xC767, 25119, 3}, {0xC768, 25122, 3},
    {0xC769, 25125, 3}, {0xC76A, 25128, 3}, {0xC76B, 25131, 3},
    {0xC76C, 25134, 3}, {0xC76D, 25137, 3}, {0xC76E, 25140, 3},
    {0xC76F, 25143, 3}, {0xC770, 25146, 3}, {0xC771, 25149, 3},
    {0xC772, 25152, 3}, {0xC773, 25155, 3}, {0xC774, 25158, 2},
    {0xC775, 25160, 3}, {0xC776, 25163, 3}, {0xC777, 25166, 3},
    {0xC778, 25169, 3}, {0xC779, 25172, 3}, {0xC77A, 25175, 3},
    {0xC77B, 25178, 3}, {0xC77C, 25181, 3}, {0xC77D, 25184, 3},
    {0xC77E, 25187, 3}, {0xC77F, 25190, 3}, {0xC780, 25193, 3},
    {0xC781, 25196, 3}, {0xC782, 25199, 3}, {0xC783, 25202, 3},
    {0xC784, 25205, 3}, {0xC785, 25208, 3}, {0xC786, 25211, 3},
    {0xC787, 25214, 3}, {0xC788, 25217, 3}, {0xC789, 25220, 3},
    {0xC78A, 25223, 3}, {0xC78B, 25226, 3}, {0xC78C, 25229, 3},
    {0xC78D, 25232, 3}, {0xC78E, 25235, 3}, {0xC78F, 25238, 3},
    {0xC790, 25241, 2}, {0xC791, 25243, 3}, {0xC792, 25246, 3},
    {0xC793, 25249, 3}, {0xC794, 25252, 3}, {0xC795, 25255, 3},
    {0xC796, 25258, 3}, {0xC797, 25261, 3}, {0xC798, 25264, 3},
    {0xC799, 25267, 3}, {0xC79A, 25270, 3}, {0xC79B, 25273, 3},
    {0xC79C, 25276, 3}, {0xC79D, 25279, 3}, {0xC79E, 25282, 3},
    {0xC79F, 25285, 3}, {0xC7A0, 25288, 3}, {0xC7A1, 25291, 3},
    {0xC7A2, 25294, 3}, {0xC7A3, 25297, 3}, {0xC7A4, 25300, 3},
    {0xC7A5, 25303, 3}, {0xC7A6, 25306, 3}, {0xC7A7, 25309, 3},
    {0xC7A8, 25312, 3}, {0xC7A9, 25315, 3}, {0xC7AA, 25318, 3},
    {0xC7AB, 25321, 3}, {0xC7AC, 25324, 2}, {0xC7AD, 25326, 3},
    {0xC7AE, 25329, 3}, {0xC7AF, 25332, 3}, {0xC7B0, 25335, 3},
    {0xC7B1, 25338, 3}, {0xC7B2, 25341, 3}, {0xC7B3, 25344, 3},
    {0xC7B4, 25347, 3}, {0xC7B5, 25350, 3}, {0xC7B6, 25353, 3},
    {0xC7B7, 25356, 3}, {0xC7B8, 25359, 3}, {0xC7B9, 25362, 3},
    {0xC7BA, 25365, 3}, {0xC7BB, 25368, 3}, {0xC7BC, 25371, 3},
    {0xC7BD, 25374, 3}, {0xC7BE, 25377, 3}, {0xC7BF, 25380, 3},
    {0xC7C0, 25383, 3}, {0xC7C1, 25386, 3}, {0xC7C2, 25389, 3},
    {0xC7C3, 25392, 3}, {0xC7C4, 25395, 3}, {0xC7C5, 25398, 3},
    {0xC7C6, 25401, 3}, {0xC7C7, 25404, 3}, {0xC7C8, 25407, 2},
    {0xC7C9, 25409, 3}, {0xC7CA, 25412, 3}, {0xC7CB, 25415, 3},
    {0xC7CC, 25418, 3}, {0xC7CD, 25421, 3}, {0xC7CE, 25424, 3},
    {0xC7CF, 25427, 3}, {0xC7D0, 25430, 3}, {0xC7D1, 25433, 3},
    {0xC7D2, 25436, 3}, {0xC7D3, 25439, 3}, {0xC7D4, 25442, 3},
    {0xC7D5, 25445, 3}, {0xC7D6, 25448, 3}, {0xC7D7, 25451, 3},
    {0xC7D8, 25454, 3}, {0xC7D9, 25457, 3}, {0xC7DA, 25460, 3},
    {0xC7DB, 25463, 3}, {0xC7DC, 25466, 3}, {0xC7DD, 25469, 3},
    {0xC7DE, 25472, 3}, {0xC7DF, 25475, 3}, {0xC7E0, 25478, 3},
    {0xC7E1, 25481, 3}, {0xC7E2, 25484, 3}, {0xC7E3, 25487, 3},
    {0xC7E4, 25490, 2}, {0xC7E5, 25492, 3}, {0xC7E6, 25495, 3},
    {0xC7E7, 25498, 3}, {0xC7E8, 25501, 3}, {0xC7E9, 25504, 3},
    {0xC7EA, 25507, 3}, {0xC7EB, 25510, 3}, {0xC7EC, 25513, 3},
    {0xC7ED, 25516, 3}, {0xC7EE, 25519, 3}, {0xC7EF, 25522, 3},
    {0xC7F0, 25525, 3}, {0xC7F1, 25528, 3}, {0xC7F2, 25531, 3},
    {0xC7F3, 25534, 3}, {0xC7F4, 25537, 3}, {0xC7F5, 25540, 3},
    {0xC7F6, 25543, 3}, {0xC7F7, 25546, 3}, {0xC7F8, 25549, 3},
    {0xC7F9, 25552, 3}, {0xC7FA, 25555, 3}, {0xC7FB, 25558, 3},
    {0xC7FC, 25561, 3}, {0xC7FD, 25564, 3}, {0xC7FE, 25567, 3},
    {0xC7FF, 25570, 3}, {0xC800, 25573, 2}, {0xC801, 25575, 3},
    {0xC802, 25578, 3}, {0xC803, 25581, 3}, {0xC804, 25584, 3},
    {0xC805, 25587, 3}, {0xC806, 25590, 3}, {0xC807, 25593, 3},
    {0xC808, 25596, 3}, {0xC809, 25599, 3}, {0xC80A, 25602, 3},
    {0xC80B, 25605, 3}, {0xC80C, 25608, 3}, {0xC80D, 25611, 3},
    {0xC80E, 25614, 3}, {0xC80F, 25617, 3}, {0xC810, 25620, 3},
    {0xC811, 25623, 3}, {0xC812, 25626, 3}, {0xC813, 25629, 3},
    {0xC814, 25632, 3}, {0xC815, 25635, 3}, {0xC816, 25638, 3},
    {0xC817, 25641, 3}, {0xC818, 25644, 3}, {0xC819, 25647, 3},
    {0xC81A, 25650, 3}, {0xC81B, 25653, 3}, {0xC81C, 25656, 2},
    {0xC81D, 25658, 3}, {0xC81E, 25661, 3}, {0xC81F, 25664, 3},
    {0xC820, 25667, 3}, {0xC821, 25670, 3}, {0xC822, 25673, 3},
    {0xC823, 25676, 3}, {0xC824, 25679, 3}, {0xC825, 25682, 3},
    {0xC826, 25685, 3}, {0xC827, 25688, 3}, {0xC828, 25691, 3},
    {0xC829, 25694, 3}, {0xC82A, 25697, 3}, {0xC82B, 25700, 3},
    {0xC82C, 25703, 3}, {0xC82D, 25706, 3}, {0xC82E, 25709, 3},
    {0xC82F, 25712, 3}, {0xC830, 25715, 3}, {0xC831, 25718, 3},
    {0xC832, 25721, 3}, {0xC833, 25724, 3}, {0xC834, 25727, 3},
    {0xC835, 25730, 3}, {0xC836, 25733, 3}, {0xC837, 25736, 3},
    {0xC838, 25739, 2}, {0xC839, 25741, 3}, {0xC83A, 25744, 3},
    {0xC83B, 25747, 3}, {0xC83C, 25750, 3}, {0xC83D, 25753, 3},
    {0xC83E, 25756, 3}, {0xC83F, 25759, 3}, {0xC840, 25762, 3},
    {0xC841, 25765, 3}, {0xC842, 25768, 3}, {0xC843, 25771, 3},
    {0xC844, 25774, 3}, {0xC845, 25777, 3}, {0xC846, 25780, 3},
    {0xC847, 25783, 3}, {0xC848, 25786, 3}, {0xC849, 25789, 3},
    {0xC84A, 25792, 3}, {0xC84B, 25795, 3}, {0xC84C, 25798, 3},
    {0xC84D, 25801, 3}, {0xC84E, 25804, 3}, {0xC84F, 25807, 3},
    {0xC850, 25810, 3}, {0xC851, 25813, 3}, {0xC852, 25816, 3},
    {0xC853, 25819, 3}, {0xC854, 25822, 2}, {0xC855, 25824, 3},
    {0xC856, 25827, 3}, {0xC857, 25830, 3}, {0xC858, 25833, 3},
    {0xC859, 25836, 3}, {0xC85A, 25839, 3}, {0xC85B, 25842, 3},
    {0xC85C, 25845, 3}, {0xC85D, 25848, 3}, {0xC85E, 25851, 3},
    {0xC85F, 25854, 3}, {0xC860, 25857, 3}, {0xC861, 25860, 3},
    {0xC862, 25863, 3}, {0xC863, 25866, 3}, {0xC864, 25869, 3},
    {0xC865, 25872, 3}, {0xC866, 25875, 3}, {0xC867, 25878, 3},
    {0xC868, 25881, 3}, {0xC869, 25884, 3}, {0xC86A, 25887, 3},
    {0xC86B, 25890, 3}, {0xC86C, 25893, 3}, {0xC86D, 25896, 3},
    {0xC86E, 25899, 3}, {0xC86F, 25902, 3}, {0xC870, 25905, 2},
    {0xC871, 25907, 3}, {0xC872, 25910, 3}, {0xC873, 25913, 3},
    {0xC874, 25916, 3}, {0xC875, 25919, 3}, {0xC876, 25922, 3},
    {0xC877, 25925, 3}, {0xC878, 25928, 3}, {0xC879, 25931, 3},
    {0xC87A, 25934, 3}, {0xC87B, 25937, 3}, {0xC87C, 25940, 3},
    {0xC87D, 25943, 3}, {0xC87E, 25946, 3}, {0xC87F, 25949, 3},
    {0xC880, 25952, 3}, {0xC881, 25955, 3}, {0xC882, 25958, 3},
    {0xC883, 25961, 3}, {0xC884, 25964, 3}, {0xC885, 25967, 3},
    {0xC886, 25970, 3}, {0xC887, 25973, 3}, {0xC888, 25976, 3},
    {0xC889, 25979, 3}, {0xC88A, 25982, 3}, {0xC88B, 25985, 3},
    {0xC88C, 25988, 2}, {0xC88D, 25990, 3}, {0xC88E, 25993, 3},
    {0xC88F, 25996, 3}, {0xC890, 25999, 3}, {0xC891, 26002, 3},
    {0xC892, 26005, 3}, {0xC893, 26008, 3}, {0xC894, 26011, 3},
    {0xC895, 26014, 3}, {0xC896, 26017, 3}, {0xC897, 26020, 3},
    {0xC898, 26023, 3}, {0xC899, 26026, 3}, {0xC89A, 26029, 3},
    {0xC89B, 26032, 3}, {0xC89C, 26035, 3}, {0xC89D, 26038, 3},
    {0xC89E, 26041, 3}, {0xC89F, 26044, 3}, {0xC8A0, 26047, 3},
    {0xC8A1, 26050, 3}, {0xC8A2, 26053, 3}, {0xC8A3, 26056, 3},
    {0xC8A4, 26059, 3}, {0xC8A5, 26062, 3}, {0xC8A6, 26065, 3},
    {0xC8A7, 26068, 3}, {0xC8A8, 26071, 2}, {0xC8A9, 26073, 3},
    {0xC8AA, 26076, 3}, {0xC8AB, 26079, 3}, {0xC8AC, 26082, 3},
    {0xC8AD, 26085, 3}, {0xC8AE, 26088, 3}, {0xC8AF, 26091, 3},
    {0xC8B0, 26094, 3}, {0xC8B1, 26097, 3}, {0xC8B2, 26100, 3},
    {0xC8B3, 26103, 3}, {0xC8B4, 26106, 3}, {0xC8B5, 26109, 3},
    {0xC8B6, 26112, 3}, {0xC8B7, 26115, 3}, {0xC8B8, 26118, 3},
    {0xC8B9, 26121, 3}, {0xC8BA, 26124, 3}, {0xC8BB, 26127, 3},
    {0xC8BC, 26130, 3}, {0xC8BD, 26133, 3}, {0xC8BE, 26136, 3},
    {0xC8BF, 26139, 3}, {0xC8C0, 26142, 3}, {0xC8C1, 26145, 3},
    {0xC8C2, 26148, 3}, {0xC8C3, 26151, 3}, {0xC8C4, 26154, 2},
    {0xC8C5, 26156, 3}, {0xC8C6, 26159, 3}, {0xC8C7, 26162, 3},
    {0xC8C8, 26165, 3}, {0xC8C9, 26168, 3}, {0xC8CA, 26171, 3},
    {0xC8CB, 26174, 3}, {0xC8CC, 26177, 3}, {0xC8CD, 26180, 3},
    {0xC8CE, 26183, 3}, {0xC8CF, 26186, 3}, {0xC8D0, 26189, 3},
    {0xC8D1, 26192, 3}, {0xC8D2, 26195, 3}, {0xC8D3, 26198, 3},
    {0xC8D4, 26201, 3}, {0xC8D5, 26204, 3}, {0xC8D6, 26207, 3},
    {0xC8D7, 26210, 3}, {0xC8D8, 26213, 3}, {0xC8D9, 26216, 3},
    {0xC8DA, 26219, 3}, {0xC8DB, 26222, 3}, {0xC8DC, 26225, 3},
    {0xC8DD, 26228, 3}, {0xC8DE, 26231, 3}, {0xC8DF, 26234, 3},
    {0xC8E0, 26237, 2}, {0xC8E1, 26239, 3}, {0xC8E2, 26242, 3},
    {0xC8E3, 26245, 3}, {0xC8E4, 26248, 3}, {0xC8E5, 26251, 3},
    {0xC8E6, 26254, 3}, {0xC8E7, 26257, 3}, {0xC8E8, 26260, 3},
    {0xC8E9, 26263, 3}, {0xC8EA, 26266, 3}, {0xC8EB, 26269, 3},
    {0xC8EC, 26272, 3}, {0xC8ED, 26275, 3}, {0xC8EE, 26278, 3},
    {0xC8EF, 26281, 3}, {0xC8F0, 26284, 3}, {0xC8F1, 26287, 3},
    {0xC8F2, 26290, 3}, {0xC8F3, 26293, 3}, {0xC8F4, 26296, 3},
    {0xC8F5, 26299, 3}, {0xC8F6, 26302, 3}, {0xC8F7, 26305, 3},
    {0xC8F8, 26308, 3}, {0xC8F9, 26311, 3}, {0xC8FA, 26314, 3},
    {0xC8FB, 26317, 3}, {0xC8FC, 26320, 2}, {0xC8FD, 26322, 3},
    {0xC8FE, 26325, 3}, {0xC8FF, 26328, 3}, {0xC900, 26331, 3},
    {0xC901, 26334, 3}, {0xC902, 26337, 3}, {0xC903, 26340, 3},
    {0xC904, 26343, 3}, {0xC905, 26346, 3}, {0xC906, 26349, 3},
    {0xC907, 26352, 3}, {0xC908, 26355, 3}, {0xC909, 26358, 3},
    {0xC90A, 26361, 3}, {0xC90B, 26364, 3}, {0xC90C, 26367, 3},
    {0xC90D, 26370, 3}, {0xC90E, 26373, 3}, {0xC90F, 26376, 3},
    {0xC910, 26379, 3}, {0xC911, 26382, 3}, {0xC912, 26385, 3},
    {0xC913, 26388, 3}, {0xC914, 26391, 3}, {0xC915, 26394, 3},
    {0xC916, 26397, 3}, {0xC917, 26400, 3}, {0xC918, 26403, 2},
    {0xC919, 26405, 3}, {0xC91A, 26408, 3}, {0xC91B, 26411, 3},
    {0xC91C, 26414, 3}, {0xC91D, 26417, 3}, {0xC91E, 26420, 3},
    {0xC91F, 26423, 3}, {0xC920, 26426, 3}, {0xC921, 26429, 3},
    {0xC922, 26432, 3}, {0xC923, 26435, 3}, {0xC924, 26438, 3},
    {0xC925, 26441, 3}, {0xC926, 26444, 3}, {0xC927, 26447, 3},
    {0xC928, 26450, 3}, {0xC929, 26453, 3}, {0xC92A, 26456, 3},
    {0xC92B, 26459, 3}, {0xC92C, 26462, 3}, {0xC92D, 26465, 3},
    {0xC92E, 26468, 3}, {0xC92F, 26471, 3}, {0xC930, 26474, 3},
    {0xC931, 26477, 3}, {0xC932, 26480, 3}, {0xC933, 26483, 3},
    {0xC934, 26486, 2}, {0xC935, 26488, 3}, {0xC936, 26491, 3},
    {0xC937, 26494, 3}, {0xC938, 26497, 3}, {0xC939, 26500, 3},
    {0xC93A, 26503, 3}, {0xC93B, 26506, 3}, {0xC93C, 26509, 3},
    {0xC93D, 26512, 3}, {0xC93E, 26515, 3}, {0xC93F, 26518, 3},
    {0xC940, 26521, 3}, {0xC941, 26524, 3}, {0xC942, 26527, 3},
    {0xC943, 26530, 3}, {0xC944, 26533, 3}, {0xC945, 26536, 3},
    {0xC946, 26539, 3}, {0xC947, 26542, 3}, {0xC948, 26545, 3},
    {0xC949, 26548, 3}, {0xC94A, 26551, 3}, {0xC94B, 26554, 3},
    {0xC94C, 26557, 3}, {0xC94D, 26560, 3}, {0xC94E, 26563, 3},
    {0xC94F, 26566, 3}, {0xC950, 26569, 2}, {0xC951, 26571, 3},
    {0xC952, 26574, 3}, {0xC953, 26577, 3}, {0xC954, 26580, 3},
    {0xC955, 26583, 3}, {0xC956, 26586, 3}, {0xC957, 26589, 3},
    {0xC958, 26592, 3}, {0xC959, 26595, 3}, {0xC95A, 26598, 3},
    {0xC95B, 26601, 3}, {0xC95C, 26604, 3}, {0xC95D, 26607, 3},
    {0xC95E, 26610, 3}, {0xC95F, 26613, 3}, {0xC960, 26616, 3},
    {0xC961, 26619, 3}, {0xC962, 26622, 3}, {0xC963, 26625, 3},
    {0xC964, 26628, 3}, {0xC965, 26631, 3}, {0xC966, 26634, 3},
    {0xC967, 26637, 3}, {0xC968, 26640, 3}, {0xC969, 26643, 3},
    {0xC96A, 26646, 3}, {0xC96B, 26649, 3}, {0xC96C, 26652, 2},
    {0xC96D, 26654, 3}, {0xC96E, 26657, 3}, {0xC96F, 26660, 3},
    {0xC970, 26663, 3}, {0xC971, 26666, 3}, {0xC972, 26669, 3},
    {0xC973, 26672, 3}, {0xC974, 26675, 3}, {0xC975, 26678, 3},
    {0xC976, 26681, 3}, {0xC977, 26684, 3}, {0xC978, 26687, 3},
    {0xC979, 26690, 3}, {0xC97A, 26693, 3}, {0xC97B, 26696, 3},
    {0xC97C, 26699, 3}, {0xC97D, 26702, 3}, {0xC97E, 26705, 3},
    {0xC97F, 26708, 3}, {0xC980, 26711, 3}, {0xC981, 26714, 3},
    {0xC982, 26717, 3}, {0xC983, 26720, 3}, {0xC984, 26723, 3},
    {0xC985, 26726, 3}, {0xC986, 26729, 3}, {0xC987, 26732, 3},
    {0xC988, 26735, 2}, {0xC989, 26737, 3}, {0xC98A, 26740, 3},
    {0xC98B, 26743, 3}, {0xC98C, 26746, 3}, {0xC98D, 26749, 3},
    {0xC98E, 26752, 3}, {0xC98F, 26755, 3}, {0xC990, 26758, 3},
    {0xC991, 26761, 3}, {0xC992, 26764, 3}, {0xC993, 26767, 3},
    {0xC994, 26770, 3}, {0xC995, 26773, 3}, {0xC996, 26776, 3},
    {0xC997, 26779, 3}, {0xC998, 26782, 3}, {0xC999, 26785, 3},
    {0xC99A, 26788, 3}, {0xC99B, 26791, 3}, {0xC99C, 26794, 3},
    {0xC99D, 26797, 3}, {0xC99E, 26800, 3}, {0xC99F, 26803, 3},
    {0xC9A0, 26806, 3}, {0xC9A1, 26809, 3}, {0xC9A2, 26812, 3},
    {0xC9A3, 26815, 3}, {0xC9A4, 26818, 2}, {0xC9A5, 26820, 3},
    {0xC9A6, 26823, 3}, {0xC9A7, 26826, 3}, {0xC9A8, 26829, 3},
    {0xC9A9, 26832, 3}, {0xC9AA, 26835, 3}, {0xC9AB, 26838, 3},
    {0xC9AC, 26841, 3}, {0xC9AD, 26844, 3}, {0xC9AE, 26847, 3},
    {0xC9AF, 26850, 3}, {0xC9B0, 26853, 3}, {0xC9B1, 26856, 3},
    {0xC9B2, 26859, 3}, {0xC9B3, 26862, 3}, {0xC9B4, 26865, 3},
    {0xC9B5, 26868, 3}, {0xC9B6, 26871, 3}, {0xC9B7, 26874, 3},
    {0xC9B8, 26877, 3}, {0xC9B9, 26880, 3}, {0xC9BA, 26883, 3},
    {0xC9BB, 26886, 3}, {0xC9BC, 26889, 3}, {0xC9BD, 26892, 3},
    {0xC9BE, 26895, 3}, {0xC9BF, 26898, 3}, {0xC9C0, 26901, 2},
    {0xC9C1, 26903, 3}, {0xC9C2, 26906, 3}, {0xC9C3, 26909, 3},
    {0xC9C4, 26912, 3}, {0xC9C5, 26915, 3}, {0xC9C6, 26918, 3},
    {0xC9C7, 26921, 3}, {0xC9C8, 26924, 3}, {0xC9C9, 26927, 3},
    {0xC9CA, 26930, 3}, {0xC9CB, 26933, 3}, {0xC9CC, 26936, 3},
    {0xC9CD, 26939, 3}, {0xC9CE, 26942, 3}, {0xC9CF, 26945, 3},
    {0xC9D0, 26948, 3}, {0xC9D1, 26951, 3}, {0xC9D2, 26954, 3},
    {0xC9D3, 26957, 3}, {0xC9D4, 26960, 3}, {0xC9D5, 26963, 3},
    {0xC9D6, 26966, 3}, {0xC9D7, 26969, 3}, {0xC9D8, 26972, 3},
    {0xC9D9, 26975, 3}, {0xC9DA, 26978, 3}, {0xC9DB, 26981, 3},
    {0xC9DC, 26984, 2}, {0xC9DD, 26986, 3}, {0xC9DE, 26989, 3},
    {0xC9DF, 26992, 3}, {0xC9E0, 26995, 3}, {0xC9E1, 26998, 3},
    {0xC9E2, 27001, 3}, {0xC9E3, 27004, 3}, {0xC9E4, 27007, 3},
    {0xC9E5, 27010, 3}, {0xC9E6, 27013, 3}, {0xC9E7, 27016, 3},
    {0xC9E8, 27019, 3}, {0xC9E9, 27022, 3}, {0xC9EA, 27025, 3},
    {0xC9EB, 27028, 3}, {0xC9EC, 27031, 3}, {0xC9ED, 27034, 3},
    {0xC9EE, 27037, 3}, {0xC9EF, 27040, 3}, {0xC9F0, 27043, 3},
    {0xC9F1, 27046, 3}, {0xC9F2, 27049, 3}, {0xC9F3, 27052, 3},
    {0xC9F4, 27055, 3}, {0xC9F5, 27058, 3}, {0xC9F6, 27061, 3},
    {0xC9F7, 27064, 3}, {0xC9F8, 27067, 2}, {0xC9F9, 27069, 3},
    {0xC9FA, 27072, 3}, {0xC9FB, 27075, 3}, {0xC9FC, 27078, 3},
    {0xC9FD, 27081, 3}, {0xC9FE, 27084, 3}, {0xC9FF, 27087, 3},
    {0xCA00, 27090, 3}, {0xCA01, 27093, 3}, {0xCA02, 27096, 3},
    {0xCA03, 27099, 3}, {0xCA04, 27102, 3}, {0xCA05, 27105, 3},
    {0xCA06, 27108, 3}, {0xCA07, 27111, 3}, {0xCA08, 27114, 3},
    {0xCA09, 27117, 3}, {0xCA0A, 27120, 3}, {0xCA0B, 27123, 3},
    {0xCA0C, 27126, 3}, {0xCA0D, 27129, 3}, {0xCA0E, 27132, 3},
    {0xCA0F, 27135, 3}, {0xCA10, 27138, 3}, {0xCA11, 27141, 3},
    {0xCA12, 27144, 3}, {0xCA13, 27147, 3}, {0xCA14, 27150, 2},
    {0xCA15, 27152, 3}, {0xCA16, 27155, 3}, {0xCA17, 27158, 3},
    {0xCA18, 27161, 3}, {0xCA19, 27164, 3}, {0xCA1A, 27167, 3},
    {0xCA1B, 27170, 3}, {0xCA1C, 27173, 3}, {0xCA1D, 27176, 3},
    {0xCA1E, 27179, 3}, {0xCA1F, 27182, 3}, {0xCA20, 27185, 3},
    {0xCA21, 27188, 3}, {0xCA22, 27191, 3}, {0xCA23, 27194, 3},
    {0xCA24, 27197, 3}, {0xCA25, 27200, 3}, {0xCA26, 27203, 3},
    {0xCA27, 27206, 3}, {0xCA28, 27209, 3}, {0xCA29, 27212, 3},
    {0xCA2A, 27215, 3}, {0xCA2B, 27218, 3}, {0xCA2C, 27221, 3},
    {0xCA2D, 27224, 3}, {0xCA2E, 27227, 3}, {0xCA2F, 27230, 3},
    {0xCA30, 27233, 2}, {0xCA31, 27235, 3}, {0xCA32, 27238, 3},
    {0xCA33, 27241, 3}, {0xCA34, 27244, 3}, {0xCA35, 27247, 3},
    {0xCA36, 27250, 3}, {0xCA37, 27253, 3}, {0xCA38, 27256, 3},
    {0xCA39, 27259, 3}, {0xCA3A, 27262, 3}, {0xCA3B, 27265, 3},
    {0xCA3C, 27268, 3}, {0xCA3D, 27271, 3}, {0xCA3E, 27274, 3},
    {0xCA3F, 27277, 3}, {0xCA40, 27280, 3}, {0xCA41, 27283, 3},
    {0xCA42, 27286, 3}, {0xCA43, 27289, 3}, {0xCA44, 27292, 3},
    {0xCA45, 27295, 3}, {0xCA46, 27298, 3}, {0xCA47, 27301, 3},
    {0xCA48, 27304, 3}, {0xCA49, 27307, 3}, {0xCA4A, 27310, 3},
    {0xCA4B, 27313, 3}, {0xCA4C, 27316, 2}, {0xCA4D, 27318, 3},
    {0xCA4E, 27321, 3}, {0xCA4F, 27324, 3}, {0xCA50, 27327, 3},
    {0xCA51, 27330, 3}, {0xCA52, 27333, 3}, {0xCA53, 27336, 3},
    {0xCA54, 27339, 3}, {0xCA55, 27342, 3}, {0xCA56, 27345, 3},
    {0xCA57, 27348, 3}, {0xCA58, 27351, 3}, {0xCA59, 27354, 3},
    {0xCA5A, 27357, 3}, {0xCA5B, 27360, 3}, {0xCA5C, 27363, 3},
    {0xCA5D, 27366, 3}, {0xCA5E, 27369, 3}, {0xCA5F, 27372, 3},
    {0xCA60, 27375, 3}, {0xCA61, 27378, 3}, {0xCA62, 27381, 3},
    {0xCA63, 27384, 3}, {0xCA64, 27387, 3}, {0xCA65, 27390, 3},
    {0xCA66, 27393, 3}, {0xCA67, 27396, 3}, {0xCA68, 27399, 2},
    {0xCA69, 27401, 3}, {0xCA6A, 27404, 3}, {0xCA6B, 27407, 3},
    {0xCA6C, 27410, 3}, {0xCA6D, 27413, 3}, {0xCA6E, 27416, 3},
    {0xCA6F, 27419, 3}, {0xCA70, 27422, 3}, {0xCA71, 27425, 3},
    {0xCA72, 27428, 3}, {0xCA73, 27431, 3}, {0xCA74, 27434, 3},
    {0xCA75, 27437, 3}, {0xCA76, 27440, 3}, {0xCA77, 27443, 3},
    {0xCA78, 27446, 3}, {0xCA79, 27449, 3}, {0xCA7A, 27452, 3},
    {0xCA7B, 27455, 3}, {0xCA7C, 27458, 3}, {0xCA7D, 27461, 3},
    {0xCA7E, 27464, 3}, {0xCA7F, 27467, 3}, {0xCA80, 27470, 3},
    {0xCA81, 27473, 3}, {0xCA82, 27476, 3}, {0xCA83, 27479, 3},
    {0xCA84, 27482, 2}, {0xCA85, 27484, 3}, {0xCA86, 27487, 3},
    {0xCA87, 27490, 3}, {0xCA88, 27493, 3}, {0xCA89, 27496, 3},
    {0xCA8A, 27499, 3}, {0xCA8B, 27502, 3}, {0xCA8C, 27505, 3},
    {0xCA8D, 27508, 3}, {0xCA8E, 27511, 3}, {0xCA8F, 27514, 3},
    {0xCA90, 27517, 3}, {0xCA91, 27520, 3}, {0xCA92, 27523, 3},
    {0xCA93, 27526, 3}, {0xCA94, 27529, 3}, {0xCA95, 27532, 3},
    {0xCA96, 27535, 3}, {0xCA97, 27538, 3}, {0xCA98, 27541, 3},
    {0xCA99, 27544, 3}, {0xCA9A, 27547, 3}, {0xCA9B, 27550, 3},
    {0xCA9C, 27553, 3}, {0xCA9D, 27556, 3}, {0xCA9E, 27559, 3},
    {0xCA9F, 27562, 3}, {0xCAA0, 27565, 2}, {0xCAA1, 27567, 3},
    {0xCAA2, 27570, 3}, {0xCAA3, 27573, 3}, {0xCAA4, 27576, 3},
    {0xCAA5, 27579, 3}, {0xCAA6, 27582, 3}, {0xCAA7, 27585, 3},
    {0xCAA8, 27588, 3}, {0xCAA9, 27591, 3}, {0xCAAA, 27594, 3},
    {0xCAAB, 27597, 3}, {0xCAAC, 27600, 3}, {0xCAAD, 27603, 3},
    {0xCAAE, 27606, 3}, {0xCAAF, 27609, 3}, {0xCAB0, 27612, 3},
    {0xCAB1, 27615, 3}, {0xCAB2, 27618, 3}, {0xCAB3, 27621, 3},
    {0xCAB4, 27624, 3}, {0xCAB5, 27627, 3}, {0xCAB6, 27630, 3},
    {0xCAB7, 27633, 3}, {0xCAB8, 27636, 3}, {0xCAB9, 27639, 3},
    {0xCABA, 27642, 3}, {0xCABB, 27645, 3}, {0xCABC, 27648, 2},
    {0xCABD, 27650, 3}, {0xCABE, 27653, 3}, {0xCABF, 27656, 3},
    {0xCAC0, 27659, 3}, {0xCAC1, 27662, 3}, {0xCAC2, 27665, 3},
    {0xCAC3, 27668, 3}, {0xCAC4, 27671, 3}, {0xCAC5, 27674, 3},
    {0xCAC6, 27677, 3}, {0xCAC7, 27680, 3}, {0xCAC8, 27683, 3},
    {0xCAC9, 27686, 3}, {0xCACA, 27689, 3}, {0xCACB, 27692, 3},
    {0xCACC, 27695, 3}, {0xCACD, 27698, 3}, {0xCACE, 27701, 3},
    {0xCACF, 27704, 3}, {0xCAD0, 27707, 3}, {0xCAD1, 27710, 3},
    {0xCAD2, 27713, 3}, {0xCAD3, 27716, 3}, {0xCAD4, 27719, 3},
    {0xCAD5, 27722, 3}, {0xCAD6, 27725, 3}, {0xCAD7, 27728, 3},
    {0xCAD8, 27731, 2}, {0xCAD9, 27733, 3}, {0xCADA, 27736, 3},
    {0xCADB, 27739, 3}, {0xCADC, 27742, 3}, {0xCADD, 27745, 3},
    {0xCADE, 27748, 3}, {0xCADF, 27751, 3}, {0xCAE0, 27754, 3},
    {0xCAE1, 27757, 3}, {0xCAE2, 27760, 3}, {0xCAE3, 27763, 3},
    {0xCAE4, 27766, 3}, {0xCAE5, 27769, 3}, {0xCAE6, 27772, 3},
    {0xCAE7, 27775, 3}, {0xCAE8, 27778, 3}, {0xCAE9, 27781, 3},
    {0xCAEA, 27784, 3}, {0xCAEB, 27787, 3}, {0xCAEC, 27790, 3},
    {0xCAED, 27793, 3}, {0xCAEE, 27796, 3}, {0xCAEF, 27799, 3},
    {0xCAF0, 27802, 3}, {0xCAF1, 27805, 3}, {0xCAF2, 27808, 3},
    {0xCAF3, 27811, 3}, {0xCAF4, 27814, 2}, {0xCAF5, 27816, 3},
    {0xCAF6, 27819, 3}, {0xCAF7, 27822, 3}, {0xCAF8, 27825, 3},
    {0xCAF9, 27828, 3}, {0xCAFA, 27831, 3}, {0xCAFB, 27834, 3},
    {0xCAFC, 27837, 3}, {0xCAFD, 27840, 3}, {0xCAFE, 27843, 3},
    {0xCAFF, 27846, 3}, {0xCB00, 27849, 3}, {0xCB01, 27852, 3},
    {0xCB02, 27855, 3}, {0xCB03, 27858, 3}, {0xCB04, 27861, 3},
    {0xCB05, 27864, 3}, {0xCB06, 27867, 3}, {0xCB07, 27870, 3},
    {0xCB08, 27873, 3}, {0xCB09, 27876, 3}, {0xCB0A, 27879, 3},
    {0xCB0B, 27882, 3}, {0xCB0C, 27885, 3}, {0xCB0D, 27888, 3},
    {0xCB0E, 27891, 3}, {0xCB0F, 27894, 3}, {0xCB10, 27897, 2},
    {0xCB11, 27899, 3}, {0xCB12, 27902, 3}, {0xCB13, 27905, 3},
    {0xCB14, 27908, 3}, {0xCB15, 27911, 3}, {0xCB16, 27914, 3},
    {0xCB17, 27917, 3}, {0xCB18, 27920, 3}, {0xCB19, 27923, 3},
    {0xCB1A, 27926, 3}, {0xCB1B, 27929, 3}, {0xCB1C, 27932, 3},
    {0xCB1D, 27935, 3}, {0xCB1E, 27938, 3}, {0xCB1F, 27941, 3},
    {0xCB20, 27944, 3}, {0xCB21, 27947, 3}, {0xCB22, 27950, 3},
    {0xCB23, 27953, 3}, {0xCB24, 27956, 3}, {0xCB25, 27959, 3},
    {0xCB26, 27962, 3}, {0xCB27, 27965, 3}, {0xCB28, 27968, 3},
    {0xCB29, 27971, 3}, {0xCB2A, 27974, 3}, {0xCB2B, 27977, 3},
    {0xCB2C, 27980, 2}, {0xCB2D, 27982, 3}, {0xCB2E, 27985, 3},
    {0xCB2F, 27988, 3}, {0xCB30, 27991, 3}, {0xCB31, 27994, 3},
    {0xCB32, 27997, 3}, {0xCB33, 28000, 3}, {0xCB34, 28003, 3},
    {0xCB35, 28006, 3}, {0xCB36, 28009, 3}, {0xCB37, 28012, 3},
    {0xCB38, 28015, 3}, {0xCB39, 28018, 3}, {0xCB3A, 28021, 3},
    {0xCB3B, 28024, 3}, {0xCB3C, 28027, 3}, {0xCB3D, 28030, 3},
    {0xCB3E, 28033, 3}, {0xCB3F, 28036, 3}, {0xCB40, 28039, 3},
    {0xCB41, 28042, 3}, {0xCB42, 28045, 3}, {0xCB43, 28048, 3},
    {0xCB44, 28051, 3}, {0xCB45, 28054, 3}, {0xCB46, 28057, 3},
    {0xCB47, 28060, 3}, {0xCB48, 28063, 2}, {0xCB49, 28065, 3},
    {0xCB4A, 28068, 3}, {0xCB4B, 28071, 3}, {0xCB4C, 28074, 3},
    {0xCB4D, 28077, 3}, {0xCB4E, 28080, 3}, {0xCB4F, 28083, 3},
    {0xCB50, 28086, 3}, {0xCB51, 28089, 3}, {0xCB52, 28092, 3},
    {0xCB53, 28095, 3}, {0xCB54, 28098, 3}, {0xCB55, 28101, 3},
    {0xCB56, 28104, 3}, {0xCB57, 28107, 3}, {0xCB58, 28110, 3},
    {0xCB59, 28113, 3}, {0xCB5A, 28116, 3}, {0xCB5B, 28119, 3},
    {0xCB5C, 28122, 3}, {0xCB5D, 28125, 3}, {0xCB5E, 28128, 3},
    {0xCB5F, 28131, 3}, {0xCB60, 28134, 3}, {0xCB61, 28137, 3},
    {0xCB62, 28140, 3}, {0xCB63, 28143, 3}, {0xCB64, 28146, 2},
    {0xCB65, 28148, 3}, {0xCB66, 28151, 3}, {0xCB67, 28154, 3},
    {0xCB68, 28157, 3}, {0xCB69, 28160, 3}, {0xCB6A, 28163, 3},
    {0xCB6B, 28166, 3}, {0xCB6C, 28169, 3}, {0xCB6D, 28172, 3},
    {0xCB6E, 28175, 3}, {0xCB6F, 28178, 3}, {0xCB70, 28181, 3},
    {0xCB71, 28184, 3}, {0xCB72, 28187, 3}, {0xCB73, 28190, 3},
    {0xCB74, 28193, 3}, {0xCB75, 28196, 3}, {0xCB76, 28199, 3},
    {0xCB77, 28202, 3}, {0xCB78, 28205, 3}, {0xCB79, 28208, 3},
    {0xCB7A, 28211, 3}, {0xCB7B, 28214, 3}, {0xCB7C, 28217, 3},
    {0xCB7D, 28220, 3}, {0xCB7E, 28223, 3}, {0xCB7F, 28226, 3},
    {0xCB80, 28229, 2}, {0xCB81, 28231, 3}, {0xCB82, 28234, 3},
    {0xCB83, 28237, 3}, {0xCB84, 28240, 3}, {0xCB85, 28243, 3},
    {0xCB86, 28246, 3}, {0xCB87, 28249, 3}, {0xCB88, 28252, 3},
    {0xCB89, 28255, 3}, {0xCB8A, 28258, 3}, {0xCB8B, 28261, 3},
    {0xCB8C, 28264, 3}, {0xCB8D, 28267, 3}, {0xCB8E, 28270, 3},
    {0xCB8F, 28273, 3}, {0xCB90, 28276, 3}, {0xCB91, 28279, 3},
    {0xCB92, 28282, 3}, {0xCB93, 28285, 3}, {0xCB94, 28288, 3},
    {0xCB95, 28291, 3}, {0xCB96, 28294, 3}, {0xCB97, 28297, 3},
    {0xCB98, 28300, 3}, {0xCB99, 28303, 3}, {0xCB9A, 28306, 3},
    {0xCB9B, 28309, 3}, {0xCB9C, 28312, 2}, {0xCB9D, 28314, 3},
    {0xCB9E, 28317, 3}, {0xCB9F, 28320, 3}, {0xCBA0, 28323, 3},
    {0xCBA1, 28326, 3}, {0xCBA2, 28329, 3}, {0xCBA3, 28332, 3},
    {0xCBA4, 28335, 3}, {0xCBA5, 28338, 3}, {0xCBA6, 28341, 3},
    {0xCBA7, 28344, 3}, {0xCBA8, 28347, 3}, {0xCBA9, 28350, 3},
    {0xCBAA, 28353, 3}, {0xCBAB, 28356, 3}, {0xCBAC, 28359, 3},
    {0xCBAD, 28362, 3}, {0xCBAE, 28365, 3}, {0xCBAF, 28368, 3},
    {0xCBB0, 28371, 3}, {0xCBB1, 28374, 3}, {0xCBB2, 28377, 3},
    {0xCBB3, 28380, 3}, {0xCBB4, 28383, 3}, {0xCBB5, 28386, 3},
    {0xCBB6, 28389, 3}, {0xCBB7, 28392, 3}, {0xCBB8, 28395, 2},
    {0xCBB9, 28397, 3}, {0xCBBA, 28400, 3}, {0xCBBB, 28403, 3},
    {0xCBBC, 28406, 3}, {0xCBBD, 28409, 3}, {0xCBBE, 28412, 3},
    {0xCBBF, 28415, 3}, {0xCBC0, 28418, 3}, {0xCBC1, 28421, 3},
    {0xCBC2, 28424, 3}, {0xCBC3, 28427, 3}, {0xCBC4, 28430, 3},
    {0xCBC5, 28433, 3}, {0xCBC6, 28436, 3}, {0xCBC7, 28439, 3},
    {0xCBC8, 28442, 3}, {0xCBC9, 28445, 3}, {0xCBCA, 28448, 3},
    {0xCBCB, 28451, 3}, {0xCBCC, 28454, 3}, {0xCBCD, 28457, 3},
    {0xCBCE, 28460, 3}, {0xCBCF, 28463, 3}, {0xCBD0, 28466, 3},
    {0xCBD1, 28469, 3}, {0xCBD2, 28472, 3}, {0xCBD3, 28475, 3},
    {0xCBD4, 28478, 2}, {0xCBD5, 28480, 3}, {0xCBD6, 28483, 3},
    {0xCBD7, 28486, 3}, {0xCBD8, 28489, 3}, {0xCBD9, 28492, 3},
    {0xCBDA, 28495, 3}, {0xCBDB, 28498, 3}, {0xCBDC, 28501, 3},
    {0xCBDD, 28504, 3}, {0xCBDE, 28507, 3}, {0xCBDF, 28510, 3},
    {0xCBE0, 28513, 3}, {0xCBE1, 28516, 3}, {0xCBE2, 28519, 3},
    {0xCBE3, 28522, 3}, {0xCBE4, 28525, 3}, {0xCBE5, 28528, 3},
    {0xCBE6, 28531, 3}, {0xCBE7, 28534, 3}, {0xCBE8, 28537, 3},
    {0xCBE9, 28540, 3}, {0xCBEA, 28543, 3}, {0xCBEB, 28546, 3},
    {0xCBEC, 28549, 3}, {0xCBED, 28552, 3}, {0xCBEE, 28555, 3},
    {0xCBEF, 28558, 3}, {0xCBF0, 28561, 2}, {0xCBF1, 28563, 3},
    {0xCBF2, 28566, 3}, {0xCBF3, 28569, 3}, {0xCBF4, 28572, 3},
    {0xCBF5, 28575, 3}, {0xCBF6, 28578, 3}, {0xCBF7, 28581, 3},
    {0xCBF8, 28584, 3}, {0xCBF9, 28587, 3}, {0xCBFA, 28590, 3},
    {0xCBFB, 28593, 3}, {0xCBFC, 28596, 3}, {0xCBFD, 28599, 3},
    {0xCBFE, 28602, 3}, {0xCBFF, 28605, 3}, {0xCC00, 28608, 3},
    {0xCC01, 28611, 3}, {0xCC02, 28614, 3}, {0xCC03, 28617, 3},
    {0xCC04, 28620, 3}, {0xCC05, 28623, 3}, {0xCC06, 28626, 3},
    {0xCC07, 28629, 3}, {0xCC08, 28632, 3}, {0xCC09, 28635, 3},
    {0xCC0A, 28638, 3}, {0xCC0B, 28641, 3}, {0xCC0C, 28644, 2},
    {0xCC0D, 28646, 3}, {0xCC0E, 28649, 3}, {0xCC0F, 28652, 3},
    {0xCC10, 28655, 3}, {0xCC11, 28658, 3}, {0xCC12, 28661, 3},
    {0xCC13, 28664, 3}, {0xCC14, 28667, 3}, {0xCC15, 28670, 3},
    {0xCC16, 28673, 3}, {0xCC17, 28676, 3}, {0xCC18, 28679, 3},
    {0xCC19, 28682, 3}, {0xCC1A, 28685, 3}, {0xCC1B, 28688, 3},
    {0xCC1C, 28691, 3}, {0xCC1D, 28694, 3}, {0xCC1E, 28697, 3},
    {0xCC1F, 28700, 3}, {0xCC20, 28703, 3}, {0xCC21, 28706, 3},
    {0xCC22, 28709, 3}, {0xCC23, 28712, 3}, {0xCC24, 28715, 3},
    {0xCC25, 28718, 3}, {0xCC26, 28721, 3}, {0xCC27, 28724, 3},
    {0xCC28, 28727, 2}, {0xCC29, 28729, 3}, {0xCC2A, 28732, 3},
    {0xCC2B, 28735, 3}, {0xCC2C, 28738, 3}, {0xCC2D, 28741, 3},
    {0xCC2E, 28744, 3}, {0xCC2F, 28747, 3}, {0xCC30, 28750, 3},
    {0xCC31, 28753, 3}, {0xCC32, 28756, 3}, {0xCC33, 28759, 3},
    {0xCC34, 28762, 3}, {0xCC35, 28765, 3}, {0xCC36, 28768, 3},
    {0xCC37, 28771, 3}, {0xCC38, 28774, 3}, {0xCC39, 28777, 3},
    {0xCC3A, 28780, 3}, {0xCC3B, 28783, 3}, {0xCC3C, 28786, 3},
    {0xCC3D, 28789, 3}, {0xCC3E, 28792, 3}, {0xCC3F, 28795, 3},
    {0xCC40, 28798, 3}, {0xCC41, 28801, 3}, {0xCC42, 28804, 3},
    {0xCC43, 28807, 3}, {0xCC44, 28810, 2}, {0xCC45, 28812, 3},
    {0xCC46, 28815, 3}, {0xCC47, 28818, 3}, {0xCC48, 28821, 3},
    {0xCC49, 28824, 3}, {0xCC4A, 28827, 3}, {0xCC4B, 28830, 3},
    {0xCC4C, 28833, 3}, {0xCC4D, 28836, 3}, {0xCC4E, 28839, 3},
    {0xCC4F, 28842, 3}, {0xCC50, 28845, 3}, {0xCC51, 28848, 3},
    {0xCC52, 28851, 3}, {0xCC53, 28854, 3}, {0xCC54, 28857, 3},
    {0xCC55, 28860, 3}, {0xCC56, 28863, 3}, {0xCC57, 28866, 3},
    {0xCC58, 28869, 3}, {0xCC59, 28872, 3}, {0xCC5A, 28875, 3},
    {0xCC5B, 28878, 3}, {0xCC5C, 28881, 3}, {0xCC5D, 28884, 3},
    {0xCC5E, 28887, 3}, {0xCC5F, 28890, 3}, {0xCC60, 28893, 2},
    {0xCC61, 28895, 3}, {0xCC62, 28898, 3}, {0xCC63, 28901, 3},
    {0xCC64, 28904, 3}, {0xCC65, 28907, 3}, {0xCC66, 28910, 3},
    {0xCC67, 28913, 3}, {0xCC68, 28916, 3}, {0xCC69, 28919, 3},
    {0xCC6A, 28922, 3}, {0xCC6B, 28925, 3}, {0xCC6C, 28928, 3},
    {0xCC6D, 28931, 3}, {0xCC6E, 28934, 3}, {0xCC6F, 28937, 3},
    {0xCC70, 28940, 3}, {0xCC71, 28943, 3}, {0xCC72, 28946, 3},
    {0xCC73, 28949, 3}, {0xCC74, 28952, 3}, {0xCC75, 28955, 3},
    {0xCC76, 28958, 3}, {0xCC77, 28961, 3}, {0xCC78, 28964, 3},
    {0xCC79, 28967, 3}, {0xCC7A, 28970, 3}, {0xCC7B, 28973, 3},
    {0xCC7C, 28976, 2}, {0xCC7D, 28978, 3}, {0xCC7E, 28981, 3},
    {0xCC7F, 28984, 3}, {0xCC80, 28987, 3}, {0xCC81, 28990, 3},
    {0xCC82, 28993, 3}, {0xCC83, 28996, 3}, {0xCC84, 28999, 3},
    {0xCC85, 29002, 3}, {0xCC86, 29005, 3}, {0xCC87, 29008, 3},
    {0xCC88, 29011, 3}, {0xCC89, 29014, 3}, {0xCC8A, 29017, 3},
    {0xCC8B, 29020, 3}, {0xCC8C, 29023, 3}, {0xCC8D, 29026, 3},
    {0xCC8E, 29029, 3}, {0xCC8F, 29032, 3}, {0xCC90, 29035, 3},
    {0xCC91, 29038, 3}, {0xCC92, 29041, 3}, {0xCC93, 29044, 3},
    {0xCC94, 29047, 3}, {0xCC95, 29050, 3}, {0xCC96, 29053, 3},
    {0xCC97, 29056, 3}, {0xCC98, 29059, 2}, {0xCC99, 29061, 3},
    {0xCC9A, 29064, 3}, {0xCC9B, 29067, 3}, {0xCC9C, 29070, 3},
    {0xCC9D, 29073, 3}, {0xCC9E, 29076, 3}, {0xCC9F, 29079, 3},
    {0xCCA0, 29082, 3}, {0xCCA1, 29085, 3}, {0xCCA2, 29088, 3},
    {0xCCA3, 29091, 3}, {0xCCA4, 29094, 3}, {0xCCA5, 29097, 3},
    {0xCCA6, 29100, 3}, {0xCCA7, 29103, 3}, {0xCCA8, 29106, 3},
    {0xCCA9, 29109, 3}, {0xCCAA, 29112, 3}, {0xCCAB, 29115, 3},
    {0xCCAC, 29118, 3}, {0xCCAD, 29121, 3}, {0xCCAE, 29124, 3},
    {0xCCAF, 29127, 3}, {0xCCB0, 29130, 3}, {0xCCB1, 29133, 3},
    {0xCCB2, 29136, 3}, {0xCCB3, 29139, 3}, {0xCCB4, 29142, 2},
    {0xCCB5, 29144, 3}, {0xCCB6, 29147, 3}, {0xCCB7, 29150, 3},
    {0xCCB8, 29153, 3}, {0xCCB9, 29156, 3}, {0xCCBA, 29159, 3},
    {0xCCBB, 29162, 3}, {0xCCBC, 29165, 3}, {0xCCBD, 29168, 3},
    {0xCCBE, 29171, 3}, {0xCCBF, 29174, 3}, {0xCCC0, 29177, 3},
    {0xCCC1, 29180, 3}, {0xCCC2, 29183, 3}, {0xCCC3, 29186, 3},
    {0xCCC4, 29189, 3}, {0xCCC5, 29192, 3}, {0xCCC6, 29195, 3},
    {0xCCC7, 29198, 3}, {0xCCC8, 29201, 3}, {0xCCC9, 29204, 3},
    {0xCCCA, 29207, 3}, {0xCCCB, 29210, 3}, {0xCCCC, 29213, 3},
    {0xCCCD, 29216, 3}, {0xCCCE, 29219, 3}, {0xCCCF, 29222, 3},
    {0xCCD0, 29225, 2}, {0xCCD1, 29227, 3}, {0xCCD2, 29230, 3},
    {0xCCD3, 29233, 3}, {0xCCD4, 29236, 3}, {0xCCD5, 29239, 3},
    {0xCCD6, 29242, 3}, {0xCCD7, 29245, 3}, {0xCCD8, 29248, 3},
    {0xCCD9, 29251, 3}, {0xCCDA, 29254, 3}, {0xCCDB, 29257, 3},
    {0xCCDC, 29260, 3}, {0xCCDD, 29263, 3}, {0xCCDE, 29266, 3},
    {0xCCDF, 29269, 3}, {0xCCE0, 29272, 3}, {0xCCE1, 29275, 3},
    {0xCCE2, 29278, 3}, {0xCCE3, 29281, 3}, {0xCCE4, 29284, 3},
    {0xCCE5, 29287, 3}, {0xCCE6, 29290, 3}, {0xCCE7, 29293, 3},
    {0xCCE8, 29296, 3}, {0xCCE9, 29299, 3}, {0xCCEA, 29302, 3},
    {0xCCEB, 29305, 3}, {0xCCEC, 29308, 2}, {0xCCED, 29310, 3},
    {0xCCEE, 29313, 3}, {0xCCEF, 29316, 3}, {0xCCF0, 29319, 3},
    {0xCCF1, 29322, 3}, {0xCCF2, 29325, 3}, {0xCCF3, 29328, 3},
    {0xCCF4, 29331, 3}, {0xCCF5, 29334, 3}, {0xCCF6, 29337, 3},
    {0xCCF7, 29340, 3}, {0xCCF8, 29343, 3}, {0xCCF9, 29346, 3},
    {0xCCFA, 29349, 3}, {0xCCFB, 29352, 3}, {0xCCFC, 29355, 3},
    {0xCCFD, 29358, 3}, {0xCCFE, 29361, 3}, {0xCCFF, 29364, 3},
    {0xCD00, 29367, 3}, {0xCD01, 29370, 3}, {0xCD02, 29373, 3},
    {0xCD03, 29376, 3}, {0xCD04, 29379, 3}, {0xCD05, 29382, 3},
    {0xCD06, 29385, 3}, {0xCD07, 29388, 3}, {0xCD08, 29391, 2},
    {0xCD09, 29393, 3}, {0xCD0A, 29396, 3}, {0xCD0B, 29399, 3},
    {0xCD0C, 29402, 3}, {0xCD0D, 29405, 3}, {0xCD0E, 29408, 3},
    {0xCD0F, 29411, 3}, {0xCD10, 29414, 3}, {0xCD11, 29417, 3},
    {0xCD12, 29420, 3}, {0xCD13, 29423, 3}, {0xCD14, 29426, 3},
    {0xCD15, 29429, 3}, {0xCD16, 29432, 3}, {0xCD17, 29435, 3},
    {0xCD18, 29438, 3}, {0xCD19, 29441, 3}, {0xCD1A, 29444, 3},
    {0xCD1B, 29447, 3}, {0xCD1C, 29450, 3}, {0xCD1D, 29453, 3},
    {0xCD1E, 29456, 3}, {0xCD1F, 29459, 3}, {0xCD20, 29462, 3},
    {0xCD21, 29465, 3}, {0xCD22, 29468, 3}, {0xCD23, 29471, 3},
    {0xCD24, 29474, 2}, {0xCD25, 29476, 3}, {0xCD26, 29479, 3},
    {0xCD27, 29482, 3}, {0xCD28, 29485, 3}, {0xCD29, 29488, 3},
    {0xCD2A, 29491, 3}, {0xCD2B, 29494, 3}, {0xCD2C, 29497, 3},
    {0xCD2D, 29500, 3}, {0xCD2E, 29503, 3}, {0xCD2F, 29506, 3},
    {0xCD30, 29509, 3}, {0xCD31, 29512, 3}, {0xCD32, 29515, 3},
    {0xCD33, 29518, 3}, {0xCD34, 29521, 3}, {0xCD35, 29524, 3},
    {0xCD36, 29527, 3}, {0xCD37, 29530, 3}, {0xCD38, 29533, 3},
    {0xCD39, 29536, 3}, {0xCD3A, 29539, 3}, {0xCD3B, 29542, 3},
    {0xCD3C, 29545, 3}, {0xCD3D, 29548, 3}, {0xCD3E, 29551, 3},
    {0xCD3F, 29554, 3}, {0xCD40, 29557, 2}, {0xCD41, 29559, 3},
    {0xCD42, 29562, 3}, {0xCD43, 29565, 3}, {0xCD44, 29568, 3},
    {0xCD45, 29571, 3}, {0xCD46, 29574, 3}, {0xCD47, 29577, 3},
    {0xCD48, 29580, 3}, {0xCD49, 29583, 3}, {0xCD4A, 29586, 3},
    {0xCD4B, 29589, 3}, {0xCD4C, 29592, 3}, {0xCD4D, 29595, 3},
    {0xCD4E, 29598, 3}, {0xCD4F, 29601, 3}, {0xCD50, 29604, 3},
    {0xCD51, 29607, 3}, {0xCD52, 29610, 3}, {0xCD53, 29613, 3},
    {0xCD54, 29616, 3}, {0xCD55, 29619, 3}, {0xCD56, 29622, 3},
    {0xCD57, 29625, 3}, {0xCD58, 29628, 3}, {0xCD59, 29631, 3},
    {0xCD5A, 29634, 3}, {0xCD5B, 29637, 3}, {0xCD5C, 29640, 2},
    {0xCD5D, 29642, 3}, {0xCD5E, 29645, 3}, {0xCD5F, 29648, 3},
    {0xCD60, 29651, 3}, {0xCD61, 29654, 3}, {0xCD62, 29657, 3},
    {0xCD63, 29660, 3}, {0xCD64, 29663, 3}, {0xCD65, 29666, 3},
    {0xCD66, 29669, 3}, {0xCD67, 29672, 3}, {0xCD68, 29675, 3},
    {0xCD69, 29678, 3}, {0xCD6A, 29681, 3}, {0xCD6B, 29684, 3},
    {0xCD6C, 29687, 3}, {0xCD6D, 29690, 3}, {0xCD6E, 29693, 3},
    {0xCD6F, 29696, 3}, {0xCD70, 29699, 3}, {0xCD71, 29702, 3},
    {0xCD72, 29705, 3}, {0xCD73, 29708, 3}, {0xCD74, 29711, 3},
    {0xCD75, 29714, 3}, {0xCD76, 29717, 3}, {0xCD77, 29720, 3},
    {0xCD78, 29723, 2}, {0xCD79, 29725, 3}, {0xCD7A, 29728, 3},
    {0xCD7B, 29731, 3}, {0xCD7C, 29734, 3}, {0xCD7D, 29737, 3},
    {0xCD7E, 29740, 3}, {0xCD7F, 29743, 3}, {0xCD80, 29746, 3},
    {0xCD81, 29749, 3}, {0xCD82, 29752, 3}, {0xCD83, 29755, 3},
    {0xCD84, 29758, 3}, {0xCD85, 29761, 3}, {0xCD86, 29764, 3},
    {0xCD87, 29767, 3}, {0xCD88, 29770, 3}, {0xCD89, 29773, 3},
    {0xCD8A, 29776, 3}, {0xCD8B, 29779, 3}, {0xCD8C, 29782, 3},
    {0xCD8D, 29785, 3}, {0xCD8E, 29788, 3}, {0xCD8F, 29791, 3},
    {0xCD90, 29794, 3}, {0xCD91, 29797, 3}, {0xCD92, 29800, 3},
    {0xCD93, 29803, 3}, {0xCD94, 29806, 2}, {0xCD95, 29808, 3},
    {0xCD96, 29811, 3}, {0xCD97, 29814, 3}, {0xCD98, 29817, 3},
    {0xCD99, 29820, 3}, {0xCD9A, 29823, 3}, {0xCD9B, 29826, 3},
    {0xCD9C, 29829, 3}, {0xCD9D, 29832, 3}, {0xCD9E, 29835, 3},
    {0xCD9F, 29838, 3}, {0xCDA0, 29841, 3}, {0xCDA1, 29844, 3},
    {0xCDA2, 29847, 3}, {0xCDA3, 29850, 3}, {0xCDA4, 29853, 3},
    {0xCDA5, 29856, 3}, {0xCDA6, 29859, 3}, {0xCDA7, 29862, 3},
    {0xCDA8, 29865, 3}, {0xCDA9, 29868, 3}, {0xCDAA, 29871, 3},
    {0xCDAB, 29874, 3}, {0xCDAC, 29877, 3}, {0xCDAD, 29880, 3},
    {0xCDAE, 29883, 3}, {0xCDAF, 29886, 3}, {0xCDB0, 29889, 2},
    {0xCDB1, 29891, 3}, {0xCDB2, 29894, 3}, {0xCDB3, 29897, 3},
    {0xCDB4, 29900, 3}, {0xCDB5, 29903, 3}, {0xCDB6, 29906, 3},
    {0xCDB7, 29909, 3}, {0xCDB8, 29912, 3}, {0xCDB9, 29915, 3},
    {0xCDBA, 29918, 3}, {0xCDBB, 29921, 3}, {0xCDBC, 29924, 3},
    {0xCDBD, 29927, 3}, {0xCDBE, 29930, 3}, {0xCDBF, 29933, 3},
    {0xCDC0, 29936, 3}, {0xCDC1, 29939, 3}, {0xCDC2, 29942, 3},
    {0xCDC3, 29945, 3}, {0xCDC4, 29948, 3}, {0xCDC5, 29951, 3},
    {0xCDC6, 29954, 3}, {0xCDC7, 29957, 3}, {0xCDC8, 29960, 3},
    {0xCDC9, 29963, 3}, {0xCDCA, 29966, 3}, {0xCDCB, 29969, 3},
    {0xCDCC, 29972, 2}, {0xCDCD, 29974, 3}, {0xCDCE, 29977, 3},
    {0xCDCF, 29980, 3}, {0xCDD0, 29983, 3}, {0xCDD1, 29986, 3},
    {0xCDD2, 29989, 3}, {0xCDD3, 29992, 3}, {0xCDD4, 29995, 3},
    {0xCDD5, 29998, 3}, {0xCDD6, 30001, 3}, {0xCDD7, 30004, 3},
    {0xCDD8, 30007, 3}, {0xCDD9, 30010, 3}, {0xCDDA, 30013, 3},
    {0xCDDB, 30016, 3}, {0xCDDC, 30019, 3}, {0xCDDD, 30022, 3},
    {0xCDDE, 30025, 3}, {0xCDDF, 30028, 3}, {0xCDE0, 30031, 3},
    {0xCDE1, 30034, 3}, {0xCDE2, 30037, 3}, {0xCDE3, 30040, 3},
    {0xCDE4, 30043, 3}, {0xCDE5, 30046, 3}, {0xCDE6, 30049, 3},
    {0xCDE7, 30052, 3}, {0xCDE8, 30055, 2}, {0xCDE9, 30057, 3},
    {0xCDEA, 30060, 3}, {0xCDEB, 30063, 3}, {0xCDEC, 30066, 3},
    {0xCDED, 30069, 3}, {0xCDEE, 30072, 3}, {0xCDEF, 30075, 3},
    {0xCDF0, 30078, 3}, {0xCDF1, 30081, 3}, {0xCDF2, 30084, 3},
    {0xCDF3, 30087, 3}, {0xCDF4, 30090, 3}, {0xCDF5, 30093, 3},
    {0xCDF6, 30096, 3}, {0xCDF7, 30099, 3}, {0xCDF8, 30102, 3},
    {0xCDF9, 30105, 3}, {0xCDFA, 30108, 3}, {0xCDFB, 30111, 3},
    {0xCDFC, 30114, 3}, {0xCDFD, 30117, 3}, {0xCDFE, 30120, 3},
    {0xCDFF, 30123, 3}, {0xCE00, 30126, 3}, {0xCE01, 30129, 3},
    {0xCE02, 30132, 3}, {0xCE03, 30135, 3}, {0xCE04, 30138, 2},
    {0xCE05, 30140, 3}, {0xCE06, 30143, 3}, {0xCE07, 30146, 3},
    {0xCE08, 30149, 3}, {0xCE09, 30152, 3}, {0xCE0A, 30155, 3},
    {0xCE0B, 30158, 3}, {0xCE0C, 30161, 3}, {0xCE0D, 30164, 3},
    {0xCE0E, 30167, 3}, {0xCE0F, 30170, 3}, {0xCE10, 30173, 3},
    {0xCE11, 30176, 3}, {0xCE12, 30179, 3}, {0xCE13, 30182, 3},
    {0xCE14, 30185, 3}, {0xCE15, 30188, 3}, {0xCE16, 30191, 3},
    {0xCE17, 30194, 3}, {0xCE18, 30197, 3}, {0xCE19, 30200, 3},
    {0xCE1A, 30203, 3}, {0xCE1B, 30206, 3}, {0xCE1C, 30209, 3},
    {0xCE1D, 30212, 3}, {0xCE1E, 30215, 3}, {0xCE1F, 30218, 3},
    {0xCE20, 30221, 2}, {0xCE21, 30223, 3}, {0xCE22, 30226, 3},
    {0xCE23, 30229, 3}, {0xCE24, 30232, 3}, {0xCE25, 30235, 3},
    {0xCE26, 30238, 3}, {0xCE27, 30241, 3}, {0xCE28, 30244, 3},
    {0xCE29, 30247, 3}, {0xCE2A, 30250, 3}, {0xCE2B, 30253, 3},
    {0xCE2C, 30256, 3}, {0xCE2D, 30259, 3}, {0xCE2E, 30262, 3},
    {0xCE2F, 30265, 3}, {0xCE30, 30268, 3}, {0xCE31, 30271, 3},
    {0xCE32, 30274, 3}, {0xCE33, 30277, 3}, {0xCE34, 30280, 3},
    {0xCE35, 30283, 3}, {0xCE36, 30286, 3}, {0xCE37, 30289, 3},
    {0xCE38, 30292, 3}, {0xCE39, 30295, 3}, {0xCE3A, 30298, 3},
    {0xCE3B, 30301, 3}, {0xCE3C, 30304, 2}, {0xCE3D, 30306, 3},
    {0xCE3E, 30309, 3}, {0xCE3F, 30312, 3}, {0xCE40, 30315, 3},
    {0xCE41, 30318, 3}, {0xCE42, 30321, 3}, {0xCE43, 30324, 3},
    {0xCE44, 30327, 3}, {0xCE45, 30330, 3}, {0xCE46, 30333, 3},
    {0xCE47, 30336, 3}, {0xCE48, 30339, 3}, {0xCE49, 30342, 3},
    {0xCE4A, 30345, 3}, {0xCE4B, 30348, 3}, {0xCE4C, 30351, 3},
    {0xCE4D, 30354, 3}, {0xCE4E, 30357, 3}, {0xCE4F, 30360, 3},
    {0xCE50, 30363, 3}, {0xCE51, 30366, 3}, {0xCE52, 30369, 3},
    {0xCE53, 30372, 3}, {0xCE54, 30375, 3}, {0xCE55, 30378, 3},
    {0xCE56, 30381, 3}, {0xCE57, 30384, 3}, {0xCE58, 30387, 2},
    {0xCE59, 30389, 3}, {0xCE5A, 30392, 3}, {0xCE5B, 30395, 3},
    {0xCE5C, 30398, 3}, {0xCE5D, 30401, 3}, {0xCE5E, 30404, 3},
    {0xCE5F, 30407, 3}, {0xCE60, 30410, 3}, {0xCE61, 30413, 3},
    {0xCE62, 30416, 3}, {0xCE63, 30419, 3}, {0xCE64, 30422, 3},
    {0xCE65, 30425, 3}, {0xCE66, 30428, 3}, {0xCE67, 30431, 3},
    {0xCE68, 30434, 3}, {0xCE69, 30437, 3}, {0xCE6A, 30440, 3},
    {0xCE6B, 30443, 3}, {0xCE6C, 30446, 3}, {0xCE6D, 30449, 3},
    {0xCE6E, 30452, 3}, {0xCE6F, 30455, 3}, {0xCE70, 30458, 3},
    {0xCE71, 30461, 3}, {0xCE72, 30464, 3}, {0xCE73, 30467, 3},
    {0xCE74, 30470, 2}, {0xCE75, 30472, 3}, {0xCE76, 30475, 3},
    {0xCE77, 30478, 3}, {0xCE78, 30481, 3}, {0xCE79, 30484, 3},
    {0xCE7A, 30487, 3}, {0xCE7B, 30490, 3}, {0xCE7C, 30493, 3},
    {0xCE7D, 30496, 3}, {0xCE7E, 30499, 3}, {0xCE7F, 30502, 3},
    {0xCE80, 30505, 3}, {0xCE81, 30508, 3}, {0xCE82, 30511, 3},
    {0xCE83, 30514, 3}, {0xCE84, 30517, 3}, {0xCE85, 30520, 3},
    {0xCE86, 30523, 3}, {0xCE87, 30526, 3}, {0xCE88, 30529, 3},
    {0xCE89, 30532, 3}, {0xCE8A, 30535, 3}, {0xCE8B, 30538, 3},
    {0xCE8C, 30541, 3}, {0xCE8D, 30544, 3}, {0xCE8E, 30547, 3},
    {0xCE8F, 30550, 3}, {0xCE90, 30553, 2}, {0xCE91, 30555, 3},
    {0xCE92, 30558, 3}, {0xCE93, 30561, 3}, {0xCE94, 30564, 3},
    {0xCE95, 30567, 3}, {0xCE96, 30570, 3}, {0xCE97, 30573, 3},
    {0xCE98, 30576, 3}, {0xCE99, 30579, 3}, {0xCE9A, 30582, 3},
    {0xCE9B, 30585, 3}, {0xCE9C, 30588, 3}, {0xCE9D, 30591, 3},
    {0xCE9E, 30594, 3}, {0xCE9F, 30597, 3}, {0xCEA0, 30600, 3},
    {0xCEA1, 30603, 3}, {0xCEA2, 30606, 3}, {0xCEA3, 30609, 3},
    {0xCEA4, 30612, 3}, {0xCEA5, 30615, 3}, {0xCEA6, 30618, 3},
    {0xCEA7, 30621, 3}, {0xCEA8, 30624, 3}, {0xCEA9, 30627, 3},
    {0xCEAA, 30630, 3}, {0xCEAB, 30633, 3}, {0xCEAC, 30636, 2},
    {0xCEAD, 30638, 3}, {0xCEAE, 30641, 3}, {0xCEAF, 30644, 3},
    {0xCEB0, 30647, 3}, {0xCEB1, 30650, 3}, {0xCEB2, 30653, 3},
    {0xCEB3, 30656, 3}, {0xCEB4, 30659, 3}, {0xCEB5, 30662, 3},
    {0xCEB6, 30665, 3}, {0xCEB7, 30668, 3}, {0xCEB8, 30671, 3},
    {0xCEB9, 30674, 3}, {0xCEBA, 30677, 3}, {0xCEBB, 30680, 3},
    {0xCEBC, 30683, 3}, {0xCEBD, 30686, 3}, {0xCEBE, 30689, 3},
    {0xCEBF, 30692, 3}, {0xCEC0, 30695, 3}, {0xCEC1, 30698, 3},
    {0xCEC2, 30701, 3}, {0xCEC3, 30704, 3}, {0xCEC4, 30707, 3},
    {0xCEC5, 30710, 3}, {0xCEC6, 30713, 3}, {0xCEC7, 30716, 3},
    {0xCEC8, 30719, 2}, {0xCEC9, 30721, 3}, {0xCECA, 30724, 3},
    {0xCECB, 30727, 3}, {0xCECC, 30730, 3}, {0xCECD, 30733, 3},
    {0xCECE, 30736, 3}, {0xCECF, 30739, 3}, {0xCED0, 30742, 3},
    {0xCED1, 30745, 3}, {0xCED2, 30748, 3}, {0xCED3, 30751, 3},
    {0xCED4, 30754, 3}, {0xCED5, 30757, 3}, {0xCED6, 30760, 3},
    {0xCED7, 30763, 3}, {0xCED8, 30766, 3}, {0xCED9, 30769, 3},
    {0xCEDA, 30772, 3}, {0xCEDB, 30775, 3}, {0xCEDC, 30778, 3},
    {0xCEDD, 30781, 3}, {0xCEDE, 30784, 3}, {0xCEDF, 30787, 3},
    {0xCEE0, 30790, 3}, {0xCEE1, 30793, 3}, {0xCEE2, 30796, 3},
    {0xCEE3, 30799, 3}, {0xCEE4, 30802, 2}, {0xCEE5, 30804, 3},
    {0xCEE6, 30807, 3}, {0xCEE7, 30810, 3}, {0xCEE8, 30813, 3},
    {0xCEE9, 30816, 3}, {0xCEEA, 30819, 3}, {0xCEEB, 30822, 3},
    {0xCEEC, 30825, 3}, {0xCEED, 30828, 3}, {0xCEEE, 30831, 3},
    {0xCEEF, 30834, 3}, {0xCEF0, 30837, 3}, {0xCEF1, 30840, 3},
    {0xCEF2, 30843, 3}, {0xCEF3, 30846, 3}, {0xCEF4, 30849, 3},
    {0xCEF5, 30852, 3}, {0xCEF6, 30855, 3}, {0xCEF7, 30858, 3},
    {0xCEF8, 30861, 3}, {0xCEF9, 30864, 3}, {0xCEFA, 30867, 3},
    {0xCEFB, 30870, 3}, {0xCEFC, 30873, 3}, {0xCEFD, 30876, 3},
    {0xCEFE, 30879, 3}, {0xCEFF, 30882, 3}, {0xCF00, 30885, 2},
    {0xCF01, 30887, 3}, {0xCF02, 30890, 3}, {0xCF03, 30893, 3},
    {0xCF04, 30896, 3}, {0xCF05, 30899, 3}, {0xCF06, 30902, 3},
    {0xCF07, 30905, 3}, {0xCF08, 30908, 3}, {0xCF09, 30911, 3},
    {0xCF0A, 30914, 3}, {0xCF0B, 30917, 3}, {0xCF0C, 30920, 3},
    {0xCF0D, 30923, 3}, {0xCF0E, 30926, 3}, {0xCF0F, 30929, 3},
    {0xCF10, 30932, 3}, {0xCF11, 30935, 3}, {0xCF12, 30938, 3},
    {0xCF13, 30941, 3}, {0xCF14, 30944, 3}, {0xCF15, 30947, 3},
    {0xCF16, 30950, 3}, {0xCF17, 30953, 3}, {0xCF18, 30956, 3},
    {0xCF19, 30959, 3}, {0xCF1A, 30962, 3}, {0xCF1B, 30965, 3},
    {0xCF1C, 30968, 2}, {0xCF1D, 30970, 3}, {0xCF1E, 30973, 3},
    {0xCF1F, 30976, 3}, {0xCF20, 30979, 3}, {0xCF21, 30982, 3},
    {0xCF22, 30985, 3}, {0xCF23, 30988, 3}, {0xCF24, 30991, 3},
    {0xCF25, 30994, 3}, {0xCF26, 30997, 3}, {0xCF27, 31000, 3},
    {0xCF28, 31003, 3}, {0xCF29, 31006, 3}, {0xCF2A, 31009, 3},
    {0xCF2B, 31012, 3}, {0xCF2C, 31015, 3}, {0xCF2D, 31018, 3},
    {0xCF2E, 31021, 3}, {0xCF2F, 31024, 3}, {0xCF30, 31027, 3},
    {0xCF31, 31030, 3}, {0xCF32, 31033, 3}, {0xCF33, 31036, 3},
    {0xCF34, 31039, 3}, {0xCF35, 31042, 3}, {0xCF36, 31045, 3},
    {0xCF37, 31048, 3}, {0xCF38, 31051, 2}, {0xCF39, 31053, 3},
    {0xCF3A, 31056, 3}, {0xCF3B, 31059, 3}, {0xCF3C, 31062, 3},
    {0xCF3D, 31065, 3}, {0xCF3E, 31068, 3}, {0xCF3F, 31071, 3},
    {0xCF40, 31074, 3}, {0xCF41, 31077, 3}, {0xCF42, 31080, 3},
    {0xCF43, 31083, 3}, {0xCF44, 31086, 3}, {0xCF45, 31089, 3},
    {0xCF46, 31092, 3}, {0xCF47, 31095, 3}, {0xCF48, 31098, 3},
    {0xCF49, 31101, 3}, {0xCF4A, 31104, 3}, {0xCF4B, 31107, 3},
    {0xCF4C, 31110, 3}, {0xCF4D, 31113, 3}, {0xCF4E, 31116, 3},
    {0xCF4F, 31119, 3}, {0xCF50, 31122, 3}, {0xCF51, 31125, 3},
    {0xCF52, 31128, 3}, {0xCF53, 31131, 3}, {0xCF54, 31134, 2},
    {0xCF55, 31136, 3}, {0xCF56, 31139, 3}, {0xCF57, 31142, 3},
    {0xCF58, 31145, 3}, {0xCF59, 31148, 3}, {0xCF5A, 31151, 3},
    {0xCF5B, 31154, 3}, {0xCF5C, 31157, 3}, {0xCF5D, 31160, 3},
    {0xCF5E, 31163, 3}, {0xCF5F, 31166, 3}, {0xCF60, 31169, 3},
    {0xCF61, 31172, 3}, {0xCF62, 31175, 3}, {0xCF63, 31178, 3},
    {0xCF64, 31181, 3}, {0xCF65, 31184, 3}, {0xCF66, 31187, 3},
    {0xCF67, 31190, 3}, {0xCF68, 31193, 3}, {0xCF69, 31196, 3},
    {0xCF6A, 31199, 3}, {0xCF6B, 31202, 3}, {0xCF6C, 31205, 3},
    {0xCF6D, 31208, 3}, {0xCF6E, 31211, 3}, {0xCF6F, 31214, 3},
    {0xCF70, 31217, 2}, {0xCF71, 31219, 3}, {0xCF72, 31222, 3},
    {0xCF73, 31225, 3}, {0xCF74, 31228, 3}, {0xCF75, 31231, 3},
    {0xCF76, 31234, 3}, {0xCF77, 31237, 3}, {0xCF78, 31240, 3},
    {0xCF79, 31243, 3}, {0xCF7A, 31246, 3}, {0xCF7B, 31249, 3},
    {0xCF7C, 31252, 3}, {0xCF7D, 31255, 3}, {0xCF7E, 31258, 3},
    {0xCF7F, 31261, 3}, {0xCF80, 31264, 3}, {0xCF81, 31267, 3},
    {0xCF82, 31270, 3}, {0xCF83, 31273, 3}, {0xCF84, 31276, 3},
    {0xCF85, 31279, 3}, {0xCF86, 31282, 3}, {0xCF87, 31285, 3},
    {0xCF88, 31288, 3}, {0xCF89, 31291, 3}, {0xCF8A, 31294, 3},
    {0xCF8B, 31297, 3}, {0xCF8C, 31300, 2}, {0xCF8D, 31302, 3},
    {0xCF8E, 31305, 3}, {0xCF8F, 31308, 3}, {0xCF90, 31311, 3},
    {0xCF91, 31314, 3}, {0xCF92, 31317, 3}, {0xCF93, 31320, 3},
    {0xCF94, 31323, 3}, {0xCF95, 31326, 3}, {0xCF96, 31329, 3},
    {0xCF97, 31332, 3}, {0xCF98, 31335, 3}, {0xCF99, 31338, 3},
    {0xCF9A, 31341, 3}, {0xCF9B, 31344, 3}, {0xCF9C, 31347, 3},
    {0xCF9D, 31350, 3}, {0xCF9E, 31353, 3}, {0xCF9F, 31356, 3},
    {0xCFA0, 31359, 3}, {0xCFA1, 31362, 3}, {0xCFA2, 31365, 3},
    {0xCFA3, 31368, 3}, {0xCFA4, 31371, 3}, {0xCFA5, 31374, 3},
    {0xCFA6, 31377, 3}, {0xCFA7, 31380, 3}, {0xCFA8, 31383, 2},
    {0xCFA9, 31385, 3}, {0xCFAA, 31388, 3}, {0xCFAB, 31391, 3},
    {0xCFAC, 31394, 3}, {0xCFAD, 31397, 3}, {0xCFAE, 31400, 3},
    {0xCFAF, 31403, 3}, {0xCFB0, 31406, 3}, {0xCFB1, 31409, 3},
    {0xCFB2, 31412, 3}, {0xCFB3, 31415, 3}, {0xCFB4, 31418, 3},
    {0xCFB5, 31421, 3}, {0xCFB6, 31424, 3}, {0xCFB7, 31427, 3},
    {0xCFB8, 31430, 3}, {0xCFB9, 31433, 3}, {0xCFBA, 31436, 3},
    {0xCFBB, 31439, 3}, {0xCFBC, 31442, 3}, {0xCFBD, 31445, 3},
    {0xCFBE, 31448, 3}, {0xCFBF, 31451, 3}, {0xCFC0, 31454, 3},
    {0xCFC1, 31457, 3}, {0xCFC2, 31460, 3}, {0xCFC3, 31463, 3},
    {0xCFC4, 31466, 2}, {0xCFC5, 31468, 3}, {0xCFC6, 31471, 3},
    {0xCFC7, 31474, 3}, {0xCFC8, 31477, 3}, {0xCFC9, 31480, 3},
    {0xCFCA, 31483, 3}, {0xCFCB, 31486, 3}, {0xCFCC, 31489, 3},
    {0xCFCD, 31492, 3}, {0xCFCE, 31495, 3}, {0xCFCF, 31498, 3},
    {0xCFD0, 31501, 3}, {0xCFD1, 31504, 3}, {0xCFD2, 31507, 3},
    {0xCFD3, 31510, 3}, {0xCFD4, 31513, 3}, {0xCFD5, 31516, 3},
    {0xCFD6, 31519, 3}, {0xCFD7, 31522, 3}, {0xCFD8, 31525, 3},
    {0xCFD9, 31528, 3}, {0xCFDA, 31531, 3}, {0xCFDB, 31534, 3},
    {0xCFDC, 31537, 3}, {0xCFDD, 31540, 3}, {0xCFDE, 31543, 3},
    {0xCFDF, 31546, 3}, {0xCFE0, 31549, 2}, {0xCFE1, 31551, 3},
    {0xCFE2, 31554, 3}, {0xCFE3, 31557, 3}, {0xCFE4, 31560, 3},
    {0xCFE5, 31563, 3}, {0xCFE6, 31566, 3}, {0xCFE7, 31569, 3},
    {0xCFE8, 31572, 3}, {0xCFE9, 31575, 3}, {0xCFEA, 31578, 3},
    {0xCFEB, 31581, 3}, {0xCFEC, 31584, 3}, {0xCFED, 31587, 3},
    {0xCFEE, 31590, 3}, {0xCFEF, 31593, 3}, {0xCFF0, 31596, 3},
    {0xCFF1, 31599, 3}, {0xCFF2, 31602, 3}, {0xCFF3, 31605, 3},
    {0xCFF4, 31608, 3}, {0xCFF5, 31611, 3}, {0xCFF6, 31614, 3},
    {0xCFF7, 31617, 3}, {0xCFF8, 31620, 3}, {0xCFF9, 31623, 3},
    {0xCFFA, 31626, 3}, {0xCFFB, 31629, 3}, {0xCFFC, 31632, 2},
    {0xCFFD, 31634, 3}, {0xCFFE, 31637, 3}, {0xCFFF, 31640, 3},
    {0xD000, 31643, 3}, {0xD001, 31646, 3}, {0xD002, 31649, 3},
    {0xD003, 31652, 3}, {0xD004, 31655, 3}, {0xD005, 31658, 3},
    {0xD006, 31661, 3}, {0xD007, 31664, 3}, {0xD008, 31667, 3},
    {0xD009, 31670, 3}, {0xD00A, 31673, 3}, {0xD00B, 31676, 3},
    {0xD00C, 31679, 3}, {0xD00D, 31682, 3}, {0xD00E, 31685, 3},
    {0xD00F, 31688, 3}, {0xD010, 31691, 3}, {0xD011, 31694, 3},
    {0xD012, 31697, 3}, {0xD013, 31700, 3}, {0xD014, 31703, 3},
    {0xD015, 31706, 3}, {0xD016, 31709, 3}, {0xD017, 31712, 3},
    {0xD018, 31715, 2}, {0xD019, 31717, 3}, {0xD01A, 31720, 3},
    {0xD01B, 31723, 3}, {0xD01C, 31726, 3}, {0xD01D, 31729, 3},
    {0xD01E, 31732, 3}, {0xD01F, 31735, 3}, {0xD020, 31738, 3},
    {0xD021, 31741, 3}, {0xD022, 31744, 3}, {0xD023, 31747, 3},
    {0xD024, 31750, 3}, {0xD025, 31753, 3}, {0xD026, 31756, 3},
    {0xD027, 31759, 3}, {0xD028, 31762, 3}, {0xD029, 31765, 3},
    {0xD02A, 31768, 3}, {0xD02B, 31771, 3}, {0xD02C, 31774, 3},
    {0xD02D, 31777, 3}, {0xD02E, 31780, 3}, {0xD02F, 31783, 3},
    {0xD030, 31786, 3}, {0xD031, 31789, 3}, {0xD032, 31792, 3},
    {0xD033, 31795, 3}, {0xD034, 31798, 2}, {0xD035, 31800, 3},
    {0xD036, 31803, 3}, {0xD037, 31806, 3}, {0xD038, 31809, 3},
    {0xD039, 31812, 3}, {0xD03A, 31815, 3}, {0xD03B, 31818, 3},
    {0xD03C, 31821, 3}, {0xD03D, 31824, 3}, {0xD03E, 31827, 3},
    {0xD03F, 31830, 3}, {0xD040, 31833, 3}, {0xD041, 31836, 3},
    {0xD042, 31839, 3}, {0xD043, 31842, 3}, {0xD044, 31845, 3},
    {0xD045, 31848, 3}, {0xD046, 31851, 3}, {0xD047, 31854, 3},
    {0xD048, 31857, 3}, {0xD049, 31860, 3}, {0xD04A, 31863, 3},
    {0xD04B, 31866, 3}, {0xD04C, 31869, 3}, {0xD04D, 31872, 3},
    {0xD04E, 31875, 3}, {0xD04F, 31878, 3}, {0xD050, 31881, 2},
    {0xD051, 31883, 3}, {0xD052, 31886, 3}, {0xD053, 31889, 3},
    {0xD054, 31892, 3}, {0xD055, 31895, 3}, {0xD056, 31898, 3},
    {0xD057, 31901, 3}, {0xD058, 31904, 3}, {0xD059, 31907, 3},
    {0xD05A, 31910, 3}, {0xD05B, 31913, 3}, {0xD05C, 31916, 3},
    {0xD05D, 31919, 3}, {0xD05E, 31922, 3}, {0xD05F, 31925, 3},
    {0xD060, 31928, 3}, {0xD061, 31931, 3}, {0xD062, 31934, 3},
    {0xD063, 31937, 3}, {0xD064, 31940, 3}, {0xD065, 31943, 3},
    {0xD066, 31946, 3}, {0xD067, 31949, 3}, {0xD068, 31952, 3},
    {0xD069, 31955, 3}, {0xD06A, 31958, 3}, {0xD06B, 31961, 3},
    {0xD06C, 31964, 2}, {0xD06D, 31966, 3}, {0xD06E, 31969, 3},
    {0xD06F, 31972, 3}, {0xD070, 31975, 3}, {0xD071, 31978, 3},
    {0xD072, 31981, 3}, {0xD073, 31984, 3}, {0xD074, 31987, 3},
    {0xD075, 31990, 3}, {0xD076, 31993, 3}, {0xD077, 31996, 3},
    {0xD078, 31999, 3}, {0xD079, 32002, 3}, {0xD07A, 32005, 3},
    {0xD07B, 32008, 3}, {0xD07C, 32011, 3}, {0xD07D, 32014, 3},
    {0xD07E, 32017, 3}, {0xD07F, 32020, 3}, {0xD080, 32023, 3},
    {0xD081, 32026, 3}, {0xD082, 32029, 3}, {0xD083, 32032, 3},
    {0xD084, 32035, 3}, {0xD085, 32038, 3}, {0xD086, 32041, 3},
    {0xD087, 32044, 3}, {0xD088, 32047, 2}, {0xD089, 32049, 3},
    {0xD08A, 32052, 3}, {0xD08B, 32055, 3}, {0xD08C, 32058, 3},
    {0xD08D, 32061, 3}, {0xD08E, 32064, 3}, {0xD08F, 32067, 3},
    {0xD090, 32070, 3}, {0xD091, 32073, 3}, {0xD092, 32076, 3},
    {0xD093, 32079, 3}, {0xD094, 32082, 3}, {0xD095, 32085, 3},
    {0xD096, 32088, 3}, {0xD097, 32091, 3}, {0xD098, 32094, 3},
    {0xD099, 32097, 3}, {0xD09A, 32100, 3}, {0xD09B, 32103, 3},
    {0xD09C, 32106, 3}, {0xD09D, 32109, 3}, {0xD09E, 32112, 3},
    {0xD09F, 32115, 3}, {0xD0A0, 32118, 3}, {0xD0A1, 32121, 3},
    {0xD0A2, 32124, 3}, {0xD0A3, 32127, 3}, {0xD0A4, 32130, 2},
    {0xD0A5, 32132, 3}, {0xD0A6, 32135, 3}, {0xD0A7, 32138, 3},
    {0xD0A8, 32141, 3}, {0xD0A9, 32144, 3}, {0xD0AA, 32147, 3},
    {0xD0AB, 32150, 3}, {0xD0AC, 32153, 3}, {0xD0AD, 32156, 3},
    {0xD0AE, 32159, 3}, {0xD0AF, 32162, 3}, {0xD0B0, 32165, 3},
    {0xD0B1, 32168, 3}, {0xD0B2, 32171, 3}, {0xD0B3, 32174, 3},
    {0xD0B4, 32177, 3}, {0xD0B5, 32180, 3}, {0xD0B6, 32183, 3},
    {0xD0B7, 32186, 3}, {0xD0B8, 32189, 3}, {0xD0B9, 32192, 3},
    {0xD0BA, 32195, 3}, {0xD0BB, 32198, 3}, {0xD0BC, 32201, 3},
    {0xD0BD, 32204, 3}, {0xD0BE, 32207, 3}, {0xD0BF, 32210, 3},
    {0xD0C0, 32213, 2}, {0xD0C1, 32215, 3}, {0xD0C2, 32218, 3},
    {0xD0C3, 32221, 3}, {0xD0C4, 32224, 3}, {0xD0C5, 32227, 3},
    {0xD0C6, 32230, 3}, {0xD0C7, 32233, 3}, {0xD0C8, 32236, 3},
    {0xD0C9, 32239, 3}, {0xD0CA, 32242, 3}, {0xD0CB, 32245, 3},
    {0xD0CC, 32248, 3}, {0xD0CD, 32251, 3}, {0xD0CE, 32254, 3},
    {0xD0CF, 32257, 3}, {0xD0D0, 32260, 3}, {0xD0D1, 32263, 3},
    {0xD0D2, 32266, 3}, {0xD0D3, 32269, 3}, {0xD0D4, 32272, 3},
    {0xD0D5, 32275, 3}, {0xD0D6, 32278, 3}, {0xD0D7, 32281, 3},
    {0xD0D8, 32284, 3}, {0xD0D9, 32287, 3}, {0xD0DA, 32290, 3},
    {0xD0DB, 32293, 3}, {0xD0DC, 32296, 2}, {0xD0DD, 32298, 3},
    {0xD0DE, 32301, 3}, {0xD0DF, 32304, 3}, {0xD0E0, 32307, 3},
    {0xD0E1, 32310, 3}, {0xD0E2, 32313, 3}, {0xD0E3, 32316, 3},
    {0xD0E4, 32319, 3}, {0xD0E5, 32322, 3}, {0xD0E6, 32325, 3},
    {0xD0E7, 32328, 3}, {0xD0E8, 32331, 3}, {0xD0E9, 32334, 3},
    {0xD0EA, 32337, 3}, {0xD0EB, 32340, 3}, {0xD0EC, 32343, 3},
    {0xD0ED, 32346, 3}, {0xD0EE, 32349, 3}, {0xD0EF, 32352, 3},
    {0xD0F0, 32355, 3}, {0xD0F1, 32358, 3}, {0xD0F2, 32361, 3},
    {0xD0F3, 32364, 3}, {0xD0F4, 32367, 3}, {0xD0F5, 32370, 3},
    {0xD0F6, 32373, 3}, {0xD0F7, 32376, 3}, {0xD0F8, 32379, 2},
    {0xD0F9, 32381, 3}, {0xD0FA, 32384, 3}, {0xD0FB, 32387, 3},
    {0xD0FC, 32390, 3}, {0xD0FD, 32393, 3}, {0xD0FE, 32396, 3},
    {0xD0FF, 32399, 3}, {0xD100, 32402, 3}, {0xD101, 32405, 3},
    {0xD102, 32408, 3}, {0xD103, 32411, 3}, {0xD104, 32414, 3},
    {0xD105, 32417, 3}, {0xD106, 32420, 3}, {0xD107, 32423, 3},
    {0xD108, 32426, 3}, {0xD109, 32429, 3}, {0xD10A, 32432, 3},
    {0xD10B, 32435, 3}, {0xD10C, 32438, 3}, {0xD10D, 32441, 3},
    {0xD10E, 32444, 3}, {0xD10F, 32447, 3}, {0xD110, 32450, 3},
    {0xD111, 32453, 3}, {0xD112, 32456, 3}, {0xD113, 32459, 3},
    {0xD114, 32462, 2}, {0xD115, 32464, 3}, {0xD116, 32467, 3},
    {0xD117, 32470, 3}, {0xD118, 32473, 3}, {0xD119, 32476, 3},
    {0xD11A, 32479, 3}, {0xD11B, 32482, 3}, {0xD11C, 32485, 3},
    {0xD11D, 32488, 3}, {0xD11E, 32491, 3}, {0xD11F, 32494, 3},
    {0xD120, 32497, 3}, {0xD121, 32500, 3}, {0xD122, 32503, 3},
    {0xD123, 32506, 3}, {0xD124, 32509, 3}, {0xD125, 32512, 3},
    {0xD126, 32515, 3}, {0xD127, 32518, 3}, {0xD128, 32521, 3},
    {0xD129, 32524, 3}, {0xD12A, 32527, 3}, {0xD12B, 32530, 3},
    {0xD12C, 32533, 3}, {0xD12D, 32536, 3}, {0xD12E, 32539, 3},
    {0xD12F, 32542, 3}, {0xD130, 32545, 2}, {0xD131, 32547, 3},
    {0xD132, 32550, 3}, {0xD133, 32553, 3}, {0xD134, 32556, 3},
    {0xD135, 32559, 3}, {0xD136, 32562, 3}, {0xD137, 32565, 3},
    {0xD138, 32568, 3}, {0xD139, 32571, 3}, {0xD13A, 32574, 3},
    {0xD13B, 32577, 3}, {0xD13C, 32580, 3}, {0xD13D, 32583, 3},
    {0xD13E, 32586, 3}, {0xD13F, 32589, 3}, {0xD140, 32592, 3},
    {0xD141, 32595, 3}, {0xD142, 32598, 3}, {0xD143, 32601, 3},
    {0xD144, 32604, 3}, {0xD145, 32607, 3}, {0xD146, 32610, 3},
    {0xD147, 32613, 3}, {0xD148, 32616, 3}, {0xD149, 32619, 3},
    {0xD14A, 32622, 3}, {0xD14B, 32625, 3}, {0xD14C, 32628, 2},
    {0xD14D, 32630, 3}, {0xD14E, 32633, 3}, {0xD14F, 32636, 3},
    {0xD150, 32639, 3}, {0xD151, 32642, 3}, {0xD152, 32645, 3},
    {0xD153, 32648, 3}, {0xD154, 32651, 3}, {0xD155, 32654, 3},
    {0xD156, 32657, 3}, {0xD157, 32660, 3}, {0xD158, 32663, 3},
    {0xD159, 32666, 3}, {0xD15A, 32669, 3}, {0xD15B, 32672, 3},
    {0xD15C, 32675, 3}, {0xD15D, 32678, 3}, {0xD15E, 32681, 3},
    {0xD15F, 32684, 3}, {0xD160, 32687, 3}, {0xD161, 32690, 3},
    {0xD162, 32693, 3}, {0xD163, 32696, 3}, {0xD164, 32699, 3},
    {0xD165, 32702, 3}, {0xD166, 32705, 3}, {0xD167, 32708, 3},
    {0xD168, 32711, 2}, {0xD169, 32713, 3}, {0xD16A, 32716, 3},
    {0xD16B, 32719, 3}, {0xD16C, 32722, 3}, {0xD16D, 32725, 3},
    {0xD16E, 32728, 3}, {0xD16F, 32731, 3}, {0xD170, 32734, 3},
    {0xD171, 32737, 3}, {0xD172, 32740, 3}, {0xD173, 32743, 3},
    {0xD174, 32746, 3}, {0xD175, 32749, 3}, {0xD176, 32752, 3},
    {0xD177, 32755, 3}, {0xD178, 32758, 3}, {0xD179, 32761, 3},
    {0xD17A, 32764, 3}, {0xD17B, 32767, 3}, {0xD17C, 32770, 3},
    {0xD17D, 32773, 3}, {0xD17E, 32776, 3}, {0xD17F, 32779, 3},
    {0xD180, 32782, 3}, {0xD181, 32785, 3}, {0xD182, 32788, 3},
    {0xD183, 32791, 3}, {0xD184, 32794, 2}, {0xD185, 32796, 3},
    {0xD186, 32799, 3}, {0xD187, 32802, 3}, {0xD188, 32805, 3},
    {0xD189, 32808, 3}, {0xD18A, 32811, 3}, {0xD18B, 32814, 3},
    {0xD18C, 32817, 3}, {0xD18D, 32820, 3}, {0xD18E, 32823, 3},
    {0xD18F, 32826, 3}, {0xD190, 32829, 3}, {0xD191, 32832, 3},
    {0xD192, 32835, 3}, {0xD193, 32838, 3}, {0xD194, 32841, 3},
    {0xD195, 32844, 3}, {0xD196, 32847, 3}, {0xD197, 32850, 3},
    {0xD198, 32853, 3}, {0xD199, 32856, 3}, {0xD19A, 32859, 3},
    {0xD19B, 32862, 3}, {0xD19C, 32865, 3}, {0xD19D, 32868, 3},
    {0xD19E, 32871, 3}, {0xD19F, 32874, 3}, {0xD1A0, 32877, 2},
    {0xD1A1, 32879, 3}, {0xD1A2, 32882, 3}, {0xD1A3, 32885, 3},
    {0xD1A4, 32888, 3}, {0xD1A5, 32891, 3}, {0xD1A6, 32894, 3},
    {0xD1A7, 32897, 3}, {0xD1A8, 32900, 3}, {0xD1A9, 32903, 3},
    {0xD1AA, 32906, 3}, {0xD1AB, 32909, 3}, {0xD1AC, 32912, 3},
    {0xD1AD, 32915, 3}, {0xD1AE, 32918, 3}, {0xD1AF, 32921, 3},
    {0xD1B0, 32924, 3}, {0xD1B1, 32927, 3}, {0xD1B2, 32930, 3},
    {0xD1B3, 32933, 3}, {0xD1B4, 32936, 3}, {0xD1B5, 32939, 3},
    {0xD1B6, 32942, 3}, {0xD1B7, 32945, 3}, {0xD1B8, 32948, 3},
    {0xD1B9, 32951, 3}, {0xD1BA, 32954, 3}, {0xD1BB, 32957, 3},
    {0xD1BC, 32960, 2}, {0xD1BD, 32962, 3}, {0xD1BE, 32965, 3},
    {0xD1BF, 32968, 3}, {0xD1C0, 32971, 3}, {0xD1C1, 32974, 3},
    {0xD1C2, 32977, 3}, {0xD1C3, 32980, 3}, {0xD1C4, 32983, 3},
    {0xD1C5, 32986, 3}, {0xD1C6, 32989, 3}, {0xD1C7, 32992, 3},
    {0xD1C8, 32995, 3}, {0xD1C9, 32998, 3}, {0xD1CA, 33001, 3},
    {0xD1CB, 33004, 3}, {0xD1CC, 33007, 3}, {0xD1CD, 33010, 3},
    {0xD1CE, 33013, 3}, {0xD1CF, 33016, 3}, {0xD1D0, 33019, 3},
    {0xD1D1, 33022, 3}, {0xD1D2, 33025, 3}, {0xD1D3, 33028, 3},
    {0xD1D4, 33031, 3}, {0xD1D5, 33034, 3}, {0xD1D6, 33037, 3},
    {0xD1D7, 33040, 3}, {0xD1D8, 33043, 2}, {0xD1D9, 33045, 3},
    {0xD1DA, 33048, 3}, {0xD1DB, 33051, 3}, {0xD1DC, 33054, 3},
    {0xD1DD, 33057, 3}, {0xD1DE, 33060, 3}, {0xD1DF, 33063, 3},
    {0xD1E0, 33066, 3}, {0xD1E1, 33069, 3}, {0xD1E2, 33072, 3},
    {0xD1E3, 33075, 3}, {0xD1E4, 33078, 3}, {0xD1E5, 33081, 3},
    {0xD1E6, 33084, 3}, {0xD1E7, 33087, 3}, {0xD1E8, 33090, 3},
    {0xD1E9, 33093, 3}, {0xD1EA, 33096, 3}, {0xD1EB, 33099, 3},
    {0xD1EC, 33102, 3}, {0xD1ED, 33105, 3}, {0xD1EE, 33108, 3},
    {0xD1EF, 33111, 3}, {0xD1F0, 33114, 3}, {0xD1F1, 33117, 3},
    {0xD1F2, 33120, 3}, {0xD1F3, 33123, 3}, {0xD1F4, 33126, 2},
    {0xD1F5, 33128, 3}, {0xD1F6, 33131, 3}, {0xD1F7, 33134, 3},
    {0xD1F8, 33137, 3}, {0xD1F9, 33140, 3}, {0xD1FA, 33143, 3},
    {0xD1FB, 33146, 3}, {0xD1FC, 33149, 3}, {0xD1FD, 33152, 3},
    {0xD1FE, 33155, 3}, {0xD1FF, 33158, 3}, {0xD200, 33161, 3},
    {0xD201, 33164, 3}, {0xD202, 33167, 3}, {0xD203, 33170, 3},
    {0xD204, 33173, 3}, {0xD205, 33176, 3}, {0xD206, 33179, 3},
    {0xD207, 33182, 3}, {0xD208, 33185, 3}, {0xD209, 33188, 3},
    {0xD20A, 33191, 3}, {0xD20B, 33194, 3}, {0xD20C, 33197, 3},
    {0xD20D, 33200, 3}, {0xD20E, 33203, 3}, {0xD20F, 33206, 3},
    {0xD210, 33209, 2}, {0xD211, 33211, 3}, {0xD212, 33214, 3},
    {0xD213, 33217, 3}, {0xD214, 33220, 3}, {0xD215, 33223, 3},
    {0xD216, 33226, 3}, {0xD217, 33229, 3}, {0xD218, 33232, 3},
    {0xD219, 33235, 3}, {0xD21A, 33238, 3}, {0xD21B, 33241, 3},
    {0xD21C, 33244, 3}, {0xD21D, 33247, 3}, {0xD21E, 33250, 3},
    {0xD21F, 33253, 3}, {0xD220, 33256, 3}, {0xD221, 33259, 3},
    {0xD222, 33262, 3}, {0xD223, 33265, 3}, {0xD224, 33268, 3},
    {0xD225, 33271, 3}, {0xD226, 33274, 3}, {0xD227, 33277, 3},
    {0xD228, 33280, 3}, {0xD229, 33283, 3}, {0xD22A, 33286, 3},
    {0xD22B, 33289, 3}, {0xD22C, 33292, 2}, {0xD22D, 33294, 3},
    {0xD22E, 33297, 3}, {0xD22F, 33300, 3}, {0xD230, 33303, 3},
    {0xD231, 33306, 3}, {0xD232, 33309, 3}, {0xD233, 33312, 3},
    {0xD234, 33315, 3}, {0xD235, 33318, 3}, {0xD236, 33321, 3},
    {0xD237, 33324, 3}, {0xD238, 33327, 3}, {0xD239, 33330, 3},
    {0xD23A, 33333, 3}, {0xD23B, 33336, 3}, {0xD23C, 33339, 3},
    {0xD23D, 33342, 3}, {0xD23E, 33345, 3}, {0xD23F, 33348, 3},
    {0xD240, 33351, 3}, {0xD241, 33354, 3}, {0xD242, 33357, 3},
    {0xD243, 33360, 3}, {0xD244, 33363, 3}, {0xD245, 33366, 3},
    {0xD246, 33369, 3}, {0xD247, 33372, 3}, {0xD248, 33375, 2},
    {0xD249, 33377, 3}, {0xD24A, 33380, 3}, {0xD24B, 33383, 3},
    {0xD24C, 33386, 3}, {0xD24D, 33389, 3}, {0xD24E, 33392, 3},
    {0xD24F, 33395, 3}, {0xD250, 33398, 3}, {0xD251, 33401, 3},
    {0xD252, 33404, 3}, {0xD253, 33407, 3}, {0xD254, 33410, 3},
    {0xD255, 33413, 3}, {0xD256, 33416, 3}, {0xD257, 33419, 3},
    {0xD258, 33422, 3}, {0xD259, 33425, 3}, {0xD25A, 33428, 3},
    {0xD25B, 33431, 3}, {0xD25C, 33434, 3}, {0xD25D, 33437, 3},
    {0xD25E, 33440, 3}, {0xD25F, 33443, 3}, {0xD260, 33446, 3},
    {0xD261, 33449, 3}, {0xD262, 33452, 3}, {0xD263, 33455, 3},
    {0xD264, 33458, 2}, {0xD265, 33460, 3}, {0xD266, 33463, 3},
    {0xD267, 33466, 3}, {0xD268, 33469, 3}, {0xD269, 33472, 3},
    {0xD26A, 33475, 3}, {0xD26B, 33478, 3}, {0xD26C, 33481, 3},
    {0xD26D, 33484, 3}, {0xD26E, 33487, 3}, {0xD26F, 33490, 3},
    {0xD270, 33493, 3}, {0xD271, 33496, 3}, {0xD272, 33499, 3},
    {0xD273, 33502, 3}, {0xD274, 33505, 3}, {0xD275, 33508, 3},
    {0xD276, 33511, 3}, {0xD277, 33514, 3}, {0xD278, 33517, 3},
    {0xD279, 33520, 3}, {0xD27A, 33523, 3}, {0xD27B, 33526, 3},
    {0xD27C, 33529, 3}, {0xD27D, 33532, 3}, {0xD27E, 33535, 3},
    {0xD27F, 33538, 3}, {0xD280, 33541, 2}, {0xD281, 33543, 3},
    {0xD282, 33546, 3}, {0xD283, 33549, 3}, {0xD284, 33552, 3},
    {0xD285, 33555, 3}, {0xD286, 33558, 3}, {0xD287, 33561, 3},
    {0xD288, 33564, 3}, {0xD289, 33567, 3}, {0xD28A, 33570, 3},
    {0xD28B, 33573, 3}, {0xD28C, 33576, 3}, {0xD28D, 33579, 3},
    {0xD28E, 33582, 3}, {0xD28F, 33585, 3}, {0xD290, 33588, 3},
    {0xD291, 33591, 3}, {0xD292, 33594, 3}, {0xD293, 33597, 3},
    {0xD294, 33600, 3}, {0xD295, 33603, 3}, {0xD296, 33606, 3},
    {0xD297, 33609, 3}, {0xD298, 33612, 3}, {0xD299, 33615, 3},
    {0xD29A, 33618, 3}, {0xD29B, 33621, 3}, {0xD29C, 33624, 2},
    {0xD29D, 33626, 3}, {0xD29E, 33629, 3}, {0xD29F, 33632, 3},
    {0xD2A0, 33635, 3}, {0xD2A1, 33638, 3}, {0xD2A2, 33641, 3},
    {0xD2A3, 33644, 3}, {0xD2A4, 33647, 3}, {0xD2A5, 33650, 3},
    {0xD2A6, 33653, 3}, {0xD2A7, 33656, 3}, {0xD2A8, 33659, 3},
    {0xD2A9, 33662, 3}, {0xD2AA, 33665, 3}, {0xD2AB, 33668, 3},
    {0xD2AC, 33671, 3}, {0xD2AD, 33674, 3}, {0xD2AE, 33677, 3},
    {0xD2AF, 33680, 3}, {0xD2B0, 33683, 3}, {0xD2B1, 33686, 3},
    {0xD2B2, 33689, 3}, {0xD2B3, 33692, 3}, {0xD2B4, 33695, 3},
    {0xD2B5, 33698, 3}, {0xD2B6, 33701, 3}, {0xD2B7, 33704, 3},
    {0xD2B8, 33707, 2}, {0xD2B9, 33709, 3}, {0xD2BA, 33712, 3},
    {0xD2BB, 33715, 3}, {0xD2BC, 33718, 3}, {0xD2BD, 33721, 3},
    {0xD2BE, 33724, 3}, {0xD2BF, 33727, 3}, {0xD2C0, 33730, 3},
    {0xD2C1, 33733, 3}, {0xD2C2, 33736, 3}, {0xD2C3, 33739, 3},
    {0xD2C4, 33742, 3}, {0xD2C5, 33745, 3}, {0xD2C6, 33748, 3},
    {0xD2C7, 33751, 3}, {0xD2C8, 33754, 3}, {0xD2C9, 33757, 3},
    {0xD2CA, 33760, 3}, {0xD2CB, 33763, 3}, {0xD2CC, 33766, 3},
    {0xD2CD, 33769, 3}, {0xD2CE, 33772, 3}, {0xD2CF, 33775, 3},
    {0xD2D0, 33778, 3}, {0xD2D1, 33781, 3}, {0xD2D2, 33784, 3},
    {0xD2D3, 33787, 3}, {0xD2D4, 33790, 2}, {0xD2D5, 33792, 3},
    {0xD2D6, 33795, 3}, {0xD2D7, 33798, 3}, {0xD2D8, 33801, 3},
    {0xD2D9, 33804, 3}, {0xD2DA, 33807, 3}, {0xD2DB, 33810, 3},
    {0xD2DC, 33813, 3}, {0xD2DD, 33816, 3}, {0xD2DE, 33819, 3},
    {0xD2DF, 33822, 3}, {0xD2E0, 33825, 3}, {0xD2E1, 33828, 3},
    {0xD2E2, 33831, 3}, {0xD2E3, 33834, 3}, {0xD2E4, 33837, 3},
    {0xD2E5, 33840, 3}, {0xD2E6, 33843, 3}, {0xD2E7, 33846, 3},
    {0xD2E8, 33849, 3}, {0xD2E9, 33852, 3}, {0xD2EA, 33855, 3},
    {0xD2EB, 33858, 3}, {0xD2EC, 33861, 3}, {0xD2ED, 33864, 3},
    {0xD2EE, 33867, 3}, {0xD2EF, 33870, 3}, {0xD2F0, 33873, 2},
    {0xD2F1, 33875, 3}, {0xD2F2, 33878, 3}, {0xD2F3, 33881, 3},
    {0xD2F4, 33884, 3}, {0xD2F5, 33887, 3}, {0xD2F6, 33890, 3},
    {0xD2F7, 33893, 3}, {0xD2F8, 33896, 3}, {0xD2F9, 33899, 3},
    {0xD2FA, 33902, 3}, {0xD2FB, 33905, 3}, {0xD2FC, 33908, 3},
    {0xD2FD, 33911, 3}, {0xD2FE, 33914, 3}, {0xD2FF, 33917, 3},
    {0xD300, 33920, 3}, {0xD301, 33923, 3}, {0xD302, 33926, 3},
    {0xD303, 33929, 3}, {0xD304, 33932, 3}, {0xD305, 33935, 3},
    {0xD306, 33938, 3}, {0xD307, 33941, 3}, {0xD308, 33944, 3},
    {0xD309, 33947, 3}, {0xD30A, 33950, 3}, {0xD30B, 33953, 3},
    {0xD30C, 33956, 2}, {0xD30D, 33958, 3}, {0xD30E, 33961, 3},
    {0xD30F, 33964, 3}, {0xD310, 33967, 3}, {0xD311, 33970, 3},
    {0xD312, 33973, 3}, {0xD313, 33976, 3}, {0xD314, 33979, 3},
    {0xD315, 33982, 3}, {0xD316, 33985, 3}, {0xD317, 33988, 3},
    {0xD318, 33991, 3}, {0xD319, 33994, 3}, {0xD31A, 33997, 3},
    {0xD31B, 34000, 3}, {0xD31C, 34003, 3}, {0xD31D, 34006, 3},
    {0xD31E, 34009, 3}, {0xD31F, 34012, 3}, {0xD320, 34015, 3},
    {0xD321, 34018, 3}, {0xD322, 34021, 3}, {0xD323, 34024, 3},
    {0xD324, 34027, 3}, {0xD325, 34030, 3}, {0xD326, 34033, 3},
    {0xD327, 34036, 3}, {0xD328, 34039, 2}, {0xD329, 34041, 3},
    {0xD32A, 34044, 3}, {0xD32B, 34047, 3}, {0xD32C, 34050, 3},
    {0xD32D, 34053, 3}, {0xD32E, 34056, 3}, {0xD32F, 34059, 3},
    {0xD330, 34062, 3}, {0xD331, 34065, 3}, {0xD332, 34068, 3},
    {0xD333, 34071, 3}, {0xD334, 34074, 3}, {0xD335, 34077, 3},
    {0xD336, 34080, 3}, {0xD337, 34083, 3}, {0xD338, 34086, 3},
    {0xD339, 34089, 3}, {0xD33A, 34092, 3}, {0xD33B, 34095, 3},
    {0xD33C, 34098, 3}, {0xD33D, 34101, 3}, {0xD33E, 34104, 3},
    {0xD33F, 34107, 3}, {0xD340, 34110, 3}, {0xD341, 34113, 3},
    {0xD342, 34116, 3}, {0xD343, 34119, 3}, {0xD344, 34122, 2},
    {0xD345, 34124, 3}, {0xD346, 34127, 3}, {0xD347, 34130, 3},
    {0xD348, 34133, 3}, {0xD349, 34136, 3}, {0xD34A, 34139, 3},
    {0xD34B, 34142, 3}, {0xD34C, 34145, 3}, {0xD34D, 34148, 3},
    {0xD34E, 34151, 3}, {0xD34F, 34154, 3}, {0xD350, 34157, 3},
    {0xD351, 34160, 3}, {0xD352, 34163, 3}, {0xD353, 34166, 3},
    {0xD354, 34169, 3}, {0xD355, 34172, 3}, {0xD356, 34175, 3},
    {0xD357, 34178, 3}, {0xD358, 34181, 3}, {0xD359, 34184, 3},
    {0xD35A, 34187, 3}, {0xD35B, 34190, 3}, {0xD35C, 34193, 3},
    {0xD35D, 34196, 3}, {0xD35E, 34199, 3}, {0xD35F, 34202, 3},
    {0xD360, 34205, 2}, {0xD361, 34207, 3}, {0xD362, 34210, 3},
    {0xD363, 34213, 3}, {0xD364, 34216, 3}, {0xD365, 34219, 3},
    {0xD366, 34222, 3}, {0xD367, 34225, 3}, {0xD368, 34228, 3},
    {0xD369, 34231, 3}, {0xD36A, 34234, 3}, {0xD36B, 34237, 3},
    {0xD36C, 34240, 3}, {0xD36D, 34243, 3}, {0xD36E, 34246, 3},
    {0xD36F, 34249, 3}, {0xD370, 34252, 3}, {0xD371, 34255, 3},
    {0xD372, 34258, 3}, {0xD373, 34261, 3}, {0xD374, 34264, 3},
    {0xD375, 34267, 3}, {0xD376, 34270, 3}, {0xD377, 34273, 3},
    {0xD378, 34276, 3}, {0xD379, 34279, 3}, {0xD37A, 34282, 3},
    {0xD37B, 34285, 3}, {0xD37C, 34288, 2}, {0xD37D, 34290, 3},
    {0xD37E, 34293, 3}, {0xD37F, 34296, 3}, {0xD380, 34299, 3},
    {0xD381, 34302, 3}, {0xD382, 34305, 3}, {0xD383, 34308, 3},
    {0xD384, 34311, 3}, {0xD385, 34314, 3}, {0xD386, 34317, 3},
    {0xD387, 34320, 3}, {0xD388, 34323, 3}, {0xD389, 34326, 3},
    {0xD38A, 34329, 3}, {0xD38B, 34332, 3}, {0xD38C, 34335, 3},
    {0xD38D, 34338, 3}, {0xD38E, 34341, 3}, {0xD38F, 34344, 3},
    {0xD390, 34347, 3}, {0xD391, 34350, 3}, {0xD392, 34353, 3},
    {0xD393, 34356, 3}, {0xD394, 34359, 3}, {0xD395, 34362, 3},
    {0xD396, 34365, 3}, {0xD397, 34368, 3}, {0xD398, 34371, 2},
    {0xD399, 34373, 3}, {0xD39A, 34376, 3}, {0xD39B, 34379, 3},
    {0xD39C, 34382, 3}, {0xD39D, 34385, 3}, {0xD39E, 34388, 3},
    {0xD39F, 34391, 3}, {0xD3A0, 34394, 3}, {0xD3A1, 34397, 3},
    {0xD3A2, 34400, 3}, {0xD3A3, 34403, 3}, {0xD3A4, 34406, 3},
    {0xD3A5, 34409, 3}, {0xD3A6, 34412, 3}, {0xD3A7, 34415, 3},
    {0xD3A8, 34418, 3}, {0xD3A9, 34421, 3}, {0xD3AA, 34424, 3},
    {0xD3AB, 34427, 3}, {0xD3AC, 34430, 3}, {0xD3AD, 34433, 3},
    {0xD3AE, 34436, 3}, {0xD3AF, 34439, 3}, {0xD3B0, 34442, 3},
    {0xD3B1, 34445, 3}, {0xD3B2, 34448, 3}, {0xD3B3, 34451, 3},
    {0xD3B4, 34454, 2}, {0xD3B5, 34456, 3}, {0xD3B6, 34459, 3},
    {0xD3B7, 34462, 3}, {0xD3B8, 34465, 3}, {0xD3B9, 34468, 3},
    {0xD3BA, 34471, 3}, {0xD3BB, 34474, 3}, {0xD3BC, 34477, 3},
    {0xD3BD, 34480, 3}, {0xD3BE, 34483, 3}, {0xD3BF, 34486, 3},
    {0xD3C0, 34489, 3}, {0xD3C1, 34492, 3}, {0xD3C2, 34495, 3},
    {0xD3C3, 34498, 3}, {0xD3C4, 34501, 3}, {0xD3C5, 34504, 3},
    {0xD3C6, 34507, 3}, {0xD3C7, 34510, 3}, {0xD3C8, 34513, 3},
    {0xD3C9, 34516, 3}, {0xD3CA, 34519, 3}, {0xD3CB, 34522, 3},
    {0xD3CC, 34525, 3}, {0xD3CD, 34528, 3}, {0xD3CE, 34531, 3},
    {0xD3CF, 34534, 3}, {0xD3D0, 34537, 2}, {0xD3D1, 34539, 3},
    {0xD3D2, 34542, 3}, {0xD3D3, 34545, 3}, {0xD3D4, 34548, 3},
    {0xD3D5, 34551, 3}, {0xD3D6, 34554, 3}, {0xD3D7, 34557, 3},
    {0xD3D8, 34560, 3}, {0xD3D9, 34563, 3}, {0xD3DA, 34566, 3},
    {0xD3DB, 34569, 3}, {0xD3DC, 34572, 3}, {0xD3DD, 34575, 3},
    {0xD3DE, 34578, 3}, {0xD3DF, 34581, 3}, {0xD3E0, 34584, 3},
    {0xD3E1, 34587, 3}, {0xD3E2, 34590, 3}, {0xD3E3, 34593, 3},
    {0xD3E4, 34596, 3}, {0xD3E5, 34599, 3}, {0xD3E6, 34602, 3},
    {0xD3E7, 34605, 3}, {0xD3E8, 34608, 3}, {0xD3E9, 34611, 3},
    {0xD3EA, 34614, 3}, {0xD3EB, 34617, 3}, {0xD3EC, 34620, 2},
    {0xD3ED, 34622, 3}, {0xD3EE, 34625, 3}, {0xD3EF, 34628, 3},
    {0xD3F0, 34631, 3}, {0xD3F1, 34634, 3}, {0xD3F2, 34637, 3},
    {0xD3F3, 34640, 3}, {0xD3F4, 34643, 3}, {0xD3F5, 34646, 3},
    {0xD3F6, 34649, 3}, {0xD3F7, 34652, 3}, {0xD3F8, 34655, 3},
    {0xD3F9, 34658, 3}, {0xD3FA, 34661, 3}, {0xD3FB, 34664, 3},
    {0xD3FC, 34667, 3}, {0xD3FD, 34670, 3}, {0xD3FE, 34673, 3},
    {0xD3FF, 34676, 3}, {0xD400, 34679, 3}, {0xD401, 34682, 3},
    {0xD402, 34685, 3}, {0xD403, 34688, 3}, {0xD404, 34691, 3},
    {0xD405, 34694, 3}, {0xD406, 34697, 3}, {0xD407, 34700, 3},
    {0xD408, 34703, 2}, {0xD409, 34705, 3}, {0xD40A, 34708, 3},
    {0xD40B, 34711, 3}, {0xD40C, 34714, 3}, {0xD40D, 34717, 3},
    {0xD40E, 34720, 3}, {0xD40F, 34723, 3}, {0xD410, 34726, 3},
    {0xD411, 34729, 3}, {0xD412, 34732, 3}, {0xD413, 34735, 3},
    {0xD414, 34738, 3}, {0xD415, 34741, 3}, {0xD416, 34744, 3},
    {0xD417, 34747, 3}, {0xD418, 34750, 3}, {0xD419, 34753, 3},
    {0xD41A, 34756, 3}, {0xD41B, 34759, 3}, {0xD41C, 34762, 3},
    {0xD41D, 34765, 3}, {0xD41E, 34768, 3}, {0xD41F, 34771, 3},
    {0xD420, 34774, 3}, {0xD421, 34777, 3}, {0xD422, 34780, 3},
    {0xD423, 34783, 3}, {0xD424, 34786, 2}, {0xD425, 34788, 3},
    {0xD426, 34791, 3}, {0xD427, 34794, 3}, {0xD428, 34797, 3},
    {0xD429, 34800, 3}, {0xD42A, 34803, 3}, {0xD42B, 34806, 3},
    {0xD42C, 34809, 3}, {0xD42D, 34812, 3}, {0xD42E, 34815, 3},
    {0xD42F, 34818, 3}, {0xD430, 34821, 3}, {0xD431, 34824, 3},
    {0xD432, 34827, 3}, {0xD433, 34830, 3}, {0xD434, 34833, 3},
    {0xD435, 34836, 3}, {0xD436, 34839, 3}, {0xD437, 34842, 3},
    {0xD438, 34845, 3}, {0xD439, 34848, 3}, {0xD43A, 34851, 3},
    {0xD43B, 34854, 3}, {0xD43C, 34857, 3}, {0xD43D, 34860, 3},
    {0xD43E, 34863, 3}, {0xD43F, 34866, 3}, {0xD440, 34869, 2},
    {0xD441, 34871, 3}, {0xD442, 34874, 3}, {0xD443, 34877, 3},
    {0xD444, 34880, 3}, {0xD445, 34883, 3}, {0xD446, 34886, 3},
    {0xD447, 34889, 3}, {0xD448, 34892, 3}, {0xD449, 34895, 3},
    {0xD44A, 34898, 3}, {0xD44B, 34901, 3}, {0xD44C, 34904, 3},
    {0xD44D, 34907, 3}, {0xD44E, 34910, 3}, {0xD44F, 34913, 3},
    {0xD450, 34916, 3}, {0xD451, 34919, 3}, {0xD452, 34922, 3},
    {0xD453, 34925, 3}, {0xD454, 34928, 3}, {0xD455, 34931, 3},
    {0xD456, 34934, 3}, {0xD457, 34937, 3}, {0xD458, 34940, 3},
    {0xD459, 34943, 3}, {0xD45A, 34946, 3}, {0xD45B, 34949, 3},
    {0xD45C, 34952, 2}, {0xD45D, 34954, 3}, {0xD45E, 34957, 3},
    {0xD45F, 34960, 3}, {0xD460, 34963, 3}, {0xD461, 34966, 3},
    {0xD462, 34969, 3}, {0xD463, 34972, 3}, {0xD464, 34975, 3},
    {0xD465, 34978, 3}, {0xD466, 34981, 3}, {0xD467, 34984, 3},
    {0xD468, 34987, 3}, {0xD469, 34990, 3}, {0xD46A, 34993, 3},
    {0xD46B, 34996, 3}, {0xD46C, 34999, 3}, {0xD46D, 35002, 3},
    {0xD46E, 35005, 3}, {0xD46F, 35008, 3}, {0xD470, 35011, 3},
    {0xD471, 35014, 3}, {0xD472, 35017, 3}, {0xD473, 35020, 3},
    {0xD474, 35023, 3}, {0xD475, 35026, 3}, {0xD476, 35029, 3},
    {0xD477, 35032, 3}, {0xD478, 35035, 2}, {0xD479, 35037, 3},
    {0xD47A, 35040, 3}, {0xD47B, 35043, 3}, {0xD47C, 35046, 3},
    {0xD47D, 35049, 3}, {0xD47E, 35052, 3}, {0xD47F, 35055, 3},
    {0xD480, 35058, 3}, {0xD481, 35061, 3}, {0xD482, 35064, 3},
    {0xD483, 35067, 3}, {0xD484, 35070, 3}, {0xD485, 35073, 3},
    {0xD486, 35076, 3}, {0xD487, 35079, 3}, {0xD488, 35082, 3},
    {0xD489, 35085, 3}, {0xD48A, 35088, 3}, {0xD48B, 35091, 3},
    {0xD48C, 35094, 3}, {0xD48D, 35097, 3}, {0xD48E, 35100, 3},
    {0xD48F, 35103, 3}, {0xD490, 35106, 3}, {0xD491, 35109, 3},
    {0xD492, 35112, 3}, {0xD493, 35115, 3}, {0xD494, 35118, 2},
    {0xD495, 35120, 3}, {0xD496, 35123, 3}, {0xD497, 35126, 3},
    {0xD498, 35129, 3}, {0xD499, 35132, 3}, {0xD49A, 35135, 3},
    {0xD49B, 35138, 3}, {0xD49C, 35141, 3}, {0xD49D, 35144, 3},
    {0xD49E, 35147, 3}, {0xD49F, 35150, 3}, {0xD4A0, 35153, 3},
    {0xD4A1, 35156, 3}, {0xD4A2, 35159, 3}, {0xD4A3, 35162, 3},
    {0xD4A4, 35165, 3}, {0xD4A5, 35168, 3}, {0xD4A6, 35171, 3},
    {0xD4A7, 35174, 3}, {0xD4A8, 35177, 3}, {0xD4A9, 35180, 3},
    {0xD4AA, 35183, 3}, {0xD4AB, 35186, 3}, {0xD4AC, 35189, 3},
    {0xD4AD, 35192, 3}, {0xD4AE, 35195, 3}, {0xD4AF, 35198, 3},
    {0xD4B0, 35201, 2}, {0xD4B1, 35203, 3}, {0xD4B2, 35206, 3},
    {0xD4B3, 35209, 3}, {0xD4B4, 35212, 3}, {0xD4B5, 35215, 3},
    {0xD4B6, 35218, 3}, {0xD4B7, 35221, 3}, {0xD4B8, 35224, 3},
    {0xD4B9, 35227, 3}, {0xD4BA, 35230, 3}, {0xD4BB, 35233, 3},
    {0xD4BC, 35236, 3}, {0xD4BD, 35239, 3}, {0xD4BE, 35242, 3},
    {0xD4BF, 35245, 3}, {0xD4C0, 35248, 3}, {0xD4C1, 35251, 3},
    {0xD4C2, 35254, 3}, {0xD4C3, 35257, 3}, {0xD4C4, 35260, 3},
    {0xD4C5, 35263, 3}, {0xD4C6, 35266, 3}, {0xD4C7, 35269, 3},
    {0xD4C8, 35272, 3}, {0xD4C9, 35275, 3}, {0xD4CA, 35278, 3},
    {0xD4CB, 35281, 3}, {0xD4CC, 35284, 2}, {0xD4CD, 35286, 3},
    {0xD4CE, 35289, 3}, {0xD4CF, 35292, 3}, {0xD4D0, 35295, 3},
    {0xD4D1, 35298, 3}, {0xD4D2, 35301, 3}, {0xD4D3, 35304, 3},
    {0xD4D4, 35307, 3}, {0xD4D5, 35310, 3}, {0xD4D6, 35313, 3},
    {0xD4D7, 35316, 3}, {0xD4D8, 35319, 3}, {0xD4D9, 35322, 3},
    {0xD4DA, 35325, 3}, {0xD4DB, 35328, 3}, {0xD4DC, 35331, 3},
    {0xD4DD, 35334, 3}, {0xD4DE, 35337, 3}, {0xD4DF, 35340, 3},
    {0xD4E0, 35343, 3}, {0xD4E1, 35346, 3}, {0xD4E2, 35349, 3},
    {0xD4E3, 35352, 3}, {0xD4E4, 35355, 3}, {0xD4E5, 35358, 3},
    {0xD4E6, 35361, 3}, {0xD4E7, 35364, 3}, {0xD4E8, 35367, 2},
    {0xD4E9, 35369, 3}, {0xD4EA, 35372, 3}, {0xD4EB, 35375, 3},
    {0xD4EC, 35378, 3}, {0xD4ED, 35381, 3}, {0xD4EE, 35384, 3},
    {0xD4EF, 35387, 3}, {0xD4F0, 35390, 3}, {0xD4F1, 35393, 3},
    {0xD4F2, 35396, 3}, {0xD4F3, 35399, 3}, {0xD4F4, 35402, 3},
    {0xD4F5, 35405, 3}, {0xD4F6, 35408, 3}, {0xD4F7, 35411, 3},
    {0xD4F8, 35414, 3}, {0xD4F9, 35417, 3}, {0xD4FA, 35420, 3},
    {0xD4FB, 35423, 3}, {0xD4FC, 35426, 3}, {0xD4FD, 35429, 3},
    {0xD4FE, 35432, 3}, {0xD4FF, 35435, 3}, {0xD500, 35438, 3},
    {0xD501, 35441, 3}, {0xD502, 35444, 3}, {0xD503, 35447, 3},
    {0xD504, 35450, 2}, {0xD505, 35452, 3}, {0xD506, 35455, 3},
    {0xD507, 35458, 3}, {0xD508, 35461, 3}, {0xD509, 35464, 3},
    {0xD50A, 35467, 3}, {0xD50B, 35470, 3}, {0xD50C, 35473, 3},
    {0xD50D, 35476, 3}, {0xD50E, 35479, 3}, {0xD50F, 35482, 3},
    {0xD510, 35485, 3}, {0xD511, 35488, 3}, {0xD512, 35491, 3},
    {0xD513, 35494, 3}, {0xD514, 35497, 3}, {0xD515, 35500, 3},
    {0xD516, 35503, 3}, {0xD517, 35506, 3}, {0xD518, 35509, 3},
    {0xD519, 35512, 3}, {0xD51A, 35515, 3}, {0xD51B, 35518, 3},
    {0xD51C, 35521, 3}, {0xD51D, 35524, 3}, {0xD51E, 35527, 3},
    {0xD51F, 35530, 3}, {0xD520, 35533, 2}, {0xD521, 35535, 3},
    {0xD522, 35538, 3}, {0xD523, 35541, 3}, {0xD524, 35544, 3},
    {0xD525, 35547, 3}, {0xD526, 35550, 3}, {0xD527, 35553, 3},
    {0xD528, 35556, 3}, {0xD529, 35559, 3}, {0xD52A, 35562, 3},
    {0xD52B, 35565, 3}, {0xD52C, 35568, 3}, {0xD52D, 35571, 3},
    {0xD52E, 35574, 3}, {0xD52F, 35577, 3}, {0xD530, 35580, 3},
    {0xD531, 35583, 3}, {0xD532, 35586, 3}, {0xD533, 35589, 3},
    {0xD534, 35592, 3}, {0xD535, 35595, 3}, {0xD536, 35598, 3},
    {0xD537, 35601, 3}, {0xD538, 35604, 3}, {0xD539, 35607, 3},
    {0xD53A, 35610, 3}, {0xD53B, 35613, 3}, {0xD53C, 35616, 2},
    {0xD53D, 35618, 3}, {0xD53E, 35621, 3}, {0xD53F, 35624, 3},
    {0xD540, 35627, 3}, {0xD541, 35630, 3}, {0xD542, 35633, 3},
    {0xD543, 35636, 3}, {0xD544, 35639, 3}, {0xD545, 35642, 3},
    {0xD546, 35645, 3}, {0xD547, 35648, 3}, {0xD548, 35651, 3},
    {0xD549, 35654, 3}, {0xD54A, 35657, 3}, {0xD54B, 35660, 3},
    {0xD54C, 35663, 3}, {0xD54D, 35666, 3}, {0xD54E, 35669, 3},
    {0xD54F, 35672, 3}, {0xD550, 35675, 3}, {0xD551, 35678, 3},
    {0xD552, 35681, 3}, {0xD553, 35684, 3}, {0xD554, 35687, 3},
    {0xD555, 35690, 3}, {0xD556, 35693, 3}, {0xD557, 35696, 3},
    {0xD558, 35699, 2}, {0xD559, 35701, 3}, {0xD55A, 35704, 3},
    {0xD55B, 35707, 3}, {0xD55C, 35710, 3}, {0xD55D, 35713, 3},
    {0xD55E, 35716, 3}, {0xD55F, 35719, 3}, {0xD560, 35722, 3},
    {0xD561, 35725, 3}, {0xD562, 35728, 3}, {0xD563, 35731, 3},
    {0xD564, 35734, 3}, {0xD565, 35737, 3}, {0xD566, 35740, 3},
    {0xD567, 35743, 3}, {0xD568, 35746, 3}, {0xD569, 35749, 3},
    {0xD56A, 35752, 3}, {0xD56B, 35755, 3}, {0xD56C, 35758, 3},
    {0xD56D, 35761, 3}, {0xD56E, 35764, 3}, {0xD56F, 35767, 3},
    {0xD570, 35770, 3}, {0xD571, 35773, 3}, {0xD572, 35776, 3},
    {0xD573, 35779, 3}, {0xD574, 35782, 2}, {0xD575, 35784, 3},
    {0xD576, 35787, 3}, {0xD577, 35790, 3}, {0xD578, 35793, 3},
    {0xD579, 35796, 3}, {0xD57A, 35799, 3}, {0xD57B, 35802, 3},
    {0xD57C, 35805, 3}, {0xD57D, 35808, 3}, {0xD57E, 35811, 3},
    {0xD57F, 35814, 3}, {0xD580, 35817, 3}, {0xD581, 35820, 3},
    {0xD582, 35823, 3}, {0xD583, 35826, 3}, {0xD584, 35829, 3},
    {0xD585, 35832, 3}, {0xD586, 35835, 3}, {0xD587, 35838, 3},
    {0xD588, 35841, 3}, {0xD589, 35844, 3}, {0xD58A, 35847, 3},
    {0xD58B, 35850, 3}, {0xD58C, 35853, 3}, {0xD58D, 35856, 3},
    {0xD58E, 35859, 3}, {0xD58F, 35862, 3}, {0xD590, 35865, 2},
    {0xD591, 35867, 3}, {0xD592, 35870, 3}, {0xD593, 35873, 3},
    {0xD594, 35876, 3}, {0xD595, 35879, 3}, {0xD596, 35882, 3},
    {0xD597, 35885, 3}, {0xD598, 35888, 3}, {0xD599, 35891, 3},
    {0xD59A, 35894, 3}, {0xD59B, 35897, 3}, {0xD59C, 35900, 3},
    {0xD59D, 35903, 3}, {0xD59E, 35906, 3}, {0xD59F, 35909, 3},
    {0xD5A0, 35912, 3}, {0xD5A1, 35915, 3}, {0xD5A2, 35918, 3},
    {0xD5A3, 35921, 3}, {0xD5A4, 35924, 3}, {0xD5A5, 35927, 3},
    {0xD5A6, 35930, 3}, {0xD5A7, 35933, 3}, {0xD5A8, 35936, 3},
    {0xD5A9, 35939, 3}, {0xD5AA, 35942, 3}, {0xD5AB, 35945, 3},
    {0xD5AC, 35948, 2}, {0xD5AD, 35950, 3}, {0xD5AE, 35953, 3},
    {0xD5AF, 35956, 3}, {0xD5B0, 35959, 3}, {0xD5B1, 35962, 3},
    {0xD5B2, 35965, 3}, {0xD5B3, 35968, 3}, {0xD5B4, 35971, 3},
    {0xD5B5, 35974, 3}, {0xD5B6, 35977, 3}, {0xD5B7, 35980, 3},
    {0xD5B8, 35983, 3}, {0xD5B9, 35986, 3}, {0xD5BA, 35989, 3},
    {0xD5BB, 35992, 3}, {0xD5BC, 35995, 3}, {0xD5BD, 35998, 3},
    {0xD5BE, 36001, 3}, {0xD5BF, 36004, 3}, {0xD5C0, 36007, 3},
    {0xD5C1, 36010, 3}, {0xD5C2, 36013, 3}, {0xD5C3, 36016, 3},
    {0xD5C4, 36019, 3}, {0xD5C5, 36022, 3}, {0xD5C6, 36025, 3},
    {0xD5C7, 36028, 3}, {0xD5C8, 36031, 2}, {0xD5C9, 36033, 3},
    {0xD5CA, 36036, 3}, {0xD5CB, 36039, 3}, {0xD5CC, 36042, 3},
    {0xD5CD, 36045, 3}, {0xD5CE, 36048, 3}, {0xD5CF, 36051, 3},
    {0xD5D0, 36054, 3}, {0xD5D1, 36057, 3}, {0xD5D2, 36060, 3},
    {0xD5D3, 36063, 3}, {0xD5D4, 36066, 3}, {0xD5D5, 36069, 3},
    {0xD5D6, 36072, 3}, {0xD5D7, 36075, 3}, {0xD5D8, 36078, 3},
    {0xD5D9, 36081, 3}, {0xD5DA, 36084, 3}, {0xD5DB, 36087, 3},
    {0xD5DC, 36090, 3}, {0xD5DD, 36093, 3}, {0xD5DE, 36096, 3},
    {0xD5DF, 36099, 3}, {0xD5E0, 36102, 3}, {0xD5E1, 36105, 3},
    {0xD5E2, 36108, 3}, {0xD5E3, 36111, 3}, {0xD5E4, 36114, 2},
    {0xD5E5, 36116, 3}, {0xD5E6, 36119, 3}, {0xD5E7, 36122, 3},
    {0xD5E8, 36125, 3}, {0xD5E9, 36128, 3}, {0xD5EA, 36131, 3},
    {0xD5EB, 36134, 3}, {0xD5EC, 36137, 3}, {0xD5ED, 36140, 3},
    {0xD5EE, 36143, 3}, {0xD5EF, 36146, 3}, {0xD5F0, 36149, 3},
    {0xD5F1, 36152, 3}, {0xD5F2, 36155, 3}, {0xD5F3, 36158, 3},
    {0xD5F4, 36161, 3}, {0xD5F5, 36164, 3}, {0xD5F6, 36167, 3},
    {0xD5F7, 36170, 3}, {0xD5F8, 36173, 3}, {0xD5F9, 36176, 3},
    {0xD5FA, 36179, 3}, {0xD5FB, 36182, 3}, {0xD5FC, 36185, 3},
    {0xD5FD, 36188, 3}, {0xD5FE, 36191, 3}, {0xD5FF, 36194, 3},
    {0xD600, 36197, 2}, {0xD601, 36199, 3}, {0xD602, 36202, 3},
    {0xD603, 36205, 3}, {0xD604, 36208, 3}, {0xD605, 36211, 3},
    {0xD606, 36214, 3}, {0xD607, 36217, 3}, {0xD608, 36220, 3},
    {0xD609, 36223, 3}, {0xD60A, 36226, 3}, {0xD60B, 36229, 3},
    {0xD60C, 36232, 3}, {0xD60D, 36235, 3}, {0xD60E, 36238, 3},
    {0xD60F, 36241, 3}, {0xD610, 36244, 3}, {0xD611, 36247, 3},
    {0xD612, 36250, 3}, {0xD613, 36253, 3}, {0xD614, 36256, 3},
    {0xD615, 36259, 3}, {0xD616, 36262, 3}, {0xD617, 36265, 3},
    {0xD618, 36268, 3}, {0xD619, 36271, 3}, {0xD61A, 36274, 3},
    {0xD61B, 36277, 3}, {0xD61C, 36280, 2}, {0xD61D, 36282, 3},
    {0xD61E, 36285, 3}, {0xD61F, 36288, 3}, {0xD620, 36291, 3},
    {0xD621, 36294, 3}, {0xD622, 36297, 3}, {0xD623, 36300, 3},
    {0xD624, 36303, 3}, {0xD625, 36306, 3}, {0xD626, 36309, 3},
    {0xD627, 36312, 3}, {0xD628, 36315, 3}, {0xD629, 36318, 3},
    {0xD62A, 36321, 3}, {0xD62B, 36324, 3}, {0xD62C, 36327, 3},
    {0xD62D, 36330, 3}, {0xD62E, 36333, 3}, {0xD62F, 36336, 3},
    {0xD630, 36339, 3}, {0xD631, 36342, 3}, {0xD632, 36345, 3},
    {0xD633, 36348, 3}, {0xD634, 36351, 3}, {0xD635, 36354, 3},
    {0xD636, 36357, 3}, {0xD637, 36360, 3}, {0xD638, 36363, 2},
    {0xD639, 36365, 3}, {0xD63A, 36368, 3}, {0xD63B, 36371, 3},
    {0xD63C, 36374, 3}, {0xD63D, 36377, 3}, {0xD63E, 36380, 3},
    {0xD63F, 36383, 3}, {0xD640, 36386, 3}, {0xD641, 36389, 3},
    {0xD642, 36392, 3}, {0xD643, 36395, 3}, {0xD644, 36398, 3},
    {0xD645, 36401, 3}, {0xD646, 36404, 3}, {0xD647, 36407, 3},
    {0xD648, 36410, 3}, {0xD649, 36413, 3}, {0xD64A, 36416, 3},
    {0xD64B, 36419, 3}, {0xD64C, 36422, 3}, {0xD64D, 36425, 3},
    {0xD64E, 36428, 3}, {0xD64F, 36431, 3}, {0xD650, 36434, 3},
    {0xD651, 36437, 3}, {0xD652, 36440, 3}, {0xD653, 36443, 3},
    {0xD654, 36446, 2}, {0xD655, 36448, 3}, {0xD656, 36451, 3},
    {0xD657, 36454, 3}, {0xD658, 36457, 3}, {0xD659, 36460, 3},
    {0xD65A, 36463, 3}, {0xD65B, 36466, 3}, {0xD65C, 36469, 3},
    {0xD65D, 36472, 3}, {0xD65E, 36475, 3}, {0xD65F, 36478, 3},
    {0xD660, 36481, 3}, {0xD661, 36484, 3}, {0xD662, 36487, 3},
    {0xD663, 36490, 3}, {0xD664, 36493, 3}, {0xD665, 36496, 3},
    {0xD666, 36499, 3}, {0xD667, 36502, 3}, {0xD668, 36505, 3},
    {0xD669, 36508, 3}, {0xD66A, 36511, 3}, {0xD66B, 36514, 3},
    {0xD66C, 36517, 3}, {0xD66D, 36520, 3}, {0xD66E, 36523, 3},
    {0xD66F, 36526, 3}, {0xD670, 36529, 2}, {0xD671, 36531, 3},
    {0xD672, 36534, 3}, {0xD673, 36537, 3}, {0xD674, 36540, 3},
    {0xD675, 36543, 3}, {0xD676, 36546, 3}, {0xD677, 36549, 3},
    {0xD678, 36552, 3}, {0xD679, 36555, 3}, {0xD67A, 36558, 3},
    {0xD67B, 36561, 3}, {0xD67C, 36564, 3}, {0xD67D, 36567, 3},
    {0xD67E, 36570, 3}, {0xD67F, 36573, 3}, {0xD680, 36576, 3},
    {0xD681, 36579, 3}, {0xD682, 36582, 3}, {0xD683, 36585, 3},
    {0xD684, 36588, 3}, {0xD685, 36591, 3}, {0xD686, 36594, 3},
    {0xD687, 36597, 3}, {0xD688, 36600, 3}, {0xD689, 36603, 3},
    {0xD68A, 36606, 3}, {0xD68B, 36609, 3}, {0xD68C, 36612, 2},
    {0xD68D, 36614, 3}, {0xD68E, 36617, 3}, {0xD68F, 36620, 3},
    {0xD690, 36623, 3}, {0xD691, 36626, 3}, {0xD692, 36629, 3},
    {0xD693, 36632, 3}, {0xD694, 36635, 3}, {0xD695, 36638, 3},
    {0xD696, 36641, 3}, {0xD697, 36644, 3}, {0xD698, 36647, 3},
    {0xD699, 36650, 3}, {0xD69A, 36653, 3}, {0xD69B, 36656, 3},
    {0xD69C, 36659, 3}, {0xD69D, 36662, 3}, {0xD69E, 36665, 3},
    {0xD69F, 36668, 3}, {0xD6A0, 36671, 3}, {0xD6A1, 36674, 3},
    {0xD6A2, 36677, 3}, {0xD6A3, 36680, 3}, {0xD6A4, 36683, 3},
    {0xD6A5, 36686, 3}, {0xD6A6, 36689, 3}, {0xD6A7, 36692, 3},
    {0xD6A8, 36695, 2}, {0xD6A9, 36697, 3}, {0xD6AA, 36700, 3},
    {0xD6AB, 36703, 3}, {0xD6AC, 36706, 3}, {0xD6AD, 36709, 3},
    {0xD6AE, 36712, 3}, {0xD6AF, 36715, 3}, {0xD6B0, 36718, 3},
    {0xD6B1, 36721, 3}, {0xD6B2, 36724, 3}, {0xD6B3, 36727, 3},
    {0xD6B4, 36730, 3}, {0xD6B5, 36733, 3}, {0xD6B6, 36736, 3},
    {0xD6B7, 36739, 3}, {0xD6B8, 36742, 3}, {0xD6B9, 36745, 3},
    {0xD6BA, 36748, 3}, {0xD6BB, 36751, 3}, {0xD6BC, 36754, 3},
    {0xD6BD, 36757, 3}, {0xD6BE, 36760, 3}, {0xD6BF, 36763, 3},
    {0xD6C0, 36766, 3}, {0xD6C1, 36769, 3}, {0xD6C2, 36772, 3},
    {0xD6C3, 36775, 3}, {0xD6C4, 36778, 2}, {0xD6C5, 36780, 3},
    {0xD6C6, 36783, 3}, {0xD6C7, 36786, 3}, {0xD6C8, 36789, 3},
    {0xD6C9, 36792, 3}, {0xD6CA, 36795, 3}, {0xD6CB, 36798, 3},
    {0xD6CC, 36801, 3}, {0xD6CD, 36804, 3}, {0xD6CE, 36807, 3},
    {0xD6CF, 36810, 3}, {0xD6D0, 36813, 3}, {0xD6D1, 36816, 3},
    {0xD6D2, 36819, 3}, {0xD6D3, 36822, 3}, {0xD6D4, 36825, 3},
    {0xD6D5, 36828, 3}, {0xD6D6, 36831, 3}, {0xD6D7, 36834, 3},
    {0xD6D8, 36837, 3}, {0xD6D9, 36840, 3}, {0xD6DA, 36843, 3},
    {0xD6DB, 36846, 3}, {0xD6DC, 36849, 3}, {0xD6DD, 36852, 3},
    {0xD6DE, 36855, 3}, {0xD6DF, 36858, 3}, {0xD6E0, 36861, 2},
    {0xD6E1, 36863, 3}, {0xD6E2, 36866, 3}, {0xD6E3, 36869, 3},
    {0xD6E4, 36872, 3}, {0xD6E5, 36875, 3}, {0xD6E6, 36878, 3},
    {0xD6E7, 36881, 3}, {0xD6E8, 36884, 3}, {0xD6E9, 36887, 3},
    {0xD6EA, 36890, 3}, {0xD6EB, 36893, 3}, {0xD6EC, 36896, 3},
    {0xD6ED, 36899, 3}, {0xD6EE, 36902, 3}, {0xD6EF, 36905, 3},
    {0xD6F0, 36908, 3}, {0xD6F1, 36911, 3}, {0xD6F2, 36914, 3},
    {0xD6F3, 36917, 3}, {0xD6F4, 36920, 3}, {0xD6F5, 36923, 3},
    {0xD6F6, 36926, 3}, {0xD6F7, 36929, 3}, {0xD6F8, 36932, 3},
    {0xD6F9, 36935, 3}, {0xD6FA, 36938, 3}, {0xD6FB, 36941, 3},
    {0xD6FC, 36944, 2}, {0xD6FD, 36946, 3}, {0xD6FE, 36949, 3},
    {0xD6FF, 36952, 3}, {0xD700, 36955, 3}, {0xD701, 36958, 3},
    {0xD702, 36961, 3}, {0xD703, 36964, 3}, {0xD704, 36967, 3},
    {0xD705, 36970, 3}, {0xD706, 36973, 3}, {0xD707, 36976, 3},
    {0xD708, 36979, 3}, {0xD709, 36982, 3}, {0xD70A, 36985, 3},
    {0xD70B, 36988, 3}, {0xD70C, 36991, 3}, {0xD70D, 36994, 3},
    {0xD70E, 36997, 3}, {0xD70F, 37000, 3}, {0xD710, 37003, 3},
    {0xD711, 37006, 3}, {0xD712, 37009, 3}, {0xD713, 37012, 3},
    {0xD714, 37015, 3}, {0xD715, 37018, 3}, {0xD716, 37021, 3},
    {0xD717, 37024, 3}, {0xD718, 37027, 2}, {0xD719, 37029, 3},
    {0xD71A, 37032, 3}, {0xD71B, 37035, 3}, {0xD71C, 37038, 3},
    {0xD71D, 37041, 3}, {0xD71E, 37044, 3}, {0xD71F, 37047, 3},
    {0xD720, 37050, 3}, {0xD721, 37053, 3}, {0xD722, 37056, 3},
    {0xD723, 37059, 3}, {0xD724, 37062, 3}, {0xD725, 37065, 3},
    {0xD726, 37068, 3}, {0xD727, 37071, 3}, {0xD728, 37074, 3},
    {0xD729, 37077, 3}, {0xD72A, 37080, 3}, {0xD72B, 37083, 3},
    {0xD72C, 37086, 3}, {0xD72D, 37089, 3}, {0xD72E, 37092, 3},
    {0xD72F, 37095, 3}, {0xD730, 37098, 3}, {0xD731, 37101, 3},
    {0xD732, 37104, 3}, {0xD733, 37107, 3}, {0xD734, 37110, 2},
    {0xD735, 37112, 3}, {0xD736, 37115, 3}, {0xD737, 37118, 3},
    {0xD738, 37121, 3}, {0xD739, 37124, 3}, {0xD73A, 37127, 3},
    {0xD73B, 37130, 3}, {0xD73C, 37133, 3}, {0xD73D, 37136, 3},
    {0xD73E, 37139, 3}, {0xD73F, 37142, 3}, {0xD740, 37145, 3},
    {0xD741, 37148, 3}, {0xD742, 37151, 3}, {0xD743, 37154, 3},
    {0xD744, 37157, 3}, {0xD745, 37160, 3}, {0xD746, 37163, 3},
    {0xD747, 37166, 3}, {0xD748, 37169, 3}, {0xD749, 37172, 3},
    {0xD74A, 37175, 3}, {0xD74B, 37178, 3}, {0xD74C, 37181, 3},
    {0xD74D, 37184, 3}, {0xD74E, 37187, 3}, {0xD74F, 37190, 3},
    {0xD750, 37193, 2}, {0xD751, 37195, 3}, {0xD752, 37198, 3},
    {0xD753, 37201, 3}, {0xD754, 37204, 3}, {0xD755, 37207, 3},
    {0xD756, 37210, 3}, {0xD757, 37213, 3}, {0xD758, 37216, 3},
    {0xD759, 37219, 3}, {0xD75A, 37222, 3}, {0xD75B, 37225, 3},
    {0xD75C, 37228, 3}, {0xD75D, 37231, 3}, {0xD75E, 37234, 3},
    {0xD75F, 37237, 3}, {0xD760, 37240, 3}, {0xD761, 37243, 3},
    {0xD762, 37246, 3}, {0xD763, 37249, 3}, {0xD764, 37252, 3},
    {0xD765, 37255, 3}, {0xD766, 37258, 3}, {0xD767, 37261, 3},
    {0xD768, 37264, 3}, {0xD769, 37267, 3}, {0xD76A, 37270, 3},
    {0xD76B, 37273, 3}, {0xD76C, 37276, 2}, {0xD76D, 37278, 3},
    {0xD76E, 37281, 3}, {0xD76F, 37284, 3}, {0xD770, 37287, 3},
    {0xD771, 37290, 3}, {0xD772, 37293, 3}, {0xD773, 37296, 3},
    {0xD774, 37299, 3}, {0xD775, 37302, 3}, {0xD776, 37305, 3},
    {0xD777, 37308, 3}, {0xD778, 37311, 3}, {0xD779, 37314, 3},
    {0xD77A, 37317, 3}, {0xD77B, 37320, 3}, {0xD77C, 37323, 3},
    {0xD77D, 37326, 3}, {0xD77E, 37329, 3}, {0xD77F, 37332, 3},
    {0xD780, 37335, 3}, {0xD781, 37338, 3}, {0xD782, 37341, 3},
    {0xD783, 37344, 3}, {0xD784, 37347, 3}, {0xD785, 37350, 3},
    {0xD786, 37353, 3}, {0xD787, 37356, 3}, {0xD788, 37359, 2},
    {0xD789, 37361, 3}, {0xD78A, 37364, 3}, {0xD78B, 37367, 3},
    {0xD78C, 37370, 3}, {0xD78D, 37373, 3}, {0xD78E, 37376, 3},
    {0xD78F, 37379, 3}, {0xD790, 37382, 3}, {0xD791, 37385, 3},
    {0xD792, 37388, 3}, {0xD793, 37391, 3}, {0xD794, 37394, 3},
    {0xD795, 37397, 3}, {0xD796, 37400, 3}, {0xD797, 37403, 3},
    {0xD798, 37406, 3}, {0xD799, 37409, 3}, {0xD79A, 37412, 3},
    {0xD79B, 37415, 3}, {0xD79C, 37418, 3}, {0xD79D, 37421, 3},
    {0xD79E, 37424, 3}, {0xD79F, 37427, 3}, {0xD7A0, 37430, 3},
    {0xD7A1, 37433, 3}, {0xD7A2, 37436, 3}, {0xD7A3, 37439, 3},
    {0xF900, 37442, 1}, {0xF901, 37443, 1}, {0xF902, 37444, 1},
    {0xF903, 37445, 1}, {0xF904, 37446, 1}, {0xF905, 37447, 1},
    {0xF906, 37448, 1}, {0xF907, 37449, 1}, {0xF908, 37450, 1},
    {0xF909, 37451, 1}, {0xF90A, 37452, 1}, {0xF90B, 37453, 1},
    {0xF90C, 37454, 1}, {0xF90D, 37455, 1}, {0xF90E, 37456, 1},
    {0xF90F, 37457, 1}, {0xF910, 37458, 1}, {0xF911, 37459, 1},
    {0xF912, 37460, 1}, {0xF913, 37461, 1}, {0xF914, 37462, 1},
    {0xF915, 37463, 1}, {0xF916, 37464, 1}, {0xF917, 37465, 1},
    {0xF918, 37466, 1}, {0xF919, 37467, 1}, {0xF91A, 37468, 1},
    {0xF91B, 37469, 1}, {0xF91C, 37470, 1}, {0xF91D, 37471, 1},
    {0xF91E, 37472, 1}, {0xF91F, 37473, 1}, {0xF920, 37474, 1},
    {0xF921, 37475, 1}, {0xF922, 37476, 1}, {0xF923, 37477, 1},
    {0xF924, 37478, 1}, {0xF925, 37479, 1}, {0xF926, 37480, 1},
    {0xF927, 37481, 1}, {0xF928, 37482, 1}, {0xF929, 37483, 1},
    {0xF92A, 37484, 1}, {0xF92B, 37485, 1}, {0xF92C, 37486, 1},
    {0xF92D, 37487, 1}, {0xF92E, 37488, 1}, {0xF92F, 37489, 1},
    {0xF930, 37490, 1}, {0xF931, 37491, 1}, {0xF932, 37492, 1},
    {0xF933, 37493, 1}, {0xF934, 37494, 1}, {0xF935, 37495, 1},
    {0xF936, 37496, 1}, {0xF937, 37497, 1}, {0xF938, 37498, 1},
    {0xF939, 37499, 1}, {0xF93A, 37500, 1}, {0xF93B, 37501, 1},
    {0xF93C, 37502, 1}, {0xF93D, 37503, 1}, {0xF93E, 37504, 1},
    {0xF93F, 37505, 1}, {0xF940, 37506, 1}, {0xF941, 37507, 1},
    {0xF942, 37508, 1}, {0xF943, 37509, 1}, {0xF944, 37510, 1},
    {0xF945, 37511, 1}, {0xF946, 37512, 1}, {0xF947, 37513, 1},
    {0xF948, 37514, 1}, {0xF949, 37515, 1}, {0xF94A, 37516, 1},
    {0xF94B, 37517, 1}, {0xF94C, 37518, 1}, {0xF94D, 37519, 1},
    {0xF94E, 37520, 1}, {0xF94F, 37521, 1}, {0xF950, 37522, 1},
    {0xF951, 37523, 1}, {0xF952, 37524, 1}, {0xF953, 37525, 1},
    {0xF954, 37526, 1}, {0xF955, 37527, 1}, {0xF956, 37528, 1},
    {0xF957, 37529, 1}, {0xF958, 37530, 1}, {0xF959, 37531, 1},
    {0xF95A, 37532, 1}, {0xF95B, 37533, 1}, {0xF95C, 37534, 1},
    {0xF95D, 37535, 1}, {0xF95E, 37536, 1}, {0xF95F, 37537, 1},
    {0xF960, 37538, 1}, {0xF961, 37539, 1}, {0xF962, 37540, 1},
    {0xF963, 37541, 1}, {0xF964, 37542, 1}, {0xF965, 37543, 1},
    {0xF966, 37544, 1}, {0xF967, 37545, 1}, {0xF968, 37546, 1},
    {0xF969, 37547, 1}, {0xF96A, 37548, 1}, {0xF96B, 37549, 1},
    {0xF96C, 37550, 1}, {0xF96D, 37551, 1}, {0xF96E, 37552, 1},
    {0xF96F, 37553, 1}, {0xF970, 37554, 1}, {0xF971, 37555, 1},
    {0xF972, 37556, 1}, {0xF973, 37557, 1}, {0xF974, 37558, 1},
    {0xF975, 37559, 1}, {0xF976, 37560, 1}, {0xF977, 37561, 1},
    {0xF978, 37562, 1}, {0xF979, 37563, 1}, {0xF97A, 37564, 1},
    {0xF97B, 37565, 1}, {0xF97C, 37566, 1}, {0xF97D, 37567, 1},
    {0xF97E, 37568, 1}, {0xF97F, 37569, 1}, {0xF980, 37570, 1},
    {0xF981, 37571, 1}, {0xF982, 37572, 1}, {0xF983, 37573, 1},
    {0xF984, 37574, 1}, {0xF985, 37575, 1}, {0xF986, 37576, 1},
    {0xF987, 37577, 1}, {0xF988, 37578, 1}, {0xF989, 37579, 1},
    {0xF98A, 37580, 1}, {0xF98B, 37581, 1}, {0xF98C, 37582, 1},
    {0xF98D, 37583, 1}, {0xF98E, 37584, 1}, {0xF98F, 37585, 1},
    {0xF990, 37586, 1}, {0xF991, 37587, 1}, {0xF992, 37588, 1},
    {0xF993, 37589, 1}, {0xF994, 37590, 1}, {0xF995, 37591, 1},
    {0xF996, 37592, 1}, {0xF997, 37593, 1}, {0xF998, 37594, 1},
    {0xF999, 37595, 1}, {0xF99A, 37596, 1}, {0xF99B, 37597, 1},
    {0xF99C, 37598, 1}, {0xF99D, 37599, 1}, {0xF99E, 37600, 1},
    {0xF99F, 37601, 1}, {0xF9A0, 37602, 1}, {0xF9A1, 37603, 1},
    {0xF9A2, 37604, 1}, {0xF9A3, 37605, 1}, {0xF9A4, 37606, 1},
    {0xF9A5, 37607, 1}, {0xF9A6, 37608, 1}, {0xF9A7, 37609, 1},
    {0xF9A8, 37610, 1}, {0xF9A9, 37611, 1}, {0xF9AA, 37612, 1},
    {0xF9AB, 37613, 1}, {0xF9AC, 37614, 1}, {0xF9AD, 37615, 1},
    {0xF9AE, 37616, 1}, {0xF9AF, 37617, 1}, {0xF9B0, 37618, 1},
    {0xF9B1, 37619, 1}, {0xF9B2, 37620, 1}, {0xF9B3, 37621, 1},
    {0xF9B4, 37622, 1}, {0xF9B5, 37623, 1}, {0xF9B6, 37624, 1},
    {0xF9B7, 37625, 1}, {0xF9B8, 37626, 1}, {0xF9B9, 37627, 1},
    {0xF9BA, 37628, 1}, {0xF9BB, 37629, 1}, {0xF9BC, 37630, 1},
    {0xF9BD, 37631, 1}, {0xF9BE, 37632, 1}, {0xF9BF, 37633, 1},
    {0xF9C0, 37634, 1}, {0xF9C1, 37635, 1}, {0xF9C2, 37636, 1},
    {0xF9C3, 37637, 1}, {0xF9C4, 37638, 1}, {0xF9C5, 37639, 1},
    {0xF9C6, 37640, 1}, {0xF9C7, 37641, 1}, {0xF9C8, 37642, 1},
    {0xF9C9, 37643, 1}, {0xF9CA, 37644, 1}, {0xF9CB, 37645, 1},
    {0xF9CC, 37646, 1}, {0xF9CD, 37647, 1}, {0xF9CE, 37648, 1},
    {0xF9CF, 37649, 1}, {0xF9D0, 37650, 1}, {0xF9D1, 37651, 1},
    {0xF9D2, 37652, 1}, {0xF9D3, 37653, 1}, {0xF9D4, 37654, 1},
    {0xF9D5, 37655, 1}, {0xF9D6, 37656, 1}, {0xF9D7, 37657, 1},
    {0xF9D8, 37658, 1}, {0xF9D9, 37659, 1}, {0xF9DA, 37660, 1},
    {0xF9DB, 37661, 1}, {0xF9DC, 37662, 1}, {0xF9DD, 37663, 1},
    {0xF9DE, 37664, 1}, {0xF9DF, 37665, 1}, {0xF9E0, 37666, 1},
    {0xF9E1, 37667, 1}, {0xF9E2, 37668, 1}, {0xF9E3, 37669, 1},
    {0xF9E4, 37670, 1}, {0xF9E5, 37671, 1}, {0xF9E6, 37672, 1},
    {0xF9E7, 37673, 1}, {0xF9E8, 37674, 1}, {0xF9E9, 37675, 1},
    {0xF9EA, 37676, 1}, {0xF9EB, 37677, 1}, {0xF9EC, 37678, 1},
    {0xF9ED, 37679, 1}, {0xF9EE, 37680, 1}, {0xF9EF, 37681, 1},
    {0xF9F0, 37682, 1}, {0xF9F1, 37683, 1}, {0xF9F2, 37684, 1},
    {0xF9F3, 37685, 1}, {0xF9F4, 37686, 1}, {0xF9F5, 37687, 1},
    {0xF9F6, 37688, 1}, {0xF9F7, 37689, 1}, {0xF9F8, 37690, 1},
    {0xF9F9, 37691, 1}, {0xF9FA, 37692, 1}, {0xF9FB, 37693, 1},
    {0xF9FC, 37694, 1}, {0xF9FD, 37695, 1}, {0xF9FE, 37696, 1},
    {0xF9FF, 37697, 1}, {0xFA00, 37698, 1}, {0xFA01, 37699, 1},
    {0xFA02, 37700, 1}, {0xFA03, 37701, 1}, {0xFA04, 37702, 1},
    {0xFA05, 37703, 1}, {0xFA06, 37704, 1}, {0xFA07, 37705, 1},
    {0xFA08, 37706, 1}, {0xFA09, 37707, 1}, {0xFA0A, 37708, 1},
    {0xFA0B, 37709, 1}, {0xFA0C, 37710, 1}, {0xFA0D, 37711, 1},
    {0xFA10, 37712, 1}, {0xFA12, 37713, 1}, {0xFA15, 37714, 1},
    {0xFA16, 37715, 1}, {0xFA17, 37716, 1}, {0xFA18, 37717, 1},
    {0xFA19, 37718, 1}, {0xFA1A, 37719, 1}, {0xFA1B, 37720, 1},
    {0xFA1C, 37721, 1}, {0xFA1D, 37722, 1}, {0xFA1E, 37723, 1},
    {0xFA20, 37724, 1}, {0xFA22, 37725, 1}, {0xFA25, 37726, 1},
    {0xFA26, 37727, 1}, {0xFA2A, 37728, 1}, {0xFA2B, 37729, 1},
    {0xFA2C, 37730, 1}, {0xFA2D, 37731, 1}, {0xFA2E, 37732, 1},
    {0xFA2F, 37733, 1}, {0xFA30, 37734, 1}, {0xFA31, 37735, 1},
    {0xFA32, 37736, 1}, {0xFA33, 37737, 1}, {0xFA34, 37738, 1},
    {0xFA35, 37739, 1}, {0xFA36, 37740, 1}, {0xFA37, 37741, 1},
    {0xFA38, 37742, 1}, {0xFA39, 37743, 1}, {0xFA3A, 37744, 1},
    {0xFA3B, 37745, 1}, {0xFA3C, 37746, 1}, {0xFA3D, 37747, 1},
    {0xFA3E, 37748, 1}, {0xFA3F, 37749, 1}, {0xFA40, 37750, 1},
    {0xFA41, 37751, 1}, {0xFA42, 37752, 1}, {0xFA43, 37753, 1},
    {0xFA44, 37754, 1}, {0xFA45, 37755, 1}, {0xFA46, 37756, 1},
    {0xFA47, 37757, 1}, {0xFA48, 37758, 1}, {0xFA49, 37759, 1},
    {0xFA4A, 37760, 1}, {0xFA4B, 37761, 1}, {0xFA4C, 37762, 1},
    {0xFA4D, 37763, 1}, {0xFA4E, 37764, 1}, {0xFA4F, 37765, 1},
    {0xFA50, 37766, 1}, {0xFA51, 37767, 1}, {0xFA52, 37768, 1},
    {0xFA53, 37769, 1}, {0xFA54, 37770, 1}, {0xFA55, 37771, 1},
    {0xFA56, 37772, 1}, {0xFA57, 37773, 1}, {0xFA58, 37774, 1},
    {0xFA59, 37775, 1}, {0xFA5A, 37776, 1}, {0xFA5B, 37777, 1},
    {0xFA5C, 37778, 1}, {0xFA5D, 37779, 1}, {0xFA5E, 37780, 1},
    {0xFA5F, 37781, 1}, {0xFA60, 37782, 1}, {0xFA61, 37783, 1},
    {0xFA62, 37784, 1}, {0xFA63, 37785, 1}, {0xFA64, 37786, 1},
    {0xFA65, 37787, 1}, {0xFA66, 37788, 1}, {0xFA67, 37789, 1},
    {0xFA68, 37790, 1}, {0xFA69, 37791, 1}, {0xFA6A, 37792, 1},
    {0xFA6B, 37793, 1}, {0xFA6C, 37794, 1}, {0xFA6D, 37795, 1},
    {0xFA70, 37796, 1}, {0xFA71, 37797, 1}, {0xFA72, 37798, 1},
    {0xFA73, 37799, 1}, {0xFA74, 37800, 1}, {0xFA75, 37801, 1},
    {0xFA76, 37802, 1}, {0xFA77, 37803, 1}, {0xFA78, 37804, 1},
    {0xFA79, 37805, 1}, {0xFA7A, 37806, 1}, {0xFA7B, 37807, 1},
    {0xFA7C, 37808, 1}, {0xFA7D, 37809, 1}, {0xFA7E, 37810, 1},
    {0xFA7F, 37811, 1}, {0xFA80, 37812, 1}, {0xFA81, 37813, 1},
    {0xFA82, 37814, 1}, {0xFA83, 37815, 1}, {0xFA84, 37816, 1},
    {0xFA85, 37817, 1}, {0xFA86, 37818, 1}, {0xFA87, 37819, 1},
    {0xFA88, 37820, 1}, {0xFA89, 37821, 1}, {0xFA8A, 37822, 1},
    {0xFA8B, 37823, 1}, {0xFA8C, 37824, 1}, {0xFA8D, 37825, 1},
    {0xFA8E, 37826, 1}, {0xFA8F, 37827, 1}, {0xFA90, 37828, 1},
    {0xFA91, 37829, 1}, {0xFA92, 37830, 1}, {0xFA93, 37831, 1},
    {0xFA94, 37832, 1}, {0xFA95, 37833, 1}, {0xFA96, 37834, 1},
    {0xFA97, 37835, 1}, {0xFA98, 37836, 1}, {0xFA99, 37837, 1},
    {0xFA9A, 37838, 1}, {0xFA9B, 37839, 1}, {0xFA9C, 37840, 1},
    {0xFA9D, 37841, 1}, {0xFA9E, 37842, 1}, {0xFA9F, 37843, 1},
    {0xFAA0, 37844, 1}, {0xFAA1, 37845, 1}, {0xFAA2, 37846, 1},
    {0xFAA3, 37847, 1}, {0xFAA4, 37848, 1}, {0xFAA5, 37849, 1},
    {0xFAA6, 37850, 1}, {0xFAA7, 37851, 1}, {0xFAA8, 37852, 1},
    {0xFAA9, 37853, 1}, {0xFAAA, 37854, 1}, {0xFAAB, 37855, 1},
    {0xFAAC, 37856, 1}, {0xFAAD, 37857, 1}, {0xFAAE, 37858, 1},
    {0xFAAF, 37859, 1}, {0xFAB0, 37860, 1}, {0xFAB1, 37861, 1},
    {0xFAB2, 37862, 1}, {0xFAB3, 37863, 1}, {0xFAB4, 37864, 1},
    {0xFAB5, 37865, 1}, {0xFAB6, 37866, 1}, {0xFAB7, 37867, 1},
    {0xFAB8, 37868, 1}, {0xFAB9, 37869, 1}, {0xFABA, 37870, 1},
    {0xFABB, 37871, 1}, {0xFABC, 37872, 1}, {0xFABD, 37873, 1},
    {0xFABE, 37874, 1}, {0xFABF, 37875, 1}, {0xFAC0, 37876, 1},
    {0xFAC1, 37877, 1}, {0xFAC2, 37878, 1}, {0xFAC3, 37879, 1},
    {0xFAC4, 37880, 1}, {0xFAC5, 37881, 1}, {0xFAC6, 37882, 1},
    {0xFAC7, 37883, 1}, {0xFAC8, 37884, 1}, {0xFAC9, 37885, 1},
    {0xFACA, 37886, 1}, {0xFACB, 37887, 1}, {0xFACC, 37888, 1},
    {0xFACD, 37889, 1}, {0xFACE, 37890, 1}, {0xFACF, 37891, 1},
    {0xFAD0, 37892, 1}, {0xFAD1, 37893, 1}, {0xFAD2, 37894, 1},
    {0xFAD3, 37895, 1}, {0xFAD4, 37896, 1}, {0xFAD5, 37897, 1},
    {0xFAD6, 37898, 1}, {0xFAD7, 37899, 1}, {0xFAD8, 37900, 1},
    {0xFAD9, 37901, 1}, {0xFB00, 37902, 2}, {0xFB01, 37904, 2},
    {0xFB02, 37906, 2}, {0xFB03, 37908, 3}, {0xFB04, 37911, 3},
    {0xFB05, 37914, 2}, {0xFB06, 37916, 2}, {0xFB13, 37918, 2},
    {0xFB14, 37920, 2}, {0xFB15, 37922, 2}, {0xFB16, 37924, 2},
    {0xFB17, 37926, 2}, {0xFB1D, 37928, 2}, {0xFB1F, 37930, 2},
    {0xFB20, 37932, 1}, {0xFB21, 37933, 1}, {0xFB22, 37934, 1},
    {0xFB23, 37935, 1}, {0xFB24, 37936, 1}, {0xFB25, 37937, 1},
    {0xFB26, 37938, 1}, {0xFB27, 37939, 1}, {0xFB28, 37940, 1},
    {0xFB29, 37941, 1}, {0xFB2A, 37942, 2}, {0xFB2B, 37944, 2},
    {0xFB2C, 37946, 2}, {0xFB2D, 37948, 2}, {0xFB2E, 37950, 2},
    {0xFB2F, 37952, 2}, {0xFB30, 37954, 2}, {0xFB31, 37956, 2},
    {0xFB32, 37958, 2}, {0xFB33, 37960, 2}, {0xFB34, 37962, 2},
    {0xFB35, 37964, 2}, {0xFB36, 37966, 2}, {0xFB38, 37968, 2},
    {0xFB39, 37970, 2}, {0xFB3A, 37972, 2}, {0xFB3B, 37974, 2},
    {0xFB3C, 37976, 2}, {0xFB3E, 37978, 2}, {0xFB40, 37980, 2},
    {0xFB41, 37982, 2}, {0xFB43, 37984, 2}, {0xFB44, 37986, 2},
    {0xFB46, 37988, 2}, {0xFB47, 37990, 2}, {0xFB48, 37992, 2},
    {0xFB49, 37994, 2}, {0xFB4A, 37996, 2}, {0xFB4B, 37998, 2},
    {0xFB4C, 38000, 2}, {0xFB4D, 38002, 2}, {0xFB4E, 38004, 2},
    {0xFB4F, 38006, 2}, {0xFB50, 38008, 1}, {0xFB51, 38009, 1},
    {0xFB52, 38010, 1}, {0xFB53, 38011, 1}, {0xFB54, 38012, 1},
    {0xFB55, 38013, 1}, {0xFB56, 38014, 1}, {0xFB57, 38015, 1},
    {0xFB58, 38016, 1}, {0xFB59, 38017, 1}, {0xFB5A, 38018, 1},
    {0xFB5B, 38019, 1}, {0xFB5C, 38020, 1}, {0xFB5D, 38021, 1},
    {0xFB5E, 38022, 1}, {0xFB5F, 38023, 1}, {0xFB60, 38024, 1},
    {0xFB61, 38025, 1}, {0xFB62, 38026, 1}, {0xFB63, 38027, 1},
    {0xFB64, 38028, 1}, {0xFB65, 38029, 1}, {0xFB66, 38030, 1},
    {0xFB67, 38031, 1}, {0xFB68, 38032, 1}, {0xFB69, 38033, 1},
    {0xFB6A, 38034, 1}, {0xFB6B, 38035, 1}, {0xFB6C, 38036, 1},
    {0xFB6D, 38037, 1}, {0xFB6E, 38038, 1}, {0xFB6F, 38039, 1},
    {0xFB70, 38040, 1}, {0xFB71, 38041, 1}, {0xFB72, 38042, 1},
    {0xFB73, 38043, 1}, {0xFB74, 38044, 1}, {0xFB75, 38045, 1},
    {0xFB76, 38046, 1}, {0xFB77, 38047, 1}, {0xFB78, 38048, 1},
    {0xFB79, 38049, 1}, {0xFB7A, 38050, 1}, {0xFB7B, 38051, 1},
    {0xFB7C, 38052, 1}, {0xFB7D, 38053, 1}, {0xFB7E, 38054, 1},
    {0xFB7F, 38055, 1}, {0xFB80, 38056, 1}, {0xFB81, 38057, 1},
    {0xFB82, 38058, 1}, {0xFB83, 38059, 1}, {0xFB84, 38060, 1},
    {0xFB85, 38061, 1}, {0xFB86, 38062, 1}, {0xFB87, 38063, 1},
    {0xFB88, 38064, 1}, {0xFB89, 38065, 1}, {0xFB8A, 38066, 1},
    {0xFB8B, 38067, 1}, {0xFB8C, 38068, 1}, {0xFB8D, 38069, 1},
    {0xFB8E, 38070, 1}, {0xFB8F, 38071, 1}, {0xFB90, 38072, 1},
    {0xFB91, 38073, 1}, {0xFB92, 38074, 1}, {0xFB93, 38075, 1},
    {0xFB94, 38076, 1}, {0xFB95, 38077, 1}, {0xFB96, 38078, 1},
    {0xFB97, 38079, 1}, {0xFB98, 38080, 1}, {0xFB99, 38081, 1},
    {0xFB9A, 38082, 1}, {0xFB9B, 38083, 1}, {0xFB9C, 38084, 1},
    {0xFB9D, 38085, 1}, {0xFB9E, 38086, 1}, {0xFB9F, 38087, 1},
    {0xFBA0, 38088, 1}, {0xFBA1, 38089, 1}, {0xFBA2, 38090, 1},
    {0xFBA3, 38091, 1}, {0xFBA4, 38092, 1}, {0xFBA5, 38093, 1},
    {0xFBA6, 38094, 1}, {0xFBA7, 38095, 1}, {0xFBA8, 38096, 1},
    {0xFBA9, 38097, 1}, {0xFBAA, 38098, 1}, {0xFBAB, 38099, 1},
    {0xFBAC, 38100, 1}, {0xFBAD, 38101, 1}, {0xFBAE, 38102, 1},
    {0xFBAF, 38103, 1}, {0xFBB0, 38104, 1}, {0xFBB1, 38105, 1},
    {0xFBD3, 38106, 1}, {0xFBD4, 38107, 1}, {0xFBD5, 38108, 1},
    {0xFBD6, 38109, 1}, {0xFBD7, 38110, 1}, {0xFBD8, 38111, 1},
    {0xFBD9, 38112, 1}, {0xFBDA, 38113, 1}, {0xFBDB, 38114, 1},
    {0xFBDC, 38115, 1}, {0xFBDD, 38116, 1}, {0xFBDE, 38117, 1},
    {0xFBDF, 38118, 1}, {0xFBE0, 38119, 1}, {0xFBE1, 38120, 1},
    {0xFBE2, 38121, 1}, {0xFBE3, 38122, 1}, {0xFBE4, 38123, 1},
    {0xFBE5, 38124, 1}, {0xFBE6, 38125, 1}, {0xFBE7, 38126, 1},
    {0xFBE8, 38127, 1}, {0xFBE9, 38128, 1}, {0xFBEA, 38129, 2},
    {0xFBEB, 38131, 2}, {0xFBEC, 38133, 2}, {0xFBED, 38135, 2},
    {0xFBEE, 38137, 2}, {0xFBEF, 38139, 2}, {0xFBF0, 38141, 2},
    {0xFBF1, 38143, 2}, {0xFBF2, 38145, 2}, {0xFBF3, 38147, 2},
    {0xFBF4, 38149, 2}, {0xFBF5, 38151, 2}, {0xFBF6, 38153, 2},
    {0xFBF7, 38155, 2}, {0xFBF8, 38157, 2}, {0xFBF9, 38159, 2},
    {0xFBFA, 38161, 2}, {0xFBFB, 38163, 2}, {0xFBFC, 38165, 1},
    {0xFBFD, 38166, 1}, {0xFBFE, 38167, 1}, {0xFBFF, 38168, 1},
    {0xFC00, 38169, 2}, {0xFC01, 38171, 2}, {0xFC02, 38173, 2},
    {0xFC03, 38175, 2}, {0xFC04, 38177, 2}, {0xFC05, 38179, 2},
    {0xFC06, 38181, 2}, {0xFC07, 38183, 2}, {0xFC08, 38185, 2},
    {0xFC09, 38187, 2}, {0xFC0A, 38189, 2}, {0xFC0B, 38191, 2},
    {0xFC0C, 38193, 2}, {0xFC0D, 38195, 2}, {0xFC0E, 38197, 2},
    {0xFC0F, 38199, 2}, {0xFC10, 38201, 2}, {0xFC11, 38203, 2},
    {0xFC12, 38205, 2}, {0xFC13, 38207, 2}, {0xFC14, 38209, 2},
    {0xFC15, 38211, 2}, {0xFC16, 38213, 2}, {0xFC17, 38215, 2},
    {0xFC18, 38217, 2}, {0xFC19, 38219, 2}, {0xFC1A, 38221, 2},
    {0xFC1B, 38223, 2}, {0xFC1C, 38225, 2}, {0xFC1D, 38227, 2},
    {0xFC1E, 38229, 2}, {0xFC1F, 38231, 2}, {0xFC20, 38233, 2},
    {0xFC21, 38235, 2}, {0xFC22, 38237, 2}, {0xFC23, 38239, 2},
    {0xFC24, 38241, 2}, {0xFC25, 38243, 2}, {0xFC26, 38245, 2},
    {0xFC27, 38247, 2}, {0xFC28, 38249, 2}, {0xFC29, 38251, 2},
    {0xFC2A, 38253, 2}, {0xFC2B, 38255, 2}, {0xFC2C, 38257, 2},
    {0xFC2D, 38259, 2}, {0xFC2E, 38261, 2}, {0xFC2F, 38263, 2},
    {0xFC30, 38265, 2}, {0xFC31, 38267, 2}, {0xFC32, 38269, 2},
    {0xFC33, 38271, 2}, {0xFC34, 38273, 2}, {0xFC35, 38275, 2},
    {0xFC36, 38277, 2}, {0xFC37, 38279, 2}, {0xFC38, 38281, 2},
    {0xFC39, 38283, 2}, {0xFC3A, 38285, 2}, {0xFC3B, 38287, 2},
    {0xFC3C, 38289, 2}, {0xFC3D, 38291, 2}, {0xFC3E, 38293, 2},
    {0xFC3F, 38295, 2}, {0xFC40, 38297, 2}, {0xFC41, 38299, 2},
    {0xFC42, 38301, 2}, {0xFC43, 38303, 2}, {0xFC44, 38305, 2},
    {0xFC45, 38307, 2}, {0xFC46, 38309, 2}, {0xFC47, 38311, 2},
    {0xFC48, 38313, 2}, {0xFC49, 38315, 2}, {0xFC4A, 38317, 2},
    {0xFC4B, 38319, 2}, {0xFC4C, 38321, 2}, {0xFC4D, 38323, 2},
    {0xFC4E, 38325, 2}, {0xFC4F, 38327, 2}, {0xFC50, 38329, 2},
    {0xFC51, 38331, 2}, {0xFC52, 38333, 2}, {0xFC53, 38335, 2},
    {0xFC54, 38337, 2}, {0xFC55, 38339, 2}, {0xFC56, 38341, 2},
    {0xFC57, 38343, 2}, {0xFC58, 38345, 2}, {0xFC59, 38347, 2},
    {0xFC5A, 38349, 2}, {0xFC5B, 38351, 2}, {0xFC5C, 38353, 2},
    {0xFC5D, 38355, 2}, {0xFC5E, 38357, 3}, {0xFC5F, 38360, 3},
    {0xFC60, 38363, 3}, {0xFC61, 38366, 3}, {0xFC62, 38369, 3},
    {0xFC63, 38372, 3}, {0xFC64, 38375, 2}, {0xFC65, 38377, 2},
    {0xFC66, 38379, 2}, {0xFC67, 38381, 2}, {0xFC68, 38383, 2},
    {0xFC69, 38385, 2}, {0xFC6A, 38387, 2}, {0xFC6B, 38389, 2},
    {0xFC6C, 38391, 2}, {0xFC6D, 38393, 2}, {0xFC6E, 38395, 2},
    {0xFC6F, 38397, 2}, {0xFC70, 38399, 2}, {0xFC71, 38401, 2},
    {0xFC72, 38403, 2}, {0xFC73, 38405, 2}, {0xFC74, 38407, 2},
    {0xFC75, 38409, 2}, {0xFC76, 38411, 2}, {0xFC77, 38413, 2},
    {0xFC78, 38415, 2}, {0xFC79, 38417, 2}, {0xFC7A, 38419, 2},
    {0xFC7B, 38421, 2}, {0xFC7C, 38423, 2}, {0xFC7D, 38425, 2},
    {0xFC7E, 38427, 2}, {0xFC7F, 38429, 2}, {0xFC80, 38431, 2},
    {0xFC81, 38433, 2}, {0xFC82, 38435, 2}, {0xFC83, 38437, 2},
    {0xFC84, 38439, 2}, {0xFC85, 38441, 2}, {0xFC86, 38443, 2},
    {0xFC87, 38445, 2}, {0xFC88, 38447, 2}, {0xFC89, 38449, 2},
    {0xFC8A, 38451, 2}, {0xFC8B, 38453, 2}, {0xFC8C, 38455, 2},
    {0xFC8D, 38457, 2}, {0xFC8E, 38459, 2}, {0xFC8F, 38461, 2},
    {0xFC90, 38463, 2}, {0xFC91, 38465, 2}, {0xFC92, 38467, 2},
    {0xFC93, 38469, 2}, {0xFC94, 38471, 2}, {0xFC95, 38473, 2},
    {0xFC96, 38475, 2}, {0xFC97, 38477, 2}, {0xFC98, 38479, 2},
    {0xFC99, 38481, 2}, {0xFC9A, 38483, 2}, {0xFC9B, 38485, 2},
    {0xFC9C, 38487, 2}, {0xFC9D, 38489, 2}, {0xFC9E, 38491, 2},
    {0xFC9F, 38493, 2}, {0xFCA0, 38495, 2}, {0xFCA1, 38497, 2},
    {0xFCA2, 38499, 2}, {0xFCA3, 38501, 2}, {0xFCA4, 38503, 2},
    {0xFCA5, 38505, 2}, {0xFCA6, 38507, 2}, {0xFCA7, 38509, 2},
    {0xFCA8, 38511, 2}, {0xFCA9, 38513, 2}, {0xFCAA, 38515, 2},
    {0xFCAB, 38517, 2}, {0xFCAC, 38519, 2}, {0xFCAD, 38521, 2},
    {0xFCAE, 38523, 2}, {0xFCAF, 38525, 2}, {0xFCB0, 38527, 2},
    {0xFCB1, 38529, 2}, {0xFCB2, 38531, 2}, {0xFCB3, 38533, 2},
    {0xFCB4, 38535, 2}, {0xFCB5, 38537, 2}, {0xFCB6, 38539, 2},
    {0xFCB7, 38541, 2}, {0xFCB8, 38543, 2}, {0xFCB9, 38545, 2},
    {0xFCBA, 38547, 2}, {0xFCBB, 38549, 2}, {0xFCBC, 38551, 2},
    {0xFCBD, 38553, 2}, {0xFCBE, 38555, 2}, {0xFCBF, 38557, 2},
    {0xFCC0, 38559, 2}, {0xFCC1, 38561, 2}, {0xFCC2, 38563, 2},
    {0xFCC3, 38565, 2}, {0xFCC4, 38567, 2}, {0xFCC5, 38569, 2},
    {0xFCC6, 38571, 2}, {0xFCC7, 38573, 2}, {0xFCC8, 38575, 2},
    {0xFCC9, 38577, 2}, {0xFCCA, 38579, 2}, {0xFCCB, 38581, 2},
    {0xFCCC, 38583, 2}, {0xFCCD, 38585, 2}, {0xFCCE, 38587, 2},
    {0xFCCF, 38589, 2}, {0xFCD0, 38591, 2}, {0xFCD1, 38593, 2},
    {0xFCD2, 38595, 2}, {0xFCD3, 38597, 2}, {0xFCD4, 38599, 2},
    {0xFCD5, 38601, 2}, {0xFCD6, 38603, 2}, {0xFCD7, 38605, 2},
    {0xFCD8, 38607, 2}, {0xFCD9, 38609, 2}, {0xFCDA, 38611, 2},
    {0xFCDB, 38613, 2}, {0xFCDC, 38615, 2}, {0xFCDD, 38617, 2},
    {0xFCDE, 38619, 2}, {0xFCDF, 38621, 2}, {0xFCE0, 38623, 2},
    {0xFCE1, 38625, 2}, {0xFCE2, 38627, 2}, {0xFCE3, 38629, 2},
    {0xFCE4, 38631, 2}, {0xFCE5, 38633, 2}, {0xFCE6, 38635, 2},
    {0xFCE7, 38637, 2}, {0xFCE8, 38639, 2}, {0xFCE9, 38641, 2},
    {0xFCEA, 38643, 2}, {0xFCEB, 38645, 2}, {0xFCEC, 38647, 2},
    {0xFCED, 38649, 2}, {0xFCEE, 38651, 2}, {0xFCEF, 38653, 2},
    {0xFCF0, 38655, 2}, {0xFCF1, 38657, 2}, {0xFCF2, 38659, 3},
    {0xFCF3, 38662, 3}, {0xFCF4, 38665, 3}, {0xFCF5, 38668, 2},
    {0xFCF6, 38670, 2}, {0xFCF7, 38672, 2}, {0xFCF8, 38674, 2},
    {0xFCF9, 38676, 2}, {0xFCFA, 38678, 2}, {0xFCFB, 38680, 2},
    {0xFCFC, 38682, 2}, {0xFCFD, 38684, 2}, {0xFCFE, 38686, 2},
    {0xFCFF, 38688, 2}, {0xFD00, 38690, 2}, {0xFD01, 38692, 2},
    {0xFD02, 38694, 2}, {0xFD03, 38696, 2}, {0xFD04, 38698, 2},
    {0xFD05, 38700, 2}, {0xFD06, 38702, 2}, {0xFD07, 38704, 2},
    {0xFD08, 38706, 2}, {0xFD09, 38708, 2}, {0xFD0A, 38710, 2},
    {0xFD0B, 38712, 2}, {0xFD0C, 38714, 2}, {0xFD0D, 38716, 2},
    {0xFD0E, 38718, 2}, {0xFD0F, 38720, 2}, {0xFD10, 38722, 2},
    {0xFD11, 38724, 2}, {0xFD12, 38726, 2}, {0xFD13, 38728, 2},
    {0xFD14, 38730, 2}, {0xFD15, 38732, 2}, {0xFD16, 38734, 2},
    {0xFD17, 38736, 2}, {0xFD18, 38738, 2}, {0xFD19, 38740, 2},
    {0xFD1A, 38742, 2}, {0xFD1B, 38744, 2}, {0xFD1C, 38746, 2},
    {0xFD1D, 38748, 2}, {0xFD1E, 38750, 2}, {0xFD1F, 38752, 2},
    {0xFD20, 38754, 2}, {0xFD21, 38756, 2}, {0xFD22, 38758, 2},
    {0xFD23, 38760, 2}, {0xFD24, 38762, 2}, {0xFD25, 38764, 2},
    {0xFD26, 38766, 2}, {0xFD27, 38768, 2}, {0xFD28, 38770, 2},
    {0xFD29, 38772, 2}, {0xFD2A, 38774, 2}, {0xFD2B, 38776, 2},
    {0xFD2C, 38778, 2}, {0xFD2D, 38780, 2}, {0xFD2E, 38782, 2},
    {0xFD2F, 38784, 2}, {0xFD30, 38786, 2}, {0xFD31, 38788, 2},
    {0xFD32, 38790, 2}, {0xFD33, 38792, 2}, {0xFD34, 38794, 2},
    {0xFD35, 38796, 2}, {0xFD36, 38798, 2}, {0xFD37, 38800, 2},
    {0xFD38, 38802, 2}, {0xFD39, 38804, 2}, {0xFD3A, 38806, 2},
    {0xFD3B, 38808, 2}, {0xFD3C, 38810, 2}, {0xFD3D, 38812, 2},
    {0xFD50, 38814, 3}, {0xFD51, 38817, 3}, {0xFD52, 38820, 3},
    {0xFD53, 38823, 3}, {0xFD54, 38826, 3}, {0xFD55, 38829, 3},
    {0xFD56, 38832, 3}, {0xFD57, 38835, 3}, {0xFD58, 38838, 3},
    {0xFD59, 38841, 3}, {0xFD5A, 38844, 3}, {0xFD5B, 38847, 3},
    {0xFD5C, 38850, 3}, {0xFD5D, 38853, 3}, {0xFD5E, 38856, 3},
    {0xFD5F, 38859, 3}, {0xFD60, 38862, 3}, {0xFD61, 38865, 3},
    {0xFD62, 38868, 3}, {0xFD63, 38871, 3}, {0xFD64, 38874, 3},
    {0xFD65, 38877, 3}, {0xFD66, 38880, 3}, {0xFD67, 38883, 3},
    {0xFD68, 38886, 3}, {0xFD69, 38889, 3}, {0xFD6A, 38892, 3},
    {0xFD6B, 38895, 3}, {0xFD6C, 38898, 3}, {0xFD6D, 38901, 3},
    {0xFD6E, 38904, 3}, {0xFD6F, 38907, 3}, {0xFD70, 38910, 3},
    {0xFD71, 38913, 3}, {0xFD72, 38916, 3}, {0xFD73, 38919, 3},
    {0xFD74, 38922, 3}, {0xFD75, 38925, 3}, {0xFD76, 38928, 3},
    {0xFD77, 38931, 3}, {0xFD78, 38934, 3}, {0xFD79, 38937, 3},
    {0xFD7A, 38940, 3}, {0xFD7B, 38943, 3}, {0xFD7C, 38946, 3},
    {0xFD7D, 38949, 3}, {0xFD7E, 38952, 3}, {0xFD7F, 38955, 3},
    {0xFD80, 38958, 3}, {0xFD81, 38961, 3}, {0xFD82, 38964, 3},
    {0xFD83, 38967, 3}, {0xFD84, 38970, 3}, {0xFD85, 38973, 3},
    {0xFD86, 38976, 3}, {0xFD87, 38979, 3}, {0xFD88, 38982, 3},
    {0xFD89, 38985, 3}, {0xFD8A, 38988, 3}, {0xFD8B, 38991, 3},
    {0xFD8C, 38994, 3}, {0xFD8D, 38997, 3}, {0xFD8E, 39000, 3},
    {0xFD8F, 39003, 3}, {0xFD92, 39006, 3}, {0xFD93, 39009, 3},
    {0xFD94, 39012, 3}, {0xFD95, 39015, 3}, {0xFD96, 39018, 3},
    {0xFD97, 39021, 3}, {0xFD98, 39024, 3}, {0xFD99, 39027, 3},
    {0xFD9A, 39030, 3}, {0xFD9B, 39033, 3}, {0xFD9C, 39036, 3},
    {0xFD9D, 39039, 3}, {0xFD9E, 39042, 3}, {0xFD9F, 39045, 3},
    {0xFDA0, 39048, 3}, {0xFDA1, 39051, 3}, {0xFDA2, 39054, 3},
    {0xFDA3, 39057, 3}, {0xFDA4, 39060, 3}, {0xFDA5, 39063, 3},
    {0xFDA6, 39066, 3}, {0xFDA7, 39069, 3}, {0xFDA8, 39072, 3},
    {0xFDA9, 39075, 3}, {0xFDAA, 39078, 3}, {0xFDAB, 39081, 3},
    {0xFDAC, 39084, 3}, {0xFDAD, 39087, 3}, {0xFDAE, 39090, 3},
    {0xFDAF, 39093, 3}, {0xFDB0, 39096, 3}, {0xFDB1, 39099, 3},
    {0xFDB2, 39102, 3}, {0xFDB3, 39105, 3}, {0xFDB4, 39108, 3},
    {0xFDB5, 39111, 3}, {0xFDB6, 39114, 3}, {0xFDB7, 39117, 3},
    {0xFDB8, 39120, 3}, {0xFDB9, 39123, 3}, {0xFDBA, 39126, 3},
    {0xFDBB, 39129, 3}, {0xFDBC, 39132, 3}, {0xFDBD, 39135, 3},
    {0xFDBE, 39138, 3}, {0xFDBF, 39141, 3}, {0xFDC0, 39144, 3},
    {0xFDC1, 39147, 3}, {0xFDC2, 39150, 3}, {0xFDC3, 39153, 3},
    {0xFDC4, 39156, 3}, {0xFDC5, 39159, 3}, {0xFDC6, 39162, 3},
    {0xFDC7, 39165, 3}, {0xFDF0, 39168, 3}, {0xFDF1, 39171, 3},
    {0xFDF2, 39174, 4}, {0xFDF3, 39178, 4}, {0xFDF4, 39182, 4},
    {0xFDF5, 39186, 4}, {0xFDF6, 39190, 4}, {0xFDF7, 39194, 4},
    {0xFDF8, 39198, 4}, {0xFDF9, 39202, 3}, {0xFDFA, 39205, 18},
    {0xFDFB, 39223, 8}, {0xFDFC, 39231, 4}, {0xFE10, 39235, 1},
    {0xFE11, 39236, 1}, {0xFE12, 39237, 1}, {0xFE13, 39238, 1},
    {0xFE14, 39239, 1}, {0xFE15, 39240, 1}, {0xFE16, 39241, 1},
    {0xFE17, 39242, 1}, {0xFE18, 39243, 1}, {0xFE19, 39244, 1},
    {0xFE30, 39245, 1}, {0xFE31, 39246, 1}, {0xFE32, 39247, 1},
    {0xFE33, 39248, 1}, {0xFE34, 39249, 1}, {0xFE35, 39250, 1},
    {0xFE36, 39251, 1}, {0xFE37, 39252, 1}, {0xFE38, 39253, 1},
    {0xFE39, 39254, 1}, {0xFE3A, 39255, 1}, {0xFE3B, 39256, 1},
    {0xFE3C, 39257, 1}, {0xFE3D, 39258, 1}, {0xFE3E, 39259, 1},
    {0xFE3F, 39260, 1}, {0xFE40, 39261, 1}, {0xFE41, 39262, 1},
    {0xFE42, 39263, 1}, {0xFE43, 39264, 1}, {0xFE44, 39265, 1},
    {0xFE47, 39266, 1}, {0xFE48, 39267, 1}, {0xFE49, 39268, 1},
    {0xFE4A, 39269, 1}, {0xFE4B, 39270, 1}, {0xFE4C, 39271, 1},
    {0xFE4D, 39272, 1}, {0xFE4E, 39273, 1}, {0xFE4F, 39274, 1},
    {0xFE50, 39275, 1}, {0xFE51, 39276, 1}, {0xFE52, 39277, 1},
    {0xFE54, 39278, 1}, {0xFE55, 39279, 1}, {0xFE56, 39280, 1},
    {0xFE57, 39281, 1}, {0xFE58, 39282, 1}, {0xFE59, 39283, 1},
    {0xFE5A, 39284, 1}, {0xFE5B, 39285, 1}, {0xFE5C, 39286, 1},
    {0xFE5D, 39287, 1}, {0xFE5E, 39288, 1}, {0xFE5F, 39289, 1},
    {0xFE60, 39290, 1}, {0xFE61, 39291, 1}, {0xFE62, 39292, 1},
    {0xFE63, 39293, 1}, {0xFE64, 39294, 1}, {0xFE65, 39295, 1},
    {0xFE66, 39296, 1}, {0xFE68, 39297, 1}, {0xFE69, 39298, 1},
    {0xFE6A, 39299, 1}, {0xFE6B, 39300, 1}, {0xFE70, 39301, 2},
    {0xFE71, 39303, 2}, {0xFE72, 39305, 2}, {0xFE74, 39307, 2},
    {0xFE76, 39309, 2}, {0xFE77, 39311, 2}, {0xFE78, 39313, 2},
    {0xFE79, 39315, 2}, {0xFE7A, 39317, 2}, {0xFE7B, 39319, 2},
    {0xFE7C, 39321, 2}, {0xFE7D, 39323, 2}, {0xFE7E, 39325, 2},
    {0xFE7F, 39327, 2}, {0xFE80, 39329, 1}, {0xFE81, 39330, 1},
    {0xFE82, 39331, 1}, {0xFE83, 39332, 1}, {0xFE84, 39333, 1},
    {0xFE85, 39334, 1}, {0xFE86, 39335, 1}, {0xFE87, 39336, 1},
    {0xFE88, 39337, 1}, {0xFE89, 39338, 1}, {0xFE8A, 39339, 1},
    {0xFE8B, 39340, 1}, {0xFE8C, 39341, 1}, {0xFE8D, 39342, 1},
    {0xFE8E, 39343, 1}, {0xFE8F, 39344, 1}, {0xFE90, 39345, 1},
    {0xFE91, 39346, 1}, {0xFE92, 39347, 1}, {0xFE93, 39348, 1},
    {0xFE94, 39349, 1}, {0xFE95, 39350, 1}, {0xFE96, 39351, 1},
    {0xFE97, 39352, 1}, {0xFE98, 39353, 1}, {0xFE99, 39354, 1},
    {0xFE9A, 39355, 1}, {0xFE9B, 39356, 1}, {0xFE9C, 39357, 1},
    {0xFE9D, 39358, 1}, {0xFE9E, 39359, 1}, {0xFE9F, 39360, 1},
    {0xFEA0, 39361, 1}, {0xFEA1, 39362, 1}, {0xFEA2, 39363, 1},
    {0xFEA3, 39364, 1}, {0xFEA4, 39365, 1}, {0xFEA5, 39366, 1},
    {0xFEA6, 39367, 1}, {0xFEA7, 39368, 1}, {0xFEA8, 39369, 1},
    {0xFEA9, 39370, 1}, {0xFEAA, 39371, 1}, {0xFEAB, 39372, 1},
    {0xFEAC, 39373, 1}, {0xFEAD, 39374, 1}, {0xFEAE, 39375, 1},
    {0xFEAF, 39376, 1}, {0xFEB0, 39377, 1}, {0xFEB1, 39378, 1},
    {0xFEB2, 39379, 1}, {0xFEB3, 39380, 1}, {0xFEB4, 39381, 1},
    {0xFEB5, 39382, 1}, {0xFEB6, 39383, 1}, {0xFEB7, 39384, 1},
    {0xFEB8, 39385, 1}, {0xFEB9, 39386, 1}, {0xFEBA, 39387, 1},
    {0xFEBB, 39388, 1}, {0xFEBC, 39389, 1}, {0xFEBD, 39390, 1},
    {0xFEBE, 39391, 1}, {0xFEBF, 39392, 1}, {0xFEC0, 39393, 1},
    {0xFEC1, 39394, 1}, {0xFEC2, 39395, 1}, {0xFEC3, 39396, 1},
    {0xFEC4, 39397, 1}, {0xFEC5, 39398, 1}, {0xFEC6, 39399, 1},
    {0xFEC7, 39400, 1}, {0xFEC8, 39401, 1}, {0xFEC9, 39402, 1},
    {0xFECA, 39403, 1}, {0xFECB, 39404, 1}, {0xFECC, 39405, 1},
    {0xFECD, 39406, 1}, {0xFECE, 39407, 1}, {0xFECF, 39408, 1},
    {0xFED0, 39409, 1}, {0xFED1, 39410, 1}, {0xFED2, 39411, 1},
    {0xFED3, 39412, 1}, {0xFED4, 39413, 1}, {0xFED5, 39414, 1},
    {0xFED6, 39415, 1}, {0xFED7, 39416, 1}, {0xFED8, 39417, 1},
    {0xFED9, 39418, 1}, {0xFEDA, 39419, 1}, {0xFEDB, 39420, 1},
    {0xFEDC, 39421, 1}, {0xFEDD, 39422, 1}, {0xFEDE, 39423, 1},
    {0xFEDF, 39424, 1}, {0xFEE0, 39425, 1}, {0xFEE1, 39426, 1},
    {0xFEE2, 39427, 1}, {0xFEE3, 39428, 1}, {0xFEE4, 39429, 1},
    {0xFEE5, 39430, 1}, {0xFEE6, 39431, 1}, {0xFEE7, 39432, 1},
    {0xFEE8, 39433, 1}, {0xFEE9, 39434, 1}, {0xFEEA, 39435, 1},
    {0xFEEB, 39436, 1}, {0xFEEC, 39437, 1}, {0xFEED, 39438, 1},
    {0xFEEE, 39439, 1}, {0xFEEF, 39440, 1}, {0xFEF0, 39441, 1},
    {0xFEF1, 39442, 1}, {0xFEF2, 39443, 1}, {0xFEF3, 39444, 1},
    {0xFEF4, 39445, 1}, {0xFEF5, 39446, 2}, {0xFEF6, 39448, 2},
    {0xFEF7, 39450, 2}, {0xFEF8, 39452, 2}, {0xFEF9, 39454, 2},
    {0xFEFA, 39456, 2}, {0xFEFB, 39458, 2}, {0xFEFC, 39460, 2},
    {0xFF01, 39462, 1}, {0xFF02, 39463, 1}, {0xFF03, 39464, 1},
    {0xFF04, 39465, 1}, {0xFF05, 39466, 1}, {0xFF06, 39467, 1},
    {0xFF07, 39468, 1}, {0xFF08, 39469, 1}, {0xFF09, 39470, 1},
    {0xFF0A, 39471, 1}, {0xFF0B, 39472, 1}, {0xFF0C, 39473, 1},
    {0xFF0D, 39474, 1}, {0xFF0E, 39475, 1}, {0xFF0F, 39476, 1},
    {0xFF10, 39477, 1}, {0xFF11, 39478, 1}, {0xFF12, 39479, 1},
    {0xFF13, 39480, 1}, {0xFF14, 39481, 1}, {0xFF15, 39482, 1},
    {0xFF16, 39483, 1}, {0xFF17, 39484, 1}, {0xFF18, 39485, 1},
    {0xFF19, 39486, 1}, {0xFF1A, 39487, 1}, {0xFF1B, 39488, 1},
    {0xFF1C, 39489, 1}, {0xFF1D, 39490, 1}, {0xFF1E, 39491, 1},
    {0xFF1F, 39492, 1}, {0xFF20, 39493, 1}, {0xFF21, 39494, 1},
    {0xFF22, 39495, 1}, {0xFF23, 39496, 1}, {0xFF24, 39497, 1},
    {0xFF25, 39498, 1}, {0xFF26, 39499, 1}, {0xFF27, 39500, 1},
    {0xFF28, 39501, 1}, {0xFF29, 39502, 1}, {0xFF2A, 39503, 1},
    {0xFF2B, 39504, 1}, {0xFF2C, 39505, 1}, {0xFF2D, 39506, 1},
    {0xFF2E, 39507, 1}, {0xFF2F, 39508, 1}, {0xFF30, 39509, 1},
    {0xFF31, 39510, 1}, {0xFF32, 39511, 1}, {0xFF33, 39512, 1},
    {0xFF34, 39513, 1}, {0xFF35, 39514, 1}, {0xFF36, 39515, 1},
    {0xFF37, 39516, 1}, {0xFF38, 39517, 1}, {0xFF39, 39518, 1},
    {0xFF3A, 39519, 1}, {0xFF3B, 39520, 1}, {0xFF3C, 39521, 1},
    {0xFF3D, 39522, 1}, {0xFF3E, 39523, 1}, {0xFF3F, 39524, 1},
    {0xFF40, 39525, 1}, {0xFF41, 39526, 1}, {0xFF42, 39527, 1},
    {0xFF43, 39528, 1}, {0xFF44, 39529, 1}, {0xFF45, 39530, 1},
    {0xFF46, 39531, 1}, {0xFF47, 39532, 1}, {0xFF48, 39533, 1},
    {0xFF49, 39534, 1}, {0xFF4A, 39535, 1}, {0xFF4B, 39536, 1},
    {0xFF4C, 39537, 1}, {0xFF4D, 39538, 1}, {0xFF4E, 39539, 1},
    {0xFF4F, 39540, 1}, {0xFF50, 39541, 1}, {0xFF51, 39542, 1},
    {0xFF52, 39543, 1}, {0xFF53, 39544, 1}, {0xFF54, 39545, 1},
    {0xFF55, 39546, 1}, {0xFF56, 39547, 1}, {0xFF57, 39548, 1},
    {0xFF58, 39549, 1}, {0xFF59, 39550, 1}, {0xFF5A, 39551, 1},
    {0xFF5B, 39552, 1}, {0xFF5C, 39553, 1}, {0xFF5D, 39554, 1},
    {0xFF5E, 39555, 1}, {0xFF5F, 39556, 1}, {0xFF60, 39557, 1},
    {0xFF61, 39558, 1}, {0xFF62, 39559, 1}, {0xFF63, 39560, 1},
    {0xFF64, 39561, 1}, {0xFF65, 39562, 1}, {0xFF66, 39563, 1},
    {0xFF67, 39564, 1}, {0xFF68, 39565, 1}, {0xFF69, 39566, 1},
    {0xFF6A, 39567, 1}, {0xFF6B, 39568, 1}, {0xFF6C, 39569, 1},
    {0xFF6D, 39570, 1}, {0xFF6E, 39571, 1}, {0xFF6F, 39572, 1},
    {0xFF70, 39573, 1}, {0xFF71, 39574, 1}, {0xFF72, 39575, 1},
    {0xFF73, 39576, 1}, {0xFF74, 39577, 1}, {0xFF75, 39578, 1},
    {0xFF76, 39579, 1}, {0xFF77, 39580, 1}, {0xFF78, 39581, 1},
    {0xFF79, 39582, 1}, {0xFF7A, 39583, 1}, {0xFF7B, 39584, 1},
    {0xFF7C, 39585, 1}, {0xFF7D, 39586, 1}, {0xFF7E, 39587, 1},
    {0xFF7F, 39588, 1}, {0xFF80, 39589, 1}, {0xFF81, 39590, 1},
    {0xFF82, 39591, 1}, {0xFF83, 39592, 1}, {0xFF84, 39593, 1},
    {0xFF85, 39594, 1}, {0xFF86, 39595, 1}, {0xFF87, 39596, 1},
    {0xFF88, 39597, 1}, {0xFF89, 39598, 1}, {0xFF8A, 39599, 1},
    {0xFF8B, 39600, 1}, {0xFF8C, 39601, 1}, {0xFF8D, 39602, 1},
    {0xFF8E, 39603, 1}, {0xFF8F, 39604, 1}, {0xFF90, 39605, 1},
    {0xFF91, 39606, 1}, {0xFF92, 39607, 1}, {0xFF93, 39608, 1},
    {0xFF94, 39609, 1}, {0xFF95, 39610, 1}, {0xFF96, 39611, 1},
    {0xFF97, 39612, 1}, {0xFF98, 39613, 1}, {0xFF99, 39614, 1},
    {0xFF9A, 39615, 1}, {0xFF9B, 39616, 1}, {0xFF9C, 39617, 1},
    {0xFF9D, 39618, 1}, {0xFF9E, 39619, 1}, {0xFF9F, 39620, 1},
    {0xFFA0, 39621, 1}, {0xFFA1, 39622, 1}, {0xFFA2, 39623, 1},
    {0xFFA3, 39624, 1}, {0xFFA4, 39625, 1}, {0xFFA5, 39626, 1},
    {0xFFA6, 39627, 1}, {0xFFA7, 39628, 1}, {0xFFA8, 39629, 1},
    {0xFFA9, 39630, 1}, {0xFFAA, 39631, 1}, {0xFFAB, 39632, 1},
    {0xFFAC, 39633, 1}, {0xFFAD, 39634, 1}, {0xFFAE, 39635, 1},
    {0xFFAF, 39636, 1}, {0xFFB0, 39637, 1}, {0xFFB1, 39638, 1},
    {0xFFB2, 39639, 1}, {0xFFB3, 39640, 1}, {0xFFB4, 39641, 1},
    {0xFFB5, 39642, 1}, {0xFFB6, 39643, 1}, {0xFFB7, 39644, 1},
    {0xFFB8, 39645, 1}, {0xFFB9, 39646, 1}, {0xFFBA, 39647, 1},
    {0xFFBB, 39648, 1}, {0xFFBC, 39649, 1}, {0xFFBD, 39650, 1},
    {0xFFBE, 39651, 1}, {0xFFC2, 39652, 1}, {0xFFC3, 39653, 1},
    {0xFFC4, 39654, 1}, {0xFFC5, 39655, 1}, {0xFFC6, 39656, 1},
    {0xFFC7, 39657, 1}, {0xFFCA, 39658, 1}, {0xFFCB, 39659, 1},
    {0xFFCC, 39660, 1}, {0xFFCD, 39661, 1}, {0xFFCE, 39662, 1},
    {0xFFCF, 39663, 1}, {0xFFD2, 39664, 1}, {0xFFD3, 39665, 1},
    {0xFFD4, 39666, 1}, {0xFFD5, 39667, 1}, {0xFFD6, 39668, 1},
    {0xFFD7, 39669, 1}, {0xFFDA, 39670, 1}, {0xFFDB, 39671, 1},
    {0xFFDC, 39672, 1}, {0xFFE0, 39673, 1}, {0xFFE1, 39674, 1},
    {0xFFE2, 39675, 1}, {0xFFE3, 39676, 1}, {0xFFE4, 39677, 1},
    {0xFFE5, 39678, 1}, {0xFFE6, 39679, 1}, {0xFFE8, 39680, 1},
    {0xFFE9, 39681, 1}, {0xFFEA, 39682, 1}, {0xFFEB, 39683, 1},
    {0xFFEC, 39684, 1}, {0xFFED, 39685, 1}, {0xFFEE, 39686, 1},
    {0x105C9, 39687, 2}, {0x105E4, 39689, 2}, {0x10781, 39691, 1},
    {0x10782, 39692, 1}, {0x10783, 39693, 1}, {0x10784, 39694, 1},
    {0x10785, 39695, 1}, {0x10787, 39696, 1}, {0x10788, 39697, 1},
    {0x10789, 39698, 1}, {0x1078A, 39699, 1}, {0x1078B, 39700, 1},
    {0x1078C, 39701, 1}, {0x1078D, 39702, 1}, {0x1078E, 39703, 1},
    {0x1078F, 39704, 1}, {0x10790, 39705, 1}, {0x10791, 39706, 1},
    {0x10792, 39707, 1}, {0x10793, 39708, 1}, {0x10794, 39709, 1},
    {0x10795, 39710, 1}, {0x10796, 39711, 1}, {0x10797, 39712, 1},
    {0x10798, 39713, 1}, {0x10799, 39714, 1}, {0x1079A, 39715, 1},
    {0x1079B, 39716, 1}, {0x1079C, 39717, 1}, {0x1079D, 39718, 1},
    {0x1079E, 39719, 1}, {0x1079F, 39720, 1}, {0x107A0, 39721, 1},
    {0x107A1, 39722, 1}, {0x107A2, 39723, 1}, {0x107A3, 39724, 1},
    {0x107A4, 39725, 1}, {0x107A5, 39726, 1}, {0x107A6, 39727, 1},
    {0x107A7, 39728, 1}, {0x107A8, 39729, 1}, {0x107A9, 39730, 1},
    {0x107AA, 39731, 1}, {0x107AB, 39732, 1}, {0x107AC, 39733, 1},
    {0x107AD, 39734, 1}, {0x107AE, 39735, 1}, {0x107AF, 39736, 1},
    {0x107B0, 39737, 1}, {0x107B2, 39738, 1}, {0x107B3, 39739, 1},
    {0x107B4, 39740, 1}, {0x107B5, 39741, 1}, {0x107B6, 39742, 1},
    {0x107B7, 39743, 1}, {0x107B8, 39744, 1}, {0x107B9, 39745, 1},
    {0x107BA, 39746, 1}, {0x1109A, 39747, 2}, {0x1109C, 39749, 2},
    {0x110AB, 39751, 2}, {0x1112E, 39753, 2}, {0x1112F, 39755, 2},
    {0x1134B, 39757, 2}, {0x1134C, 39759, 2}, {0x11383, 39761, 2},
    {0x11385, 39763, 2}, {0x1138E, 39765, 2}, {0x11391, 39767, 2},
    {0x113C5, 39769, 2}, {0x113C7, 39771, 2}, {0x113C8, 39773, 2},
    {0x114BB, 39775, 2}, {0x114BC, 39777, 2}, {0x114BE, 39779, 2},
    {0x115BA, 39781, 2}, {0x115BB, 39783, 2}, {0x11938, 39785, 2},
    {0x16121, 39787, 2}, {0x16122, 39789, 2}, {0x16123, 39791, 2},
    {0x16124, 39793, 2}, {0x16125, 39795, 2}, {0x16126, 39797, 2},
    {0x16127, 39799, 2}, {0x16128, 39801, 2}, {0x16D68, 39803, 2},
    {0x16D69, 39805, 2}, {0x16D6A, 39807, 2}, {0x1CCD6, 39809, 1},
    {0x1CCD7, 39810, 1}, {0x1CCD8, 39811, 1}, {0x1CCD9, 39812, 1},
    {0x1CCDA, 39813, 1}, {0x1CCDB, 39814, 1}, {0x1CCDC, 39815, 1},
    {0x1CCDD, 39816, 1}, {0x1CCDE, 39817, 1}, {0x1CCDF, 39818, 1},
    {0x1CCE0, 39819, 1}, {0x1CCE1, 39820, 1}, {0x1CCE2, 39821, 1},
    {0x1CCE3, 39822, 1}, {0x1CCE4, 39823, 1}, {0x1CCE5, 39824, 1},
    {0x1CCE6, 39825, 1}, {0x1CCE7, 39826, 1}, {0x1CCE8, 39827, 1},
    {0x1CCE9, 39828, 1}, {0x1CCEA, 39829, 1}, {0x1CCEB, 39830, 1},
    {0x1CCEC, 39831, 1}, {0x1CCED, 39832, 1}, {0x1CCEE, 39833, 1},
    {0x1CCEF, 39834, 1}, {0x1CCF0, 39835, 1}, {0x1CCF1, 39836, 1},
    {0x1CCF2, 39837, 1}, {0x1CCF3, 39838, 1}, {0x1CCF4, 39839, 1},
    {0x1CCF5, 39840, 1}, {0x1CCF6, 39841, 1}, {0x1CCF7, 39842, 1},
    {0x1CCF8, 39843, 1}, {0x1CCF9, 39844, 1}, {0x1D15E, 39845, 2},
    {0x1D15F, 39847, 2}, {0x1D160, 39849, 2}, {0x1D161, 39851, 2},
    {0x1D162, 39853, 2}, {0x1D163, 39855, 2}, {0x1D164, 39857, 2},
    {0x1D1BB, 39859, 2}, {0x1D1BC, 39861, 2}, {0x1D1BD, 39863, 2},
    {0x1D1BE, 39865, 2}, {0x1D1BF, 39867, 2}, {0x1D1C0, 39869, 2},
    {0x1D400, 39871, 1}, {0x1D401, 39872, 1}, {0x1D402, 39873, 1},
    {0x1D403, 39874, 1}, {0x1D404, 39875, 1}, {0x1D405, 39876, 1},
    {0x1D406, 39877, 1}, {0x1D407, 39878, 1}, {0x1D408, 39879, 1},
    {0x1D409, 39880, 1}, {0x1D40A, 39881, 1}, {0x1D40B, 39882, 1},
    {0x1D40C, 39883, 1}, {0x1D40D, 39884, 1}, {0x1D40E, 39885, 1},
    {0x1D40F, 39886, 1}, {0x1D410, 39887, 1}, {0x1D411, 39888, 1},
    {0x1D412, 39889, 1}, {0x1D413, 39890, 1}, {0x1D414, 39891, 1},
    {0x1D415, 39892, 1}, {0x1D416, 39893, 1}, {0x1D417, 39894, 1},
    {0x1D418, 39895, 1}, {0x1D419, 39896, 1}, {0x1D41A, 39897, 1},
    {0x1D41B, 39898, 1}, {0x1D41C, 39899, 1}, {0x1D41D, 39900, 1},
    {0x1D41E, 39901, 1}, {0x1D41F, 39902, 1}, {0x1D420, 39903, 1},
    {0x1D421, 39904, 1}, {0x1D422, 39905, 1}, {0x1D423, 39906, 1},
    {0x1D424, 39907, 1}, {0x1D425, 39908, 1}, {0x1D426, 39909, 1},
    {0x1D427, 39910, 1}, {0x1D428, 39911, 1}, {0x1D429, 39912, 1},
    {0x1D42A, 39913, 1}, {0x1D42B, 39914, 1}, {0x1D42C, 39915, 1},
    {0x1D42D, 39916, 1}, {0x1D42E, 39917, 1}, {0x1D42F, 39918, 1},
    {0x1D430, 39919, 1}, {0x1D431, 39920, 1}, {0x1D432, 39921, 1},
    {0x1D433, 39922, 1}, {0x1D434, 39923, 1}, {0x1D435, 39924, 1},
    {0x1D436, 39925, 1}, {0x1D437, 39926, 1}, {0x1D438, 39927, 1},
    {0x1D439, 39928, 1}, {0x1D43A, 39929, 1}, {0x1D43B, 39930, 1},
    {0x1D43C, 39931, 1}, {0x1D43D, 39932, 1}, {0x1D43E, 39933, 1},
    {0x1D43F, 39934, 1}, {0x1D440, 39935, 1}, {0x1D441, 39936, 1},
    {0x1D442, 39937, 1}, {0x1D443, 39938, 1}, {0x1D444, 39939, 1},
    {0x1D445, 39940, 1}, {0x1D446, 39941, 1}, {0x1D447, 39942, 1},
    {0x1D448, 39943, 1}, {0x1D449, 39944, 1}, {0x1D44A, 39945, 1},
    {0x1D44B, 39946, 1}, {0x1D44C, 39947, 1}, {0x1D44D, 39948, 1},
    {0x1D44E, 39949, 1}, {0x1D44F, 39950, 1}, {0x1D450, 39951, 1},
    {0x1D451, 39952, 1}, {0x1D452, 39953, 1}, {0x1D453, 39954, 1},
    {0x1D454, 39955, 1}, {0x1D456, 39956, 1}, {0x1D457, 39957, 1},
    {0x1D458, 39958, 1}, {0x1D459, 39959, 1}, {0x1D45A, 39960, 1},
    {0x1D45B, 39961, 1}, {0x1D45C, 39962, 1}, {0x1D45D, 39963, 1},
    {0x1D45E, 39964, 1}, {0x1D45F, 39965, 1}, {0x1D460, 39966, 1},
    {0x1D461, 39967, 1}, {0x1D462, 39968, 1}, {0x1D463, 39969, 1},
    {0x1D464, 39970, 1}, {0x1D465, 39971, 1}, {0x1D466, 39972, 1},
    {0x1D467, 39973, 1}, {0x1D468, 39974, 1}, {0x1D469, 39975, 1},
    {0x1D46A, 39976, 1}, {0x1D46B, 39977, 1}, {0x1D46C, 39978, 1},
    {0x1D46D, 39979, 1}, {0x1D46E, 39980, 1}, {0x1D46F, 39981, 1},
    {0x1D470, 39982, 1}, {0x1D471, 39983, 1}, {0x1D472, 39984, 1},
    {0x1D473, 39985, 1}, {0x1D474, 39986, 1}, {0x1D475, 39987, 1},
    {0x1D476, 39988, 1}, {0x1D477, 39989, 1}, {0x1D478, 39990, 1},
    {0x1D479, 39991, 1}, {0x1D47A, 39992, 1}, {0x1D47B, 39993, 1},
    {0x1D47C, 39994, 1}, {0x1D47D, 39995, 1}, {0x1D47E, 39996, 1},
    {0x1D47F, 39997, 1}, {0x1D480, 39998, 1}, {0x1D481, 39999, 1},
    {0x1D482, 40000, 1}, {0x1D483, 40001, 1}, {0x1D484, 40002, 1},
    {0x1D485, 40003, 1}, {0x1D486, 40004, 1}, {0x1D487, 40005, 1},
    {0x1D488, 40006, 1}, {0x1D489, 40007, 1}, {0x1D48A, 40008, 1},
    {0x1D48B, 40009, 1}, {0x1D48C, 40010, 1}, {0x1D48D, 40011, 1},
    {0x1D48E, 40012, 1}, {0x1D48F, 40013, 1}, {0x1D490, 40014, 1},
    {0x1D491, 40015, 1}, {0x1D492, 40016, 1}, {0x1D493, 40017, 1},
    {0x1D494, 40018, 1}, {0x1D495, 40019, 1}, {0x1D496, 40020, 1},
    {0x1D497, 40021, 1}, {0x1D498, 40022, 1}, {0x1D499, 40023, 1},
    {0x1D49A, 40024, 1}, {0x1D49B, 40025, 1}, {0x1D49C, 40026, 1},
    {0x1D49E, 40027, 1}, {0x1D49F, 40028, 1}, {0x1D4A2, 40029, 1},
    {0x1D4A5, 40030, 1}, {0x1D4A6, 40031, 1}, {0x1D4A9, 40032, 1},
    {0x1D4AA, 40033, 1}, {0x1D4AB, 40034, 1}, {0x1D4AC, 40035, 1},
    {0x1D4AE, 40036, 1}, {0x1D4AF, 40037, 1}, {0x1D4B0, 40038, 1},
    {0x1D4B1, 40039, 1}, {0x1D4B2, 40040, 1}, {0x1D4B3, 40041, 1},
    {0x1D4B4, 40042, 1}, {0x1D4B5, 40043, 1}, {0x1D4B6, 40044, 1},
    {0x1D4B7, 40045, 1}, {0x1D4B8, 40046, 1}, {0x1D4B9, 40047, 1},
    {0x1D4BB, 40048, 1}, {0x1D4BD, 40049, 1}, {0x1D4BE, 40050, 1},
    {0x1D4BF, 40051, 1}, {0x1D4C0, 40052, 1}, {0x1D4C1, 40053, 1},
    {0x1D4C2, 40054, 1}, {0x1D4C3, 40055, 1}, {0x1D4C5, 40056, 1},
    {0x1D4C6, 40057, 1}, {0x1D4C7, 40058, 1}, {0x1D4C8, 40059, 1},
    {0x1D4C9, 40060, 1}, {0x1D4CA, 40061, 1}, {0x1D4CB, 40062, 1},
    {0x1D4CC, 40063, 1}, {0x1D4CD, 40064, 1}, {0x1D4CE, 40065, 1},
    {0x1D4CF, 40066, 1}, {0x1D4D0, 40067, 1}, {0x1D4D1, 40068, 1},
    {0x1D4D2, 40069, 1}, {0x1D4D3, 40070, 1}, {0x1D4D4, 40071, 1},
    {0x1D4D5, 40072, 1}, {0x1D4D6, 40073, 1}, {0x1D4D7, 40074, 1},
    {0x1D4D8, 40075, 1}, {0x1D4D9, 40076, 1}, {0x1D4DA, 40077, 1},
    {0x1D4DB, 40078, 1}, {0x1D4DC, 40079, 1}, {0x1D4DD, 40080, 1},
    {0x1D4DE, 40081, 1}, {0x1D4DF, 40082, 1}, {0x1D4E0, 40083, 1},
    {0x1D4E1, 40084, 1}, {0x1D4E2, 40085, 1}, {0x1D4E3, 40086, 1},
    {0x1D4E4, 40087, 1}, {0x1D4E5, 40088, 1}, {0x1D4E6, 40089, 1},
    {0x1D4E7, 40090, 1}, {0x1D4E8, 40091, 1}, {0x1D4E9, 40092, 1},
    {0x1D4EA, 40093, 1}, {0x1D4EB, 40094, 1}, {0x1D4EC, 40095, 1},
    {0x1D4ED, 40096, 1}, {0x1D4EE, 40097, 1}, {0x1D4EF, 40098, 1},
    {0x1D4F0, 40099, 1}, {0x1D4F1, 40100, 1}, {0x1D4F2, 40101, 1},
    {0x1D4F3, 40102, 1}, {0x1D4F4, 40103, 1}, {0x1D4F5, 40104, 1},
    {0x1D4F6, 40105, 1}, {0x1D4F7, 40106, 1}, {0x1D4F8, 40107, 1},
    {0x1D4F9, 40108, 1}, {0x1D4FA, 40109, 1}, {0x1D4FB, 40110, 1},
    {0x1D4FC, 40111, 1}, {0x1D4FD, 40112, 1}, {0x1D4FE, 40113, 1},
    {0x1D4FF, 40114, 1}, {0x1D500, 40115, 1}, {0x1D501, 40116, 1},
    {0x1D502, 40117, 1}, {0x1D503, 40118, 1}, {0x1D504, 40119, 1},
    {0x1D505, 40120, 1}, {0x1D507, 40121, 1}, {0x1D508, 40122, 1},
    {0x1D509, 40123, 1}, {0x1D50A, 40124, 1}, {0x1D50D, 40125, 1},
    {0x1D50E, 40126, 1}, {0x1D50F, 40127, 1}, {0x1D510, 40128, 1},
    {0x1D511, 40129, 1}, {0x1D512, 40130, 1}, {0x1D513, 40131, 1},
    {0x1D514, 40132, 1}, {0x1D516, 40133, 1}, {0x1D517, 40134, 1},
    {0x1D518, 40135, 1}, {0x1D519, 40136, 1}, {0x1D51A, 40137, 1},
    {0x1D51B, 40138, 1}, {0x1D51C, 40139, 1}, {0x1D51E, 40140, 1},
    {0x1D51F, 40141, 1}, {0x1D520, 40142, 1}, {0x1D521, 40143, 1},
    {0x1D522, 40144, 1}, {0x1D523, 40145, 1}, {0x1D524, 40146, 1},
    {0x1D525, 40147, 1}, {0x1D526, 40148, 1}, {0x1D527, 40149, 1},
    {0x1D528, 40150, 1}, {0x1D529, 40151, 1}, {0x1D52A, 40152, 1},
    {0x1D52B, 40153, 1}, {0x1D52C, 40154, 1}, {0x1D52D, 40155, 1},
    {0x1D52E, 40156, 1}, {0x1D52F, 40157, 1}, {0x1D530, 40158, 1},
    {0x1D531, 40159, 1}, {0x1D532, 40160, 1}, {0x1D533, 40161, 1},
    {0x1D534, 40162, 1}, {0x1D535, 40163, 1}, {0x1D536, 40164, 1},
    {0x1D537, 40165, 1}, {0x1D538, 40166, 1}, {0x1D539, 40167, 1},
    {0x1D53B, 40168, 1}, {0x1D53C, 40169, 1}, {0x1D53D, 40170, 1},
    {0x1D53E, 40171, 1}, {0x1D540, 40172, 1}, {0x1D541, 40173, 1},
    {0x1D542, 40174, 1}, {0x1D543, 40175, 1}, {0x1D544, 40176, 1},
    {0x1D546, 40177, 1}, {0x1D54A, 40178, 1}, {0x1D54B, 40179, 1},
    {0x1D54C, 40180, 1}, {0x1D54D, 40181, 1}, {0x1D54E, 40182, 1},
    {0x1D54F, 40183, 1}, {0x1D550, 40184, 1}, {0x1D552, 40185, 1},
    {0x1D553, 40186, 1}, {0x1D554, 40187, 1}, {0x1D555, 40188, 1},
    {0x1D556, 40189, 1}, {0x1D557, 40190, 1}, {0x1D558, 40191, 1},
    {0x1D559, 40192, 1}, {0x1D55A, 40193, 1}, {0x1D55B, 40194, 1},
    {0x1D55C, 40195, 1}, {0x1D55D, 40196, 1}, {0x1D55E, 40197, 1},
    {0x1D55F, 40198, 1}, {0x1D560, 40199, 1}, {0x1D561, 40200, 1},
    {0x1D562, 40201, 1}, {0x1D563, 40202, 1}, {0x1D564, 40203, 1},
    {0x1D565, 40204, 1}, {0x1D566, 40205, 1}, {0x1D567, 40206, 1},
    {0x1D568, 40207, 1}, {0x1D569, 40208, 1}, {0x1D56A, 40209, 1},
    {0x1D56B, 40210, 1}, {0x1D56C, 40211, 1}, {0x1D56D, 40212, 1},
    {0x1D56E, 40213, 1}, {0x1D56F, 40214, 1}, {0x1D570, 40215, 1},
    {0x1D571, 40216, 1}, {0x1D572, 40217, 1}, {0x1D573, 40218, 1},
    {0x1D574, 40219, 1}, {0x1D575, 40220, 1}, {0x1D576, 40221, 1},
    {0x1D577, 40222, 1}, {0x1D578, 40223, 1}, {0x1D579, 40224, 1},
    {0x1D57A, 40225, 1}, {0x1D57B, 40226, 1}, {0x1D57C, 40227, 1},
    {0x1D57D, 40228, 1}, {0x1D57E, 40229, 1}, {0x1D57F, 40230, 1},
    {0x1D580, 40231, 1}, {0x1D581, 40232, 1}, {0x1D582, 40233, 1},
    {0x1D583, 40234, 1}, {0x1D584, 40235, 1}, {0x1D585, 40236, 1},
    {0x1D586, 40237, 1}, {0x1D587, 40238, 1}, {0x1D588, 40239, 1},
    {0x1D589, 40240, 1}, {0x1D58A, 40241, 1}, {0x1D58B, 40242, 1},
    {0x1D58C, 40243, 1}, {0x1D58D, 40244, 1}, {0x1D58E, 40245, 1},
    {0x1D58F, 40246, 1}, {0x1D590, 40247, 1}, {0x1D591, 40248, 1},
    {0x1D592, 40249, 1}, {0x1D593, 40250, 1}, {0x1D594, 40251, 1},
    {0x1D595, 40252, 1}, {0x1D596, 40253, 1}, {0x1D597, 40254, 1},
    {0x1D598, 40255, 1}, {0x1D599, 40256, 1}, {0x1D59A, 40257, 1},
    {0x1D59B, 40258, 1}, {0x1D59C, 40259, 1}, {0x1D59D, 40260, 1},
    {0x1D59E, 40261, 1}, {0x1D59F, 40262, 1}, {0x1D5A0, 40263, 1},
    {0x1D5A1, 40264, 1}, {0x1D5A2, 40265, 1}, {0x1D5A3, 40266, 1},
    {0x1D5A4, 40267, 1}, {0x1D5A5, 40268, 1}, {0x1D5A6, 40269, 1},
    {0x1D5A7, 40270, 1}, {0x1D5A8, 40271, 1}, {0x1D5A9, 40272, 1},
    {0x1D5AA, 40273, 1}, {0x1D5AB, 40274, 1}, {0x1D5AC, 40275, 1},
    {0x1D5AD, 40276, 1}, {0x1D5AE, 40277, 1}, {0x1D5AF, 40278, 1},
    {0x1D5B0, 40279, 1}, {0x1D5B1, 40280, 1}, {0x1D5B2, 40281, 1},
    {0x1D5B3, 40282, 1}, {0x1D5B4, 40283, 1}, {0x1D5B5, 40284, 1},
    {0x1D5B6, 40285, 1}, {0x1D5B7, 40286, 1}, {0x1D5B8, 40287, 1},
    {0x1D5B9, 40288, 1}, {0x1D5BA, 40289, 1}, {0x1D5BB, 40290, 1},
    {0x1D5BC, 40291, 1}, {0x1D5BD, 40292, 1}, {0x1D5BE, 40293, 1},
    {0x1D5BF, 40294, 1}, {0x1D5C0, 40295, 1}, {0x1D5C1, 40296, 1},
    {0x1D5C2, 40297, 1}, {0x1D5C3, 40298, 1}, {0x1D5C4, 40299, 1},
    {0x1D5C5, 40300, 1}, {0x1D5C6, 40301, 1}, {0x1D5C7, 40302, 1},
    {0x1D5C8, 40303, 1}, {0x1D5C9, 40304, 1}, {0x1D5CA, 40305, 1},
    {0x1D5CB, 40306, 1}, {0x1D5CC, 40307, 1}, {0x1D5CD, 40308, 1},
    {0x1D5CE, 40309, 1}, {0x1D5CF, 40310, 1}, {0x1D5D0, 40311, 1},
    {0x1D5D1, 40312, 1}, {0x1D5D2, 40313, 1}, {0x1D5D3, 40314, 1},
    {0x1D5D4, 40315, 1}, {0x1D5D5, 40316, 1}, {0x1D5D6, 40317, 1},
    {0x1D5D7, 40318, 1}, {0x1D5D8, 40319, 1}, {0x1D5D9, 40320, 1},
    {0x1D5DA, 40321, 1}, {0x1D5DB, 40322, 1}, {0x1D5DC, 40323, 1},
    {0x1D5DD, 40324, 1}, {0x1D5DE, 40325, 1}, {0x1D5DF, 40326, 1},
    {0x1D5E0, 40327, 1}, {0x1D5E1, 40328, 1}, {0x1D5E2, 40329, 1},
    {0x1D5E3, 40330, 1}, {0x1D5E4, 40331, 1}, {0x1D5E5, 40332, 1},
    {0x1D5E6, 40333, 1}, {0x1D5E7, 40334, 1}, {0x1D5E8, 40335, 1},
    {0x1D5E9, 40336, 1}, {0x1D5EA, 40337, 1}, {0x1D5EB, 40338, 1},
    {0x1D5EC, 40339, 1}, {0x1D5ED, 40340, 1}, {0x1D5EE, 40341, 1},
    {0x1D5EF, 40342, 1}, {0x1D5F0, 40343, 1}, {0x1D5F1, 40344, 1},
    {0x1D5F2, 40345, 1}, {0x1D5F3, 40346, 1}, {0x1D5F4, 40347, 1},
    {0x1D5F5, 40348, 1}, {0x1D5F6, 40349, 1}, {0x1D5F7, 40350, 1},
    {0x1D5F8, 40351, 1}, {0x1D5F9, 40352, 1}, {0x1D5FA, 40353, 1},
    {0x1D5FB, 40354, 1}, {0x1D5FC, 40355, 1}, {0x1D5FD, 40356, 1},
    {0x1D5FE, 40357, 1}, {0x1D5FF, 40358, 1}, {0x1D600, 40359, 1},
    {0x1D601, 40360, 1}, {0x1D602, 40361, 1}, {0x1D603, 40362, 1},
    {0x1D604, 40363, 1}, {0x1D605, 40364, 1}, {0x1D606, 40365, 1},
    {0x1D607, 40366, 1}, {0x1D608, 40367, 1}, {0x1D609, 40368, 1},
    {0x1D60A, 40369, 1}, {0x1D60B, 40370, 1}, {0x1D60C, 40371, 1},
    {0x1D60D, 40372, 1}, {0x1D60E, 40373, 1}, {0x1D60F, 40374, 1},
    {0x1D610, 40375, 1}, {0x1D611, 40376, 1}, {0x1D612, 40377, 1},
    {0x1D613, 40378, 1}, {0x1D614, 40379, 1}, {0x1D615, 40380, 1},
    {0x1D616, 40381, 1}, {0x1D617, 40382, 1}, {0x1D618, 40383, 1},
    {0x1D619, 40384, 1}, {0x1D61A, 40385, 1}, {0x1D61B, 40386, 1},
    {0x1D61C, 40387, 1}, {0x1D61D, 40388, 1}, {0x1D61E, 40389, 1},
    {0x1D61F, 40390, 1}, {0x1D620, 40391, 1}, {0x1D621, 40392, 1},
    {0x1D622, 40393, 1}, {0x1D623, 40394, 1}, {0x1D624, 40395, 1},
    {0x1D625, 40396, 1}, {0x1D626, 40397, 1}, {0x1D627, 40398, 1},
    {0x1D628, 40399, 1}, {0x1D629, 40400, 1}, {0x1D62A, 40401, 1},
    {0x1D62B, 40402, 1}, {0x1D62C, 40403, 1}, {0x1D62D, 40404, 1},
    {0x1D62E, 40405, 1}, {0x1D62F, 40406, 1}, {0x1D630, 40407, 1},
    {0x1D631, 40408, 1}, {0x1D632, 40409, 1}, {0x1D633, 40410, 1},
    {0x1D634, 40411, 1}, {0x1D635, 40412, 1}, {0x1D636, 40413, 1},
    {0x1D637, 40414, 1}, {0x1D638, 40415, 1}, {0x1D639, 40416, 1},
    {0x1D63A, 40417, 1}, {0x1D63B, 40418, 1}, {0x1D63C, 40419, 1},
    {0x1D63D, 40420, 1}, {0x1D63E, 40421, 1}, {0x1D63F, 40422, 1},
    {0x1D640, 40423, 1}, {0x1D641, 40424, 1}, {0x1D642, 40425, 1},
    {0x1D643, 40426, 1}, {0x1D644, 40427, 1}, {0x1D645, 40428, 1},
    {0x1D646, 40429, 1}, {0x1D647, 40430, 1}, {0x1D648, 40431, 1},
    {0x1D649, 40432, 1}, {0x1D64A, 40433, 1}, {0x1D64B, 40434, 1},
    {0x1D64C, 40435, 1}, {0x1D64D, 40436, 1}, {0x1D64E, 40437, 1},
    {0x1D64F, 40438, 1}, {0x1D650, 40439, 1}, {0x1D651, 40440, 1},
    {0x1D652, 40441, 1}, {0x1D653, 40442, 1}, {0x1D654, 40443, 1},
    {0x1D655, 40444, 1}, {0x1D656, 40445, 1}, {0x1D657, 40446, 1},
    {0x1D658, 40447, 1}, {0x1D659, 40448, 1}, {0x1D65A, 40449, 1},
    {0x1D65B, 40450, 1}, {0x1D65C, 40451, 1}, {0x1D65D, 40452, 1},
    {0x1D65E, 40453, 1}, {0x1D65F, 40454, 1}, {0x1D660, 40455, 1},
    {0x1D661, 40456, 1}, {0x1D662, 40457, 1}, {0x1D663, 40458, 1},
    {0x1D664, 40459, 1}, {0x1D665, 40460, 1}, {0x1D666, 40461, 1},
    {0x1D667, 40462, 1}, {0x1D668, 40463, 1}, {0x1D669, 40464, 1},
    {0x1D66A, 40465, 1}, {0x1D66B, 40466, 1}, {0x1D66C, 40467, 1},
    {0x1D66D, 40468, 1}, {0x1D66E, 40469, 1}, {0x1D66F, 40470, 1},
    {0x1D670, 40471, 1}, {0x1D671, 40472, 1}, {0x1D672, 40473, 1},
    {0x1D673, 40474, 1}, {0x1D674, 40475, 1}, {0x1D675, 40476, 1},
    {0x1D676, 40477, 1}, {0x1D677, 40478, 1}, {0x1D678, 40479, 1},
    {0x1D679, 40480, 1}, {0x1D67A, 40481, 1}, {0x1D67B, 40482, 1},
    {0x1D67C, 40483, 1}, {0x1D67D, 40484, 1}, {0x1D67E, 40485, 1},
    {0x1D67F, 40486, 1}, {0x1D680, 40487, 1}, {0x1D681, 40488, 1},
    {0x1D682, 40489, 1}, {0x1D683, 40490, 1}, {0x1D684, 40491, 1},
    {0x1D685, 40492, 1}, {0x1D686, 40493, 1}, {0x1D687, 40494, 1},
    {0x1D688, 40495, 1}, {0x1D689, 40496, 1}, {0x1D68A, 40497, 1},
    {0x1D68B, 40498, 1}, {0x1D68C, 40499, 1}, {0x1D68D, 40500, 1},
    {0x1D68E, 40501, 1}, {0x1D68F, 40502, 1}, {0x1D690, 40503, 1},
    {0x1D691, 40504, 1}, {0x1D692, 40505, 1}, {0x1D693, 40506, 1},
    {0x1D694, 40507, 1}, {0x1D695, 40508, 1}, {0x1D696, 40509, 1},
    {0x1D697, 40510, 1}, {0x1D698, 40511, 1}, {0x1D699, 40512, 1},
    {0x1D69A, 40513, 1}, {0x1D69B, 40514, 1}, {0x1D69C, 40515, 1},
    {0x1D69D, 40516, 1}, {0x1D69E, 40517, 1}, {0x1D69F, 40518, 1},
    {0x1D6A0, 40519, 1}, {0x1D6A1, 40520, 1}, {0x1D6A2, 40521, 1},
    {0x1D6A3, 40522, 1}, {0x1D6A4, 40523, 1}, {0x1D6A5, 40524, 1},
    {0x1D6A8, 40525, 1}, {0x1D6A9, 40526, 1}, {0x1D6AA, 40527, 1},
    {0x1D6AB, 40528, 1}, {0x1D6AC, 40529, 1}, {0x1D6AD, 40530, 1},
    {0x1D6AE, 40531, 1}, {0x1D6AF, 40532, 1}, {0x1D6B0, 40533, 1},
    {0x1D6B1, 40534, 1}, {0x1D6B2, 40535, 1}, {0x1D6B3, 40536, 1},
    {0x1D6B4, 40537, 1}, {0x1D6B5, 40538, 1}, {0x1D6B6, 40539, 1},
    {0x1D6B7, 40540, 1}, {0x1D6B8, 40541, 1}, {0x1D6B9, 40542, 1},
    {0x1D6BA, 40543, 1}, {0x1D6BB, 40544, 1}, {0x1D6BC, 40545, 1},
    {0x1D6BD, 40546, 1}, {0x1D6BE, 40547, 1}, {0x1D6BF, 40548, 1},
    {0x1D6C0, 40549, 1}, {0x1D6C1, 40550, 1}, {0x1D6C2, 40551, 1},
    {0x1D6C3, 40552, 1}, {0x1D6C4, 40553, 1}, {0x1D6C5, 40554, 1},
    {0x1D6C6, 40555, 1}, {0x1D6C7, 40556, 1}, {0x1D6C8, 40557, 1},
    {0x1D6C9, 40558, 1}, {0x1D6CA, 40559, 1}, {0x1D6CB, 40560, 1},
    {0x1D6CC, 40561, 1}, {0x1D6CD, 40562, 1}, {0x1D6CE, 40563, 1},
    {0x1D6CF, 40564, 1}, {0x1D6D0, 40565, 1}, {0x1D6D1, 40566, 1},
    {0x1D6D2, 40567, 1}, {0x1D6D3, 40568, 1}, {0x1D6D4, 40569, 1},
    {0x1D6D5, 40570, 1}, {0x1D6D6, 40571, 1}, {0x1D6D7, 40572, 1},
    {0x1D6D8, 40573, 1}, {0x1D6D9, 40574, 1}, {0x1D6DA, 40575, 1},
    {0x1D6DB, 40576, 1}, {0x1D6DC, 40577, 1}, {0x1D6DD, 40578, 1},
    {0x1D6DE, 40579, 1}, {0x1D6DF, 40580, 1}, {0x1D6E0, 40581, 1},
    {0x1D6E1, 40582, 1}, {0x1D6E2, 40583, 1}, {0x1D6E3, 40584, 1},
    {0x1D6E4, 40585, 1}, {0x1D6E5, 40586, 1}, {0x1D6E6, 40587, 1},
    {0x1D6E7, 40588, 1}, {0x1D6E8, 40589, 1}, {0x1D6E9, 40590, 1},
    {0x1D6EA, 40591, 1}, {0x1D6EB, 40592, 1}, {0x1D6EC, 40593, 1},
    {0x1D6ED, 40594, 1}, {0x1D6EE, 40595, 1}, {0x1D6EF, 40596, 1},
    {0x1D6F0, 40597, 1}, {0x1D6F1, 40598, 1}, {0x1D6F2, 40599, 1},
    {0x1D6F3, 40600, 1}, {0x1D6F4, 40601, 1}, {0x1D6F5, 40602, 1},
    {0x1D6F6, 40603, 1}, {0x1D6F7, 40604, 1}, {0x1D6F8, 40605, 1},
    {0x1D6F9, 40606, 1}, {0x1D6FA, 40607, 1}, {0x1D6FB, 40608, 1},
    {0x1D6FC, 40609, 1}, {0x1D6FD, 40610, 1}, {0x1D6FE, 40611, 1},
    {0x1D6FF, 40612, 1}, {0x1D700, 40613, 1}, {0x1D701, 40614, 1},
    {0x1D702, 40615, 1}, {0x1D703, 40616, 1}, {0x1D704, 40617, 1},
    {0x1D705, 40618, 1}, {0x1D706, 40619, 1}, {0x1D707, 40620, 1},
    {0x1D708, 40621, 1}, {0x1D709, 40622, 1}, {0x1D70A, 40623, 1},
    {0x1D70B, 40624, 1}, {0x1D70C, 40625, 1}, {0x1D70D, 40626, 1},
    {0x1D70E, 40627, 1}, {0x1D70F, 40628, 1}, {0x1D710, 40629, 1},
    {0x1D711, 40630, 1}, {0x1D712, 40631, 1}, {0x1D713, 40632, 1},
    {0x1D714, 40633, 1}, {0x1D715, 40634, 1}, {0x1D716, 40635, 1},
    {0x1D717, 40636, 1}, {0x1D718, 40637, 1}, {0x1D719, 40638, 1},
    {0x1D71A, 40639, 1}, {0x1D71B, 40640, 1}, {0x1D71C, 40641, 1},
    {0x1D71D, 40642, 1}, {0x1D71E, 40643, 1}, {0x1D71F, 40644, 1},
    {0x1D720, 40645, 1}, {0x1D721, 40646, 1}, {0x1D722, 40647, 1},
    {0x1D723, 40648, 1}, {0x1D724, 40649, 1}, {0x1D725, 40650, 1},
    {0x1D726, 40651, 1}, {0x1D727, 40652, 1}, {0x1D728, 40653, 1},
    {0x1D729, 40654, 1}, {0x1D72A, 40655, 1}, {0x1D72B, 40656, 1},
    {0x1D72C, 40657, 1}, {0x1D72D, 40658, 1}, {0x1D72E, 40659, 1},
    {0x1D72F, 40660, 1}, {0x1D730, 40661, 1}, {0x1D731, 40662, 1},
    {0x1D732, 40663, 1}, {0x1D733, 40664, 1}, {0x1D734, 40665, 1},
    {0x1D735, 40666, 1}, {0x1D736, 40667, 1}, {0x1D737, 40668, 1},
    {0x1D738, 40669, 1}, {0x1D739, 40670, 1}, {0x1D73A, 40671, 1},
    {0x1D73B, 40672, 1}, {0x1D73C, 40673, 1}, {0x1D73D, 40674, 1},
    {0x1D73E, 40675, 1}, {0x1D73F, 40676, 1}, {0x1D740, 40677, 1},
    {0x1D741, 40678, 1}, {0x1D742, 40679, 1}, {0x1D743, 40680, 1},
    {0x1D744, 40681, 1}, {0x1D745, 40682, 1}, {0x1D746, 40683, 1},
    {0x1D747, 40684, 1}, {0x1D748, 40685, 1}, {0x1D749, 40686, 1},
    {0x1D74A, 40687, 1}, {0x1D74B, 40688, 1}, {0x1D74C, 40689, 1},
    {0x1D74D, 40690, 1}, {0x1D74E, 40691, 1}, {0x1D74F, 40692, 1},
    {0x1D750, 40693, 1}, {0x1D751, 40694, 1}, {0x1D752, 40695, 1},
    {0x1D753, 40696, 1}, {0x1D754, 40697, 1}, {0x1D755, 40698, 1},
    {0x1D756, 40699, 1}, {0x1D757, 40700, 1}, {0x1D758, 40701, 1},
    {0x1D759, 40702, 1}, {0x1D75A, 40703, 1}, {0x1D75B, 40704, 1},
    {0x1D75C, 40705, 1}, {0x1D75D, 40706, 1}, {0x1D75E, 40707, 1},
    {0x1D75F, 40708, 1}, {0x1D760, 40709, 1}, {0x1D761, 40710, 1},
    {0x1D762, 40711, 1}, {0x1D763, 40712, 1}, {0x1D764, 40713, 1},
    {0x1D765, 40714, 1}, {0x1D766, 40715, 1}, {0x1D767, 40716, 1},
    {0x1D768, 40717, 1}, {0x1D769, 40718, 1}, {0x1D76A, 40719, 1},
    {0x1D76B, 40720, 1}, {0x1D76C, 40721, 1}, {0x1D76D, 40722, 1},
    {0x1D76E, 40723, 1}, {0x1D76F, 40724, 1}, {0x1D770, 40725, 1},
    {0x1D771, 40726, 1}, {0x1D772, 40727, 1}, {0x1D773, 40728, 1},
    {0x1D774, 40729, 1}, {0x1D775, 40730, 1}, {0x1D776, 40731, 1},
    {0x1D777, 40732, 1}, {0x1D778, 40733, 1}, {0x1D779, 40734, 1},
    {0x1D77A, 40735, 1}, {0x1D77B, 40736, 1}, {0x1D77C, 40737, 1},
    {0x1D77D, 40738, 1}, {0x1D77E, 40739, 1}, {0x1D77F, 40740, 1},
    {0x1D780, 40741, 1}, {0x1D781, 40742, 1}, {0x1D782, 40743, 1},
    {0x1D783, 40744, 1}, {0x1D784, 40745, 1}, {0x1D785, 40746, 1},
    {0x1D786, 40747, 1}, {0x1D787, 40748, 1}, {0x1D788, 40749, 1},
    {0x1D789, 40750, 1}, {0x1D78A, 40751, 1}, {0x1D78B, 40752, 1},
    {0x1D78C, 40753, 1}, {0x1D78D, 40754, 1}, {0x1D78E, 40755, 1},
    {0x1D78F, 40756, 1}, {0x1D790, 40757, 1}, {0x1D791, 40758, 1},
    {0x1D792, 40759, 1}, {0x1D793, 40760, 1}, {0x1D794, 40761, 1},
    {0x1D795, 40762, 1}, {0x1D796, 40763, 1}, {0x1D797, 40764, 1},
    {0x1D798, 40765, 1}, {0x1D799, 40766, 1}, {0x1D79A, 40767, 1},
    {0x1D79B, 40768, 1}, {0x1D79C, 40769, 1}, {0x1D79D, 40770, 1},
    {0x1D79E, 40771, 1}, {0x1D79F, 40772, 1}, {0x1D7A0, 40773, 1},
    {0x1D7A1, 40774, 1}, {0x1D7A2, 40775, 1}, {0x1D7A3, 40776, 1},
    {0x1D7A4, 40777, 1}, {0x1D7A5, 40778, 1}, {0x1D7A6, 40779, 1},
    {0x1D7A7, 40780, 1}, {0x1D7A8, 40781, 1}, {0x1D7A9, 40782, 1},
    {0x1D7AA, 40783, 1}, {0x1D7AB, 40784, 1}, {0x1D7AC, 40785, 1},
    {0x1D7AD, 40786, 1}, {0x1D7AE, 40787, 1}, {0x1D7AF, 40788, 1},
    {0x1D7B0, 40789, 1}, {0x1D7B1, 40790, 1}, {0x1D7B2, 40791, 1},
    {0x1D7B3, 40792, 1}, {0x1D7B4, 40793, 1}, {0x1D7B5, 40794, 1},
    {0x1D7B6, 40795, 1}, {0x1D7B7, 40796, 1}, {0x1D7B8, 40797, 1},
    {0x1D7B9, 40798, 1}, {0x1D7BA, 40799, 1}, {0x1D7BB, 40800, 1},
    {0x1D7BC, 40801, 1}, {0x1D7BD, 40802, 1}, {0x1D7BE, 40803, 1},
    {0x1D7BF, 40804, 1}, {0x1D7C0, 40805, 1}, {0x1D7C1, 40806, 1},
    {0x1D7C2, 40807, 1}, {0x1D7C3, 40808, 1}, {0x1D7C4, 40809, 1},
    {0x1D7C5, 40810, 1}, {0x1D7C6, 40811, 1}, {0x1D7C7, 40812, 1},
    {0x1D7C8, 40813, 1}, {0x1D7C9, 40814, 1}, {0x1D7CA, 40815, 1},
    {0x1D7CB, 40816, 1}, {0x1D7CE, 40817, 1}, {0x1D7CF, 40818, 1},
    {0x1D7D0, 40819, 1}, {0x1D7D1, 40820, 1}, {0x1D7D2, 40821, 1},
    {0x1D7D3, 40822, 1}, {0x1D7D4, 40823, 1}, {0x1D7D5, 40824, 1},
    {0x1D7D6, 40825, 1}, {0x1D7D7, 40826, 1}, {0x1D7D8, 40827, 1},
    {0x1D7D9, 40828, 1}, {0x1D7DA, 40829, 1}, {0x1D7DB, 40830, 1},
    {0x1D7DC, 40831, 1}, {0x1D7DD, 40832, 1}, {0x1D7DE, 40833, 1},
    {0x1D7DF, 40834, 1}, {0x1D7E0, 40835, 1}, {0x1D7E1, 40836, 1},
    {0x1D7E2, 40837, 1}, {0x1D7E3, 40838, 1}, {0x1D7E4, 40839, 1},
    {0x1D7E5, 40840, 1}, {0x1D7E6, 40841, 1}, {0x1D7E7, 40842, 1},
    {0x1D7E8, 40843, 1}, {0x1D7E9, 40844, 1}, {0x1D7EA, 40845, 1},
    {0x1D7EB, 40846, 1}, {0x1D7EC, 40847, 1}, {0x1D7ED, 40848, 1},
    {0x1D7EE, 40849, 1}, {0x1D7EF, 40850, 1}, {0x1D7F0, 40851, 1},
    {0x1D7F1, 40852, 1}, {0x1D7F2, 40853, 1}, {0x1D7F3, 40854, 1},
    {0x1D7F4, 40855, 1}, {0x1D7F5, 40856, 1}, {0x1D7F6, 40857, 1},
    {0x1D7F7, 40858, 1}, {0x1D7F8, 40859, 1}, {0x1D7F9, 40860, 1},
    {0x1D7FA, 40861, 1}, {0x1D7FB, 40862, 1}, {0x1D7FC, 40863, 1},
    {0x1D7FD, 40864, 1}, {0x1D7FE, 40865, 1}, {0x1D7FF, 40866, 1},
    {0x1E030, 40867, 1}, {0x1E031, 40868, 1}, {0x1E032, 40869, 1},
    {0x1E033, 40870, 1}, {0x1E034, 40871, 1}, {0x1E035, 40872, 1},
    {0x1E036, 40873, 1}, {0x1E037, 40874, 1}, {0x1E038, 40875, 1},
    {0x1E039, 40876, 1}, {0x1E03A, 40877, 1}, {0x1E03B, 40878, 1},
    {0x1E03C, 40879, 1}, {0x1E03D, 40880, 1}, {0x1E03E, 40881, 1},
    {0x1E03F, 40882, 1}, {0x1E040, 40883, 1}, {0x1E041, 40884, 1},
    {0x1E042, 40885, 1}, {0x1E043, 40886, 1}, {0x1E044, 40887, 1},
    {0x1E045, 40888, 1}, {0x1E046, 40889, 1}, {0x1E047, 40890, 1},
    {0x1E048, 40891, 1}, {0x1E049, 40892, 1}, {0x1E04A, 40893, 1},
    {0x1E04B, 40894, 1}, {0x1E04C, 40895, 1}, {0x1E04D, 40896, 1},
    {0x1E04E, 40897, 1}, {0x1E04F, 40898, 1}, {0x1E050, 40899, 1},
    {0x1E051, 40900, 1}, {0x1E052, 40901, 1}, {0x1E053, 40902, 1},
    {0x1E054, 40903, 1}, {0x1E055, 40904, 1}, {0x1E056, 40905, 1},
    {0x1E057, 40906, 1}, {0x1E058, 40907, 1}, {0x1E059, 40908, 1},
    {0x1E05A, 40909, 1}, {0x1E05B, 40910, 1}, {0x1E05C, 40911, 1},
    {0x1E05D, 40912, 1}, {0x1E05E, 40913, 1}, {0x1E05F, 40914, 1},
    {0x1E060, 40915, 1}, {0x1E061, 40916, 1}, {0x1E062, 40917, 1},
    {0x1E063, 40918, 1}, {0x1E064, 40919, 1}, {0x1E065, 40920, 1},
    {0x1E066, 40921, 1}, {0x1E067, 40922, 1}, {0x1E068, 40923, 1},
    {0x1E069, 40924, 1}, {0x1E06A, 40925, 1}, {0x1E06B, 40926, 1},
    {0x1E06C, 40927, 1}, {0x1E06D, 40928, 1}, {0x1EE00, 40929, 1},
    {0x1EE01, 40930, 1}, {0x1EE02, 40931, 1}, {0x1EE03, 40932, 1},
    {0x1EE05, 40933, 1}, {0x1EE06, 40934, 1}, {0x1EE07, 40935, 1},
    {0x1EE08, 40936, 1}, {0x1EE09, 40937, 1}, {0x1EE0A, 40938, 1},
    {0x1EE0B, 40939, 1}, {0x1EE0C, 40940, 1}, {0x1EE0D, 40941, 1},
    {0x1EE0E, 40942, 1}, {0x1EE0F, 40943, 1}, {0x1EE10, 40944, 1},
    {0x1EE11, 40945, 1}, {0x1EE12, 40946, 1}, {0x1EE13, 40947, 1},
    {0x1EE14, 40948, 1}, {0x1EE15, 40949, 1}, {0x1EE16, 40950, 1},
    {0x1EE17, 40951, 1}, {0x1EE18, 40952, 1}, {0x1EE19, 40953, 1},
    {0x1EE1A, 40954, 1}, {0x1EE1B, 40955, 1}, {0x1EE1C, 40956, 1},
    {0x1EE1D, 40957, 1}, {0x1EE1E, 40958, 1}, {0x1EE1F, 40959, 1},
    {0x1EE21, 40960, 1}, {0x1EE22, 40961, 1}, {0x1EE24, 40962, 1},
    {0x1EE27, 40963, 1}, {0x1EE29, 40964, 1}, {0x1EE2A, 40965, 1},
    {0x1EE2B, 40966, 1}, {0x1EE2C, 40967, 1}, {0x1EE2D, 40968, 1},
    {0x1EE2E, 40969, 1}, {0x1EE2F, 40970, 1}, {0x1EE30, 40971, 1},
    {0x1EE31, 40972, 1}, {0x1EE32, 40973, 1}, {0x1EE34, 40974, 1},
    {0x1EE35, 40975, 1}, {0x1EE36, 40976, 1}, {0x1EE37, 40977, 1},
    {0x1EE39, 40978, 1}, {0x1EE3B, 40979, 1}, {0x1EE42, 40980, 1},
    {0x1EE47, 40981, 1}, {0x1EE49, 40982, 1}, {0x1EE4B, 40983, 1},
    {0x1EE4D, 40984, 1}, {0x1EE4E, 40985, 1}, {0x1EE4F, 40986, 1},
    {0x1EE51, 40987, 1}, {0x1EE52, 40988, 1}, {0x1EE54, 40989, 1},
    {0x1EE57, 40990, 1}, {0x1EE59, 40991, 1}, {0x1EE5B, 40992, 1},
    {0x1EE5D, 40993, 1}, {0x1EE5F, 40994, 1}, {0x1EE61, 40995, 1},
    {0x1EE62, 40996, 1}, {0x1EE64, 40997, 1}, {0x1EE67, 40998, 1},
    {0x1EE68, 40999, 1}, {0x1EE69, 41000, 1}, {0x1EE6A, 41001, 1},
    {0x1EE6C, 41002, 1}, {0x1EE6D, 41003, 1}, {0x1EE6E, 41004, 1},
    {0x1EE6F, 41005, 1}, {0x1EE70, 41006, 1}, {0x1EE71, 41007, 1},
    {0x1EE72, 41008, 1}, {0x1EE74, 41009, 1}, {0x1EE75, 41010, 1},
    {0x1EE76, 41011, 1}, {0x1EE77, 41012, 1}, {0x1EE79, 41013, 1},
    {0x1EE7A, 41014, 1}, {0x1EE7B, 41015, 1}, {0x1EE7C, 41016, 1},
    {0x1EE7E, 41017, 1}, {0x1EE80, 41018, 1}, {0x1EE81, 41019, 1},
    {0x1EE82, 41020, 1}, {0x1EE83, 41021, 1}, {0x1EE84, 41022, 1},
    {0x1EE85, 41023, 1}, {0x1EE86, 41024, 1}, {0x1EE87, 41025, 1},
    {0x1EE88, 41026, 1}, {0x1EE89, 41027, 1}, {0x1EE8B, 41028, 1},
    {0x1EE8C, 41029, 1}, {0x1EE8D, 41030, 1}, {0x1EE8E, 41031, 1},
    {0x1EE8F, 41032, 1}, {0x1EE90, 41033, 1}, {0x1EE91, 41034, 1},
    {0x1EE92, 41035, 1}, {0x1EE93, 41036, 1}, {0x1EE94, 41037, 1},
    {0x1EE95, 41038, 1}, {0x1EE96, 41039, 1}, {0x1EE97, 41040, 1},
    {0x1EE98, 41041, 1}, {0x1EE99, 41042, 1}, {0x1EE9A, 41043, 1},
    {0x1EE9B, 41044, 1}, {0x1EEA1, 41045, 1}, {0x1EEA2, 41046, 1},
    {0x1EEA3, 41047, 1}, {0x1EEA5, 41048, 1}, {0x1EEA6, 41049, 1},
    {0x1EEA7, 41050, 1}, {0x1EEA8, 41051, 1}, {0x1EEA9, 41052, 1},
    {0x1EEAB, 41053, 1}, {0x1EEAC, 41054, 1}, {0x1EEAD, 41055, 1},
    {0x1EEAE, 41056, 1}, {0x1EEAF, 41057, 1}, {0x1EEB0, 41058, 1},
    {0x1EEB1, 41059, 1}, {0x1EEB2, 41060, 1}, {0x1EEB3, 41061, 1},
    {0x1EEB4, 41062, 1}, {0x1EEB5, 41063, 1}, {0x1EEB6, 41064, 1},
    {0x1EEB7, 41065, 1}, {0x1EEB8, 41066, 1}, {0x1EEB9, 41067, 1},
    {0x1EEBA, 41068, 1}, {0x1EEBB, 41069, 1}, {0x1F100, 41070, 2},
    {0x1F101, 41072, 2}, {0x1F102, 41074, 2}, {0x1F103, 41076, 2},
    {0x1F104, 41078, 2}, {0x1F105, 41080, 2}, {0x1F106, 41082, 2},
    {0x1F107, 41084, 2}, {0x1F108, 41086, 2}, {0x1F109, 41088, 2},
    {0x1F10A, 41090, 2}, {0x1F110, 41092, 3}, {0x1F111, 41095, 3},
    {0x1F112, 41098, 3}, {0x1F113, 41101, 3}, {0x1F114, 41104, 3},
    {0x1F115, 41107, 3}, {0x1F116, 41110, 3}, {0x1F117, 41113, 3},
    {0x1F118, 41116, 3}, {0x1F119, 41119, 3}, {0x1F11A, 41122, 3},
    {0x1F11B, 41125, 3}, {0x1F11C, 41128, 3}, {0x1F11D, 41131, 3},
    {0x1F11E, 41134, 3}, {0x1F11F, 41137, 3}, {0x1F120, 41140, 3},
    {0x1F121, 41143, 3}, {0x1F122, 41146, 3}, {0x1F123, 41149, 3},
    {0x1F124, 41152, 3}, {0x1F125, 41155, 3}, {0x1F126, 41158, 3},
    {0x1F127, 41161, 3}, {0x1F128, 41164, 3}, {0x1F129, 41167, 3},
    {0x1F12A, 41170, 3}, {0x1F12B, 41173, 1}, {0x1F12C, 41174, 1},
    {0x1F12D, 41175, 2}, {0x1F12E, 41177, 2}, {0x1F130, 41179, 1},
    {0x1F131, 41180, 1}, {0x1F132, 41181, 1}, {0x1F133, 41182, 1},
    {0x1F134, 41183, 1}, {0x1F135, 41184, 1}, {0x1F136, 41185, 1},
    {0x1F137, 41186, 1}, {0x1F138, 41187, 1}, {0x1F139, 41188, 1},
    {0x1F13A, 41189, 1}, {0x1F13B, 41190, 1}, {0x1F13C, 41191, 1},
    {0x1F13D, 41192, 1}, {0x1F13E, 41193, 1}, {0x1F13F, 41194, 1},
    {0x1F140, 41195, 1}, {0x1F141, 41196, 1}, {0x1F142, 41197, 1},
    {0x1F143, 41198, 1}, {0x1F144, 41199, 1}, {0x1F145, 41200, 1},
    {0x1F146, 41201, 1}, {0x1F147, 41202, 1}, {0x1F148, 41203, 1},
    {0x1F149, 41204, 1}, {0x1F14A, 41205, 2}, {0x1F14B, 41207, 2},
    {0x1F14C, 41209, 2}, {0x1F14D, 41211, 2}, {0x1F14E, 41213, 3},
    {0x1F14F, 41216, 2}, {0x1F16A, 41218, 2}, {0x1F16B, 41220, 2},
    {0x1F16C, 41222, 2}, {0x1F190, 41224, 2}, {0x1F200, 41226, 2},
    {0x1F201, 41228, 2}, {0x1F202, 41230, 1}, {0x1F210, 41231, 1},
    {0x1F211, 41232, 1}, {0x1F212, 41233, 1}, {0x1F213, 41234, 1},
    {0x1F214, 41235, 1}, {0x1F215, 41236, 1}, {0x1F216, 41237, 1},
    {0x1F217, 41238, 1}, {0x1F218, 41239, 1}, {0x1F219, 41240, 1},
    {0x1F21A, 41241, 1}, {0x1F21B, 41242, 1}, {0x1F21C, 41243, 1},
    {0x1F21D, 41244, 1}, {0x1F21E, 41245, 1}, {0x1F21F, 41246, 1},
    {0x1F220, 41247, 1}, {0x1F221, 41248, 1}, {0x1F222, 41249, 1},
    {0x1F223, 41250, 1}, {0x1F224, 41251, 1}, {0x1F225, 41252, 1},
    {0x1F226, 41253, 1}, {0x1F227, 41254, 1}, {0x1F228, 41255, 1},
    {0x1F229, 41256, 1}, {0x1F22A, 41257, 1}, {0x1F22B, 41258, 1},
    {0x1F22C, 41259, 1}, {0x1F22D, 41260, 1}, {0x1F22E, 41261, 1},
    {0x1F22F, 41262, 1}, {0x1F230, 41263, 1}, {0x1F231, 41264, 1},
    {0x1F232, 41265, 1}, {0x1F233, 41266, 1}, {0x1F234, 41267, 1},
    {0x1F235, 41268, 1}, {0x1F236, 41269, 1}, {0x1F237, 41270, 1},
    {0x1F238, 41271, 1}, {0x1F239, 41272, 1}, {0x1F23A, 41273, 1},
    {0x1F23B, 41274, 1}, {0x1F240, 41275, 3}, {0x1F241, 41278, 3},
    {0x1F242, 41281, 3}, {0x1F243, 41284, 3}, {0x1F244, 41287, 3},
    {0x1F245, 41290, 3}, {0x1F246, 41293, 3}, {0x1F247, 41296, 3},
    {0x1F248, 41299, 3}, {0x1F250, 41302, 1}, {0x1F251, 41303, 1},
    {0x1FBF0, 41304, 1}, {0x1FBF1, 41305, 1}, {0x1FBF2, 41306, 1},
    {0x1FBF3, 41307, 1}, {0x1FBF4, 41308, 1}, {0x1FBF5, 41309, 1},
    {0x1FBF6, 41310, 1}, {0x1FBF7, 41311, 1}, {0x1FBF8, 41312, 1},
    {0x1FBF9, 41313, 1}, {0x2F800, 41314, 1}, {0x2F801, 41315, 1},
    {0x2F802, 41316, 1}, {0x2F803, 41317, 1}, {0x2F804, 41318, 1},
    {0x2F805, 41319, 1}, {0x2F806, 41320, 1}, {0x2F807, 41321, 1},
    {0x2F808, 41322, 1}, {0x2F809, 41323, 1}, {0x2F80A, 41324, 1},
    {0x2F80B, 41325, 1}, {0x2F80C, 41326, 1}, {0x2F80D, 41327, 1},
    {0x2F80E, 41328, 1}, {0x2F80F, 41329, 1}, {0x2F810, 41330, 1},
    {0x2F811, 41331, 1}, {0x2F812, 41332, 1}, {0x2F813, 41333, 1},
    {0x2F814, 41334, 1}, {0x2F815, 41335, 1}, {0x2F816, 41336, 1},
    {0x2F817, 41337, 1}, {0x2F818, 41338, 1}, {0x2F819, 41339, 1},
    {0x2F81A, 41340, 1}, {0x2F81B, 41341, 1}, {0x2F81C, 41342, 1},
    {0x2F81D, 41343, 1}, {0x2F81E, 41344, 1}, {0x2F81F, 41345, 1},
    {0x2F820, 41346, 1}, {0x2F821, 41347, 1}, {0x2F822, 41348, 1},
    {0x2F823, 41349, 1}, {0x2F824, 41350, 1}, {0x2F825, 41351, 1},
    {0x2F826, 41352, 1}, {0x2F827, 41353, 1}, {0x2F828, 41354, 1},
    {0x2F829, 41355, 1}, {0x2F82A, 41356, 1}, {0x2F82B, 41357, 1},
    {0x2F82C, 41358, 1}, {0x2F82D, 41359, 1}, {0x2F82E, 41360, 1},
    {0x2F82F, 41361, 1}, {0x2F830, 41362, 1}, {0x2F831, 41363, 1},
    {0x2F832, 41364, 1}, {0x2F833, 41365, 1}, {0x2F834, 41366, 1},
    {0x2F835, 41367, 1}, {0x2F836, 41368, 1}, {0x2F837, 41369, 1},
    {0x2F838, 41370, 1}, {0x2F839, 41371, 1}, {0x2F83A, 41372, 1},
    {0x2F83B, 41373, 1}, {0x2F83C, 41374, 1}, {0x2F83D, 41375, 1},
    {0x2F83E, 41376, 1}, {0x2F83F, 41377, 1}, {0x2F840, 41378, 1},
    {0x2F841, 41379, 1}, {0x2F842, 41380, 1}, {0x2F843, 41381, 1},
    {0x2F844, 41382, 1}, {0x2F845, 41383, 1}, {0x2F846, 41384, 1},
    {0x2F847, 41385, 1}, {0x2F848, 41386, 1}, {0x2F849, 41387, 1},
    {0x2F84A, 41388, 1}, {0x2F84B, 41389, 1}, {0x2F84C, 41390, 1},
    {0x2F84D, 41391, 1}, {0x2F84E, 41392, 1}, {0x2F84F, 41393, 1},
    {0x2F850, 41394, 1}, {0x2F851, 41395, 1}, {0x2F852, 41396, 1},
    {0x2F853, 41397, 1}, {0x2F854, 41398, 1}, {0x2F855, 41399, 1},
    {0x2F856, 41400, 1}, {0x2F857, 41401, 1}, {0x2F858, 41402, 1},
    {0x2F859, 41403, 1}, {0x2F85A, 41404, 1}, {0x2F85B, 41405, 1},
    {0x2F85C, 41406, 1}, {0x2F85D, 41407, 1}, {0x2F85E, 41408, 1},
    {0x2F85F, 41409, 1}, {0x2F860, 41410, 1}, {0x2F861, 41411, 1},
    {0x2F862, 41412, 1}, {0x2F863, 41413, 1}, {0x2F864, 41414, 1},
    {0x2F865, 41415, 1}, {0x2F866, 41416, 1}, {0x2F867, 41417, 1},
    {0x2F868, 41418, 1}, {0x2F869, 41419, 1}, {0x2F86A, 41420, 1},
    {0x2F86B, 41421, 1}, {0x2F86C, 41422, 1}, {0x2F86D, 41423, 1},
    {0x2F86E, 41424, 1}, {0x2F86F, 41425, 1}, {0x2F870, 41426, 1},
    {0x2F871, 41427, 1}, {0x2F872, 41428, 1}, {0x2F873, 41429, 1},
    {0x2F874, 41430, 1}, {0x2F875, 41431, 1}, {0x2F876, 41432, 1},
    {0x2F877, 41433, 1}, {0x2F878, 41434, 1}, {0x2F879, 41435, 1},
    {0x2F87A, 41436, 1}, {0x2F87B, 41437, 1}, {0x2F87C, 41438, 1},
    {0x2F87D, 41439, 1}, {0x2F87E, 41440, 1}, {0x2F87F, 41441, 1},
    {0x2F880, 41442, 1}, {0x2F881, 41443, 1}, {0x2F882, 41444, 1},
    {0x2F883, 41445, 1}, {0x2F884, 41446, 1}, {0x2F885, 41447, 1},
    {0x2F886, 41448, 1}, {0x2F887, 41449, 1}, {0x2F888, 41450, 1},
    {0x2F889, 41451, 1}, {0x2F88A, 41452, 1}, {0x2F88B, 41453, 1},
    {0x2F88C, 41454, 1}, {0x2F88D, 41455, 1}, {0x2F88E, 41456, 1},
    {0x2F88F, 41457, 1}, {0x2F890, 41458, 1}, {0x2F891, 41459, 1},
    {0x2F892, 41460, 1}, {0x2F893, 41461, 1}, {0x2F894, 41462, 1},
    {0x2F895, 41463, 1}, {0x2F896, 41464, 1}, {0x2F897, 41465, 1},
    {0x2F898, 41466, 1}, {0x2F899, 41467, 1}, {0x2F89A, 41468, 1},
    {0x2F89B, 41469, 1}, {0x2F89C, 41470, 1}, {0x2F89D, 41471, 1},
    {0x2F89E, 41472, 1}, {0x2F89F, 41473, 1}, {0x2F8A0, 41474, 1},
    {0x2F8A1, 41475, 1}, {0x2F8A2, 41476, 1}, {0x2F8A3, 41477, 1},
    {0x2F8A4, 41478, 1}, {0x2F8A5, 41479, 1}, {0x2F8A6, 41480, 1},
    {0x2F8A7, 41481, 1}, {0x2F8A8, 41482, 1}, {0x2F8A9, 41483, 1},
    {0x2F8AA, 41484, 1}, {0x2F8AB, 41485, 1}, {0x2F8AC, 41486, 1},
    {0x2F8AD, 41487, 1}, {0x2F8AE, 41488, 1}, {0x2F8AF, 41489, 1},
    {0x2F8B0, 41490, 1}, {0x2F8B1, 41491, 1}, {0x2F8B2, 41492, 1},
    {0x2F8B3, 41493, 1}, {0x2F8B4, 41494, 1}, {0x2F8B5, 41495, 1},
    {0x2F8B6, 41496, 1}, {0x2F8B7, 41497, 1}, {0x2F8B8, 41498, 1},
    {0x2F8B9, 41499, 1}, {0x2F8BA, 41500, 1}, {0x2F8BB, 41501, 1},
    {0x2F8BC, 41502, 1}, {0x2F8BD, 41503, 1}, {0x2F8BE, 41504, 1},
    {0x2F8BF, 41505, 1}, {0x2F8C0, 41506, 1}, {0x2F8C1, 41507, 1},
    {0x2F8C2, 41508, 1}, {0x2F8C3, 41509, 1}, {0x2F8C4, 41510, 1},
    {0x2F8C5, 41511, 1}, {0x2F8C6, 41512, 1}, {0x2F8C7, 41513, 1},
    {0x2F8C8, 41514, 1}, {0x2F8C9, 41515, 1}, {0x2F8CA, 41516, 1},
    {0x2F8CB, 41517, 1}, {0x2F8CC, 41518, 1}, {0x2F8CD, 41519, 1},
    {0x2F8CE, 41520, 1}, {0x2F8CF, 41521, 1}, {0x2F8D0, 41522, 1},
    {0x2F8D1, 41523, 1}, {0x2F8D2, 41524, 1}, {0x2F8D3, 41525, 1},
    {0x2F8D4, 41526, 1}, {0x2F8D5, 41527, 1}, {0x2F8D6, 41528, 1},
    {0x2F8D7, 41529, 1}, {0x2F8D8, 41530, 1}, {0x2F8D9, 41531, 1},
    {0x2F8DA, 41532, 1}, {0x2F8DB, 41533, 1}, {0x2F8DC, 41534, 1},
    {0x2F8DD, 41535, 1}, {0x2F8DE, 41536, 1}, {0x2F8DF, 41537, 1},
    {0x2F8E0, 41538, 1}, {0x2F8E1, 41539, 1}, {0x2F8E2, 41540, 1},
    {0x2F8E3, 41541, 1}, {0x2F8E4, 41542, 1}, {0x2F8E5, 41543, 1},
    {0x2F8E6, 41544, 1}, {0x2F8E7, 41545, 1}, {0x2F8E8, 41546, 1},
    {0x2F8E9, 41547, 1}, {0x2F8EA, 41548, 1}, {0x2F8EB, 41549, 1},
    {0x2F8EC, 41550, 1}, {0x2F8ED, 41551, 1}, {0x2F8EE, 41552, 1},
    {0x2F8EF, 41553, 1}, {0x2F8F0, 41554, 1}, {0x2F8F1, 41555, 1},
    {0x2F8F2, 41556, 1}, {0x2F8F3, 41557, 1}, {0x2F8F4, 41558, 1},
    {0x2F8F5, 41559, 1}, {0x2F8F6, 41560, 1}, {0x2F8F7, 41561, 1},
    {0x2F8F8, 41562, 1}, {0x2F8F9, 41563, 1}, {0x2F8FA, 41564, 1},
    {0x2F8FB, 41565, 1}, {0x2F8FC, 41566, 1}, {0x2F8FD, 41567, 1},
    {0x2F8FE, 41568, 1}, {0x2F8FF, 41569, 1}, {0x2F900, 41570, 1},
    {0x2F901, 41571, 1}, {0x2F902, 41572, 1}, {0x2F903, 41573, 1},
    {0x2F904, 41574, 1}, {0x2F905, 41575, 1}, {0x2F906, 41576, 1},
    {0x2F907, 41577, 1}, {0x2F908, 41578, 1}, {0x2F909, 41579, 1},
    {0x2F90A, 41580, 1}, {0x2F90B, 41581, 1}, {0x2F90C, 41582, 1},
    {0x2F90D, 41583, 1}, {0x2F90E, 41584, 1}, {0x2F90F, 41585, 1},
    {0x2F910, 41586, 1}, {0x2F911, 41587, 1}, {0x2F912, 41588, 1},
    {0x2F913, 41589, 1}, {0x2F914, 41590, 1}, {0x2F915, 41591, 1},
    {0x2F916, 41592, 1}, {0x2F917, 41593, 1}, {0x2F918, 41594, 1},
    {0x2F919, 41595, 1}, {0x2F91A, 41596, 1}, {0x2F91B, 41597, 1},
    {0x2F91C, 41598, 1}, {0x2F91D, 41599, 1}, {0x2F91E, 41600, 1},
    {0x2F91F, 41601, 1}, {0x2F920, 41602, 1}, {0x2F921, 41603, 1},
    {0x2F922, 41604, 1}, {0x2F923, 41605, 1}, {0x2F924, 41606, 1},
    {0x2F925, 41607, 1}, {0x2F926, 41608, 1}, {0x2F927, 41609, 1},
    {0x2F928, 41610, 1}, {0x2F929, 41611, 1}, {0x2F92A, 41612, 1},
    {0x2F92B, 41613, 1}, {0x2F92C, 41614, 1}, {0x2F92D, 41615, 1},
    {0x2F92E, 41616, 1}, {0x2F92F, 41617, 1}, {0x2F930, 41618, 1},
    {0x2F931, 41619, 1}, {0x2F932, 41620, 1}, {0x2F933, 41621, 1},
    {0x2F934, 41622, 1}, {0x2F935, 41623, 1}, {0x2F936, 41624, 1},
    {0x2F937, 41625, 1}, {0x2F938, 41626, 1}, {0x2F939, 41627, 1},
    {0x2F93A, 41628, 1}, {0x2F93B, 41629, 1}, {0x2F93C, 41630, 1},
    {0x2F93D, 41631, 1}, {0x2F93E, 41632, 1}, {0x2F93F, 41633, 1},
    {0x2F940, 41634, 1}, {0x2F941, 41635, 1}, {0x2F942, 41636, 1},
    {0x2F943, 41637, 1}, {0x2F944, 41638, 1}, {0x2F945, 41639, 1},
    {0x2F946, 41640, 1}, {0x2F947, 41641, 1}, {0x2F948, 41642, 1},
    {0x2F949, 41643, 1}, {0x2F94A, 41644, 1}, {0x2F94B, 41645, 1},
    {0x2F94C, 41646, 1}, {0x2F94D, 41647, 1}, {0x2F94E, 41648, 1},
    {0x2F94F, 41649, 1}, {0x2F950, 41650, 1}, {0x2F951, 41651, 1},
    {0x2F952, 41652, 1}, {0x2F953, 41653, 1}, {0x2F954, 41654, 1},
    {0x2F955, 41655, 1}, {0x2F956, 41656, 1}, {0x2F957, 41657, 1},
    {0x2F958, 41658, 1}, {0x2F959, 41659, 1}, {0x2F95A, 41660, 1},
    {0x2F95B, 41661, 1}, {0x2F95C, 41662, 1}, {0x2F95D, 41663, 1},
    {0x2F95E, 41664, 1}, {0x2F95F, 41665, 1}, {0x2F960, 41666, 1},
    {0x2F961, 41667, 1}, {0x2F962, 41668, 1}, {0x2F963, 41669, 1},
    {0x2F964, 41670, 1}, {0x2F965, 41671, 1}, {0x2F966, 41672, 1},
    {0x2F967, 41673, 1}, {0x2F968, 41674, 1}, {0x2F969, 41675, 1},
    {0x2F96A, 41676, 1}, {0x2F96B, 41677, 1}, {0x2F96C, 41678, 1},
    {0x2F96D, 41679, 1}, {0x2F96E, 41680, 1}, {0x2F96F, 41681, 1},
    {0x2F970, 41682, 1}, {0x2F971, 41683, 1}, {0x2F972, 41684, 1},
    {0x2F973, 41685, 1}, {0x2F974, 41686, 1}, {0x2F975, 41687, 1},
    {0x2F976, 41688, 1}, {0x2F977, 41689, 1}, {0x2F978, 41690, 1},
    {0x2F979, 41691, 1}, {0x2F97A, 41692, 1}, {0x2F97B, 41693, 1},
    {0x2F97C, 41694, 1}, {0x2F97D, 41695, 1}, {0x2F97E, 41696, 1},
    {0x2F97F, 41697, 1}, {0x2F980, 41698, 1}, {0x2F981, 41699, 1},
    {0x2F982, 41700, 1}, {0x2F983, 41701, 1}, {0x2F984, 41702, 1},
    {0x2F985, 41703, 1}, {0x2F986, 41704, 1}, {0x2F987, 41705, 1},
    {0x2F988, 41706, 1}, {0x2F989, 41707, 1}, {0x2F98A, 41708, 1},
    {0x2F98B, 41709, 1}, {0x2F98C, 41710, 1}, {0x2F98D, 41711, 1},
    {0x2F98E, 41712, 1}, {0x2F98F, 41713, 1}, {0x2F990, 41714, 1},
    {0x2F991, 41715, 1}, {0x2F992, 41716, 1}, {0x2F993, 41717, 1},
    {0x2F994, 41718, 1}, {0x2F995, 41719, 1}, {0x2F996, 41720, 1},
    {0x2F997, 41721, 1}, {0x2F998, 41722, 1}, {0x2F999, 41723, 1},
    {0x2F99A, 41724, 1}, {0x2F99B, 41725, 1}, {0x2F99C, 41726, 1},
    {0x2F99D, 41727, 1}, {0x2F99E, 41728, 1}, {0x2F99F, 41729, 1},
    {0x2F9A0, 41730, 1}, {0x2F9A1, 41731, 1}, {0x2F9A2, 41732, 1},
    {0x2F9A3, 41733, 1}, {0x2F9A4, 41734, 1}, {0x2F9A5, 41735, 1},
    {0x2F9A6, 41736, 1}, {0x2F9A7, 41737, 1}, {0x2F9A8, 41738, 1},
    {0x2F9A9, 41739, 1}, {0x2F9AA, 41740, 1}, {0x2F9AB, 41741, 1},
    {0x2F9AC, 41742, 1}, {0x2F9AD, 41743, 1}, {0x2F9AE, 41744, 1},
    {0x2F9AF, 41745, 1}, {0x2F9B0, 41746, 1}, {0x2F9B1, 41747, 1},
    {0x2F9B2, 41748, 1}, {0x2F9B3, 41749, 1}, {0x2F9B4, 41750, 1},
    {0x2F9B5, 41751, 1}, {0x2F9B6, 41752, 1}, {0x2F9B7, 41753, 1},
    {0x2F9B8, 41754, 1}, {0x2F9B9, 41755, 1}, {0x2F9BA, 41756, 1},
    {0x2F9BB, 41757, 1}, {0x2F9BC, 41758, 1}, {0x2F9BD, 41759, 1},
    {0x2F9BE, 41760, 1}, {0x2F9BF, 41761, 1}, {0x2F9C0, 41762, 1},
    {0x2F9C1, 41763, 1}, {0x2F9C2, 41764, 1}, {0x2F9C3, 41765, 1},
    {0x2F9C4, 41766, 1}, {0x2F9C5, 41767, 1}, {0x2F9C6, 41768, 1},
    {0x2F9C7, 41769, 1}, {0x2F9C8, 41770, 1}, {0x2F9C9, 41771, 1},
    {0x2F9CA, 41772, 1}, {0x2F9CB, 41773, 1}, {0x2F9CC, 41774, 1},
    {0x2F9CD, 41775, 1}, {0x2F9CE, 41776, 1}, {0x2F9CF, 41777, 1},
    {0x2F9D0, 41778, 1}, {0x2F9D1, 41779, 1}, {0x2F9D2, 41780, 1},
    {0x2F9D3, 41781, 1}, {0x2F9D4, 41782, 1}, {0x2F9D5, 41783, 1},
    {0x2F9D6, 41784, 1}, {0x2F9D7, 41785, 1}, {0x2F9D8, 41786, 1},
    {0x2F9D9, 41787, 1}, {0x2F9DA, 41788, 1}, {0x2F9DB, 41789, 1},
    {0x2F9DC, 41790, 1}, {0x2F9DD, 41791, 1}, {0x2F9DE, 41792, 1},
    {0x2F9DF, 41793, 1}, {0x2F9E0, 41794, 1}, {0x2F9E1, 41795, 1},
    {0x2F9E2, 41796, 1}, {0x2F9E3, 41797, 1}, {0x2F9E4, 41798, 1},
    {0x2F9E5, 41799, 1}, {0x2F9E6, 41800, 1}, {0x2F9E7, 41801, 1},
    {0x2F9E8, 41802, 1}, {0x2F9E9, 41803, 1}, {0x2F9EA, 41804, 1},
    {0x2F9EB, 41805, 1}, {0x2F9EC, 41806, 1}, {0x2F9ED, 41807, 1},
    {0x2F9EE, 41808, 1}, {0x2F9EF, 41809, 1}, {0x2F9F0, 41810, 1},
    {0x2F9F1, 41811, 1}, {0x2F9F2, 41812, 1}, {0x2F9F3, 41813, 1},
    {0x2F9F4, 41814, 1}, {0x2F9F5, 41815, 1}, {0x2F9F6, 41816, 1},
    {0x2F9F7, 41817, 1}, {0x2F9F8, 41818, 1}, {0x2F9F9, 41819, 1},
    {0x2F9FA, 41820, 1}, {0x2F9FB, 41821, 1}, {0x2F9FC, 41822, 1},
    {0x2F9FD, 41823, 1}, {0x2F9FE, 41824, 1}, {0x2F9FF, 41825, 1},
    {0x2FA00, 41826, 1}, {0x2FA01, 41827, 1}, {0x2FA02, 41828, 1},
    {0x2FA03, 41829, 1}, {0x2FA04, 41830, 1}, {0x2FA05, 41831, 1},
    {0x2FA06, 41832, 1}, {0x2FA07, 41833, 1}, {0x2FA08, 41834, 1},
    {0x2FA09, 41835, 1}, {0x2FA0A, 41836, 1}, {0x2FA0B, 41837, 1},
    {0x2FA0C, 41838, 1}, {0x2FA0D, 41839, 1}, {0x2FA0E, 41840, 1},
    {0x2FA0F, 41841, 1}, {0x2FA10, 41842, 1}, {0x2FA11, 41843, 1},
    {0x2FA12, 41844, 1}, {0x2FA13, 41845, 1}, {0x2FA14, 41846, 1},
    {0x2FA15, 41847, 1}, {0x2FA16, 41848, 1}, {0x2FA17, 41849, 1},
    {0x2FA18, 41850, 1}, {0x2FA19, 41851, 1}, {0x2FA1A, 41852, 1},
    {0x2FA1B, 41853, 1}, {0x2FA1C, 41854, 1}, {0x2FA1D, 41855, 1},
};

inline constexpr uint32_t decompositionValues[] = {
    0x20, 0x20, 0x308,
    0x61, 0x20, 0x304,
    0x32, 0x33, 0x20,
    0x301, 0x3BC, 0x20,
    0x327, 0x31, 0x6F,
    0x31, 0x2044, 0x34,
    0x31, 0x2044, 0x32,
    0x33, 0x2044, 0x34,
    0x41, 0x300, 0x41,
    0x301, 0x41, 0x302,
    0x41, 0x303, 0x41,
    0x308, 0x41, 0x30A,
    0x43, 0x327, 0x45,
    0x300, 0x45, 0x301,
    0x45, 0x302, 0x45,
    0x308, 0x49, 0x300,
    0x49, 0x301, 0x49,
    0x302, 0x49, 0x308,
    0x4E, 0x303, 0x4F,
    0x300, 0x4F, 0x301,
    0x4F, 0x302, 0x4F,
    0x303, 0x4F, 0x308,
    0x55, 0x300, 0x55,
    0x301, 0x55, 0x302,
    0x55, 0x308, 0x59,
    0x301, 0x61, 0x300,
    0x61, 0x301, 0x61,
    0x302, 0x61, 0x303,
    0x61, 0x308, 0x61,
    0x30A, 0x63, 0x327,
    0x65, 0x300, 0x65,
    0x301, 0x65, 0x302,
    0x65, 0x308, 0x69,
    0x300, 0x69, 0x301,
    0x69, 0x302, 0x69,
    0x308, 0x6E, 0x303,
    0x6F, 0x300, 0x6F,
    0x301, 0x6F, 0x302,
    0x6F, 0x303, 0x6F,
    0x308, 0x75, 0x300,
    0x75, 0x301, 0x75,
    0x302, 0x75, 0x308,
    0x79, 0x301, 0x79,
    0x308, 0x41, 0x304,
    0x61, 0x304, 0x41,
    0x306, 0x61, 0x306,
    0x41, 0x328, 0x61,
    0x328, 0x43, 0x301,
    0x63, 0x301, 0x43,
    0x302, 0x63, 0x302,
    0x43, 0x307, 0x63,
    0x307, 0x43, 0x30C,
    0x63, 0x30C, 0x44,
    0x30C, 0x64, 0x30C,
    0x45, 0x304, 0x65,
    0x304, 0x45, 0x306,
    0x65, 0x306, 0x45,
    0x307, 0x65, 0x307,
    0x45, 0x328, 0x65,
    0x328, 0x45, 0x30C,
    0x65, 0x30C, 0x47,
    0x302, 0x67, 0x302,
    0x47, 0x306, 0x67,
    0x306, 0x47, 0x307,
    0x67, 0x307, 0x47,
    0x327, 0x67, 0x327,
    0x48, 0x302, 0x68,
    0x302, 0x49, 0x303,
    0x69, 0x303, 0x49,
    0x304, 0x69, 0x304,
    0x49, 0x306, 0x69,
    0x306, 0x49, 0x328,
    0x69, 0x328, 0x49,
    0x307, 0x49, 0x4A,
    0x69, 0x6A, 0x4A,
    0x302, 0x6A, 0x302,
    0x4B, 0x327, 0x6B,
    0x327, 0x4C, 0x301,
    0x6C, 0x301, 0x4C,
    0x327, 0x6C, 0x327,
    0x4C, 0x30C, 0x6C,
    0x30C, 0x4C, 0xB7,
    0x6C, 0xB7, 0x4E,
    0x301, 0x6E, 0x301,
    0x4E, 0x327, 0x6E,
    0x327, 0x4E, 0x30C,
    0x6E, 0x30C, 0x2BC,
    0x6E, 0x4F, 0x304,
    0x6F, 0x304, 0x4F,
    0x306, 0x6F, 0x306,
    0x4F, 0x30B, 0x6F,
    0x30B, 0x52, 0x301,
    0x72, 0x301, 0x52,
    0x327, 0x72, 0x327,
    0x52, 0x30C, 0x72,
    0x30C, 0x53, 0x301,
    0x73, 0x301, 0x53,
    0x302, 0x73, 0x302,
    0x53, 0x327, 0x73,
    0x327, 0x53, 0x30C,
    0x73, 0x30C, 0x54,
    0x327, 0x74, 0x327,
    0x54, 0x30C, 0x74,
    0x30C, 0x55, 0x303,
    0x75, 0x303, 0x55,
    0x304, 0x75, 0x304,
    0x55, 0x306, 0x75,
    0x306, 0x55, 0x30A,
    0x75, 0x30A, 0x55,
    0x30B, 0x75, 0x30B,
    0x55, 0x328, 0x75,
    0x328, 0x57, 0x302,
    0x77, 0x302, 0x59,
    0x302, 0x79, 0x302,
    0x59, 0x308, 0x5A,
    0x301, 0x7A, 0x301,
    0x5A, 0x307, 0x7A,
    0x307, 0x5A, 0x30C,
    0x7A, 0x30C, 0x73,
    0x4F, 0x31B, 0x6F,
    0x31B, 0x55, 0x31B,
    0x75, 0x31B, 0x44,
    0x17D, 0x44, 0x17E,
    0x64, 0x17E, 0x4C,
    0x4A, 0x4C, 0x6A,
    0x6C, 0x6A, 0x4E,
    0x4A, 0x4E, 0x6A,
    0x6E, 0x6A, 0x41,
    0x30C, 0x61, 0x30C,
    0x49, 0x30C, 0x69,
    0x30C, 0x4F, 0x30C,
    0x6F, 0x30C, 0x55,
    0x30C, 0x75, 0x30C,
    0xDC, 0x304, 0xFC,
    0x304, 0xDC, 0x301,
    0xFC, 0x301, 0xDC,
    0x30C, 0xFC, 0x30C,
    0xDC, 0x300, 0xFC,
    0x300, 0xC4, 0x304,
    0xE4, 0x304, 0x226,
    0x304, 0x227, 0x304,
    0xC6, 0x304, 0xE6,
    0x304, 0x47, 0x30C,
    0x67, 0x30C, 0x4B,
    0x30C, 0x6B, 0x30C,
    0x4F, 0x328, 0x6F,
    0x328, 0x1EA, 0x304,
    0x1EB, 0x304, 0x1B7,
    0x30C, 0x292, 0x30C,
    0x6A, 0x30C, 0x44,
    0x5A, 0x44, 0x7A,
    0x64, 0x7A, 0x47,
    0x301, 0x67, 0x301,
    0x4E, 0x300, 0x6E,
    0x300, 0xC5, 0x301,
    0xE5, 0x301, 0xC6,
    0x301, 0xE6, 0x301,
    0xD8, 0x301, 0xF8,
    0x301, 0x41, 0x30F,
    0x61, 0x30F, 0x41,
    0x311, 0x61, 0x311,
    0x45, 0x30F, 0x65,
    0x30F, 0x45, 0x311,
    0x65, 0x311, 0x49,
    0x30F, 0x69, 0x30F,
    0x49, 0x311, 0x69,
    0x311, 0x4F, 0x30F,
    0x6F, 0x30F, 0x4F,
    0x311, 0x6F, 0x311,
    0x52, 0x30F, 0x72,
    0x30F, 0x52, 0x311,
    0x72, 0x311, 0x55,
    0x30F, 0x75, 0x30F,
    0x55, 0x311, 0x75,
    0x311, 0x53, 0x326,
    0x73, 0x326, 0x54,
    0x326, 0x74, 0x326,
    0x48, 0x30C, 0x68,
    0x30C, 0x41, 0x307,
    0x61, 0x307, 0x45,
    0x327, 0x65, 0x327,
    0xD6, 0x304, 0xF6,
    0x304, 0xD5, 0x304,
    0xF5, 0x304, 0x4F,
    0x307, 0x6F, 0x307,
    0x22E, 0x304, 0x22F,
    0x304, 0x59, 0x304,
    0x79, 0x304, 0x68,
    0x266, 0x6A, 0x72,
    0x279, 0x27B, 0x281,
    0x77, 0x79, 0x20,
    0x306, 0x20, 0x307,
    0x20, 0x30A, 0x20,
    0x328, 0x20, 0x303,
    0x20, 0x30B, 0x263,
    0x6C, 0x73, 0x78,
    0x295, 0x300, 0x301,
    0x313, 0x308, 0x301,
    0x2B9, 0x20, 0x345,
    0x3B, 0x20, 0x301,
    0xA8, 0x301, 0x391,
    0x301, 0xB7, 0x395,
    0x301, 0x397, 0x301,
    0x399, 0x301, 0x39F,
    0x301, 0x3A5, 0x301,
    0x3A9, 0x301, 0x3CA,
    0x301, 0x399, 0x308,
    0x3A5, 0x308, 0x3B1,
    0x301, 0x3B5, 0x301,
    0x3B7, 0x301, 0x3B9,
    0x301, 0x3CB, 0x301,
    0x3B9, 0x308, 0x3C5,
    0x308, 0x3BF, 0x301,
    0x3C5, 0x301, 0x3C9,
    0x301, 0x3B2, 0x3B8,
    0x3A5, 0x3D2, 0x301,
    0x3D2, 0x308, 0x3C6,
    0x3C0, 0x3BA, 0x3C1,
    0x3C2, 0x398, 0x3B5,
    0x3A3, 0x415, 0x300,
    0x415, 0x308, 0x413,
    0x301, 0x406, 0x308,
    0x41A, 0x301, 0x418,
    0x300, 0x423, 0x306,
    0x418, 0x306, 0x438,
    0x306, 0x435, 0x300,
    0x435, 0x308, 0x433,
    0x301, 0x456, 0x308,
    0x43A, 0x301, 0x438,
    0x300, 0x443, 0x306,
    0x474, 0x30F, 0x475,
    0x30F, 0x416, 0x306,
    0x436, 0x306, 0x410,
    0x306, 0x430, 0x306,
    0x410, 0x308, 0x430,
    0x308, 0x415, 0x306,
    0x435, 0x306, 0x4D8,
    0x308, 0x4D9, 0x308,
    0x416, 0x308, 0x436,
    0x308, 0x417, 0x308,
    0x437, 0x308, 0x418,
    0x304, 0x438, 0x304,
    0x418, 0x308, 0x438,
    0x308, 0x41E, 0x308,
    0x43E, 0x308, 0x4E8,
    0x308, 0x4E9, 0x308,
    0x42D, 0x308, 0x44D,
    0x308, 0x423, 0x304,
    0x443, 0x304, 0x423,
    0x308, 0x443, 0x308,
    0x423, 0x30B, 0x443,
    0x30B, 0x427, 0x308,
    0x447, 0x308, 0x42B,
    0x308, 0x44B, 0x308,
    0x565, 0x582, 0x627,
    0x653, 0x627, 0x654,
    0x648, 0x654, 0x627,
    0x655, 0x64A, 0x654,
    0x627, 0x674, 0x648,
    0x674, 0x6C7, 0x674,
    0x64A, 0x674, 0x6D5,
    0x654, 0x6C1, 0x654,
    0x6D2, 0x654, 0x928,
    0x93C, 0x930, 0x93C,
    0x933, 0x93C, 0x915,
    0x93C, 0x916, 0x93C,
    0x917, 0x93C, 0x91C,
    0x93C, 0x921, 0x93C,
    0x922, 0x93C, 0x92B,
    0x93C, 0x92F, 0x93C,
    0x9C7, 0x9BE, 0x9C7,
    0x9D7, 0x9A1, 0x9BC,
    0x9A2, 0x9BC, 0x9AF,
    0x9BC, 0xA32, 0xA3C,
    0xA38, 0xA3C, 0xA16,
    0xA3C, 0xA17, 0xA3C,
    0xA1C, 0xA3C, 0xA2B,
    0xA3C, 0xB47, 0xB56,
    0xB47, 0xB3E, 0xB47,
    0xB57, 0xB21, 0xB3C,
    0xB22, 0xB3C, 0xB92,
    0xBD7, 0xBC6, 0xBBE,
    0xBC7, 0xBBE, 0xBC6,
    0xBD7, 0xC46, 0xC56,
    0xCBF, 0xCD5, 0xCC6,
    0xCD5, 0xCC6, 0xCD6,
    0xCC6, 0xCC2, 0xCCA,
    0xCD5, 0xD46, 0xD3E,
    0xD47, 0xD3E, 0xD46,
    0xD57, 0xDD9, 0xDCA,
    0xDD9, 0xDCF, 0xDDC,
    0xDCA, 0xDD9, 0xDDF,
    0xE4D, 0xE32, 0xECD,
    0xEB2, 0xEAB, 0xE99,
    0xEAB, 0xEA1, 0xF0B,
    0xF42, 0xFB7, 0xF4C,
    0xFB7, 0xF51, 0xFB7,
    0xF56, 0xFB7, 0xF5B,
    0xFB7, 0xF40, 0xFB5,
    0xF71, 0xF72, 0xF71,
    0xF74, 0xFB2, 0xF80,
    0xFB2, 0xF81, 0xFB3,
    0xF80, 0xFB3, 0xF81,
    0xF71, 0xF80, 0xF92,
    0xFB7, 0xF9C, 0xFB7,
    0xFA1, 0xFB7, 0xFA6,
    0xFB7, 0xFAB, 0xFB7,
    0xF90, 0xFB5, 0x1025,
    0x102E, 0x10DC, 0x1B05,
    0x1B35, 0x1B07, 0x1B35,
    0x1B09, 0x1B35, 0x1B0B,
    0x1B35, 0x1B0D, 0x1B35,
    0x1B11, 0x1B35, 0x1B3A,
    0x1B35, 0x1B3C, 0x1B35,
    0x1B3E, 0x1B35, 0x1B3F,
    0x1B35, 0x1B42, 0x1B35,
    0x41, 0xC6, 0x42,
    0x44, 0x45, 0x18E,
    0x47, 0x48, 0x49,
    0x4A, 0x4B, 0x4C,
    0x4D, 0x4E, 0x4F,
    0x222, 0x50, 0x52,
    0x54, 0x55, 0x57,
    0x61, 0x250, 0x251,
    0x1D02, 0x62, 0x64,
    0x65, 0x259, 0x25B,
    0x25C, 0x67, 0x6B,
    0x6D, 0x14B, 0x6F,
    0x254, 0x1D16, 0x1D17,
    0x70, 0x74, 0x75,
    0x1D1D, 0x26F, 0x76,
    0x1D25, 0x3B2, 0x3B3,
    0x3B4, 0x3C6, 0x3C7,
    0x69, 0x72, 0x75,
    0x76, 0x3B2, 0x3B3,
    0x3C1, 0x3C6, 0x3C7,
    0x43D, 0x252, 0x63,
    0x255, 0xF0, 0x25C,
    0x66, 0x25F, 0x261,
    0x265, 0x268, 0x269,
    0x26A, 0x1D7B, 0x29D,
    0x26D, 0x1D85, 0x29F,
    0x271, 0x270, 0x272,
    0x273, 0x274, 0x275,
    0x278, 0x282, 0x283,
    0x1AB, 0x289, 0x28A,
    0x1D1C, 0x28B, 0x28C,
    0x7A, 0x290, 0x291,
    0x292, 0x3B8, 0x41,
    0x325, 0x61, 0x325,
    0x42, 0x307, 0x62,
    0x307, 0x42, 0x323,
    0x62, 0x323, 0x42,
    0x331, 0x62, 0x331,
    0xC7, 0x301, 0xE7,
    0x301, 0x44, 0x307,
    0x64, 0x307, 0x44,
    0x323, 0x64, 0x323,
    0x44, 0x331, 0x64,
    0x331, 0x44, 0x327,
    0x64, 0x327, 0x44,
    0x32D, 0x64, 0x32D,
    0x112, 0x300, 0x113,
    0x300, 0x112, 0x301,
    0x113, 0x301, 0x45,
    0x32D, 0x65, 0x32D,
    0x45, 0x330, 0x65,
    0x330, 0x228, 0x306,
    0x229, 0x306, 0x46,
    0x307, 0x66, 0x307,
    0x47, 0x304, 0x67,
    0x304, 0x48, 0x307,
    0x68, 0x307, 0x48,
    0x323, 0x68, 0x323,
    0x48, 0x308, 0x68,
    0x308, 0x48, 0x327,
    0x68, 0x327, 0x48,
    0x32E, 0x68, 0x32E,
    0x49, 0x330, 0x69,
    0x330, 0xCF, 0x301,
    0xEF, 0x301, 0x4B,
    0x301, 0x6B, 0x301,
    0x4B, 0x323, 0x6B,
    0x323, 0x4B, 0x331,
    0x6B, 0x331, 0x4C,
    0x323, 0x6C, 0x323,
    0x1E36, 0x304, 0x1E37,
    0x304, 0x4C, 0x331,
    0x6C, 0x331, 0x4C,
    0x32D, 0x6C, 0x32D,
    0x4D, 0x301, 0x6D,
    0x301, 0x4D, 0x307,
    0x6D, 0x307, 0x4D,
    0x323, 0x6D, 0x323,
    0x4E, 0x307, 0x6E,
    0x307, 0x4E, 0x323,
    0x6E, 0x323, 0x4E,
    0x331, 0x6E, 0x331,
    0x4E, 0x32D, 0x6E,
    0x32D, 0xD5, 0x301,
    0xF5, 0x301, 0xD5,
    0x308, 0xF5, 0x308,
    0x14C, 0x300, 0x14D,
    0x300, 0x14C, 0x301,
    0x14D, 0x301, 0x50,
    0x301, 0x70, 0x301,
    0x50, 0x307, 0x70,
    0x307, 0x52, 0x307,
    0x72, 0x307, 0x52,
    0x323, 0x72, 0x323,
    0x1E5A, 0x304, 0x1E5B,
    0x304, 0x52, 0x331,
    0x72, 0x331, 0x53,
    0x307, 0x73, 0x307,
    0x53, 0x323, 0x73,
    0x323, 0x15A, 0x307,
    0x15B, 0x307, 0x160,
    0x307, 0x161, 0x307,
    0x1E62, 0x307, 0x1E63,
    0x307, 0x54, 0x307,
    0x74, 0x307, 0x54,
    0x323, 0x74, 0x323,
    0x54, 0x331, 0x74,
    0x331, 0x54, 0x32D,
    0x74, 0x32D, 0x55,
    0x324, 0x75, 0x324,
    0x55, 0x330, 0x75,
    0x330, 0x55, 0x32D,
    0x75, 0x32D, 0x168,
    0x301, 0x169, 0x301,
    0x16A, 0x308, 0x16B,
    0x308, 0x56, 0x303,
    0x76, 0x303, 0x56,
    0x323, 0x76, 0x323,
    0x57, 0x300, 0x77,
    0x300, 0x57, 0x301,
    0x77, 0x301, 0x57,
    0x308, 0x77, 0x308,
    0x57, 0x307, 0x77,
    0x307, 0x57, 0x323,
    0x77, 0x323, 0x58,
    0x307, 0x78, 0x307,
    0x58, 0x308, 0x78,
    0x308, 0x59, 0x307,
    0x79, 0x307, 0x5A,
    0x302, 0x7A, 0x302,
    0x5A, 0x323, 0x7A,
    0x323, 0x5A, 0x331,
    0x7A, 0x331, 0x68,
    0x331, 0x74, 0x308,
    0x77, 0x30A, 0x79,
    0x30A, 0x61, 0x2BE,
    0x17F, 0x307, 0x41,
    0x323, 0x61, 0x323,
    0x41, 0x309, 0x61,
    0x309, 0xC2, 0x301,
    0xE2, 0x301, 0xC2,
    0x300, 0xE2, 0x300,
    0xC2, 0x309, 0xE2,
    0x309, 0xC2, 0x303,
    0xE2, 0x303, 0x1EA0,
    0x302, 0x1EA1, 0x302,
    0x102, 0x301, 0x103,
    0x301, 0x102, 0x300,
    0x103, 0x300, 0x102,
    0x309, 0x103, 0x309,
    0x102, 0x303, 0x103,
    0x303, 0x1EA0, 0x306,
    0x1EA1, 0x306, 0x45,
    0x323, 0x65, 0x323,
    0x45, 0x309, 0x65,
    0x309, 0x45, 0x303,
    0x65, 0x303, 0xCA,
    0x301, 0xEA, 0x301,
    0xCA, 0x300, 0xEA,
    0x300, 0xCA, 0x309,
    0xEA, 0x309, 0xCA,
    0x303, 0xEA, 0x303,
    0x1EB8, 0x302, 0x1EB9,
    0x302, 0x49, 0x309,
    0x69, 0x309, 0x49,
    0x323, 0x69, 0x323,
    0x4F, 0x323, 0x6F,
    0x323, 0x4F, 0x309,
    0x6F, 0x309, 0xD4,
    0x301, 0xF4, 0x301,
    0xD4, 0x300, 0xF4,
    0x300, 0xD4, 0x309,
    0xF4, 0x309, 0xD4,
    0x303, 0xF4, 0x303,
    0x1ECC, 0x302, 0x1ECD,
    0x302, 0x1A0, 0x301,
    0x1A1, 0x301, 0x1A0,
    0x300, 0x1A1, 0x300,
    0x1A0, 0x309, 0x1A1,
    0x309, 0x1A0, 0x303,
    0x1A1, 0x303, 0x1A0,
    0x323, 0x1A1, 0x323,
    0x55, 0x323, 0x75,
    0x323, 0x55, 0x309,
    0x75, 0x309, 0x1AF,
    0x301, 0x1B0, 0x301,
    0x1AF, 0x300, 0x1B0,
    0x300, 0x1AF, 0x309,
    0x1B0, 0x309, 0x1AF,
    0x303, 0x1B0, 0x303,
    0x1AF, 0x323, 0x1B0,
    0x323, 0x59, 0x300,
    0x79, 0x300, 0x59,
    0x323, 0x79, 0x323,
    0x59, 0x309, 0x79,
    0x309, 0x59, 0x303,
    0x79, 0x303, 0x3B1,
    0x313, 0x3B1, 0x314,
    0x1F00, 0x300, 0x1F01,
    0x300, 0x1F00, 0x301,
    0x1F01, 0x301, 0x1F00,
    0x342, 0x1F01, 0x342,
    0x391, 0x313, 0x391,
    0x314, 0x1F08, 0x300,
    0x1F09, 0x300, 0x1F08,
    0x301, 0x1F09, 0x301,
    0x1F08, 0x342, 0x1F09,
    0x342, 0x3B5, 0x313,
    0x3B5, 0x314, 0x1F10,
    0x300, 0x1F11, 0x300,
    0x1F10, 0x301, 0x1F11,
    0x301, 0x395, 0x313,
    0x395, 0x314, 0x1F18,
    0x300, 0x1F19, 0x300,
    0x1F18, 0x301, 0x1F19,
    0x301, 0x3B7, 0x313,
    0x3B7, 0x314, 0x1F20,
    0x300, 0x1F21, 0x300,
    0x1F20, 0x301, 0x1F21,
    0x301, 0x1F20, 0x342,
    0x1F21, 0x342, 0x397,
    0x313, 0x397, 0x314,
    0x1F28, 0x300, 0x1F29,
    0x300, 0x1F28, 0x301,
    0x1F29, 0x301, 0x1F28,
    0x342, 0x1F29, 0x342,
    0x3B9, 0x313, 0x3B9,
    0x314, 0x1F30, 0x300,
    0x1F31, 0x300, 0x1F30,
    0x301, 0x1F31, 0x301,
    0x1F30, 0x342, 0x1F31,
    0x342, 0x399, 0x313,
    0x399, 0x314, 0x1F38,
    0x300, 0x1F39, 0x300,
    0x1F38, 0x301, 0x1F39,
    0x301, 0x1F38, 0x342,
    0x1F39, 0x342, 0x3BF,
    0x313, 0x3BF, 0x314,
    0x1F40, 0x300, 0x1F41,
    0x300, 0x1F40, 0x301,
    0x1F41, 0x301, 0x39F,
    0x313, 0x39F, 0x314,
    0x1F48, 0x300, 0x1F49,
    0x300, 0x1F48, 0x301,
    0x1F49, 0x301, 0x3C5,
    0x313, 0x3C5, 0x314,
    0x1F50, 0x300, 0x1F51,
    0x300, 0x1F50, 0x301,
    0x1F51, 0x301, 0x1F50,
    0x342, 0x1F51, 0x342,
    0x3A5, 0x314, 0x1F59,
    0x300, 0x1F59, 0x301,
    0x1F59, 0x342, 0x3C9,
    0x313, 0x3C9, 0x314,
    0x1F60, 0x300, 0x1F61,
    0x300, 0x1F60, 0x301,
    0x1F61, 0x301, 0x1F60,
    0x342, 0x1F61, 0x342,
    0x3A9, 0x313, 0x3A9,
    0x314, 0x1F68, 0x300,
    0x1F69, 0x300, 0x1F68,
    0x301, 0x1F69, 0x301,
    0x1F68, 0x342, 0x1F69,
    0x342, 0x3B1, 0x300,
    0x3AC, 0x3B5, 0x300,
    0x3AD, 0x3B7, 0x300,
    0x3AE, 0x3B9, 0x300,
    0x3AF, 0x3BF, 0x300,
    0x3CC, 0x3C5, 0x300,
    0x3CD, 0x3C9, 0x300,
    0x3CE, 0x1F00, 0x345,
    0x1F01, 0x345, 0x1F02,
    0x345, 0x1F03, 0x345,
    0x1F04, 0x345, 0x1F05,
    0x345, 0x1F06, 0x345,
    0x1F07, 0x345, 0x1F08,
    0x345, 0x1F09, 0x345,
    0x1F0A, 0x345, 0x1F0B,
    0x345, 0x1F0C, 0x345,
    0x1F0D, 0x345, 0x1F0E,
    0x345, 0x1F0F, 0x345,
    0x1F20, 0x345, 0x1F21,
    0x345, 0x1F22, 0x345,
    0x1F23, 0x345, 0x1F24,
    0x345, 0x1F25, 0x345,
    0x1F26, 0x345, 0x1F27,
    0x345, 0x1F28, 0x345,
    0x1F29, 0x345, 0x1F2A,
    0x345, 0x1F2B, 0x345,
    0x1F2C, 0x345, 0x1F2D,
    0x345, 0x1F2E, 0x345,
    0x1F2F, 0x345, 0x1F60,
    0x345, 0x1F61, 0x345,
    0x1F62, 0x345, 0x1F63,
    0x345, 0x1F64, 0x345,
    0x1F65, 0x345, 0x1F66,
    0x345, 0x1F67, 0x345,
    0x1F68, 0x345, 0x1F69,
    0x345, 0x1F6A, 0x345,
    0x1F6B, 0x345, 0x1F6C,
    0x345, 0x1F6D, 0x345,
    0x1F6E, 0x345, 0x1F6F,
    0x345, 0x3B1, 0x306,
    0x3B1, 0x304, 0x1F70,
    0x345, 0x3B1, 0x345,
    0x3AC, 0x345, 0x3B1,
    0x342, 0x1FB6, 0x345,
    0x391, 0x306, 0x391,
    0x304, 0x391, 0x300,
    0x386, 0x391, 0x345,
    0x20, 0x313, 0x3B9,
    0x20, 0x313, 0x20,
    0x342, 0xA8, 0x342,
    0x1F74, 0x345, 0x3B7,
    0x345, 0x3AE, 0x345,
    0x3B7, 0x342, 0x1FC6,
    0x345, 0x395, 0x300,
    0x388, 0x397, 0x300,
    0x389, 0x397, 0x345,
    0x1FBF, 0x300, 0x1FBF,
    0x301, 0x1FBF, 0x342,
    0x3B9, 0x306, 0x3B9,
    0x304, 0x3CA, 0x300,
    0x390, 0x3B9, 0x342,
    0x3CA, 0x342, 0x399,
    0x306, 0x399, 0x304,
    0x399, 0x300, 0x38A,
    0x1FFE, 0x300, 0x1FFE,
    0x301, 0x1FFE, 0x342,
    0x3C5, 0x306, 0x3C5,
    0x304, 0x3CB, 0x300,
    0x3B0, 0x3C1, 0x313,
    0x3C1, 0x314, 0x3C5,
    0x342, 0x3CB, 0x342,
    0x3A5, 0x306, 0x3A5,
    0x304, 0x3A5, 0x300,
    0x38E, 0x3A1, 0x314,
    0xA8, 0x300, 0x385,
    0x60, 0x1F7C, 0x345,
    0x3C9, 0x345, 0x3CE,
    0x345, 0x3C9, 0x342,
    0x1FF6, 0x345, 0x39F,
    0x300, 0x38C, 0x3A9,
    0x300, 0x38F, 0x3A9,
    0x345, 0xB4, 0x20,
    0x314, 0x2002, 0x2003,
    0x20, 0x20, 0x20,
    0x20, 0x20, 0x20,
    0x20, 0x20, 0x20,
    0x2010, 0x20, 0x333,
    0x2E, 0x2E, 0x2E,
    0x2E, 0x2E, 0x2E,
    0x20, 0x2032, 0x2032,
    0x2032, 0x2032, 0x2032,
    0x2035, 0x2035, 0x2035,
    0x2035, 0x2035, 0x21,
    0x21, 0x20, 0x305,
    0x3F, 0x3F, 0x3F,
    0x21, 0x21, 0x3F,
    0x2032, 0x2032, 0x2032,
    0x2032, 0x20, 0x30,
    0x69, 0x34, 0x35,
    0x36, 0x37, 0x38,
    0x39, 0x2B, 0x2212,
    0x3D, 0x28, 0x29,
    0x6E, 0x30, 0x31,
    0x32, 0x33, 0x34,
    0x35, 0x36, 0x37,
    0x38, 0x39, 0x2B,
    0x2212, 0x3D, 0x28,
    0x29, 0x61, 0x65,
    0x6F, 0x78, 0x259,
    0x68, 0x6B, 0x6C,
    0x6D, 0x6E, 0x70,
    0x73, 0x74, 0x52,
    0x73, 0x61, 0x2F,
    0x63, 0x61, 0x2F,
    0x73, 0x43, 0xB0,
    0x43, 0x63, 0x2F,
    0x6F, 0x63, 0x2F,
    0x75, 0x190, 0xB0,
    0x46, 0x67, 0x48,
    0x48, 0x48, 0x68,
    0x127, 0x49, 0x49,
    0x4C, 0x6C, 0x4E,
    0x4E, 0x6F, 0x50,
    0x51, 0x52, 0x52,
    0x52, 0x53, 0x4D,
    0x54, 0x45, 0x4C,
    0x54, 0x4D, 0x5A,
    0x3A9, 0x5A, 0x4B,
    0xC5, 0x42, 0x43,
    0x65, 0x45, 0x46,
    0x4D, 0x6F, 0x5D0,
    0x5D1, 0x5D2, 0x5D3,
    0x69, 0x46, 0x41,
    0x58, 0x3C0, 0x3B3,
    0x393, 0x3A0, 0x2211,
    0x44, 0x64, 0x65,
    0x69, 0x6A, 0x31,
    0x2044, 0x37, 0x31,
    0x2044, 0x39, 0x31,
    0x2044, 0x31, 0x30,
    0x31, 0x2044, 0x33,
    0x32, 0x2044, 0x33,
    0x31, 0x2044, 0x35,
    0x32, 0x2044, 0x35,
    0x33, 0x2044, 0x35,
    0x34, 0x2044, 0x35,
    0x31, 0x2044, 0x36,
    0x35, 0x2044, 0x36,
    0x31, 0x2044, 0x38,
    0x33, 0x2044, 0x38,
    0x35, 0x2044, 0x38,
    0x37, 0x2044, 0x38,
    0x31, 0x2044, 0x49,
    0x49, 0x49, 0x49,
    0x49, 0x49, 0x49,
    0x56, 0x56, 0x56,
    0x49, 0x56, 0x49,
    0x49, 0x56, 0x49,
    0x49, 0x49, 0x49,
    0x58, 0x58, 0x58,
    0x49, 0x58, 0x49,
    0x49, 0x4C, 0x43,
    0x44, 0x4D, 0x69,
    0x69, 0x69, 0x69,
    0x69, 0x69, 0x69,
    0x76, 0x76, 0x76,
    0x69, 0x76, 0x69,
    0x69, 0x76, 0x69,
    0x69, 0x69, 0x69,
    0x78, 0x78, 0x78,
    0x69, 0x78, 0x69,
    0x69, 0x6C, 0x63,
    0x64, 0x6D, 0x30,
    0x2044, 0x33, 0x2190,
    0x338, 0x2192, 0x338,
    0x2194, 0x338, 0x21D0,
    0x338, 0x21D4, 0x338,
    0x21D2, 0x338, 0x2203,
    0x338, 0x2208, 0x338,
    0x220B, 0x338, 0x2223,
    0x338, 0x2225, 0x338,
    0x222B, 0x222B, 0x222B,
    0x222B, 0x222B, 0x222E,
    0x222E, 0x222E, 0x222E,
    0x222E, 0x223C, 0x338,
    0x2243, 0x338, 0x2245,
    0x338, 0x2248, 0x338,
    0x3D, 0x338, 0x2261,
    0x338, 0x224D, 0x338,
    0x3C, 0x338, 0x3E,
    0x338, 0x2264, 0x338,
    0x2265, 0x338, 0x2272,
    0x338, 0x2273, 0x338,
    0x2276, 0x338, 0x2277,
    0x338, 0x227A, 0x338,
    0x227B, 0x338, 0x2282,
    0x338, 0x2283, 0x338,
    0x2286, 0x338, 0x2287,
    0x338, 0x22A2, 0x338,
    0x22A8, 0x338, 0x22A9,
    0x338, 0x22AB, 0x338,
    0x227C, 0x338, 0x227D,
    0x338, 0x2291, 0x338,
    0x2292, 0x338, 0x22B2,
    0x338, 0x22B3, 0x338,
    0x22B4, 0x338, 0x22B5,
    0x338, 0x3008, 0x3009,
    0x31, 0x32, 0x33,
    0x34, 0x35, 0x36,
    0x37, 0x38, 0x39,
    0x31, 0x30, 0x31,
    0x31, 0x31, 0x32,
    0x31, 0x33, 0x31,
    0x34, 0x31, 0x35,
    0x31, 0x36, 0x31,
    0x37, 0x31, 0x38,
    0x31, 0x39, 0x32,
    0x30, 0x28, 0x31,
    0x29, 0x28, 0x32,
    0x29, 0x28, 0x33,
    0x29, 0x28, 0x34,
    0x29, 0x28, 0x35,
    0x29, 0x28, 0x36,
    0x29, 0x28, 0x37,
    0x29, 0x28, 0x38,
    0x29, 0x28, 0x39,
    0x29, 0x28, 0x31,
    0x30, 0x29, 0x28,
    0x31, 0x31, 0x29,
    0x28, 0x31, 0x32,
    0x29, 0x28, 0x31,
    0x33, 0x29, 0x28,
    0x31, 0x34, 0x29,
    0x28, 0x31, 0x35,
    0x29, 0x28, 0x31,
    0x36, 0x29, 0x28,
    0x31, 0x37, 0x29,
    0x28, 0x31, 0x38,
    0x29, 0x28, 0x31,
    0x39, 0x29, 0x28,
    0x32, 0x30, 0x29,
    0x31, 0x2E, 0x32,
    0x2E, 0x33, 0x2E,
    0x34, 0x2E, 0x35,
    0x2E, 0x36, 0x2E,
    0x37, 0x2E, 0x38,
    0x2E, 0x39, 0x2E,
    0x31, 0x30, 0x2E,
    0x31, 0x31, 0x2E,
    0x31, 0x32, 0x2E,
    0x31, 0x33, 0x2E,
    0x31, 0x34, 0x2E,
    0x31, 0x35, 0x2E,
    0x31, 0x36, 0x2E,
    0x31, 0x37, 0x2E,
    0x31, 0x38, 0x2E,
    0x31, 0x39, 0x2E,
    0x32, 0x30, 0x2E,
    0x28, 0x61, 0x29,
    0x28, 0x62, 0x29,
    0x28, 0x63, 0x29,
    0x28, 0x64, 0x29,
    0x28, 0x65, 0x29,
    0x28, 0x66, 0x29,
    0x28, 0x67, 0x29,
    0x28, 0x68, 0x29,
    0x28, 0x69, 0x29,
    0x28, 0x6A, 0x29,
    0x28, 0x6B, 0x29,
    0x28, 0x6C, 0x29,
    0x28, 0x6D, 0x29,
    0x28, 0x6E, 0x29,
    0x28, 0x6F, 0x29,
    0x28, 0x70, 0x29,
    0x28, 0x71, 0x29,
    0x28, 0x72, 0x29,
    0x28, 0x73, 0x29,
    0x28, 0x74, 0x29,
    0x28, 0x75, 0x29,
    0x28, 0x76, 0x29,
    0x28, 0x77, 0x29,
    0x28, 0x78, 0x29,
    0x28, 0x79, 0x29,
    0x28, 0x7A, 0x29,
    0x41, 0x42, 0x43,
    0x44, 0x45, 0x46,
    0x47, 0x48, 0x49,
    0x4A, 0x4B, 0x4C,
    0x4D, 0x4E, 0x4F,
    0x50, 0x51, 0x52,
    0x53, 0x54, 0x55,
    0x56, 0x57, 0x58,
    0x59, 0x5A, 0x61,
    0x62, 0x63, 0x64,
    0x65, 0x66, 0x67,
    0x68, 0x69, 0x6A,
    0x6B, 0x6C, 0x6D,
    0x6E, 0x6F, 0x70,
    0x71, 0x72, 0x73,
    0x74, 0x75, 0x76,
    0x77, 0x78, 0x79,
    0x7A, 0x30, 0x222B,
    0x222B, 0x222B, 0x222B,
    0x3A, 0x3A, 0x3D,
    0x3D, 0x3D, 0x3D,
    0x3D, 0x3D, 0x2ADD,
    0x338, 0x6A, 0x56,
    0x2D61, 0x6BCD, 0x9F9F,
    0x4E00, 0x4E28, 0x4E36,
    0x4E3F, 0x4E59, 0x4E85,
    0x4E8C, 0x4EA0, 0x4EBA,
    0x513F, 0x5165, 0x516B,
    0x5182, 0x5196, 0x51AB,
    0x51E0, 0x51F5, 0x5200,
    0x529B, 0x52F9, 0x5315,
    0x531A, 0x5338, 0x5341,
    0x535C, 0x5369, 0x5382,
    0x53B6, 0x53C8, 0x53E3,
    0x56D7, 0x571F, 0x58EB,
    0x5902, 0x590A, 0x5915,
    0x5927, 0x5973, 0x5B50,
    0x5B80, 0x5BF8, 0x5C0F,
    0x5C22, 0x5C38, 0x5C6E,
    0x5C71, 0x5DDB, 0x5DE5,
    0x5DF1, 0x5DFE, 0x5E72,
    0x5E7A, 0x5E7F, 0x5EF4,
    0x5EFE, 0x5F0B, 0x5F13,
    0x5F50, 0x5F61, 0x5F73,
    0x5FC3, 0x6208, 0x6236,
    0x624B, 0x652F, 0x6534,
    0x6587, 0x6597, 0x65A4,
    0x65B9, 0x65E0, 0x65E5,
    0x66F0, 0x6708, 0x6728,
    0x6B20, 0x6B62, 0x6B79,
    0x6BB3, 0x6BCB, 0x6BD4,
    0x6BDB, 0x6C0F, 0x6C14,
    0x6C34, 0x706B, 0x722A,
    0x7236, 0x723B, 0x723F,
    0x7247, 0x7259, 0x725B,
    0x72AC, 0x7384, 0x7389,
    0x74DC, 0x74E6, 0x7518,
    0x751F, 0x7528, 0x7530,
    0x758B, 0x7592, 0x7676,
    0x767D, 0x76AE, 0x76BF,
    0x76EE, 0x77DB, 0x77E2,
    0x77F3, 0x793A, 0x79B8,
    0x79BE, 0x7A74, 0x7ACB,
    0x7AF9, 0x7C73, 0x7CF8,
    0x7F36, 0x7F51, 0x7F8A,
    0x7FBD, 0x8001, 0x800C,
    0x8012, 0x8033, 0x807F,
    0x8089, 0x81E3, 0x81EA,
    0x81F3, 0x81FC, 0x820C,
    0x821B, 0x821F, 0x826E,
    0x8272, 0x8278, 0x864D,
    0x866B, 0x8840, 0x884C,
    0x8863, 0x897E, 0x898B,
    0x89D2, 0x8A00, 0x8C37,
    0x8C46, 0x8C55, 0x8C78,
    0x8C9D, 0x8D64, 0x8D70,
    0x8DB3, 0x8EAB, 0x8ECA,
    0x8F9B, 0x8FB0, 0x8FB5,
    0x9091, 0x9149, 0x91C6,
    0x91CC, 0x91D1, 0x9577,
    0x9580, 0x961C, 0x96B6,
    0x96B9, 0x96E8, 0x9751,
    0x975E, 0x9762, 0x9769,
    0x97CB, 0x97ED, 0x97F3,
    0x9801, 0x98A8, 0x98DB,
    0x98DF, 0x9996, 0x9999,
    0x99AC, 0x9AA8, 0x9AD8,
    0x9ADF, 0x9B25, 0x9B2F,
    0x9B32, 0x9B3C, 0x9B5A,
    0x9CE5, 0x9E75, 0x9E7F,
    0x9EA5, 0x9EBB, 0x9EC3,
    0x9ECD, 0x9ED1, 0x9EF9,
    0x9EFD, 0x9F0E, 0x9F13,
    0x9F20, 0x9F3B, 0x9F4A,
    0x9F52, 0x9F8D, 0x9F9C,
    0x9FA0, 0x20, 0x3012,
    0x5341, 0x5344, 0x5345,
    0x304B, 0x3099, 0x304D,
    0x3099, 0x304F, 0x3099,
    0x3051, 0x3099, 0x3053,
    0x3099, 0x3055, 0x3099,
    0x3057, 0x3099, 0x3059,
    0x3099, 0x305B, 0x3099,
    0x305D, 0x3099, 0x305F,
    0x3099, 0x3061, 0x3099,
    0x3064, 0x3099, 0x3066,
    0x3099, 0x3068, 0x3099,
    0x306F, 0x3099, 0x306F,
    0x309A, 0x3072, 0x3099,
    0x3072, 0x309A, 0x3075,
    0x3099, 0x3075, 0x309A,
    0x3078, 0x3099, 0x3078,
    0x309A, 0x307B, 0x3099,
    0x307B, 0x309A, 0x3046,
    0x3099, 0x20, 0x3099,
    0x20, 0x309A, 0x309D,
    0x3099, 0x3088, 0x308A,
    0x30AB, 0x3099, 0x30AD,
    0x3099, 0x30AF, 0x3099,
    0x30B1, 0x3099, 0x30B3,
    0x3099, 0x30B5, 0x3099,
    0x30B7, 0x3099, 0x30B9,
    0x3099, 0x30BB, 0x3099,
    0x30BD, 0x3099, 0x30BF,
    0x3099, 0x30C1, 0x3099,
    0x30C4, 0x3099, 0x30C6,
    0x3099, 0x30C8, 0x3099,
    0x30CF, 0x3099, 0x30CF,
    0x309A, 0x30D2, 0x3099,
    0x30D2, 0x309A, 0x30D5,
    0x3099, 0x30D5, 0x309A,
    0x30D8, 0x3099, 0x30D8,
    0x309A, 0x30DB, 0x3099,
    0x30DB, 0x309A, 0x30A6,
    0x3099, 0x30EF, 0x3099,
    0x30F0, 0x3099, 0x30F1,
    0x3099, 0x30F2, 0x3099,
    0x30FD, 0x3099, 0x30B3,
    0x30C8, 0x1100, 0x1101,
    0x11AA, 0x1102, 0x11AC,
    0x11AD, 0x1103, 0x1104,
    0x1105, 0x11B0, 0x11B1,
    0x11B2, 0x11B3, 0x11B4,
    0x11B5, 0x111A, 0x1106,
    0x1107, 0x1108, 0x1121,
    0x1109, 0x110A, 0x110B,
    0x110C, 0x110D, 0x110E,
    0x110F, 0x1110, 0x1111,
    0x1112, 0x1161, 0x1162,
    0x1163, 0x1164, 0x1165,
    0x1166, 0x1167, 0x1168,
    0x1169, 0x116A, 0x116B,
    0x116C, 0x116D, 0x116E,
    0x116F, 0x1170, 0x1171,
    0x1172, 0x1173, 0x1174,
    0x1175, 0x1160, 0x1114,
    0x1115, 0x11C7, 0x11C8,
    0x11CC, 0x11CE, 0x11D3,
    0x11D7, 0x11D9, 0x111C,
    0x11DD, 0x11DF, 0x111D,
    0x111E, 0x1120, 0x1122,
    0x1123, 0x1127, 0x1129,
    0x112B, 0x112C, 0x112D,
    0x112E, 0x112F, 0x1132,
    0x1136, 0x1140, 0x1147,
    0x114C, 0x11F1, 0x11F2,
    0x1157, 0x1158, 0x1159,
    0x1184, 0x1185, 0x1188,
    0x1191, 0x1192, 0x1194,
    0x119E, 0x11A1, 0x4E00,
    0x4E8C, 0x4E09, 0x56DB,
    0x4E0A, 0x4E2D, 0x4E0B,
    0x7532, 0x4E59, 0x4E19,
    0x4E01, 0x5929, 0x5730,
    0x4EBA, 0x28, 0x1100,
    0x29, 0x28, 0x1102,
    0x29, 0x28, 0x1103,
    0x29, 0x28, 0x1105,
    0x29, 0x28, 0x1106,
    0x29, 0x28, 0x1107,
    0x29, 0x28, 0x1109,
    0x29, 0x28, 0x110B,
    0x29, 0x28, 0x110C,
    0x29, 0x28, 0x110E,
    0x29, 0x28, 0x110F,
    0x29, 0x28, 0x1110,
    0x29, 0x28, 0x1111,
    0x29, 0x28, 0x1112,
    0x29, 0x28, 0x1100,
    0x1161, 0x29, 0x28,
    0x1102, 0x1161, 0x29,
    0x28, 0x1103, 0x1161,
    0x29, 0x28, 0x1105,
    0x1161, 0x29, 0x28,
    0x1106, 0x1161, 0x29,
    0x28, 0x1107, 0x1161,
    0x29, 0x28, 0x1109,
    0x1161, 0x29, 0x28,
    0x110B, 0x1161, 0x29,
    0x28, 0x110C, 0x1161,
    0x29, 0x28, 0x110E,
    0x1161, 0x29, 0x28,
    0x110F, 0x1161, 0x29,
    0x28, 0x1110, 0x1161,
    0x29, 0x28, 0x1111,
    0x1161, 0x29, 0x28,
    0x1112, 0x1161, 0x29,
    0x28, 0x110C, 0x116E,
    0x29, 0x28, 0x110B,
    0x1169, 0x110C, 0x1165,
    0x11AB, 0x29, 0x28,
    0x110B, 0x1169, 0x1112,
    0x116E, 0x29, 0x28,
    0x4E00, 0x29, 0x28,
    0x4E8C, 0x29, 0x28,
    0x4E09, 0x29, 0x28,
    0x56DB, 0x29, 0x28,
    0x4E94, 0x29, 0x28,
    0x516D, 0x29, 0x28,
    0x4E03, 0x29, 0x28,
    0x516B, 0x29, 0x28,
    0x4E5D, 0x29, 0x28,
    0x5341, 0x29, 0x28,
    0x6708, 0x29, 0x28,
    0x706B, 0x29, 0x28,
    0x6C34, 0x29, 0x28,
    0x6728, 0x29, 0x28,
    0x91D1, 0x29, 0x28,
    0x571F, 0x29, 0x28,
    0x65E5, 0x29, 0x28,
    0x682A, 0x29, 0x28,
    0x6709, 0x29, 0x28,
    0x793E, 0x29, 0x28,
    0x540D, 0x29, 0x28,
    0x7279, 0x29, 0x28,
    0x8CA1, 0x29, 0x28,
    0x795D, 0x29, 0x28,
    0x52B4, 0x29, 0x28,
    0x4EE3, 0x29, 0x28,
    0x547C, 0x29, 0x28,
    0x5B66, 0x29, 0x28,
    0x76E3, 0x29, 0x28,
    0x4F01, 0x29, 0x28,
    0x8CC7, 0x29, 0x28,
    0x5354, 0x29, 0x28,
    0x796D, 0x29, 0x28,
    0x4F11, 0x29, 0x28,
    0x81EA, 0x29, 0x28,
    0x81F3, 0x29, 0x554F,
    0x5E7C, 0x6587, 0x7B8F,
    0x50, 0x54, 0x45,
    0x32, 0x31, 0x32,
    0x32, 0x32, 0x33,
    0x32, 0x34, 0x32,
    0x35, 0x32, 0x36,
    0x32, 0x37, 0x32,
    0x38, 0x32, 0x39,
    0x33, 0x30, 0x33,
    0x31, 0x33, 0x32,
    0x33, 0x33, 0x33,
    0x34, 0x33, 0x35,
    0x1100, 0x1102, 0x1103,
    0x1105, 0x1106, 0x1107,
    0x1109, 0x110B, 0x110C,
    0x110E, 0x110F, 0x1110,
    0x1111, 0x1112, 0x1100,
    0x1161, 0x1102, 0x1161,
    0x1103, 0x1161, 0x1105,
    0x1161, 0x1106, 0x1161,
    0x1107, 0x1161, 0x1109,
    0x1161, 0x110B, 0x1161,
    0x110C, 0x1161, 0x110E,
    0x1161, 0x110F, 0x1161,
    0x1110, 0x1161, 0x1111,
    0x1161, 0x1112, 0x1161,
    0x110E, 0x1161, 0x11B7,
    0x1100, 0x1169, 0x110C,
    0x116E, 0x110B, 0x1174,
    0x110B, 0x116E, 0x4E00,
    0x4E8C, 0x4E09, 0x56DB,
    0x4E94, 0x516D, 0x4E03,
    0x516B, 0x4E5D, 0x5341,
    0x6708, 0x706B, 0x6C34,
    0x6728, 0x91D1, 0x571F,
    0x65E5, 0x682A, 0x6709,
    0x793E, 0x540D, 0x7279,
    0x8CA1, 0x795D, 0x52B4,
    0x79D8, 0x7537, 0x5973,
    0x9069, 0x512A, 0x5370,
    0x6CE8, 0x9805, 0x4F11,
    0x5199, 0x6B63, 0x4E0A,
    0x4E2D, 0x4E0B, 0x5DE6,
    0x53F3, 0x533B, 0x5B97,
    0x5B66, 0x76E3, 0x4F01,
    0x8CC7, 0x5354, 0x591C,
    0x33, 0x36, 0x33,
    0x37, 0x33, 0x38,
    0x33, 0x39, 0x34,
    0x30, 0x34, 0x31,
    0x34, 0x32, 0x34,
    0x33, 0x34, 0x34,
    0x34, 0x35, 0x34,
    0x36, 0x34, 0x37,
    0x34, 0x38, 0x34,
    0x39, 0x35, 0x30,
    0x31, 0x6708, 0x32,
    0x6708, 0x33, 0x6708,
    0x34, 0x6708, 0x35,
    0x6708, 0x36, 0x6708,
    0x37, 0x6708, 0x38,
    0x6708, 0x39, 0x6708,
    0x31, 0x30, 0x6708,
    0x31, 0x31, 0x6708,
    0x31, 0x32, 0x6708,
    0x48, 0x67, 0x65,
    0x72, 0x67, 0x65,
    0x56, 0x4C, 0x54,
    0x44, 0x30A2, 0x30A4,
    0x30A6, 0x30A8, 0x30AA,
    0x30AB, 0x30AD, 0x30AF,
    0x30B1, 0x30B3, 0x30B5,
    0x30B7, 0x30B9, 0x30BB,
    0x30BD, 0x30BF, 0x30C1,
    0x30C4, 0x30C6, 0x30C8,
    0x30CA, 0x30CB, 0x30CC,
    0x30CD, 0x30CE, 0x30CF,
    0x30D2, 0x30D5, 0x30D8,
    0x30DB, 0x30DE, 0x30DF,
    0x30E0, 0x30E1, 0x30E2,
    0x30E4, 0x30E6, 0x30E8,
    0x30E9, 0x30EA, 0x30EB,
    0x30EC, 0x30ED, 0x30EF,
    0x30F0, 0x30F1, 0x30F2,
    0x4EE4, 0x548C, 0x30A2,
    0x30D1, 0x30FC, 0x30C8,
    0x30A2, 0x30EB, 0x30D5,
    0x30A1, 0x30A2, 0x30F3,
    0x30DA, 0x30A2, 0x30A2,
    0x30FC, 0x30EB, 0x30A4,
    0x30CB, 0x30F3, 0x30B0,
    0x30A4, 0x30F3, 0x30C1,
    0x30A6, 0x30A9, 0x30F3,
    0x30A8, 0x30B9, 0x30AF,
    0x30FC, 0x30C9, 0x30A8,
    0x30FC, 0x30AB, 0x30FC,
    0x30AA, 0x30F3, 0x30B9,
    0x30AA, 0x30FC, 0x30E0,
    0x30AB, 0x30A4, 0x30EA,
    0x30AB, 0x30E9, 0x30C3,
    0x30C8, 0x30AB, 0x30ED,
    0x30EA, 0x30FC, 0x30AC,
    0x30ED, 0x30F3, 0x30AC,
    0x30F3, 0x30DE, 0x30AE,
    0x30AC, 0x30AE, 0x30CB,
    0x30FC, 0x30AD, 0x30E5,
    0x30EA, 0x30FC, 0x30AE,
    0x30EB, 0x30C0, 0x30FC,
    0x30AD, 0x30ED, 0x30AD,
    0x30ED, 0x30B0, 0x30E9,
    0x30E0, 0x30AD, 0x30ED,
    0x30E1, 0x30FC, 0x30C8,
    0x30EB, 0x30AD, 0x30ED,
    0x30EF, 0x30C3, 0x30C8,
    0x30B0, 0x30E9, 0x30E0,
    0x30B0, 0x30E9, 0x30E0,
    0x30C8, 0x30F3, 0x30AF,
    0x30EB, 0x30BC, 0x30A4,
    0x30ED, 0x30AF, 0x30ED,
    0x30FC, 0x30CD, 0x30B1,
    0x30FC, 0x30B9, 0x30B3,
    0x30EB, 0x30CA, 0x30B3,
    0x30FC, 0x30DD, 0x30B5,
    0x30A4, 0x30AF, 0x30EB,
    0x30B5, 0x30F3, 0x30C1,
    0x30FC, 0x30E0, 0x30B7,
    0x30EA, 0x30F3, 0x30B0,
    0x30BB, 0x30F3, 0x30C1,
    0x30BB, 0x30F3, 0x30C8,
    0x30C0, 0x30FC, 0x30B9,
    0x30C7, 0x30B7, 0x30C9,
    0x30EB, 0x30C8, 0x30F3,
    0x30CA, 0x30CE, 0x30CE,
    0x30C3, 0x30C8, 0x30CF,
    0x30A4, 0x30C4, 0x30D1,
    0x30FC, 0x30BB, 0x30F3,
    0x30C8, 0x30D1, 0x30FC,
    0x30C4, 0x30D0, 0x30FC,
    0x30EC, 0x30EB, 0x30D4,
    0x30A2, 0x30B9, 0x30C8,
    0x30EB, 0x30D4, 0x30AF,
    0x30EB, 0x30D4, 0x30B3,
    0x30D3, 0x30EB, 0x30D5,
    0x30A1, 0x30E9, 0x30C3,
    0x30C9, 0x30D5, 0x30A3,
    0x30FC, 0x30C8, 0x30D6,
    0x30C3, 0x30B7, 0x30A7,
    0x30EB, 0x30D5, 0x30E9,
    0x30F3, 0x30D8, 0x30AF,
    0x30BF, 0x30FC, 0x30EB,
    0x30DA, 0x30BD, 0x30DA,
    0x30CB, 0x30D2, 0x30D8,
    0x30EB, 0x30C4, 0x30DA,
    0x30F3, 0x30B9, 0x30DA,
    0x30FC, 0x30B8, 0x30D9,
    0x30FC, 0x30BF, 0x30DD,
    0x30A4, 0x30F3, 0x30C8,
    0x30DC, 0x30EB, 0x30C8,
    0x30DB, 0x30F3, 0x30DD,
    0x30F3, 0x30C9, 0x30DB,
    0x30FC, 0x30EB, 0x30DB,
    0x30FC, 0x30F3, 0x30DE,
    0x30A4, 0x30AF, 0x30ED,
    0x30DE, 0x30A4, 0x30EB,
    0x30DE, 0x30C3, 0x30CF,
    0x30DE, 0x30EB, 0x30AF,
    0x30DE, 0x30F3, 0x30B7,
    0x30E7, 0x30F3, 0x30DF,
    0x30AF, 0x30ED, 0x30F3,
    0x30DF, 0x30EA, 0x30DF,
    0x30EA, 0x30D0, 0x30FC,
    0x30EB, 0x30E1, 0x30AC,
    0x30E1, 0x30AC, 0x30C8,
    0x30F3, 0x30E1, 0x30FC,
    0x30C8, 0x30EB, 0x30E4,
    0x30FC, 0x30C9, 0x30E4,
    0x30FC, 0x30EB, 0x30E6,
    0x30A2, 0x30F3, 0x30EA,
    0x30C3, 0x30C8, 0x30EB,
    0x30EA, 0x30E9, 0x30EB,
    0x30D4, 0x30FC, 0x30EB,
    0x30FC, 0x30D6, 0x30EB,
    0x30EC, 0x30E0, 0x30EC,
    0x30F3, 0x30C8, 0x30B2,
    0x30F3, 0x30EF, 0x30C3,
    0x30C8, 0x30, 0x70B9,
    0x31, 0x70B9, 0x32,
    0x70B9, 0x33, 0x70B9,
    0x34, 0x70B9, 0x35,
    0x70B9, 0x36, 0x70B9,
    0x37, 0x70B9, 0x38,
    0x70B9, 0x39, 0x70B9,
    0x31, 0x30, 0x70B9,
    0x31, 0x31, 0x70B9,
    0x31, 0x32, 0x70B9,
    0x31, 0x33, 0x70B9,
    0x31, 0x34, 0x70B9,
    0x31, 0x35, 0x70B9,
    0x31, 0x36, 0x70B9,
    0x31, 0x37, 0x70B9,
    0x31, 0x38, 0x70B9,
    0x31, 0x39, 0x70B9,
    0x32, 0x30, 0x70B9,
    0x32, 0x31, 0x70B9,
    0x32, 0x32, 0x70B9,
    0x32, 0x33, 0x70B9,
    0x32, 0x34, 0x70B9,
    0x68, 0x50, 0x61,
    0x64, 0x61, 0x41,
    0x55, 0x62, 0x61,
    0x72, 0x6F, 0x56,
    0x70, 0x63, 0x64,
    0x6D, 0x64, 0x6D,
    0xB2, 0x64, 0x6D,
    0xB3, 0x49, 0x55,
    0x5E73, 0x6210, 0x662D,
    0x548C, 0x5927, 0x6B63,
    0x660E, 0x6CBB, 0x682A,
    0x5F0F, 0x4F1A, 0x793E,
    0x70, 0x41, 0x6E,
    0x41, 0x3BC, 0x41,
    0x6D, 0x41, 0x6B,
    0x41, 0x4B, 0x42,
    0x4D, 0x42, 0x47,
    0x42, 0x63, 0x61,
    0x6C, 0x6B, 0x63,
    0x61, 0x6C, 0x70,
    0x46, 0x6E, 0x46,
    0x3BC, 0x46, 0x3BC,
    0x67, 0x6D, 0x67,
    0x6B, 0x67, 0x48,
    0x7A, 0x6B, 0x48,
    0x7A, 0x4D, 0x48,
    0x7A, 0x47, 0x48,
    0x7A, 0x54, 0x48,
    0x7A, 0x3BC, 0x2113,
    0x6D, 0x2113, 0x64,
    0x2113, 0x6B, 0x2113,
    0x66, 0x6D, 0x6E,
    0x6D, 0x3BC, 0x6D,
    0x6D, 0x6D, 0x63,
    0x6D, 0x6B, 0x6D,
    0x6D, 0x6D, 0xB2,
    0x63, 0x6D, 0xB2,
    0x6D, 0xB2, 0x6B,
    0x6D, 0xB2, 0x6D,
    0x6D, 0xB3, 0x63,
    0x6D, 0xB3, 0x6D,
    0xB3, 0x6B, 0x6D,
    0xB3, 0x6D, 0x2215,
    0x73, 0x6D, 0x2215,
    0x73, 0xB2, 0x50,
    0x61, 0x6B, 0x50,
    0x61, 0x4D, 0x50,
    0x61, 0x47, 0x50,
    0x61, 0x72, 0x61,
    0x64, 0x72, 0x61,
    0x64, 0x2215, 0x73,
    0x72, 0x61, 0x64,
    0x2215, 0x73, 0xB2,
    0x70, 0x73, 0x6E,
    0x73, 0x3BC, 0x73,
    0x6D, 0x73, 0x70,
    0x56, 0x6E, 0x56,
    0x3BC, 0x56, 0x6D,
    0x56, 0x6B, 0x56,
    0x4D, 0x56, 0x70,
    0x57, 0x6E, 0x57,
    0x3BC, 0x57, 0x6D,
    0x57, 0x6B, 0x57,
    0x4D, 0x57, 0x6B,
    0x3A9, 0x4D, 0x3A9,
    0x61, 0x2E, 0x6D,
    0x2E, 0x42, 0x71,
    0x63, 0x63, 0x63,
    0x64, 0x43, 0x2215,
    0x6B, 0x67, 0x43,
    0x6F, 0x2E, 0x64,
    0x42, 0x47, 0x79,
    0x68, 0x61, 0x48,
    0x50, 0x69, 0x6E,
    0x4B, 0x4B, 0x4B,
    0x4D, 0x6B, 0x74,
    0x6C, 0x6D, 0x6C,
    0x6E, 0x6C, 0x6F,
    0x67, 0x6C, 0x78,
    0x6D, 0x62, 0x6D,
    0x69, 0x6C, 0x6D,
    0x6F, 0x6C, 0x50,
    0x48, 0x70, 0x2E,
    0x6D, 0x2E, 0x50,
    0x50, 0x4D, 0x50,
    0x52, 0x73, 0x72,
    0x53, 0x76, 0x57,
    0x62, 0x56, 0x2215,
    0x6D, 0x41, 0x2215,
    0x6D, 0x31, 0x65E5,
    0x32, 0x65E5, 0x33,
    0x65E5, 0x34, 0x65E5,
    0x35, 0x65E5, 0x36,
    0x65E5, 0x37, 0x65E5,
    0x38, 0x65E5, 0x39,
    0x65E5, 0x31, 0x30,
    0x65E5, 0x31, 0x31,
    0x65E5, 0x31, 0x32,
    0x65E5, 0x31, 0x33,
    0x65E5, 0x31, 0x34,
    0x65E5, 0x31, 0x35,
    0x65E5, 0x31, 0x36,
    0x65E5, 0x31, 0x37,
    0x65E5, 0x31, 0x38,
    0x65E5, 0x31, 0x39,
    0x65E5, 0x32, 0x30,
    0x65E5, 0x32, 0x31,
    0x65E5, 0x32, 0x32,
    0x65E5, 0x32, 0x33,
    0x65E5, 0x32, 0x34,
    0x65E5, 0x32, 0x35,
    0x65E5, 0x32, 0x36,
    0x65E5, 0x32, 0x37,
    0x65E5, 0x32, 0x38,
    0x65E5, 0x32, 0x39,
    0x65E5, 0x33, 0x30,
    0x65E5, 0x33, 0x31,
    0x65E5, 0x67, 0x61,
    0x6C, 0x44A, 0x44C,
    0xA76F, 0x43, 0x46,
    0x51, 0x126, 0x153,
    0xA727, 0xAB37, 0x26B,
    0xAB52, 0x28D, 0x1100,
    0x1161, 0x1100, 0x1161,
    0x11A8, 0x1100, 0x1161,
    0x11A9, 0x1100, 0x1161,
    0x11AA, 0x1100, 0x1161,
    0x11AB, 0x1100, 0x1161,
    0x11AC, 0x1100, 0x1161,
    0x11AD, 0x1100, 0x1161,
    0x11AE, 0x1100, 0x1161,
    0x11AF, 0x1100, 0x1161,
    0x11B0, 0x1100, 0x1161,
    0x11B1, 0x1100, 0x1161,
    0x11B2, 0x1100, 0x1161,
    0x11B3, 0x1100, 0x1161,
    0x11B4, 0x1100, 0x1161,
    0x11B5, 0x1100, 0x1161,
    0x11B6, 0x1100, 0x1161,
    0x11B7, 0x1100, 0x1161,
    0x11B8, 0x1100, 0x1161,
    0x11B9, 0x1100, 0x1161,
    0x11BA, 0x1100, 0x1161,
    0x11BB, 0x1100, 0x1161,
    0x11BC, 0x1100, 0x1161,
    0x11BD, 0x1100, 0x1161,
    0x11BE, 0x1100, 0x1161,
    0x11BF, 0x1100, 0x1161,
    0x11C0, 0x1100, 0x1161,
    0x11C1, 0x1100, 0x1161,
    0x11C2, 0x1100, 0x1162,
    0x1100, 0x1162, 0x11A8,
    0x1100, 0x1162, 0x11A9,
    0x1100, 0x1162, 0x11AA,
    0x1100, 0x1162, 0x11AB,
    0x1100, 0x1162, 0x11AC,
    0x1100, 0x1162, 0x11AD,
    0x1100, 0x1162, 0x11AE,
    0x1100, 0x1162, 0x11AF,
    0x1100, 0x1162, 0x11B0,
    0x1100, 0x1162, 0x11B1,
    0x1100, 0x1162, 0x11B2,
    0x1100, 0x1162, 0x11B3,
    0x1100, 0x1162, 0x11B4,
    0x1100, 0x1162, 0x11B5,
    0x1100, 0x1162, 0x11B6,
    0x1100, 0x1162, 0x11B7,
    0x1100, 0x1162, 0x11B8,
    0x1100, 0x1162, 0x11B9,
    0x1100, 0x1162, 0x11BA,
    0x1100, 0x1162, 0x11BB,
    0x1100, 0x1162, 0x11BC,
    0x1100, 0x1162, 0x11BD,
    0x1100, 0x1162, 0x11BE,
    0x1100, 0x1162, 0x11BF,
    0x1100, 0x1162, 0x11C0,
    0x1100, 0x1162, 0x11C1,
    0x1100, 0x1162, 0x11C2,
    0x1100, 0x1163, 0x1100,
    0x1163, 0x11A8, 0x1100,
    0x1163, 0x11A9, 0x1100,
    0x1163, 0x11AA, 0x1100,
    0x1163, 0x11AB, 0x1100,
    0x1163, 0x11AC, 0x1100,
    0x1163, 0x11AD, 0x1100,
    0x1163, 0x11AE, 0x1100,
    0x1163, 0x11AF, 0x1100,
    0x1163, 0x11B0, 0x1100,
    0x1163, 0x11B1, 0x1100,
    0x1163, 0x11B2, 0x1100,
    0x1163, 0x11B3, 0x1100,
    0x1163, 0x11B4, 0x1100,
    0x1163, 0x11B5, 0x1100,
    0x1163, 0x11B6, 0x1100,
    0x1163, 0x11B7, 0x1100,
    0x1163, 0x11B8, 0x1100,
    0x1163, 0x11B9, 0x1100,
    0x1163, 0x11BA, 0x1100,
    0x1163, 0x11BB, 0x1100,
    0x1163, 0x11BC, 0x1100,
    0x1163, 0x11BD, 0x1100,
    0x1163, 0x11BE, 0x1100,
    0x1163, 0x11BF, 0x1100,
    0x1163, 0x11C0, 0x1100,
    0x1163, 0x11C1, 0x1100,
    0x1163, 0x11C2, 0x1100,
    0x1164, 0x1100, 0x1164,
    0x11A8, 0x1100, 0x1164,
    0x11A9, 0x1100, 0x1164,
    0x11AA, 0x1100, 0x1164,
    0x11AB, 0x1100, 0x1164,
    0x11AC, 0x1100, 0x1164,
    0x11AD, 0x1100, 0x1164,
    0x11AE, 0x1100, 0x1164,
    0x11AF, 0x1100, 0x1164,
    0x11B0, 0x1100, 0x1164,
    0x11B1, 0x1100, 0x1164,
    0x11B2, 0x1100, 0x1164,
    0x11B3, 0x1100, 0x1164,
    0x11B4, 0x1100, 0x1164,
    0x11B5, 0x1100, 0x1164,
    0x11B6, 0x1100, 0x1164,
    0x11B7, 0x1100, 0x1164,
    0x11B8, 0x1100, 0x1164,
    0x11B9, 0x1100, 0x1164,
    0x11BA, 0x1100, 0x1164,
    0x11BB, 0x1100, 0x1164,
    0x11BC, 0x1100, 0x1164,
    0x11BD, 0x1100, 0x1164,
    0x11BE, 0x1100, 0x1164,
    0x11BF, 0x1100, 0x1164,
    0x11C0, 0x1100, 0x1164,
    0x11C1, 0x1100, 0x1164,
    0x11C2, 0x1100, 0x1165,
    0x1100, 0x1165, 0x11A8,
    0x1100, 0x1165, 0x11A9,
    0x1100, 0x1165, 0x11AA,
    0x1100, 0x1165, 0x11AB,
    0x1100, 0x1165, 0x11AC,
    0x1100, 0x1165, 0x11AD,
    0x1100, 0x1165, 0x11AE,
    0x1100, 0x1165, 0x11AF,
    0x1100, 0x1165, 0x11B0,
    0x1100, 0x1165, 0x11B1,
    0x1100, 0x1165, 0x11B2,
    0x1100, 0x1165, 0x11B3,
    0x1100, 0x1165, 0x11B4,
    0x1100, 0x1165, 0x11B5,
    0x1100, 0x1165, 0x11B6,
    0x1100, 0x1165, 0x11B7,
    0x1100, 0x1165, 0x11B8,
    0x1100, 0x1165, 0x11B9,
    0x1100, 0x1165, 0x11BA,
    0x1100, 0x1165, 0x11BB,
    0x1100, 0x1165, 0x11BC,
    0x1100, 0x1165, 0x11BD,
    0x1100, 0x1165, 0x11BE,
    0x1100, 0x1165, 0x11BF,
    0x1100, 0x1165, 0x11C0,
    0x1100, 0x1165, 0x11C1,
    0x1100, 0x1165, 0x11C2,
    0x1100, 0x1166, 0x1100,
    0x1166, 0x11A8, 0x1100,
    0x1166, 0x11A9, 0x1100,
    0x1166, 0x11AA, 0x1100,
    0x1166, 0x11AB, 0x1100,
    0x1166, 0x11AC, 0x1100,
    0x1166, 0x11AD, 0x1100,
    0x1166, 0x11AE, 0x1100,
    0x1166, 0x11AF, 0x1100,
    0x1166, 0x11B0, 0x1100,
    0x1166, 0x11B1, 0x1100,
    0x1166, 0x11B2, 0x1100,
    0x1166, 0x11B3, 0x1100,
    0x1166, 0x11B4, 0x1100,
    0x1166, 0x11B5, 0x1100,
    0x1166, 0x11B6, 0x1100,
    0x1166, 0x11B7, 0x1100,
    0x1166, 0x11B8, 0x1100,
    0x1166, 0x11B9, 0x1100,
    0x1166, 0x11BA, 0x1100,
    0x1166, 0x11BB, 0x1100,
    0x1166, 0x11BC, 0x1100,
    0x1166, 0x11BD, 0x1100,
    0x1166, 0x11BE, 0x1100,
    0x1166, 0x11BF, 0x1100,
    0x1166, 0x11C0, 0x1100,
    0x1166, 0x11C1, 0x1100,
    0x1166, 0x11C2, 0x1100,
    0x1167, 0x1100, 0x1167,
    0x11A8, 0x1100, 0x1167,
    0x11A9, 0x1100, 0x1167,
    0x11AA, 0x1100, 0x1167,
    0x11AB, 0x1100, 0x1167,
    0x11AC, 0x1100, 0x1167,
    0x11AD, 0x1100, 0x1167,
    0x11AE, 0x1100, 0x1167,
    0x11AF, 0x1100, 0x1167,
    0x11B0, 0x1100, 0x1167,
    0x11B1, 0x1100, 0x1167,
    0x11B2, 0x1100, 0x1167,
    0x11B3, 0x1100, 0x1167,
    0x11B4, 0x1100, 0x1167,
    0x11B5, 0x1100, 0x1167,
    0x11B6, 0x1100, 0x1167,
    0x11B7, 0x1100, 0x1167,
    0x11B8, 0x1100, 0x1167,
    0x11B9, 0x1100, 0x1167,
    0x11BA, 0x1100, 0x1167,
    0x11BB, 0x1100, 0x1167,
    0x11BC, 0x1100, 0x1167,
    0x11BD, 0x1100, 0x1167,
    0x11BE, 0x1100, 0x1167,
    0x11BF, 0x1100, 0x1167,
    0x11C0, 0x1100, 0x1167,
    0x11C1, 0x1100, 0x1167,
    0x11C2, 0x1100, 0x1168,
    0x1100, 0x1168, 0x11A8,
    0x1100, 0x1168, 0x11A9,
    0x1100, 0x1168, 0x11AA,
    0x1100, 0x1168, 0x11AB,
    0x1100, 0x1168, 0x11AC,
    0x1100, 0x1168, 0x11AD,
    0x1100, 0x1168, 0x11AE,
    0x1100, 0x1168, 0x11AF,
    0x1100, 0x1168, 0x11B0,
    0x1100, 0x1168, 0x11B1,
    0x1100, 0x1168, 0x11B2,
    0x1100, 0x1168, 0x11B3,
    0x1100, 0x1168, 0x11B4,
    0x1100, 0x1168, 0x11B5,
    0x1100, 0x1168, 0x11B6,
    0x1100, 0x1168, 0x11B7,
    0x1100, 0x1168, 0x11B8,
    0x1100, 0x1168, 0x11B9,
    0x1100, 0x1168, 0x11BA,
    0x1100, 0x1168, 0x11BB,
    0x1100, 0x1168, 0x11BC,
    0x1100, 0x1168, 0x11BD,
    0x1100, 0x1168, 0x11BE,
    0x1100, 0x1168, 0x11BF,
    0x1100, 0x1168, 0x11C0,
    0x1100, 0x1168, 0x11C1,
    0x1100, 0x1168, 0x11C2,
    0x1100, 0x1169, 0x1100,
    0x1169, 0x11A8, 0x1100,
    0x1169, 0x11A9, 0x1100,
    0x1169, 0x11AA, 0x1100,
    0x1169, 0x11AB, 0x1100,
    0x1169, 0x11AC, 0x1100,
    0x1169, 0x11AD, 0x1100,
    0x1169, 0x11AE, 0x1100,
    0x1169, 0x11AF, 0x1100,
    0x1169, 0x11B0, 0x1100,
    0x1169, 0x11B1, 0x1100,
    0x1169, 0x11B2, 0x1100,
    0x1169, 0x11B3, 0x1100,
    0x1169, 0x11B4, 0x1100,
    0x1169, 0x11B5, 0x1100,
    0x1169, 0x11B6, 0x1100,
    0x1169, 0x11B7, 0x1100,
    0x1169, 0x11B8, 0x1100,
    0x1169, 0x11B9, 0x1100,
    0x1169, 0x11BA, 0x1100,
    0x1169, 0x11BB, 0x1100,
    0x1169, 0x11BC, 0x1100,
    0x1169, 0x11BD, 0x1100,
    0x1169, 0x11BE, 0x1100,
    0x1169, 0x11BF, 0x1100,
    0x1169, 0x11C0, 0x1100,
    0x1169, 0x11C1, 0x1100,
    0x1169, 0x11C2, 0x1100,
    0x116A, 0x1100, 0x116A,
    0x11A8, 0x1100, 0x116A,
    0x11A9, 0x1100, 0x116A,
    0x11AA, 0x1100, 0x116A,
    0x11AB, 0x1100, 0x116A,
    0x11AC, 0x1100, 0x116A,
    0x11AD, 0x1100, 0x116A,
    0x11AE, 0x1100, 0x116A,
    0x11AF, 0x1100, 0x116A,
    0x11B0, 0x1100, 0x116A,
    0x11B1, 0x1100, 0x116A,
    0x11B2, 0x1100, 0x116A,
    0x11B3, 0x1100, 0x116A,
    0x11B4, 0x1100, 0x116A,
    0x11B5, 0x1100, 0x116A,
    0x11B6, 0x1100, 0x116A,
    0x11B7, 0x1100, 0x116A,
    0x11B8, 0x1100, 0x116A,
    0x11B9, 0x1100, 0x116A,
    0x11BA, 0x1100, 0x116A,
    0x11BB, 0x1100, 0x116A,
    0x11BC, 0x1100, 0x116A,
    0x11BD, 0x1100, 0x116A,
    0x11BE, 0x1100, 0x116A,
    0x11BF, 0x1100, 0x116A,
    0x11C0, 0x1100, 0x116A,
    0x11C1, 0x1100, 0x116A,
    0x11C2, 0x1100, 0x116B,
    0x1100, 0x116B, 0x11A8,
    0x1100, 0x116B, 0x11A9,
    0x1100, 0x116B, 0x11AA,
    0x1100, 0x116B, 0x11AB,
    0x1100, 0x116B, 0x11AC,
    0x1100, 0x116B, 0x11AD,
    0x1100, 0x116B, 0x11AE,
    0x1100, 0x116B, 0x11AF,
    0x1100, 0x116B, 0x11B0,
    0x1100, 0x116B, 0x11B1,
    0x1100, 0x116B, 0x11B2,
    0x1100, 0x116B, 0x11B3,
    0x1100, 0x116B, 0x11B4,
    0x1100, 0x116B, 0x11B5,
    0x1100, 0x116B, 0x11B6,
    0x1100, 0x116B, 0x11B7,
    0x1100, 0x116B, 0x11B8,
    0x1100, 0x116B, 0x11B9,
    0x1100, 0x116B, 0x11BA,
    0x1100, 0x116B, 0x11BB,
    0x1100, 0x116B, 0x11BC,
    0x1100, 0x116B, 0x11BD,
    0x1100, 0x116B, 0x11BE,
    0x1100, 0x116B, 0x11BF,
    0x1100, 0x116B, 0x11C0,
    0x1100, 0x116B, 0x11C1,
    0x1100, 0x116B, 0x11C2,
    0x1100, 0x116C, 0x1100,
    0x116C, 0x11A8, 0x1100,
    0x116C, 0x11A9, 0x1100,
    0x116C, 0x11AA, 0x1100,
    0x116C, 0x11AB, 0x1100,
    0x116C, 0x11AC, 0x1100,
    0x116C, 0x11AD, 0x1100,
    0x116C, 0x11AE, 0x1100,
    0x116C, 0x11AF, 0x1100,
    0x116C, 0x11B0, 0x1100,
    0x116C, 0x11B1, 0x1100,
    0x116C, 0x11B2, 0x1100,
    0x116C, 0x11B3, 0x1100,
    0x116C, 0x11B4, 0x1100,
    0x116C, 0x11B5, 0x1100,
    0x116C, 0x11B6, 0x1100,
    0x116C, 0x11B7, 0x1100,
    0x116C, 0x11B8, 0x1100,
    0x116C, 0x11B9, 0x1100,
    0x116C, 0x11BA, 0x1100,
    0x116C, 0x11BB, 0x1100,
    0x116C, 0x11BC, 0x1100,
    0x116C, 0x11BD, 0x1100,
    0x116C, 0x11BE, 0x1100,
    0x116C, 0x11BF, 0x1100,
    0x116C, 0x11C0, 0x1100,
    0x116C, 0x11C1, 0x1100,
    0x116C, 0x11C2, 0x1100,
    0x116D, 0x1100, 0x116D,
    0x11A8, 0x1100, 0x116D,
    0x11A9, 0x1100, 0x116D,
    0x11AA, 0x1100, 0x116D,
    0x11AB, 0x1100, 0x116D,
    0x11AC, 0x1100, 0x116D,
    0x11AD, 0x1100, 0x116D,
    0x11AE, 0x1100, 0x116D,
    0x11AF, 0x1100, 0x116D,
    0x11B0, 0x1100, 0x116D,
    0x11B1, 0x1100, 0x116D,
    0x11B2, 0x1100, 0x116D,
    0x11B3, 0x1100, 0x116D,
    0x11B4, 0x1100, 0x116D,
    0x11B5, 0x1100, 0x116D,
    0x11B6, 0x1100, 0x116D,
    0x11B7, 0x1100, 0x116D,
    0x11B8, 0x1100, 0x116D,
    0x11B9, 0x1100, 0x116D,
    0x11BA, 0x1100, 0x116D,
    0x11BB, 0x1100, 0x116D,
    0x11BC, 0x1100, 0x116D,
    0x11BD, 0x1100, 0x116D,
    0x11BE, 0x1100, 0x116D,
    0x11BF, 0x1100, 0x116D,
    0x11C0, 0x1100, 0x116D,
    0x11C1, 0x1100, 0x116D,
    0x11C2, 0x1100, 0x116E,
    0x1100, 0x116E, 0x11A8,
    0x1100, 0x116E, 0x11A9,
    0x1100, 0x116E, 0x11AA,
    0x1100, 0x116E, 0x11AB,
    0x1100, 0x116E, 0x11AC,
    0x1100, 0x116E, 0x11AD,
    0x1100, 0x116E, 0x11AE,
    0x1100, 0x116E, 0x11AF,
    0x1100, 0x116E, 0x11B0,
    0x1100, 0x116E, 0x11B1,
    0x1100, 0x116E, 0x11B2,
    0x1100, 0x116E, 0x11B3,
    0x1100, 0x116E, 0x11B4,
    0x1100, 0x116E, 0x11B5,
    0x1100, 0x116E, 0x11B6,
    0x1100, 0x116E, 0x11B7,
    0x1100, 0x116E, 0x11B8,
    0x1100, 0x116E, 0x11B9,
    0x1100, 0x116E, 0x11BA,
    0x1100, 0x116E, 0x11BB,
    0x1100, 0x116E, 0x11BC,
    0x1100, 0x116E, 0x11BD,
    0x1100, 0x116E, 0x11BE,
    0x1100, 0x116E, 0x11BF,
    0x1100, 0x116E, 0x11C0,
    0x1100, 0x116E, 0x11C1,
    0x1100, 0x116E, 0x11C2,
    0x1100, 0x116F, 0x1100,
    0x116F, 0x11A8, 0x1100,
    0x116F, 0x11A9, 0x1100,
    0x116F, 0x11AA, 0x1100,
    0x116F, 0x11AB, 0x1100,
    0x116F, 0x11AC, 0x1100,
    0x116F, 0x11AD, 0x1100,
    0x116F, 0x11AE, 0x1100,
    0x116F, 0x11AF, 0x1100,
    0x116F, 0x11B0, 0x1100,
    0x116F, 0x11B1, 0x1100,
    0x116F, 0x11B2, 0x1100,
    0x116F, 0x11B3, 0x1100,
    0x116F, 0x11B4, 0x1100,
    0x116F, 0x11B5, 0x1100,
    0x116F, 0x11B6, 0x1100,
    0x116F, 0x11B7, 0x1100,
    0x116F, 0x11B8, 0x1100,
    0x116F, 0x11B9, 0x1100,
    0x116F, 0x11BA, 0x1100,
    0x116F, 0x11BB, 0x1100,
    0x116F, 0x11BC, 0x1100,
    0x116F, 0x11BD, 0x1100,
    0x116F, 0x11BE, 0x1100,
    0x116F, 0x11BF, 0x1100,
    0x116F, 0x11C0, 0x1100,
    0x116F, 0x11C1, 0x1100,
    0x116F, 0x11C2, 0x1100,
    0x1170, 0x1100, 0x1170,
    0x11A8, 0x1100, 0x1170,
    0x11A9, 0x1100, 0x1170,
    0x11AA, 0x1100, 0x1170,
    0x11AB, 0x1100, 0x1170,
    0x11AC, 0x1100, 0x1170,
    0x11AD, 0x1100, 0x1170,
    0x11AE, 0x1100, 0x1170,
    0x11AF, 0x1100, 0x1170,
    0x11B0, 0x1100, 0x1170,
    0x11B1, 0x1100, 0x1170,
    0x11B2, 0x1100, 0x1170,
    0x11B3, 0x1100, 0x1170,
    0x11B4, 0x1100, 0x1170,
    0x11B5, 0x1100, 0x1170,
    0x11B6, 0x1100, 0x1170,
    0x11B7, 0x1100, 0x1170,
    0x11B8, 0x1100, 0x1170,
    0x11B9, 0x1100, 0x1170,
    0x11BA, 0x1100, 0x1170,
    0x11BB, 0x1100, 0x1170,
    0x11BC, 0x1100, 0x1170,
    0x11BD, 0x1100, 0x1170,
    0x11BE, 0x1100, 0x1170,
    0x11BF, 0x1100, 0x1170,
    0x11C0, 0x1100, 0x1170,
    0x11C1, 0x1100, 0x1170,
    0x11C2, 0x1100, 0x1171,
    0x1100, 0x1171, 0x11A8,
    0x1100, 0x1171, 0x11A9,
    0x1100, 0x1171, 0x11AA,
    0x1100, 0x1171, 0x11AB,
    0x1100, 0x1171, 0x11AC,
    0x1100, 0x1171, 0x11AD,
    0x1100, 0x1171, 0x11AE,
    0x1100, 0x1171, 0x11AF,
    0x1100, 0x1171, 0x11B0,
    0x1100, 0x1171, 0x11B1,
    0x1100, 0x1171, 0x11B2,
    0x1100, 0x1171, 0x11B3,
    0x1100, 0x1171, 0x11B4,
    0x1100, 0x1171, 0x11B5,
    0x1100, 0x1171, 0x11B6,
    0x1100, 0x1171, 0x11B7,
    0x1100, 0x1171, 0x11B8,
    0x1100, 0x1171, 0x11B9,
    0x1100, 0x1171, 0x11BA,
    0x1100, 0x1171, 0x11BB,
    0x1100, 0x1171, 0x11BC,
    0x1100, 0x1171, 0x11BD,
    0x1100, 0x1171, 0x11BE,
    0x1100, 0x1171, 0x11BF,
    0x1100, 0x1171, 0x11C0,
    0x1100, 0x1171, 0x11C1,
    0x1100, 0x1171, 0x11C2,
    0x1100, 0x1172, 0x1100,
    0x1172, 0x11A8, 0x1100,
    0x1172, 0x11A9, 0x1100,
    0x1172, 0x11AA, 0x1100,
    0x1172, 0x11AB, 0x1100,
    0x1172, 0x11AC, 0x1100,
    0x1172, 0x11AD, 0x1100,
    0x1172, 0x11AE, 0x1100,
    0x1172, 0x11AF, 0x1100,
    0x1172, 0x11B0, 0x1100,
    0x1172, 0x11B1, 0x1100,
    0x1172, 0x11B2, 0x1100,
    0x1172, 0x11B3, 0x1100,
    0x1172, 0x11B4, 0x1100,
    0x1172, 0x11B5, 0x1100,
    0x1172, 0x11B6, 0x1100,
    0x1172, 0x11B7, 0x1100,
    0x1172, 0x11B8, 0x1100,
    0x1172, 0x11B9, 0x1100,
    0x1172, 0x11BA, 0x1100,
    0x1172, 0x11BB, 0x1100,
    0x1172, 0x11BC, 0x1100,
    0x1172, 0x11BD, 0x1100,
    0x1172, 0x11BE, 0x1100,
    0x1172, 0x11BF, 0x1100,
    0x1172, 0x11C0, 0x1100,
    0x1172, 0x11C1, 0x1100,
    0x1172, 0x11C2, 0x1100,
    0x1173, 0x1100, 0x1173,
    0x11A8, 0x1100, 0x1173,
    0x11A9, 0x1100, 0x1173,
    0x11AA, 0x1100, 0x1173,
    0x11AB, 0x1100, 0x1173,
    0x11AC, 0x1100, 0x1173,
    0x11AD, 0x1100, 0x1173,
    0x11AE, 0x1100, 0x1173,
    0x11AF, 0x1100, 0x1173,
    0x11B0, 0x1100, 0x1173,
    0x11B1, 0x1100, 0x1173,
    0x11B2, 0x1100, 0x1173,
    0x11B3, 0x1100, 0x1173,
    0x11B4, 0x1100, 0x1173,
    0x11B5, 0x1100, 0x1173,
    0x11B6, 0x1100, 0x1173,
    0x11B7, 0x1100, 0x1173,
    0x11B8, 0x1100, 0x1173,
    0x11B9, 0x1100, 0x1173,
    0x11BA, 0x1100, 0x1173,
    0x11BB, 0x1100, 0x1173,
    0x11BC, 0x1100, 0x1173,
    0x11BD, 0x1100, 0x1173,
    0x11BE, 0x1100, 0x1173,
    0x11BF, 0x1100, 0x1173,
    0x11C0, 0x1100, 0x1173,
    0x11C1, 0x1100, 0x1173,
    0x11C2, 0x1100, 0x1174,
    0x1100, 0x1174, 0x11A8,
    0x1100, 0x1174, 0x11A9,
    0x1100, 0x1174, 0x11AA,
    0x1100, 0x1174, 0x11AB,
    0x1100, 0x1174, 0x11AC,
    0x1100, 0x1174, 0x11AD,
    0x1100, 0x1174, 0x11AE,
    0x1100, 0x1174, 0x11AF,
    0x1100, 0x1174, 0x11B0,
    0x1100, 0x1174, 0x11B1,
    0x1100, 0x1174, 0x11B2,
    0x1100, 0x1174, 0x11B3,
    0x1100, 0x1174, 0x11B4,
    0x1100, 0x1174, 0x11B5,
    0x1100, 0x1174, 0x11B6,
    0x1100, 0x1174, 0x11B7,
    0x1100, 0x1174, 0x11B8,
    0x1100, 0x1174, 0x11B9,
    0x1100, 0x1174, 0x11BA,
    0x1100, 0x1174, 0x11BB,
    0x1100, 0x1174, 0x11BC,
    0x1100, 0x1174, 0x11BD,
    0x1100, 0x1174, 0x11BE,
    0x1100, 0x1174, 0x11BF,
    0x1100, 0x1174, 0x11C0,
    0x1100, 0x1174, 0x11C1,
    0x1100, 0x1174, 0x11C2,
    0x1100, 0x1175, 0x1100,
    0x1175, 0x11A8, 0x1100,
    0x1175, 0x11A9, 0x1100,
    0x1175, 0x11AA, 0x1100,
    0x1175, 0x11AB, 0x1100,
    0x1175, 0x11AC, 0x1100,
    0x1175, 0x11AD, 0x1100,
    0x1175, 0x11AE, 0x1100,
    0x1175, 0x11AF, 0x1100,
    0x1175, 0x11B0, 0x1100,
    0x1175, 0x11B1, 0x1100,
    0x1175, 0x11B2, 0x1100,
    0x1175, 0x11B3, 0x1100,
    0x1175, 0x11B4, 0x1100,
    0x1175, 0x11B5, 0x1100,
    0x1175, 0x11B6, 0x1100,
    0x1175, 0x11B7, 0x1100,
    0x1175, 0x11B8, 0x1100,
    0x1175, 0x11B9, 0x1100,
    0x1175, 0x11BA, 0x1100,
    0x1175, 0x11BB, 0x1100,
    0x1175, 0x11BC, 0x1100,
    0x1175, 0x11BD, 0x1100,
    0x1175, 0x11BE, 0x1100,
    0x1175, 0x11BF, 0x1100,
    0x1175, 0x11C0, 0x1100,
    0x1175, 0x11C1, 0x1100,
    0x1175, 0x11C2, 0x1101,
    0x1161, 0x1101, 0x1161,
    0x11A8, 0x1101, 0x1161,
    0x11A9, 0x1101, 0x1161,
    0x11AA, 0x1101, 0x1161,
    0x11AB, 0x1101, 0x1161,
    0x11AC, 0x1101, 0x1161,
    0x11AD, 0x1101, 0x1161,
    0x11AE, 0x1101, 0x1161,
    0x11AF, 0x1101, 0x1161,
    0x11B0, 0x1101, 0x1161,
    0x11B1, 0x1101, 0x1161,
    0x11B2, 0x1101, 0x1161,
    0x11B3, 0x1101, 0x1161,
    0x11B4, 0x1101, 0x1161,
    0x11B5, 0x1101, 0x1161,
    0x11B6, 0x1101, 0x1161,
    0x11B7, 0x1101, 0x1161,
    0x11B8, 0x1101, 0x1161,
    0x11B9, 0x1101, 0x1161,
    0x11BA, 0x1101, 0x1161,
    0x11BB, 0x1101, 0x1161,
    0x11BC, 0x1101, 0x1161,
    0x11BD, 0x1101, 0x1161,
    0x11BE, 0x1101, 0x1161,
    0x11BF, 0x1101, 0x1161,
    0x11C0, 0x1101, 0x1161,
    0x11C1, 0x1101, 0x1161,
    0x11C2, 0x1101, 0x1162,
    0x1101, 0x1162, 0x11A8,
    0x1101, 0x1162, 0x11A9,
    0x1101, 0x1162, 0x11AA,
    0x1101, 0x1162, 0x11AB,
    0x1101, 0x1162, 0x11AC,
    0x1101, 0x1162, 0x11AD,
    0x1101, 0x1162, 0x11AE,
    0x1101, 0x1162, 0x11AF,
    0x1101, 0x1162, 0x11B0,
    0x1101, 0x1162, 0x11B1,
    0x1101, 0x1162, 0x11B2,
    0x1101, 0x1162, 0x11B3,
    0x1101, 0x1162, 0x11B4,
    0x1101, 0x1162, 0x11B5,
    0x1101, 0x1162, 0x11B6,
    0x1101, 0x1162, 0x11B7,
    0x1101, 0x1162, 0x11B8,
    0x1101, 0x1162, 0x11B9,
    0x1101, 0x1162, 0x11BA,
    0x1101, 0x1162, 0x11BB,
    0x1101, 0x1162, 0x11BC,
    0x1101, 0x1162, 0x11BD,
    0x1101, 0x1162, 0x11BE,
    0x1101, 0x1162, 0x11BF,
    0x1101, 0x1162, 0x11C0,
    0x1101, 0x1162, 0x11C1,
    0x1101, 0x1162, 0x11C2,
    0x1101, 0x1163, 0x1101,
    0x1163, 0x11A8, 0x1101,
    0x1163, 0x11A9, 0x1101,
    0x1163, 0x11AA, 0x1101,
    0x1163, 0x11AB, 0x1101,
    0x1163, 0x11AC, 0x1101,
    0x1163, 0x11AD, 0x1101,
    0x1163, 0x11AE, 0x1101,
    0x1163, 0x11AF, 0x1101,
    0x1163, 0x11B0, 0x1101,
    0x1163, 0x11B1, 0x1101,
    0x1163, 0x11B2, 0x1101,
    0x1163, 0x11B3, 0x1101,
    0x1163, 0x11B4, 0x1101,
    0x1163, 0x11B5, 0x1101,
    0x1163, 0x11B6, 0x1101,
    0x1163, 0x11B7, 0x1101,
    0x1163, 0x11B8, 0x1101,
    0x1163, 0x11B9, 0x1101,
    0x1163, 0x11BA, 0x1101,
    0x1163, 0x11BB, 0x1101,
    0x1163, 0x11BC, 0x1101,
    0x1163, 0x11BD, 0x1101,
    0x1163, 0x11BE, 0x1101,
    0x1163, 0x11BF, 0x1101,
    0x1163, 0x11C0, 0x1101,
    0x1163, 0x11C1, 0x1101,
    0x1163, 0x11C2, 0x1101,
    0x1164, 0x1101, 0x1164,
    0x11A8, 0x1101, 0x1164,
    0x11A9, 0x1101, 0x1164,
    0x11AA, 0x1101, 0x1164,
    0x11AB, 0x1101, 0x1164,
    0x11AC, 0x1101, 0x1164,
    0x11AD, 0x1101, 0x1164,
    0x11AE, 0x1101, 0x1164,
    0x11AF, 0x1101, 0x1164,
    0x11B0, 0x1101, 0x1164,
    0x11B1, 0x1101, 0x1164,
    0x11B2, 0x1101, 0x1164,
    0x11B3, 0x1101, 0x1164,
    0x11B4, 0x1101, 0x1164,
    0x11B5, 0x1101, 0x1164,
    0x11B6, 0x1101, 0x1164,
    0x11B7, 0x1101, 0x1164,
    0x11B8, 0x1101, 0x1164,
    0x11B9, 0x1101, 0x1164,
    0x11BA, 0x1101, 0x1164,
    0x11BB, 0x1101, 0x1164,
    0x11BC, 0x1101, 0x1164,
    0x11BD, 0x1101, 0x1164,
    0x11BE, 0x1101, 0x1164,
    0x11BF, 0x1101, 0x1164,
    0x11C0, 0x1101, 0x1164,
    0x11C1, 0x1101, 0x1164,
    0x11C2, 0x1101, 0x1165,
    0x1101, 0x1165, 0x11A8,
    0x1101, 0x1165, 0x11A9,
    0x1101, 0x1165, 0x11AA,
    0x1101, 0x1165, 0x11AB,
    0x1101, 0x1165, 0x11AC,
    0x1101, 0x1165, 0x11AD,
    0x1101, 0x1165, 0x11AE,
    0x1101, 0x1165, 0x11AF,
    0x1101, 0x1165, 0x11B0,
    0x1101, 0x1165, 0x11B1,
    0x1101, 0x1165, 0x11B2,
    0x1101, 0x1165, 0x11B3,
    0x1101, 0x1165, 0x11B4,
    0x1101, 0x1165, 0x11B5,
    0x1101, 0x1165, 0x11B6,
    0x1101, 0x1165, 0x11B7,
    0x1101, 0x1165, 0x11B8,
    0x1101, 0x1165, 0x11B9,
    0x1101, 0x1165, 0x11BA,
    0x1101, 0x1165, 0x11BB,
    0x1101, 0x1165, 0x11BC,
    0x1101, 0x1165, 0x11BD,
    0x1101, 0x1165, 0x11BE,
    0x1101, 0x1165, 0x11BF,
    0x1101, 0x1165, 0x11C0,
    0x1101, 0x1165, 0x11C1,
    0x1101, 0x1165, 0x11C2,
    0x1101, 0x1166, 0x1101,
    0x1166, 0x11A8, 0x1101,
    0x1166, 0x11A9, 0x1101,
    0x1166, 0x11AA, 0x1101,
    0x1166, 0x11AB, 0x1101,
    0x1166, 0x11AC, 0x1101,
    0x1166, 0x11AD, 0x1101,
    0x1166, 0x11AE, 0x1101,
    0x1166, 0x11AF, 0x1101,
    0x1166, 0x11B0, 0x1101,
    0x1166, 0x11B1, 0x1101,
    0x1166, 0x11B2, 0x1101,
    0x1166, 0x11B3, 0x1101,
    0x1166, 0x11B4, 0x1101,
    0x1166, 0x11B5, 0x1101,
    0x1166, 0x11B6, 0x1101,
    0x1166, 0x11B7, 0x1101,
    0x1166, 0x11B8, 0x1101,
    0x1166, 0x11B9, 0x1101,
    0x1166, 0x11BA, 0x1101,
    0x1166, 0x11BB, 0x1101,
    0x1166, 0x11BC, 0x1101,
    0x1166, 0x11BD, 0x1101,
    0x1166, 0x11BE, 0x1101,
    0x1166, 0x11BF, 0x1101,
    0x1166, 0x11C0, 0x1101,
    0x1166, 0x11C1, 0x1101,
    0x1166, 0x11C2, 0x1101,
    0x1167, 0x1101, 0x1167,
    0x11A8, 0x1101, 0x1167,
    0x11A9, 0x1101, 0x1167,
    0x11AA, 0x1101, 0x1167,
    0x11AB, 0x1101, 0x1167,
    0x11AC, 0x1101, 0x1167,
    0x11AD, 0x1101, 0x1167,
    0x11AE, 0x1101, 0x1167,
    0x11AF, 0x1101, 0x1167,
    0x11B0, 0x1101, 0x1167,
    0x11B1, 0x1101, 0x1167,
    0x11B2, 0x1101, 0x1167,
    0x11B3, 0x1101, 0x1167,
    0x11B4, 0x1101, 0x1167,
    0x11B5, 0x1101, 0x1167,
    0x11B6, 0x1101, 0x1167,
    0x11B7, 0x1101, 0x1167,
    0x11B8, 0x1101, 0x1167,
    0x11B9, 0x1101, 0x1167,
    0x11BA, 0x1101, 0x1167,
    0x11BB, 0x1101, 0x1167,
    0x11BC, 0x1101, 0x1167,
    0x11BD, 0x1101, 0x1167,
    0x11BE, 0x1101, 0x1167,
    0x11BF, 0x1101, 0x1167,
    0x11C0, 0x1101, 0x1167,
    0x11C1, 0x1101, 0x1167,
    0x11C2, 0x1101, 0x1168,
    0x1101, 0x1168, 0x11A8,
    0x1101, 0x1168, 0x11A9,
    0x1101, 0x1168, 0x11AA,
    0x1101, 0x1168, 0x11AB,
    0x1101, 0x1168, 0x11AC,
    0x1101, 0x1168, 0x11AD,
    0x1101, 0x1168, 0x11AE,
    0x1101, 0x1168, 0x11AF,
    0x1101, 0x1168, 0x11B0,
    0x1101, 0x1168, 0x11B1,
    0x1101, 0x1168, 0x11B2,
    0x1101, 0x1168, 0x11B3,
    0x1101, 0x1168, 0x11B4,
    0x1101, 0x1168, 0x11B5,
    0x1101, 0x1168, 0x11B6,
    0x1101, 0x1168, 0x11B7,
    0x1101, 0x1168, 0x11B8,
    0x1101, 0x1168, 0x11B9,
    0x1101, 0x1168, 0x11BA,
    0x1101, 0x1168, 0x11BB,
    0x1101, 0x1168, 0x11BC,
    0x1101, 0x1168, 0x11BD,
    0x1101, 0x1168, 0x11BE,
    0x1101, 0x1168, 0x11BF,
    0x1101, 0x1168, 0x11C0,
    0x1101, 0x1168, 0x11C1,
    0x1101, 0x1168, 0x11C2,
    0x1101, 0x1169, 0x1101,
    0x1169, 0x11A8, 0x1101,
    0x1169, 0x11A9, 0x1101,
    0x1169, 0x11AA, 0x1101,
    0x1169, 0x11AB, 0x1101,
    0x1169, 0x11AC, 0x1101,
    0x1169, 0x11AD, 0x1101,
    0x1169, 0x11AE, 0x1101,
    0x1169, 0x11AF, 0x1101,
    0x1169, 0x11B0, 0x1101,
    0x1169, 0x11B1, 0x1101,
    0x1169, 0x11B2, 0x1101,
    0x1169, 0x11B3, 0x1101,
    0x1169, 0x11B4, 0x1101,
    0x1169, 0x11B5, 0x1101,
    0x1169, 0x11B6, 0x1101,
    0x1169, 0x11B7, 0x1101,
    0x1169, 0x11B8, 0x1101,
    0x1169, 0x11B9, 0x1101,
    0x1169, 0x11BA, 0x1101,
    0x1169, 0x11BB, 0x1101,
    0x1169, 0x11BC, 0x1101,
    0x1169, 0x11BD, 0x1101,
    0x1169, 0x11BE, 0x1101,
    0x1169, 0x11BF, 0x1101,
    0x1169, 0x11C0, 0x1101,
    0x1169, 0x11C1, 0x1101,
    0x1169, 0x11C2, 0x1101,
    0x116A, 0x1101, 0x116A,
    0x11A8, 0x1101, 0x116A,
    0x11A9, 0x1101, 0x116A,
    0x11AA, 0x1101, 0x116A,
    0x11AB, 0x1101, 0x116A,
    0x11AC, 0x1101, 0x116A,
    0x11AD, 0x1101, 0x116A,
    0x11AE, 0x1101, 0x116A,
    0x11AF, 0x1101, 0x116A,
    0x11B0, 0x1101, 0x116A,
    0x11B1, 0x1101, 0x116A,
    0x11B2, 0x1101, 0x116A,
    0x11B3, 0x1101, 0x116A,
    0x11B4, 0x1101, 0x116A,
    0x11B5, 0x1101, 0x116A,
    0x11B6, 0x1101, 0x116A,
    0x11B7, 0x1101, 0x116A,
    0x11B8, 0x1101, 0x116A,
    0x11B9, 0x1101, 0x116A,
    0x11BA, 0x1101, 0x116A,
    0x11BB, 0x1101, 0x116A,
    0x11BC, 0x1101, 0x116A,
    0x11BD, 0x1101, 0x116A,
    0x11BE, 0x1101, 0x116A,
    0x11BF, 0x1101, 0x116A,
    0x11C0, 0x1101, 0x116A,
    0x11C1, 0x1101, 0x116A,
    0x11C2, 0x1101, 0x116B,
    0x1101, 0x116B, 0x11A8,
    0x1101, 0x116B, 0x11A9,
    0x1101, 0x116B, 0x11AA,
    0x1101, 0x116B, 0x11AB,
    0x1101, 0x116B, 0x11AC,
    0x1101, 0x116B, 0x11AD,
    0x1101, 0x116B, 0x11AE,
    0x1101, 0x116B, 0x11AF,
    0x1101, 0x116B, 0x11B0,
    0x1101, 0x116B, 0x11B1,
    0x1101, 0x116B, 0x11B2,
    0x1101, 0x116B, 0x11B3,
    0x1101, 0x116B, 0x11B4,
    0x1101, 0x116B, 0x11B5,
    0x1101, 0x116B, 0x11B6,
    0x1101, 0x116B, 0x11B7,
    0x1101, 0x116B, 0x11B8,
    0x1101, 0x116B, 0x11B9,
    0x1101, 0x116B, 0x11BA,
    0x1101, 0x116B, 0x11BB,
    0x1101, 0x116B, 0x11BC,
    0x1101, 0x116B, 0x11BD,
    0x1101, 0x116B, 0x11BE,
    0x1101, 0x116B, 0x11BF,
    0x1101, 0x116B, 0x11C0,
    0x1101, 0x116B, 0x11C1,
    0x1101, 0x116B, 0x11C2,
    0x1101, 0x116C, 0x1101,
    0x116C, 0x11A8, 0x1101,
    0x116C, 0x11A9, 0x1101,
    0x116C, 0x11AA, 0x1101,
    0x116C, 0x11AB, 0x1101,
    0x116C, 0x11AC, 0x1101,
    0x116C, 0x11AD, 0x1101,
    0x116C, 0x11AE, 0x1101,
    0x116C, 0x11AF, 0x1101,
    0x116C, 0x11B0, 0x1101,
    0x116C, 0x11B1, 0x1101,
    0x116C, 0x11B2, 0x1101,
    0x116C, 0x11B3, 0x1101,
    0x116C, 0x11B4, 0x1101,
    0x116C, 0x11B5, 0x1101,
    0x116C, 0x11B6, 0x1101,
    0x116C, 0x11B7, 0x1101,
    0x116C, 0x11B8, 0x1101,
    0x116C, 0x11B9, 0x1101,
    0x116C, 0x11BA, 0x1101,
    0x116C, 0x11BB, 0x1101,
    0x116C, 0x11BC, 0x1101,
    0x116C, 0x11BD, 0x1101,
    0x116C, 0x11BE, 0x1101,
    0x116C, 0x11BF, 0x1101,
    0x116C, 0x11C0, 0x1101,
    0x116C, 0x11C1, 0x1101,
    0x116C, 0x11C2, 0x1101,
    0x116D, 0x1101, 0x116D,
    0x11A8, 0x1101, 0x116D,
    0x11A9, 0x1101, 0x116D,
    0x11AA, 0x1101, 0x116D,
    0x11AB, 0x1101, 0x116D,
    0x11AC, 0x1101, 0x116D,
    0x11AD, 0x1101, 0x116D,
    0x11AE, 0x1101, 0x116D,
    0x11AF, 0x1101, 0x116D,
    0x11B0, 0x1101, 0x116D,
    0x11B1, 0x1101, 0x116D,
    0x11B2, 0x1101, 0x116D,
    0x11B3, 0x1101, 0x116D,
    0x11B4, 0x1101, 0x116D,
    0x11B5, 0x1101, 0x116D,
    0x11B6, 0x1101, 0x116D,
    0x11B7, 0x1101, 0x116D,
    0x11B8, 0x1101, 0x116D,
    0x11B9, 0x1101, 0x116D,
    0x11BA, 0x1101, 0x116D,
    0x11BB, 0x1101, 0x116D,
    0x11BC, 0x1101, 0x116D,
    0x11BD, 0x1101, 0x116D,
    0x11BE, 0x1101, 0x116D,
    0x11BF, 0x1101, 0x116D,
    0x11C0, 0x1101, 0x116D,
    0x11C1, 0x1101, 0x116D,
    0x11C2, 0x1101, 0x116E,
    0x1101, 0x116E, 0x11A8,
    0x1101, 0x116E, 0x11A9,
    0x1101, 0x116E, 0x11AA,
    0x1101, 0x116E, 0x11AB,
    0x1101, 0x116E, 0x11AC,
    0x1101, 0x116E, 0x11AD,
    0x1101, 0x116E, 0x11AE,
    0x1101, 0x116E, 0x11AF,
    0x1101, 0x116E, 0x11B0,
    0x1101, 0x116E, 0x11B1,
    0x1101, 0x116E, 0x11B2,
    0x1101, 0x116E, 0x11B3,
    0x1101, 0x116E, 0x11B4,
    0x1101, 0x116E, 0x11B5,
    0x1101, 0x116E, 0x11B6,
    0x1101, 0x116E, 0x11B7,
    0x1101, 0x116E, 0x11B8,
    0x1101, 0x116E, 0x11B9,
    0x1101, 0x116E, 0x11BA,
    0x1101, 0x116E, 0x11BB,
    0x1101, 0x116E, 0x11BC,
    0x1101, 0x116E, 0x11BD,
    0x1101, 0x116E, 0x11BE,
    0x1101, 0x116E, 0x11BF,
    0x1101, 0x116E, 0x11C0,
    0x1101, 0x116E, 0x11C1,
    0x1101, 0x116E, 0x11C2,
    0x1101, 0x116F, 0x1101,
    0x116F, 0x11A8, 0x1101,
    0x116F, 0x11A9, 0x1101,
    0x116F, 0x11AA, 0x1101,
    0x116F, 0x11AB, 0x1101,
    0x116F, 0x11AC, 0x1101,
    0x116F, 0x11AD, 0x1101,
    0x116F, 0x11AE, 0x1101,
    0x116F, 0x11AF, 0x1101,
    0x116F, 0x11B0, 0x1101,
    0x116F, 0x11B1, 0x1101,
    0x116F, 0x11B2, 0x1101,
    0x116F, 0x11B3, 0x1101,
    0x116F, 0x11B4, 0x1101,
    0x116F, 0x11B5, 0x1101,
    0x116F, 0x11B6, 0x1101,
    0x116F, 0x11B7, 0x1101,
    0x116F, 0x11B8, 0x1101,
    0x116F, 0x11B9, 0x1101,
    0x116F, 0x11BA, 0x1101,
    0x116F, 0x11BB, 0x1101,
    0x116F, 0x11BC, 0x1101,
    0x116F, 0x11BD, 0x1101,
    0x116F, 0x11BE, 0x1101,
    0x116F, 0x11BF, 0x1101,
    0x116F, 0x11C0, 0x1101,
    0x116F, 0x11C1, 0x1101,
    0x116F, 0x11C2, 0x1101,
    0x1170, 0x1101, 0x1170,
    0x11A8, 0x1101, 0x1170,
    0x11A9, 0x1101, 0x1170,
    0x11AA, 0x1101, 0x1170,
    0x11AB, 0x1101, 0x1170,
    0x11AC, 0x1101, 0x1170,
    0x11AD, 0x1101, 0x1170,
    0x11AE, 0x1101, 0x1170,
    0x11AF, 0x1101, 0x1170,
    0x11B0, 0x1101, 0x1170,
    0x11B1, 0x1101, 0x1170,
    0x11B2, 0x1101, 0x1170,
    0x11B3, 0x1101, 0x1170,
    0x11B4, 0x1101, 0x1170,
    0x11B5, 0x1101, 0x1170,
    0x11B6, 0x1101, 0x1170,
    0x11B7, 0x1101, 0x1170,
    0x11B8, 0x1101, 0x1170,
    0x11B9, 0x1101, 0x1170,
    0x11BA, 0x1101, 0x1170,
    0x11BB, 0x1101, 0x1170,
    0x11BC, 0x1101, 0x1170,
    0x11BD, 0x1101, 0x1170,
    0x11BE, 0x1101, 0x1170,
    0x11BF, 0x1101, 0x1170,
    0x11C0, 0x1101, 0x1170,
    0x11C1, 0x1101, 0x1170,
    0x11C2, 0x1101, 0x1171,
    0x1101, 0x1171, 0x11A8,
    0x1101, 0x1171, 0x11A9,
    0x1101, 0x1171, 0x11AA,
    0x1101, 0x1171, 0x11AB,
    0x1101, 0x1171, 0x11AC,
    0x1101, 0x1171, 0x11AD,
    0x1101, 0x1171, 0x11AE,
    0x1101, 0x1171, 0x11AF,
    0x1101, 0x1171, 0x11B0,
    0x1101, 0x1171, 0x11B1,
    0x1101, 0x1171, 0x11B2,
    0x1101, 0x1171, 0x11B3,
    0x1101, 0x1171, 0x11B4,
    0x1101, 0x1171, 0x11B5,
    0x1101, 0x1171, 0x11B6,
    0x1101, 0x1171, 0x11B7,
    0x1101, 0x1171, 0x11B8,
    0x1101, 0x1171, 0x11B9,
    0x1101, 0x1171, 0x11BA,
    0x1101, 0x1171, 0x11BB,
    0x1101, 0x1171, 0x11BC,
    0x1101, 0x1171, 0x11BD,
    0x1101, 0x1171, 0x11BE,
    0x1101, 0x1171, 0x11BF,
    0x1101, 0x1171, 0x11C0,
    0x1101, 0x1171, 0x11C1,
    0x1101, 0x1171, 0x11C2,
    0x1101, 0x1172, 0x1101,
    0x1172, 0x11A8, 0x1101,
    0x1172, 0x11A9, 0x1101,
    0x1172, 0x11AA, 0x1101,
    0x1172, 0x11AB, 0x1101,
    0x1172, 0x11AC, 0x1101,
    0x1172, 0x11AD, 0x1101,
    0x1172, 0x11AE, 0x1101,
    0x1172, 0x11AF, 0x1101,
    0x1172, 0x11B0, 0x1101,
    0x1172, 0x11B1, 0x1101,
    0x1172, 0x11B2, 0x1101,
    0x1172, 0x11B3, 0x1101,
    0x1172, 0x11B4, 0x1101,
    0x1172, 0x11B5, 0x1101,
    0x1172, 0x11B6, 0x1101,
    0x1172, 0x11B7, 0x1101,
    0x1172, 0x11B8, 0x1101,
    0x1172, 0x11B9, 0x1101,
    0x1172, 0x11BA, 0x1101,
    0x1172, 0x11BB, 0x1101,
    0x1172, 0x11BC, 0x1101,
    0x1172, 0x11BD, 0x1101,
    0x1172, 0x11BE, 0x1101,
    0x1172, 0x11BF, 0x1101,
    0x1172, 0x11C0, 0x1101,
    0x1172, 0x11C1, 0x1101,
    0x1172, 0x11C2, 0x1101,
    0x1173, 0x1101, 0x1173,
    0x11A8, 0x1101, 0x1173,
    0x11A9, 0x1101, 0x1173,
    0x11AA, 0x1101, 0x1173,
    0x11AB, 0x1101, 0x1173,
    0x11AC, 0x1101, 0x1173,
    0x11AD, 0x1101, 0x1173,
    0x11AE, 0x1101, 0x1173,
    0x11AF, 0x1101, 0x1173,
    0x11B0, 0x1101, 0x1173,
    0x11B1, 0x1101, 0x1173,
    0x11B2, 0x1101, 0x1173,
    0x11B3, 0x1101, 0x1173,
    0x11B4, 0x1101, 0x1173,
    0x11B5, 0x1101, 0x1173,
    0x11B6, 0x1101, 0x1173,
    0x11B7, 0x1101, 0x1173,
    0x11B8, 0x1101, 0x1173,
    0x11B9, 0x1101, 0x1173,
    0x11BA, 0x1101, 0x1173,
    0x11BB, 0x1101, 0x1173,
    0x11BC, 0x1101, 0x1173,
    0x11BD, 0x1101, 0x1173,
    0x11BE, 0x1101, 0x1173,
    0x11BF, 0x1101, 0x1173,
    0x11C0, 0x1101, 0x1173,
    0x11C1, 0x1101, 0x1173,
    0x11C2, 0x1101, 0x1174,
    0x1101, 0x1174, 0x11A8,
    0x1101, 0x1174, 0x11A9,
    0x1101, 0x1174, 0x11AA,
    0x1101, 0x1174, 0x11AB,
    0x1101, 0x1174, 0x11AC,
    0x1101, 0x1174, 0x11AD,
    0x1101, 0x1174, 0x11AE,
    0x1101, 0x1174, 0x11AF,
    0x1101, 0x1174, 0x11B0,
    0x1101, 0x1174, 0x11B1,
    0x1101, 0x1174, 0x11B2,
    0x1101, 0x1174, 0x11B3,
    0x1101, 0x1174, 0x11B4,
    0x1101, 0x1174, 0x11B5,
    0x1101, 0x1174, 0x11B6,
    0x1101, 0x1174, 0x11B7,
    0x1101, 0x1174, 0x11B8,
    0x1101, 0x1174, 0x11B9,
    0x1101, 0x1174, 0x11BA,
    0x1101, 0x1174, 0x11BB,
    0x1101, 0x1174, 0x11BC,
    0x1101, 0x1174, 0x11BD,
    0x1101, 0x1174, 0x11BE,
    0x1101, 0x1174, 0x11BF,
    0x1101, 0x1174, 0x11C0,
    0x1101, 0x1174, 0x11C1,
    0x1101, 0x1174, 0x11C2,
    0x1101, 0x1175, 0x1101,
    0x1175, 0x11A8, 0x1101,
    0x1175, 0x11A9, 0x1101,
    0x1175, 0x11AA, 0x1101,
    0x1175, 0x11AB, 0x1101,
    0x1175, 0x11AC, 0x1101,
    0x1175, 0x11AD, 0x1101,
    0x1175, 0x11AE, 0x1101,
    0x1175, 0x11AF, 0x1101,
    0x1175, 0x11B0, 0x1101,
    0x1175, 0x11B1, 0x1101,
    0x1175, 0x11B2, 0x1101,
    0x1175, 0x11B3, 0x1101,
    0x1175, 0x11B4, 0x1101,
    0x1175, 0x11B5, 0x1101,
    0x1175, 0x11B6, 0x1101,
    0x1175, 0x11B7, 0x1101,
    0x1175, 0x11B8, 0x1101,
    0x1175, 0x11B9, 0x1101,
    0x1175, 0x11BA, 0x1101,
    0x1175, 0x11BB, 0x1101,
    0x1175, 0x11BC, 0x1101,
    0x1175, 0x11BD, 0x1101,
    0x1175, 0x11BE, 0x1101,
    0x1175, 0x11BF, 0x1101,
    0x1175, 0x11C0, 0x1101,
    0x1175, 0x11C1, 0x1101,
    0x1175, 0x11C2, 0x1102,
    0x1161, 0x1102, 0x1161,
    0x11A8, 0x1102, 0x1161,
    0x11A9, 0x1102, 0x1161,
    0x11AA, 0x1102, 0x1161,
    0x11AB, 0x1102, 0x1161,
    0x11AC, 0x1102, 0x1161,
    0x11AD, 0x1102, 0x1161,
    0x11AE, 0x1102, 0x1161,
    0x11AF, 0x1102, 0x1161,
    0x11B0, 0x1102, 0x1161,
    0x11B1, 0x1102, 0x1161,
    0x11B2, 0x1102, 0x1161,
    0x11B3, 0x1102, 0x1161,
    0x11B4, 0x1102, 0x1161,
    0x11B5, 0x1102, 0x1161,
    0x11B6, 0x1102, 0x1161,
    0x11B7, 0x1102, 0x1161,
    0x11B8, 0x1102, 0x1161,
    0x11B9, 0x1102, 0x1161,
    0x11BA, 0x1102, 0x1161,
    0x11BB, 0x1102, 0x1161,
    0x11BC, 0x1102, 0x1161,
    0x11BD, 0x1102, 0x1161,
    0x11BE, 0x1102, 0x1161,
    0x11BF, 0x1102, 0x1161,
    0x11C0, 0x1102, 0x1161,
    0x11C1, 0x1102, 0x1161,
    0x11C2, 0x1102, 0x1162,
    0x1102, 0x1162, 0x11A8,
    0x1102, 0x1162, 0x11A9,
    0x1102, 0x1162, 0x11AA,
    0x1102, 0x1162, 0x11AB,
    0x1102, 0x1162, 0x11AC,
    0x1102, 0x1162, 0x11AD,
    0x1102, 0x1162, 0x11AE,
    0x1102, 0x1162, 0x11AF,
    0x1102, 0x1162, 0x11B0,
    0x1102, 0x1162, 0x11B1,
    0x1102, 0x1162, 0x11B2,
    0x1102, 0x1162, 0x11B3,
    0x1102, 0x1162, 0x11B4,
    0x1102, 0x1162, 0x11B5,
    0x1102, 0x1162, 0x11B6,
    0x1102, 0x1162, 0x11B7,
    0x1102, 0x1162, 0x11B8,
    0x1102, 0x1162, 0x11B9,
    0x1102, 0x1162, 0x11BA,
    0x1102, 0x1162, 0x11BB,
    0x1102, 0x1162, 0x11BC,
    0x1102, 0x1162, 0x11BD,
    0x1102, 0x1162, 0x11BE,
    0x1102, 0x1162, 0x11BF,
    0x1102, 0x1162, 0x11C0,
    0x1102, 0x1162, 0x11C1,
    0x1102, 0x1162, 0x11C2,
    0x1102, 0x1163, 0x1102,
    0x1163, 0x11A8, 0x1102,
    0x1163, 0x11A9, 0x1102,
    0x1163, 0x11AA, 0x1102,
    0x1163, 0x11AB, 0x1102,
    0x1163, 0x11AC, 0x1102,
    0x1163, 0x11AD, 0x1102,
    0x1163, 0x11AE, 0x1102,
    0x1163, 0x11AF, 0x1102,
    0x1163, 0x11B0, 0x1102,
    0x1163, 0x11B1, 0x1102,
    0x1163, 0x11B2, 0x1102,
    0x1163, 0x11B3, 0x1102,
    0x1163, 0x11B4, 0x1102,
    0x1163, 0x11B5, 0x1102,
    0x1163, 0x11B6, 0x1102,
    0x1163, 0x11B7, 0x1102,
    0x1163, 0x11B8, 0x1102,
    0x1163, 0x11B9, 0x1102,
    0x1163, 0x11BA, 0x1102,
    0x1163, 0x11BB, 0x1102,
    0x1163, 0x11BC, 0x1102,
    0x1163, 0x11BD, 0x1102,
    0x1163, 0x11BE, 0x1102,
    0x1163, 0x11BF, 0x1102,
    0x1163, 0x11C0, 0x1102,
    0x1163, 0x11C1, 0x1102,
    0x1163, 0x11C2, 0x1102,
    0x1164, 0x1102, 0x1164,
    0x11A8, 0x1102, 0x1164,
    0x11A9, 0x1102, 0x1164,
    0x11AA, 0x1102, 0x1164,
    0x11AB, 0x1102, 0x1164,
    0x11AC, 0x1102, 0x1164,
    0x11AD, 0x1102, 0x1164,
    0x11AE, 0x1102, 0x1164,
    0x11AF, 0x1102, 0x1164,
    0x11B0, 0x1102, 0x1164,
    0x11B1, 0x1102, 0x1164,
    0x11B2, 0x1102, 0x1164,
    0x11B3, 0x1102, 0x1164,
    0x11B4, 0x1102, 0x1164,
    0x11B5, 0x1102, 0x1164,
    0x11B6, 0x1102, 0x1164,
    0x11B7, 0x1102, 0x1164,
    0x11B8, 0x1102, 0x1164,
    0x11B9, 0x1102, 0x1164,
    0x11BA, 0x1102, 0x1164,
    0x11BB, 0x1102, 0x1164,
    0x11BC, 0x1102, 0x1164,
    0x11BD, 0x1102, 0x1164,
    0x11BE, 0x1102, 0x1164,
    0x11BF, 0x1102, 0x1164,
    0x11C0, 0x1102, 0x1164,
    0x11C1, 0x1102, 0x1164,
    0x11C2, 0x1102, 0x1165,
    0x1102, 0x1165, 0x11A8,
    0x1102, 0x1165, 0x11A9,
    0x1102, 0x1165, 0x11AA,
    0x1102, 0x1165, 0x11AB,
    0x1102, 0x1165, 0x11AC,
    0x1102, 0x1165, 0x11AD,
    0x1102, 0x1165, 0x11AE,
    0x1102, 0x1165, 0x11AF,
    0x1102, 0x1165, 0x11B0,
    0x1102, 0x1165, 0x11B1,
    0x1102, 0x1165, 0x11B2,
    0x1102, 0x1165, 0x11B3,
    0x1102, 0x1165, 0x11B4,
    0x1102, 0x1165, 0x11B5,
    0x1102, 0x1165, 0x11B6,
    0x1102, 0x1165, 0x11B7,
    0x1102, 0x1165, 0x11B8,
    0x1102, 0x1165, 0x11B9,
    0x1102, 0x1165, 0x11BA,
    0x1102, 0x1165, 0x11BB,
    0x1102, 0x1165, 0x11BC,
    0x1102, 0x1165, 0x11BD,
    0x1102, 0x1165, 0x11BE,
    0x1102, 0x1165, 0x11BF,
    0x1102, 0x1165, 0x11C0,
    0x1102, 0x1165, 0x11C1,
    0x1102, 0x1165, 0x11C2,
    0x1102, 0x1166, 0x1102,
    0x1166, 0x11A8, 0x1102,
    0x1166, 0x11A9, 0x1102,
    0x1166, 0x11AA, 0x1102,
    0x1166, 0x11AB, 0x1102,
    0x1166, 0x11AC, 0x1102,
    0x1166, 0x11AD, 0x1102,
    0x1166, 0x11AE, 0x1102,
    0x1166, 0x11AF, 0x1102,
    0x1166, 0x11B0, 0x1102,
    0x1166, 0x11B1, 0x1102,
    0x1166, 0x11B2, 0x1102,
    0x1166, 0x11B3, 0x1102,
    0x1166, 0x11B4, 0x1102,
    0x1166, 0x11B5, 0x1102,
    0x1166, 0x11B6, 0x1102,
    0x1166, 0x11B7, 0x1102,
    0x1166, 0x11B8, 0x1102,
    0x1166, 0x11B9, 0x1102,
    0x1166, 0x11BA, 0x1102,
    0x1166, 0x11BB, 0x1102,
    0x1166, 0x11BC, 0x1102,
    0x1166, 0x11BD, 0x1102,
    0x1166, 0x11BE, 0x1102,
    0x1166, 0x11BF, 0x1102,
    0x1166, 0x11C0, 0x1102,
    0x1166, 0x11C1, 0x1102,
    0x1166, 0x11C2, 0x1102,
    0x1167, 0x1102, 0x1167,
    0x11A8, 0x1102, 0x1167,
    0x11A9, 0x1102, 0x1167,
    0x11AA, 0x1102, 0x1167,
    0x11AB, 0x1102, 0x1167,
    0x11AC, 0x1102, 0x1167,
    0x11AD, 0x1102, 0x1167,
    0x11AE, 0x1102, 0x1167,
    0x11AF, 0x1102, 0x1167,
    0x11B0, 0x1102, 0x1167,
    0x11B1, 0x1102, 0x1167,
    0x11B2, 0x1102, 0x1167,
    0x11B3, 0x1102, 0x1167,
    0x11B4, 0x1102, 0x1167,
    0x11B5, 0x1102, 0x1167,
    0x11B6, 0x1102, 0x1167,
    0x11B7, 0x1102, 0x1167,
    0x11B8, 0x1102, 0x1167,
    0x11B9, 0x1102, 0x1167,
    0x11BA, 0x1102, 0x1167,
    0x11BB, 0x1102, 0x1167,
    0x11BC, 0x1102, 0x1167,
    0x11BD, 0x1102, 0x1167,
    0x11BE, 0x1102, 0x1167,
    0x11BF, 0x1102, 0x1167,
    0x11C0, 0x1102, 0x1167,
    0x11C1, 0x1102, 0x1167,
    0x11C2, 0x1102, 0x1168,
    0x1102, 0x1168, 0x11A8,
    0x1102, 0x1168, 0x11A9,
    0x1102, 0x1168, 0x11AA,
    0x1102, 0x1168, 0x11AB,
    0x1102, 0x1168, 0x11AC,
    0x1102, 0x1168, 0x11AD,
    0x1102, 0x1168, 0x11AE,
    0x1102, 0x1168, 0x11AF,
    0x1102, 0x1168, 0x11B0,
    0x1102, 0x1168, 0x11B1,
    0x1102, 0x1168, 0x11B2,
    0x1102, 0x1168, 0x11B3,
    0x1102, 0x1168, 0x11B4,
    0x1102, 0x1168, 0x11B5,
    0x1102, 0x1168, 0x11B6,
    0x1102, 0x1168, 0x11B7,
    0x1102, 0x1168, 0x11B8,
    0x1102, 0x1168, 0x11B9,
    0x1102, 0x1168, 0x11BA,
    0x1102, 0x1168, 0x11BB,
    0x1102, 0x1168, 0x11BC,
    0x1102, 0x1168, 0x11BD,
    0x1102, 0x1168, 0x11BE,
    0x1102, 0x1168, 0x11BF,
    0x1102, 0x1168, 0x11C0,
    0x1102, 0x1168, 0x11C1,
    0x1102, 0x1168, 0x11C2,
    0x1102, 0x1169, 0x1102,
    0x1169, 0x11A8, 0x1102,
    0x1169, 0x11A9, 0x1102,
    0x1169, 0x11AA, 0x1102,
    0x1169, 0x11AB, 0x1102,
    0x1169, 0x11AC, 0x1102,
    0x1169, 0x11AD, 0x1102,
    0x1169, 0x11AE, 0x1102,
    0x1169, 0x11AF, 0x1102,
    0x1169, 0x11B0, 0x1102,
    0x1169, 0x11B1, 0x1102,
    0x1169, 0x11B2, 0x1102,
    0x1169, 0x11B3, 0x1102,
    0x1169, 0x11B4, 0x1102,
    0x1169, 0x11B5, 0x1102,
    0x1169, 0x11B6, 0x1102,
    0x1169, 0x11B7, 0x1102,
    0x1169, 0x11B8, 0x1102,
    0x1169, 0x11B9, 0x1102,
    0x1169, 0x11BA, 0x1102,
    0x1169, 0x11BB, 0x1102,
    0x1169, 0x11BC, 0x1102,
    0x1169, 0x11BD, 0x1102,
    0x1169, 0x11BE, 0x1102,
    0x1169, 0x11BF, 0x1102,
    0x1169, 0x11C0, 0x1102,
    0x1169, 0x11C1, 0x1102,
    0x1169, 0x11C2, 0x1102,
    0x116A, 0x1102, 0x116A,
    0x11A8, 0x1102, 0x116A,
    0x11A9, 0x1102, 0x116A,
    0x11AA, 0x1102, 0x116A,
    0x11AB, 0x1102, 0x116A,
    0x11AC, 0x1102, 0x116A,
    0x11AD, 0x1102, 0x116A,
    0x11AE, 0x1102, 0x116A,
    0x11AF, 0x1102, 0x116A,
    0x11B0, 0x1102, 0x116A,
    0x11B1, 0x1102, 0x116A,
    0x11B2, 0x1102, 0x116A,
    0x11B3, 0x1102, 0x116A,
    0x11B4, 0x1102, 0x116A,
    0x11B5, 0x1102, 0x116A,
    0x11B6, 0x1102, 0x116A,
    0x11B7, 0x1102, 0x116A,
    0x11B8, 0x1102, 0x116A,
    0x11B9, 0x1102, 0x116A,
    0x11BA, 0x1102, 0x116A,
    0x11BB, 0x1102, 0x116A,
    0x11BC, 0x1102, 0x116A,
    0x11BD, 0x1102, 0x116A,
    0x11BE, 0x1102, 0x116A,
    0x11BF, 0x1102, 0x116A,
    0x11C0, 0x1102, 0x116A,
    0x11C1, 0x1102, 0x116A,
    0x11C2, 0x1102, 0x116B,
    0x1102, 0x116B, 0x11A8,
    0x1102, 0x116B, 0x11A9,
    0x1102, 0x116B, 0x11AA,
    0x1102, 0x116B, 0x11AB,
    0x1102, 0x116B, 0x11AC,
    0x1102, 0x116B, 0x11AD,
    0x1102, 0x116B, 0x11AE,
    0x1102, 0x116B, 0x11AF,
    0x1102, 0x116B, 0x11B0,
    0x1102, 0x116B, 0x11B1,
    0x1102, 0x116B, 0x11B2,
    0x1102, 0x116B, 0x11B3,
    0x1102, 0x116B, 0x11B4,
    0x1102, 0x116B, 0x11B5,
    0x1102, 0x116B, 0x11B6,
    0x1102, 0x116B, 0x11B7,
    0x1102, 0x116B, 0x11B8,
    0x1102, 0x116B, 0x11B9,
    0x1102, 0x116B, 0x11BA,
    0x1102, 0x116B, 0x11BB,
    0x1102, 0x116B, 0x11BC,
    0x1102, 0x116B, 0x11BD,
    0x1102, 0x116B, 0x11BE,
    0x1102, 0x116B, 0x11BF,
    0x1102, 0x116B, 0x11C0,
    0x1102, 0x116B, 0x11C1,
    0x1102, 0x116B, 0x11C2,
    0x1102, 0x116C, 0x1102,
    0x116C, 0x11A8, 0x1102,
    0x116C, 0x11A9, 0x1102,
    0x116C, 0x11AA, 0x1102,
    0x116C, 0x11AB, 0x1102,
    0x116C, 0x11AC, 0x1102,
    0x116C, 0x11AD, 0x1102,
    0x116C, 0x11AE, 0x1102,
    0x116C, 0x11AF, 0x1102,
    0x116C, 0x11B0, 0x1102,
    0x116C, 0x11B1, 0x1102,
    0x116C, 0x11B2, 0x1102,
    0x116C, 0x11B3, 0x1102,
    0x116C, 0x11B4, 0x1102,
    0x116C, 0x11B5, 0x1102,
    0x116C, 0x11B6, 0x1102,
    0x116C, 0x11B7, 0x1102,
    0x116C, 0x11B8, 0x1102,
    0x116C, 0x11B9, 0x1102,
    0x116C, 0x11BA, 0x1102,
    0x116C, 0x11BB, 0x1102,
    0x116C, 0x11BC, 0x1102,
    0x116C, 0x11BD, 0x1102,
    0x116C, 0x11BE, 0x1102,
    0x116C, 0x11BF, 0x1102,
    0x116C, 0x11C0, 0x1102,
    0x116C, 0x11C1, 0x1102,
    0x116C, 0x11C2, 0x1102,
    0x116D, 0x1102, 0x116D,
    0x11A8, 0x1102, 0x116D,
    0x11A9, 0x1102, 0x116D,
    0x11AA, 0x1102, 0x116D,
    0x11AB, 0x1102, 0x116D,
    0x11AC, 0x1102, 0x116D,
    0x11AD, 0x1102, 0x116D,
    0x11AE, 0x1102, 0x116D,
    0x11AF, 0x1102, 0x116D,
    0x11B0, 0x1102, 0x116D,
    0x11B1, 0x1102, 0x116D,
    0x11B2, 0x1102, 0x116D,
    0x11B3, 0x1102, 0x116D,
    0x11B4, 0x1102, 0x116D,
    0x11B5, 0x1102, 0x116D,
    0x11B6, 0x1102, 0x116D,
    0x11B7, 0x1102, 0x116D,
    0x11B8, 0x1102, 0x116D,
    0x11B9, 0x1102, 0x116D,
    0x11BA, 0x1102, 0x116D,
    0x11BB, 0x1102, 0x116D,
    0x11BC, 0x1102, 0x116D,
    0x11BD, 0x1102, 0x116D,
    0x11BE, 0x1102, 0x116D,
    0x11BF, 0x1102, 0x116D,
    0x11C0, 0x1102, 0x116D,
    0x11C1, 0x1102, 0x116D,
    0x11C2, 0x1102, 0x116E,
    0x1102, 0x116E, 0x11A8,
    0x1102, 0x116E, 0x11A9,
    0x1102, 0x116E, 0x11AA,
    0x1102, 0x116E, 0x11AB,
    0x1102, 0x116E, 0x11AC,
    0x1102, 0x116E, 0x11AD,
    0x1102, 0x116E, 0x11AE,
    0x1102, 0x116E, 0x11AF,
    0x1102, 0x116E, 0x11B0,
    0x1102, 0x116E, 0x11B1,
    0x1102, 0x116E, 0x11B2,
    0x1102, 0x116E, 0x11B3,
    0x1102, 0x116E, 0x11B4,
    0x1102, 0x116E, 0x11B5,
    0x1102, 0x116E, 0x11B6,
    0x1102, 0x116E, 0x11B7,
    0x1102, 0x116E, 0x11B8,
    0x1102, 0x116E, 0x11B9,
    0x1102, 0x116E, 0x11BA,
    0x1102, 0x116E, 0x11BB,
    0x1102, 0x116E, 0x11BC,
    0x1102, 0x116E, 0x11BD,
    0x1102, 0x116E, 0x11BE,
    0x1102, 0x116E, 0x11BF,
    0x1102, 0x116E, 0x11C0,
    0x1102, 0x116E, 0x11C1,
    0x1102, 0x116E, 0x11C2,
    0x1102, 0x116F, 0x1102,
    0x116F, 0x11A8, 0x1102,
    0x116F, 0x11A9, 0x1102,
    0x116F, 0x11AA, 0x1102,
    0x116F, 0x11AB, 0x1102,
    0x116F, 0x11AC, 0x1102,
    0x116F, 0x11AD, 0x1102,
    0x116F, 0x11AE, 0x1102,
    0x116F, 0x11AF, 0x1102,
    0x116F, 0x11B0, 0x1102,
    0x116F, 0x11B1, 0x1102,
    0x116F, 0x11B2, 0x1102,
    0x116F, 0x11B3, 0x1102,
    0x116F, 0x11B4, 0x1102,
    0x116F, 0x11B5, 0x1102,
    0x116F, 0x11B6, 0x1102,
    0x116F, 0x11B7, 0x1102,
    0x116F, 0x11B8, 0x1102,
    0x116F, 0x11B9, 0x1102,
    0x116F, 0x11BA, 0x1102,
    0x116F, 0x11BB, 0x1102,
    0x116F, 0x11BC, 0x1102,
    0x116F, 0x11BD, 0x1102,
    0x116F, 0x11BE, 0x1102,
    0x116F, 0x11BF, 0x1102,
    0x116F, 0x11C0, 0x1102,
    0x116F, 0x11C1, 0x1102,
    0x116F, 0x11C2, 0x1102,
    0x1170, 0x1102, 0x1170,
    0x11A8, 0x1102, 0x1170,
    0x11A9, 0x1102, 0x1170,
    0x11AA, 0x1102, 0x1170,
    0x11AB, 0x1102, 0x1170,
    0x11AC, 0x1102, 0x1170,
    0x11AD, 0x1102, 0x1170,
    0x11AE, 0x1102, 0x1170,
    0x11AF, 0x1102, 0x1170,
    0x11B0, 0x1102, 0x1170,
    0x11B1, 0x1102, 0x1170,
    0x11B2, 0x1102, 0x1170,
    0x11B3, 0x1102, 0x1170,
    0x11B4, 0x1102, 0x1170,
    0x11B5, 0x1102, 0x1170,
    0x11B6, 0x1102, 0x1170,
    0x11B7, 0x1102, 0x1170,
    0x11B8, 0x1102, 0x1170,
    0x11B9, 0x1102, 0x1170,
    0x11BA, 0x1102, 0x1170,
    0x11BB, 0x1102, 0x1170,
    0x11BC, 0x1102, 0x1170,
    0x11BD, 0x1102, 0x1170,
    0x11BE, 0x1102, 0x1170,
    0x11BF, 0x1102, 0x1170,
    0x11C0, 0x1102, 0x1170,
    0x11C1, 0x1102, 0x1170,
    0x11C2, 0x1102, 0x1171,
    0x1102, 0x1171, 0x11A8,
    0x1102, 0x1171, 0x11A9,
    0x1102, 0x1171, 0x11AA,
    0x1102, 0x1171, 0x11AB,
    0x1102, 0x1171, 0x11AC,
    0x1102, 0x1171, 0x11AD,
    0x1102, 0x1171, 0x11AE,
    0x1102, 0x1171, 0x11AF,
    0x1102, 0x1171, 0x11B0,
    0x1102, 0x1171, 0x11B1,
    0x1102, 0x1171, 0x11B2,
    0x1102, 0x1171, 0x11B3,
    0x1102, 0x1171, 0x11B4,
    0x1102, 0x1171, 0x11B5,
    0x1102, 0x1171, 0x11B6,
    0x1102, 0x1171, 0x11B7,
    0x1102, 0x1171, 0x11B8,
    0x1102, 0x1171, 0x11B9,
    0x1102, 0x1171, 0x11BA,
    0x1102, 0x1171, 0x11BB,
    0x1102, 0x1171, 0x11BC,
    0x1102, 0x1171, 0x11BD,
    0x1102, 0x1171, 0x11BE,
    0x1102, 0x1171, 0x11BF,
    0x1102, 0x1171, 0x11C0,
    0x1102, 0x1171, 0x11C1,
    0x1102, 0x1171, 0x11C2,
    0x1102, 0x1172, 0x1102,
    0x1172, 0x11A8, 0x1102,
    0x1172, 0x11A9, 0x1102,
    0x1172, 0x11AA, 0x1102,
    0x1172, 0x11AB, 0x1102,
    0x1172, 0x11AC, 0x1102,
    0x1172, 0x11AD, 0x1102,
    0x1172, 0x11AE, 0x1102,
    0x1172, 0x11AF, 0x1102,
    0x1172, 0x11B0, 0x1102,
    0x1172, 0x11B1, 0x1102,
    0x1172, 0x11B2, 0x1102,
    0x1172, 0x11B3, 0x1102,
    0x1172, 0x11B4, 0x1102,
    0x1172, 0x11B5, 0x1102,
    0x1172, 0x11B6, 0x1102,
    0x1172, 0x11B7, 0x1102,
    0x1172, 0x11B8, 0x1102,
    0x1172, 0x11B9, 0x1102,
    0x1172, 0x11BA, 0x1102,
    0x1172, 0x11BB, 0x1102,
    0x1172, 0x11BC, 0x1102,
    0x1172, 0x11BD, 0x1102,
    0x1172, 0x11BE, 0x1102,
    0x1172, 0x11BF, 0x1102,
    0x1172, 0x11C0, 0x1102,
    0x1172, 0x11C1, 0x1102,
    0x1172, 0x11C2, 0x1102,
    0x1173, 0x1102, 0x1173,
    0x11A8, 0x1102, 0x1173,
    0x11A9, 0x1102, 0x1173,
    0x11AA, 0x1102, 0x1173,
    0x11AB, 0x1102, 0x1173,
    0x11AC, 0x1102, 0x1173,
    0x11AD, 0x1102, 0x1173,
    0x11AE, 0x1102, 0x1173,
    0x11AF, 0x1102, 0x1173,
    0x11B0, 0x1102, 0x1173,
    0x11B1, 0x1102, 0x1173,
    0x11B2, 0x1102, 0x1173,
    0x11B3, 0x1102, 0x1173,
    0x11B4, 0x1102, 0x1173,
    0x11B5, 0x1102, 0x1173,
    0x11B6, 0x1102, 0x1173,
    0x11B7, 0x1102, 0x1173,
    0x11B8, 0x1102, 0x1173,
    0x11B9, 0x1102, 0x1173,
    0x11BA, 0x1102, 0x1173,
    0x11BB, 0x1102, 0x1173,
    0x11BC, 0x1102, 0x1173,
    0x11BD, 0x1102, 0x1173,
    0x11BE, 0x1102, 0x1173,
    0x11BF, 0x1102, 0x1173,
    0x11C0, 0x1102, 0x1173,
    0x11C1, 0x1102, 0x1173,
    0x11C2, 0x1102, 0x1174,
    0x1102, 0x1174, 0x11A8,
    0x1102, 0x1174, 0x11A9,
    0x1102, 0x1174, 0x11AA,
    0x1102, 0x1174, 0x11AB,
    0x1102, 0x1174, 0x11AC,
    0x1102, 0x1174, 0x11AD,
    0x1102, 0x1174, 0x11AE,
    0x1102, 0x1174, 0x11AF,
    0x1102, 0x1174, 0x11B0,
    0x1102, 0x1174, 0x11B1,
    0x1102, 0x1174, 0x11B2,
    0x1102, 0x1174, 0x11B3,
    0x1102, 0x1174, 0x11B4,
    0x1102, 0x1174, 0x11B5,
    0x1102, 0x1174, 0x11B6,
    0x1102, 0x1174, 0x11B7,
    0x1102, 0x1174, 0x11B8,
    0x1102, 0x1174, 0x11B9,
    0x1102, 0x1174, 0x11BA,
    0x1102, 0x1174, 0x11BB,
    0x1102, 0x1174, 0x11BC,
    0x1102, 0x1174, 0x11BD,
    0x1102, 0x1174, 0x11BE,
    0x1102, 0x1174, 0x11BF,
    0x1102, 0x1174, 0x11C0,
    0x1102, 0x1174, 0x11C1,
    0x1102, 0x1174, 0x11C2,
    0x1102, 0x1175, 0x1102,
    0x1175, 0x11A8, 0x1102,
    0x1175, 0x11A9, 0x1102,
    0x1175, 0x11AA, 0x1102,
    0x1175, 0x11AB, 0x1102,
    0x1175, 0x11AC, 0x1102,
    0x1175, 0x11AD, 0x1102,
    0x1175, 0x11AE, 0x1102,
    0x1175, 0x11AF, 0x1102,
    0x1175, 0x11B0, 0x1102,
    0x1175, 0x11B1, 0x1102,
    0x1175, 0x11B2, 0x1102,
    0x1175, 0x11B3, 0x1102,
    0x1175, 0x11B4, 0x1102,
    0x1175, 0x11B5, 0x1102,
    0x1175, 0x11B6, 0x1102,
    0x1175, 0x11B7, 0x1102,
    0x1175, 0x11B8, 0x1102,
    0x1175, 0x11B9, 0x1102,
    0x1175, 0x11BA, 0x1102,
    0x1175, 0x11BB, 0x1102,
    0x1175, 0x11BC, 0x1102,
    0x1175, 0x11BD, 0x1102,
    0x1175, 0x11BE, 0x1102,
    0x1175, 0x11BF, 0x1102,
    0x1175, 0x11C0, 0x1102,
    0x1175, 0x11C1, 0x1102,
    0x1175, 0x11C2, 0x1103,
    0x1161, 0x1103, 0x1161,
    0x11A8, 0x1103, 0x1161,
    0x11A9, 0x1103, 0x1161,
    0x11AA, 0x1103, 0x1161,
    0x11AB, 0x1103, 0x1161,
    0x11AC, 0x1103, 0x1161,
    0x11AD, 0x1103, 0x1161,
    0x11AE, 0x1103, 0x1161,
    0x11AF, 0x1103, 0x1161,
    0x11B0, 0x1103, 0x1161,
    0x11B1, 0x1103, 0x1161,
    0x11B2, 0x1103, 0x1161,
    0x11B3, 0x1103, 0x1161,
    0x11B4, 0x1103, 0x1161,
    0x11B5, 0x1103, 0x1161,
    0x11B6, 0x1103, 0x1161,
    0x11B7, 0x1103, 0x1161,
    0x11B8, 0x1103, 0x1161,
    0x11B9, 0x1103, 0x1161,
    0x11BA, 0x1103, 0x1161,
    0x11BB, 0x1103, 0x1161,
    0x11BC, 0x1103, 0x1161,
    0x11BD, 0x1103, 0x1161,
    0x11BE, 0x1103, 0x1161,
    0x11BF, 0x1103, 0x1161,
    0x11C0, 0x1103, 0x1161,
    0x11C1, 0x1103, 0x1161,
    0x11C2, 0x1103, 0x1162,
    0x1103, 0x1162, 0x11A8,
    0x1103, 0x1162, 0x11A9,
    0x1103, 0x1162, 0x11AA,
    0x1103, 0x1162, 0x11AB,
    0x1103, 0x1162, 0x11AC,
    0x1103, 0x1162, 0x11AD,
    0x1103, 0x1162, 0x11AE,
    0x1103, 0x1162, 0x11AF,
    0x1103, 0x1162, 0x11B0,
    0x1103, 0x1162, 0x11B1,
    0x1103, 0x1162, 0x11B2,
    0x1103, 0x1162, 0x11B3,
    0x1103, 0x1162, 0x11B4,
    0x1103, 0x1162, 0x11B5,
    0x1103, 0x1162, 0x11B6,
    0x1103, 0x1162, 0x11B7,
    0x1103, 0x1162, 0x11B8,
    0x1103, 0x1162, 0x11B9,
    0x1103, 0x1162, 0x11BA,
    0x1103, 0x1162, 0x11BB,
    0x1103, 0x1162, 0x11BC,
    0x1103, 0x1162, 0x11BD,
    0x1103, 0x1162, 0x11BE,
    0x1103, 0x1162, 0x11BF,
    0x1103, 0x1162, 0x11C0,
    0x1103, 0x1162, 0x11C1,
    0x1103, 0x1162, 0x11C2,
    0x1103, 0x1163, 0x1103,
    0x1163, 0x11A8, 0x1103,
    0x1163, 0x11A9, 0x1103,
    0x1163, 0x11AA, 0x1103,
    0x1163, 0x11AB, 0x1103,
    0x1163, 0x11AC, 0x1103,
    0x1163, 0x11AD, 0x1103,
    0x1163, 0x11AE, 0x1103,
    0x1163, 0x11AF, 0x1103,
    0x1163, 0x11B0, 0x1103,
    0x1163, 0x11B1, 0x1103,
    0x1163, 0x11B2, 0x1103,
    0x1163, 0x11B3, 0x1103,
    0x1163, 0x11B4, 0x1103,
    0x1163, 0x11B5, 0x1103,
    0x1163, 0x11B6, 0x1103,
    0x1163, 0x11B7, 0x1103,
    0x1163, 0x11B8, 0x1103,
    0x1163, 0x11B9, 0x1103,
    0x1163, 0x11BA, 0x1103,
    0x1163, 0x11BB, 0x1103,
    0x1163, 0x11BC, 0x1103,
    0x1163, 0x11BD, 0x1103,
    0x1163, 0x11BE, 0x1103,
    0x1163, 0x11BF, 0x1103,
    0x1163, 0x11C0, 0x1103,
    0x1163, 0x11C1, 0x1103,
    0x1163, 0x11C2, 0x1103,
    0x1164, 0x1103, 0x1164,
    0x11A8, 0x1103, 0x1164,
    0x11A9, 0x1103, 0x1164,
    0x11AA, 0x1103, 0x1164,
    0x11AB, 0x1103, 0x1164,
    0x11AC, 0x1103, 0x1164,
    0x11AD, 0x1103, 0x1164,
    0x11AE, 0x1103, 0x1164,
    0x11AF, 0x1103, 0x1164,
    0x11B0, 0x1103, 0x1164,
    0x11B1, 0x1103, 0x1164,
    0x11B2, 0x1103, 0x1164,
    0x11B3, 0x1103, 0x1164,
    0x11B4, 0x1103, 0x1164,
    0x11B5, 0x1103, 0x1164,
    0x11B6, 0x1103, 0x1164,
    0x11B7, 0x1103, 0x1164,
    0x11B8, 0x1103, 0x1164,
    0x11B9, 0x1103, 0x1164,
    0x11BA, 0x1103, 0x1164,
    0x11BB, 0x1103, 0x1164,
    0x11BC, 0x1103, 0x1164,
    0x11BD, 0x1103, 0x1164,
    0x11BE, 0x1103, 0x1164,
    0x11BF, 0x1103, 0x1164,
    0x11C0, 0x1103, 0x1164,
    0x11C1, 0x1103, 0x1164,
    0x11C2, 0x1103, 0x1165,
    0x1103, 0x1165, 0x11A8,
    0x1103, 0x1165, 0x11A9,
    0x1103, 0x1165, 0x11AA,
    0x1103, 0x1165, 0x11AB,
    0x1103, 0x1165, 0x11AC,
    0x1103, 0x1165, 0x11AD,
    0x1103, 0x1165, 0x11AE,
    0x1103, 0x1165, 0x11AF,
    0x1103, 0x1165, 0x11B0,
    0x1103, 0x1165, 0x11B1,
    0x1103, 0x1165, 0x11B2,
    0x1103, 0x1165, 0x11B3,
    0x1103, 0x1165, 0x11B4,
    0x1103, 0x1165, 0x11B5,
    0x1103, 0x1165, 0x11B6,
    0x1103, 0x1165, 0x11B7,
    0x1103, 0x1165, 0x11B8,
    0x1103, 0x1165, 0x11B9,
    0x1103, 0x1165, 0x11BA,
    0x1103, 0x1165, 0x11BB,
    0x1103, 0x1165, 0x11BC,
    0x1103, 0x1165, 0x11BD,
    0x1103, 0x1165, 0x11BE,
    0x1103, 0x1165, 0x11BF,
    0x1103, 0x1165, 0x11C0,
    0x1103, 0x1165, 0x11C1,
    0x1103, 0x1165, 0x11C2,
    0x1103, 0x1166, 0x1103,
    0x1166, 0x11A8, 0x1103,
    0x1166, 0x11A9, 0x1103,
    0x1166, 0x11AA, 0x1103,
    0x1166, 0x11AB, 0x1103,
    0x1166, 0x11AC, 0x1103,
    0x1166, 0x11AD, 0x1103,
    0x1166, 0x11AE, 0x1103,
    0x1166, 0x11AF, 0x1103,
    0x1166, 0x11B0, 0x1103,
    0x1166, 0x11B1, 0x1103,
    0x1166, 0x11B2, 0x1103,
    0x1166, 0x11B3, 0x1103,
    0x1166, 0x11B4, 0x1103,
    0x1166, 0x11B5, 0x1103,
    0x1166, 0x11B6, 0x1103,
    0x1166, 0x11B7, 0x1103,
    0x1166, 0x11B8, 0x1103,
    0x1166, 0x11B9, 0x1103,
    0x1166, 0x11BA, 0x1103,
    0x1166, 0x11BB, 0x1103,
    0x1166, 0x11BC, 0x1103,
    0x1166, 0x11BD, 0x1103,
    0x1166, 0x11BE, 0x1103,
    0x1166, 0x11BF, 0x1103,
    0x1166, 0x11C0, 0x1103,
    0x1166, 0x11C1, 0x1103,
    0x1166, 0x11C2, 0x1103,
    0x1167, 0x1103, 0x1167,
    0x11A8, 0x1103, 0x1167,
    0x11A9, 0x1103, 0x1167,
    0x11AA, 0x1103, 0x1167,
    0x11AB, 0x1103, 0x1167,
    0x11AC, 0x1103, 0x1167,
    0x11AD, 0x1103, 0x1167,
    0x11AE, 0x1103, 0x1167,
    0x11AF, 0x1103, 0x1167,
    0x11B0, 0x1103, 0x1167,
    0x11B1, 0x1103, 0x1167,
    0x11B2, 0x1103, 0x1167,
    0x11B3, 0x1103, 0x1167,
    0x11B4, 0x1103, 0x1167,
    0x11B5, 0x1103, 0x1167,
    0x11B6, 0x1103, 0x1167,
    0x11B7, 0x1103, 0x1167,
    0x11B8, 0x1103, 0x1167,
    0x11B9, 0x1103, 0x1167,
    0x11BA, 0x1103, 0x1167,
    0x11BB, 0x1103, 0x1167,
    0x11BC, 0x1103, 0x1167,
    0x11BD, 0x1103, 0x1167,
    0x11BE, 0x1103, 0x1167,
    0x11BF, 0x1103, 0x1167,
    0x11C0, 0x1103, 0x1167,
    0x11C1, 0x1103, 0x1167,
    0x11C2, 0x1103, 0x1168,
    0x1103, 0x1168, 0x11A8,
    0x1103, 0x1168, 0x11A9,
    0x1103, 0x1168, 0x11AA,
    0x1103, 0x1168, 0x11AB,
    0x1103, 0x1168, 0x11AC,
    0x1103, 0x1168, 0x11AD,
    0x1103, 0x1168, 0x11AE,
    0x1103, 0x1168, 0x11AF,
    0x1103, 0x1168, 0x11B0,
    0x1103, 0x1168, 0x11B1,
    0x1103, 0x1168, 0x11B2,
    0x1103, 0x1168, 0x11B3,
    0x1103, 0x1168, 0x11B4,
    0x1103, 0x1168, 0x11B5,
    0x1103, 0x1168, 0x11B6,
    0x1103, 0x1168, 0x11B7,
    0x1103, 0x1168, 0x11B8,
    0x1103, 0x1168, 0x11B9,
    0x1103, 0x1168, 0x11BA,
    0x1103, 0x1168, 0x11BB,
    0x1103, 0x1168, 0x11BC,
    0x1103, 0x1168, 0x11BD,
    0x1103, 0x1168, 0x11BE,
    0x1103, 0x1168, 0x11BF,
    0x1103, 0x1168, 0x11C0,
    0x1103, 0x1168, 0x11C1,
    0x1103, 0x1168, 0x11C2,
    0x1103, 0x1169, 0x1103,
    0x1169, 0x11A8, 0x1103,
    0x1169, 0x11A9, 0x1103,
    0x1169, 0x11AA, 0x1103,
    0x1169, 0x11AB, 0x1103,
    0x1169, 0x11AC, 0x1103,
    0x1169, 0x11AD, 0x1103,
    0x1169, 0x11AE, 0x1103,
    0x1169, 0x11AF, 0x1103,
    0x1169, 0x11B0, 0x1103,
    0x1169, 0x11B1, 0x1103,
    0x1169, 0x11B2, 0x1103,
    0x1169, 0x11B3, 0x1103,
    0x1169, 0x11B4, 0x1103,
    0x1169, 0x11B5, 0x1103,
    0x1169, 0x11B6, 0x1103,
    0x1169, 0x11B7, 0x1103,
    0x1169, 0x11B8, 0x1103,
    0x1169, 0x11B9, 0x1103,
    0x1169, 0x11BA, 0x1103,
    0x1169, 0x11BB, 0x1103,
    0x1169, 0x11BC, 0x1103,
    0x1169, 0x11BD, 0x1103,
    0x1169, 0x11BE, 0x1103,
    0x1169, 0x11BF, 0x1103,
    0x1169, 0x11C0, 0x1103,
    0x1169, 0x11C1, 0x1103,
    0x1169, 0x11C2, 0x1103,
    0x116A, 0x1103, 0x116A,
    0x11A8, 0x1103, 0x116A,
    0x11A9, 0x1103, 0x116A,
    0x11AA, 0x1103, 0x116A,
    0x11AB, 0x1103, 0x116A,
    0x11AC, 0x1103, 0x116A,
    0x11AD, 0x1103, 0x116A,
    0x11AE, 0x1103, 0x116A,
    0x11AF, 0x1103, 0x116A,
    0x11B0, 0x1103, 0x116A,
    0x11B1, 0x1103, 0x116A,
    0x11B2, 0x1103, 0x116A,
    0x11B3, 0x1103, 0x116A,
    0x11B4, 0x1103, 0x116A,
    0x11B5, 0x1103, 0x116A,
    0x11B6, 0x1103, 0x116A,
    0x11B7, 0x1103, 0x116A,
    0x11B8, 0x1103, 0x116A,
    0x11B9, 0x1103, 0x116A,
    0x11BA, 0x1103, 0x116A,
    0x11BB, 0x1103, 0x116A,
    0x11BC, 0x1103, 0x116A,
    0x11BD, 0x1103, 0x116A,
    0x11BE, 0x1103, 0x116A,
    0x11BF, 0x1103, 0x116A,
    0x11C0, 0x1103, 0x116A,
    0x11C1, 0x1103, 0x116A,
    0x11C2, 0x1103, 0x116B,
    0x1103, 0x116B, 0x11A8,
    0x1103, 0x116B, 0x11A9,
    0x1103, 0x116B, 0x11AA,
    0x1103, 0x116B, 0x11AB,
    0x1103, 0x116B, 0x11AC,
    0x1103, 0x116B, 0x11AD,
    0x1103, 0x116B, 0x11AE,
    0x1103, 0x116B, 0x11AF,
    0x1103, 0x116B, 0x11B0,
    0x1103, 0x116B, 0x11B1,
    0x1103, 0x116B, 0x11B2,
    0x1103, 0x116B, 0x11B3,
    0x1103, 0x116B, 0x11B4,
    0x1103, 0x116B, 0x11B5,
    0x1103, 0x116B, 0x11B6,
    0x1103, 0x116B, 0x11B7,
    0x1103, 0x116B, 0x11B8,
    0x1103, 0x116B, 0x11B9,
    0x1103, 0x116B, 0x11BA,
    0x1103, 0x116B, 0x11BB,
    0x1103, 0x116B, 0x11BC,
    0x1103, 0x116B, 0x11BD,
    0x1103, 0x116B, 0x11BE,
    0x1103, 0x116B, 0x11BF,
    0x1103, 0x116B, 0x11C0,
    0x1103, 0x116B, 0x11C1,
    0x1103, 0x116B, 0x11C2,
    0x1103, 0x116C, 0x1103,
    0x116C, 0x11A8, 0x1103,
    0x116C, 0x11A9, 0x1103,
    0x116C, 0x11AA, 0x1103,
    0x116C, 0x11AB, 0x1103,
    0x116C, 0x11AC, 0x1103,
    0x116C, 0x11AD, 0x1103,
    0x116C, 0x11AE, 0x1103,
    0x116C, 0x11AF, 0x1103,
    0x116C, 0x11B0, 0x1103,
    0x116C, 0x11B1, 0x1103,
    0x116C, 0x11B2, 0x1103,
    0x116C, 0x11B3, 0x1103,
    0x116C, 0x11B4, 0x1103,
    0x116C, 0x11B5, 0x1103,
    0x116C, 0x11B6, 0x1103,
    0x116C, 0x11B7, 0x1103,
    0x116C, 0x11B8, 0x1103,
    0x116C, 0x11B9, 0x1103,
    0x116C, 0x11BA, 0x1103,
    0x116C, 0x11BB, 0x1103,
    0x116C, 0x11BC, 0x1103,
    0x116C, 0x11BD, 0x1103,
    0x116C, 0x11BE, 0x1103,
    0x116C, 0x11BF, 0x1103,
    0x116C, 0x11C0, 0x1103,
    0x116C, 0x11C1, 0x1103,
    0x116C, 0x11C2, 0x1103,
    0x116D, 0x1103, 0x116D,
    0x11A8, 0x1103, 0x116D,
    0x11A9, 0x1103, 0x116D,
    0x11AA, 0x1103, 0x116D,
    0x11AB, 0x1103, 0x116D,
    0x11AC, 0x1103, 0x116D,
    0x11AD, 0x1103, 0x116D,
    0x11AE, 0x1103, 0x116D,
    0x11AF, 0x1103, 0x116D,
    0x11B0, 0x1103, 0x116D,
    0x11B1, 0x1103, 0x116D,
    0x11B2, 0x1103, 0x116D,
    0x11B3, 0x1103, 0x116D,
    0x11B4, 0x1103, 0x116D,
    0x11B5, 0x1103, 0x116D,
    0x11B6, 0x1103, 0x116D,
    0x11B7, 0x1103, 0x116D,
    0x11B8, 0x1103, 0x116D,
    0x11B9, 0x1103, 0x116D,
    0x11BA, 0x1103, 0x116D,
    0x11BB, 0x1103, 0x116D,
    0x11BC, 0x1103, 0x116D,
    0x11BD, 0x1103, 0x116D,
    0x11BE, 0x1103, 0x116D,
    0x11BF, 0x1103, 0x116D,
    0x11C0, 0x1103, 0x116D,
    0x11C1, 0x1103, 0x116D,
    0x11C2, 0x1103, 0x116E,
    0x1103, 0x116E, 0x11A8,
    0x1103, 0x116E, 0x11A9,
    0x1103, 0x116E, 0x11AA,
    0x1103, 0x116E, 0x11AB,
    0x1103, 0x116E, 0x11AC,
    0x1103, 0x116E, 0x11AD,
    0x1103, 0x116E, 0x11AE,
    0x1103, 0x116E, 0x11AF,
    0x1103, 0x116E, 0x11B0,
    0x1103, 0x116E, 0x11B1,
    0x1103, 0x116E, 0x11B2,
    0x1103, 0x116E, 0x11B3,
    0x1103, 0x116E, 0x11B4,
    0x1103, 0x116E, 0x11B5,
    0x1103, 0x116E, 0x11B6,
    0x1103, 0x116E, 0x11B7,
    0x1103, 0x116E, 0x11B8,
    0x1103, 0x116E, 0x11B9,
    0x1103, 0x116E, 0x11BA,
    0x1103, 0x116E, 0x11BB,
    0x1103, 0x116E, 0x11BC,
    0x1103, 0x116E, 0x11BD,
    0x1103, 0x116E, 0x11BE,
    0x1103, 0x116E, 0x11BF,
    0x1103, 0x116E, 0x11C0,
    0x1103, 0x116E, 0x11C1,
    0x1103, 0x116E, 0x11C2,
    0x1103, 0x116F, 0x1103,
    0x116F, 0x11A8, 0x1103,
    0x116F, 0x11A9, 0x1103,
    0x116F, 0x11AA, 0x1103,
    0x116F, 0x11AB, 0x1103,
    0x116F, 0x11AC, 0x1103,
    0x116F, 0x11AD, 0x1103,
    0x116F, 0x11AE, 0x1103,
    0x116F, 0x11AF, 0x1103,
    0x116F, 0x11B0, 0x1103,
    0x116F, 0x11B1, 0x1103,
    0x116F, 0x11B2, 0x1103,
    0x116F, 0x11B3, 0x1103,
    0x116F, 0x11B4, 0x1103,
    0x116F, 0x11B5, 0x1103,
    0x116F, 0x11B6, 0x1103,
    0x116F, 0x11B7, 0x1103,
    0x116F, 0x11B8, 0x1103,
    0x116F, 0x11B9, 0x1103,
    0x116F, 0x11BA, 0x1103,
    0x116F, 0x11BB, 0x1103,
    0x116F, 0x11BC, 0x1103,
    0x116F, 0x11BD, 0x1103,
    0x116F, 0x11BE, 0x1103,
    0x116F, 0x11BF, 0x1103,
    0x116F, 0x11C0, 0x1103,
    0x116F, 0x11C1, 0x1103,
    0x116F, 0x11C2, 0x1103,
    0x1170, 0x1103, 0x1170,
    0x11A8, 0x1103, 0x1170,
    0x11A9, 0x1103, 0x1170,
    0x11AA, 0x1103, 0x1170,
    0x11AB, 0x1103, 0x1170,
    0x11AC, 0x1103, 0x1170,
    0x11AD, 0x1103, 0x1170,
    0x11AE, 0x1103, 0x1170,
    0x11AF, 0x1103, 0x1170,
    0x11B0, 0x1103, 0x1170,
    0x11B1, 0x1103, 0x1170,
    0x11B2, 0x1103, 0x1170,
    0x11B3, 0x1103, 0x1170,
    0x11B4, 0x1103, 0x1170,
    0x11B5, 0x1103, 0x1170,
    0x11B6, 0x1103, 0x1170,
    0x11B7, 0x1103, 0x1170,
    0x11B8, 0x1103, 0x1170,
    0x11B9, 0x1103, 0x1170,
    0x11BA, 0x1103, 0x1170,
    0x11BB, 0x1103, 0x1170,
    0x11BC, 0x1103, 0x1170,
    0x11BD, 0x1103, 0x1170,
    0x11BE, 0x1103, 0x1170,
    0x11BF, 0x1103, 0x1170,
    0x11C0, 0x1103, 0x1170,
    0x11C1, 0x1103, 0x1170,
    0x11C2, 0x1103, 0x1171,
    0x1103, 0x1171, 0x11A8,
    0x1103, 0x1171, 0x11A9,
    0x1103, 0x1171, 0x11AA,
    0x1103, 0x1171, 0x11AB,
    0x1103, 0x1171, 0x11AC,
    0x1103, 0x1171, 0x11AD,
    0x1103, 0x1171, 0x11AE,
    0x1103, 0x1171, 0x11AF,
    0x1103, 0x1171, 0x11B0,
    0x1103, 0x1171, 0x11B1,
    0x1103, 0x1171, 0x11B2,
    0x1103, 0x1171, 0x11B3,
    0x1103, 0x1171, 0x11B4,
    0x1103, 0x1171, 0x11B5,
    0x1103, 0x1171, 0x11B6,
    0x1103, 0x1171, 0x11B7,
    0x1103, 0x1171, 0x11B8,
    0x1103, 0x1171, 0x11B9,
    0x1103, 0x1171, 0x11BA,
    0x1103, 0x1171, 0x11BB,
    0x1103, 0x1171, 0x11BC,
    0x1103, 0x1171, 0x11BD,
    0x1103, 0x1171, 0x11BE,
    0x1103, 0x1171, 0x11BF,
    0x1103, 0x1171, 0x11C0,
    0x1103, 0x1171, 0x11C1,
    0x1103, 0x1171, 0x11C2,
    0x1103, 0x1172, 0x1103,
    0x1172, 0x11A8, 0x1103,
    0x1172, 0x11A9, 0x1103,
    0x1172, 0x11AA, 0x1103,
    0x1172, 0x11AB, 0x1103,
    0x1172, 0x11AC, 0x1103,
    0x1172, 0x11AD, 0x1103,
    0x1172, 0x11AE, 0x1103,
    0x1172, 0x11AF, 0x1103,
    0x1172, 0x11B0, 0x1103,
    0x1172, 0x11B1, 0x1103,
    0x1172, 0x11B2, 0x1103,
    0x1172, 0x11B3, 0x1103,
    0x1172, 0x11B4, 0x1103,
    0x1172, 0x11B5, 0x1103,
    0x1172, 0x11B6, 0x1103,
    0x1172, 0x11B7, 0x1103,
    0x1172, 0x11B8, 0x1103,
    0x1172, 0x11B9, 0x1103,
    0x1172, 0x11BA, 0x1103,
    0x1172, 0x11BB, 0x1103,
    0x1172, 0x11BC, 0x1103,
    0x1172, 0x11BD, 0x1103,
    0x1172, 0x11BE, 0x1103,
    0x1172, 0x11BF, 0x1103,
    0x1172, 0x11C0, 0x1103,
    0x1172, 0x11C1, 0x1103,
    0x1172, 0x11C2, 0x1103,
    0x1173, 0x1103, 0x1173,
    0x11A8, 0x1103, 0x1173,
    0x11A9, 0x1103, 0x1173,
    0x11AA, 0x1103, 0x1173,
    0x11AB, 0x1103, 0x1173,
    0x11AC, 0x1103, 0x1173,
    0x11AD, 0x1103, 0x1173,
    0x11AE, 0x1103, 0x1173,
    0x11AF, 0x1103, 0x1173,
    0x11B0, 0x1103, 0x1173,
    0x11B1, 0x1103, 0x1173,
    0x11B2, 0x1103, 0x1173,
    0x11B3, 0x1103, 0x1173,
    0x11B4, 0x1103, 0x1173,
    0x11B5, 0x1103, 0x1173,
    0x11B6, 0x1103, 0x1173,
    0x11B7, 0x1103, 0x1173,
    0x11B8, 0x1103, 0x1173,
    0x11B9, 0x1103, 0x1173,
    0x11BA, 0x1103, 0x1173,
    0x11BB, 0x1103, 0x1173,
    0x11BC, 0x1103, 0x1173,
    0x11BD, 0x1103, 0x1173,
    0x11BE, 0x1103, 0x1173,
    0x11BF, 0x1103, 0x1173,
    0x11C0, 0x1103, 0x1173,
    0x11C1, 0x1103, 0x1173,
    0x11C2, 0x1103, 0x1174,
    0x1103, 0x1174, 0x11A8,
    0x1103, 0x1174, 0x11A9,
    0x1103, 0x1174, 0x11AA,
    0x1103, 0x1174, 0x11AB,
    0x1103, 0x1174, 0x11AC,
    0x1103, 0x1174, 0x11AD,
    0x1103, 0x1174, 0x11AE,
    0x1103, 0x1174, 0x11AF,
    0x1103, 0x1174, 0x11B0,
    0x1103, 0x1174, 0x11B1,
    0x1103, 0x1174, 0x11B2,
    0x1103, 0x1174, 0x11B3,
    0x1103, 0x1174, 0x11B4,
    0x1103, 0x1174, 0x11B5,
    0x1103, 0x1174, 0x11B6,
    0x1103, 0x1174, 0x11B7,
    0x1103, 0x1174, 0x11B8,
    0x1103, 0x1174, 0x11B9,
    0x1103, 0x1174, 0x11BA,
    0x1103, 0x1174, 0x11BB,
    0x1103, 0x1174, 0x11BC,
    0x1103, 0x1174, 0x11BD,
    0x1103, 0x1174, 0x11BE,
    0x1103, 0x1174, 0x11BF,
    0x1103, 0x1174, 0x11C0,
    0x1103, 0x1174, 0x11C1,
    0x1103, 0x1174, 0x11C2,
    0x1103, 0x1175, 0x1103,
    0x1175, 0x11A8, 0x1103,
    0x1175, 0x11A9, 0x1103,
    0x1175, 0x11AA, 0x1103,
    0x1175, 0x11AB, 0x1103,
    0x1175, 0x11AC, 0x1103,
    0x1175, 0x11AD, 0x1103,
    0x1175, 0x11AE, 0x1103,
    0x1175, 0x11AF, 0x1103,
    0x1175, 0x11B0, 0x1103,
    0x1175, 0x11B1, 0x1103,
    0x1175, 0x11B2, 0x1103,
    0x1175, 0x11B3, 0x1103,
    0x1175, 0x11B4, 0x1103,
    0x1175, 0x11B5, 0x1103,
    0x1175, 0x11B6, 0x1103,
    0x1175, 0x11B7, 0x1103,
    0x1175, 0x11B8, 0x1103,
    0x1175, 0x11B9, 0x1103,
    0x1175, 0x11BA, 0x1103,
    0x1175, 0x11BB, 0x1103,
    0x1175, 0x11BC, 0x1103,
    0x1175, 0x11BD, 0x1103,
    0x1175, 0x11BE, 0x1103,
    0x1175, 0x11BF, 0x1103,
    0x1175, 0x11C0, 0x1103,
    0x1175, 0x11C1, 0x1103,
    0x1175, 0x11C2, 0x1104,
    0x1161, 0x1104, 0x1161,
    0x11A8, 0x1104, 0x1161,
    0x11A9, 0x1104, 0x1161,
    0x11AA, 0x1104, 0x1161,
    0x11AB, 0x1104, 0x1161,
    0x11AC, 0x1104, 0x1161,
    0x11AD, 0x1104, 0x1161,
    0x11AE, 0x1104, 0x1161,
    0x11AF, 0x1104, 0x1161,
    0x11B0, 0x1104, 0x1161,
    0x11B1, 0x1104, 0x1161,
    0x11B2, 0x1104, 0x1161,
    0x11B3, 0x1104, 0x1161,
    0x11B4, 0x1104, 0x1161,
    0x11B5, 0x1104, 0x1161,
    0x11B6, 0x1104, 0x1161,
    0x11B7, 0x1104, 0x1161,
    0x11B8, 0x1104, 0x1161,
    0x11B9, 0x1104, 0x1161,
    0x11BA, 0x1104, 0x1161,
    0x11BB, 0x1104, 0x1161,
    0x11BC, 0x1104, 0x1161,
    0x11BD, 0x1104, 0x1161,
    0x11BE, 0x1104, 0x1161,
    0x11BF, 0x1104, 0x1161,
    0x11C0, 0x1104, 0x1161,
    0x11C1, 0x1104, 0x1161,
    0x11C2, 0x1104, 0x1162,
    0x1104, 0x1162, 0x11A8,
    0x1104, 0x1162, 0x11A9,
    0x1104, 0x1162, 0x11AA,
    0x1104, 0x1162, 0x11AB,
    0x1104, 0x1162, 0x11AC,
    0x1104, 0x1162, 0x11AD,
    0x1104, 0x1162, 0x11AE,
    0x1104, 0x1162, 0x11AF,
    0x1104, 0x1162, 0x11B0,
    0x1104, 0x1162, 0x11B1,
    0x1104, 0x1162, 0x11B2,
    0x1104, 0x1162, 0x11B3,
    0x1104, 0x1162, 0x11B4,
    0x1104, 0x1162, 0x11B5,
    0x1104, 0x1162, 0x11B6,
    0x1104, 0x1162, 0x11B7,
    0x1104, 0x1162, 0x11B8,
    0x1104, 0x1162, 0x11B9,
    0x1104, 0x1162, 0x11BA,
    0x1104, 0x1162, 0x11BB,
    0x1104, 0x1162, 0x11BC,
    0x1104, 0x1162, 0x11BD,
    0x1104, 0x1162, 0x11BE,
    0x1104, 0x1162, 0x11BF,
    0x1104, 0x1162, 0x11C0,
    0x1104, 0x1162, 0x11C1,
    0x1104, 0x1162, 0x11C2,
    0x1104, 0x1163, 0x1104,
    0x1163, 0x11A8, 0x1104,
    0x1163, 0x11A9, 0x1104,
    0x1163, 0x11AA, 0x1104,
    0x1163, 0x11AB, 0x1104,
    0x1163, 0x11AC, 0x1104,
    0x1163, 0x11AD, 0x1104,
    0x1163, 0x11AE, 0x1104,
    0x1163, 0x11AF, 0x1104,
    0x1163, 0x11B0, 0x1104,
    0x1163, 0x11B1, 0x1104,
    0x1163, 0x11B2, 0x1104,
    0x1163, 0x11B3, 0x1104,
    0x1163, 0x11B4, 0x1104,
    0x1163, 0x11B5, 0x1104,
    0x1163, 0x11B6, 0x1104,
    0x1163, 0x11B7, 0x1104,
    0x1163, 0x11B8, 0x1104,
    0x1163, 0x11B9, 0x1104,
    0x1163, 0x11BA, 0x1104,
    0x1163, 0x11BB, 0x1104,
    0x1163, 0x11BC, 0x1104,
    0x1163, 0x11BD, 0x1104,
    0x1163, 0x11BE, 0x1104,
    0x1163, 0x11BF, 0x1104,
    0x1163, 0x11C0, 0x1104,
    0x1163, 0x11C1, 0x1104,
    0x1163, 0x11C2, 0x1104,
    0x1164, 0x1104, 0x1164,
    0x11A8, 0x1104, 0x1164,
    0x11A9, 0x1104, 0x1164,
    0x11AA, 0x1104, 0x1164,
    0x11AB, 0x1104, 0x1164,
    0x11AC, 0x1104, 0x1164,
    0x11AD, 0x1104, 0x1164,
    0x11AE, 0x1104, 0x1164,
    0x11AF, 0x1104, 0x1164,
    0x11B0, 0x1104, 0x1164,
    0x11B1, 0x1104, 0x1164,
    0x11B2, 0x1104, 0x1164,
    0x11B3, 0x1104, 0x1164,
    0x11B4, 0x1104, 0x1164,
    0x11B5, 0x1104, 0x1164,
    0x11B6, 0x1104, 0x1164,
    0x11B7, 0x1104, 0x1164,
    0x11B8, 0x1104, 0x1164,
    0x11B9, 0x1104, 0x1164,
    0x11BA, 0x1104, 0x1164,
    0x11BB, 0x1104, 0x1164,
    0x11BC, 0x1104, 0x1164,
    0x11BD, 0x1104, 0x1164,
    0x11BE, 0x1104, 0x1164,
    0x11BF, 0x1104, 0x1164,
    0x11C0, 0x1104, 0x1164,
    0x11C1, 0x1104, 0x1164,
    0x11C2, 0x1104, 0x1165,
    0x1104, 0x1165, 0x11A8,
    0x1104, 0x1165, 0x11A9,
    0x1104, 0x1165, 0x11AA,
    0x1104, 0x1165, 0x11AB,
    0x1104, 0x1165, 0x11AC,
    0x1104, 0x1165, 0x11AD,
    0x1104, 0x1165, 0x11AE,
    0x1104, 0x1165, 0x11AF,
    0x1104, 0x1165, 0x11B0,
    0x1104, 0x1165, 0x11B1,
    0x1104, 0x1165, 0x11B2,
    0x1104, 0x1165, 0x11B3,
    0x1104, 0x1165, 0x11B4,
    0x1104, 0x1165, 0x11B5,
    0x1104, 0x1165, 0x11B6,
    0x1104, 0x1165, 0x11B7,
    0x1104, 0x1165, 0x11B8,
    0x1104, 0x1165, 0x11B9,
    0x1104, 0x1165, 0x11BA,
    0x1104, 0x1165, 0x11BB,
    0x1104, 0x1165, 0x11BC,
    0x1104, 0x1165, 0x11BD,
    0x1104, 0x1165, 0x11BE,
    0x1104, 0x1165, 0x11BF,
    0x1104, 0x1165, 0x11C0,
    0x1104, 0x1165, 0x11C1,
    0x1104, 0x1165, 0x11C2,
    0x1104, 0x1166, 0x1104,
    0x1166, 0x11A8, 0x1104,
    0x1166, 0x11A9, 0x1104,
    0x1166, 0x11AA, 0x1104,
    0x1166, 0x11AB, 0x1104,
    0x1166, 0x11AC, 0x1104,
    0x1166, 0x11AD, 0x1104,
    0x1166, 0x11AE, 0x1104,
    0x1166, 0x11AF, 0x1104,
    0x1166, 0x11B0, 0x1104,
    0x1166, 0x11B1, 0x1104,
    0x1166, 0x11B2, 0x1104,
    0x1166, 0x11B3, 0x1104,
    0x1166, 0x11B4, 0x1104,
    0x1166, 0x11B5, 0x1104,
    0x1166, 0x11B6, 0x1104,
    0x1166, 0x11B7, 0x1104,
    0x1166, 0x11B8, 0x1104,
    0x1166, 0x11B9, 0x1104,
    0x1166, 0x11BA, 0x1104,
    0x1166, 0x11BB, 0x1104,
    0x1166, 0x11BC, 0x1104,
    0x1166, 0x11BD, 0x1104,
    0x1166, 0x11BE, 0x1104,
    0x1166, 0x11BF, 0x1104,
    0x1166, 0x11C0, 0x1104,
    0x1166, 0x11C1, 0x1104,
    0x1166, 0x11C2, 0x1104,
    0x1167, 0x1104, 0x1167,
    0x11A8, 0x1104, 0x1167,
    0x11A9, 0x1104, 0x1167,
    0x11AA, 0x1104, 0x1167,
    0x11AB, 0x1104, 0x1167,
    0x11AC, 0x1104, 0x1167,
    0x11AD, 0x1104, 0x1167,
    0x11AE, 0x1104, 0x1167,
    0x11AF, 0x1104, 0x1167,
    0x11B0, 0x1104, 0x1167,
    0x11B1, 0x1104, 0x1167,
    0x11B2, 0x1104, 0x1167,
    0x11B3, 0x1104, 0x1167,
    0x11B4, 0x1104, 0x1167,
    0x11B5, 0x1104, 0x1167,
    0x11B6, 0x1104, 0x1167,
    0x11B7, 0x1104, 0x1167,
    0x11B8, 0x1104, 0x1167,
    0x11B9, 0x1104, 0x1167,
    0x11BA, 0x1104, 0x1167,
    0x11BB, 0x1104, 0x1167,
    0x11BC, 0x1104, 0x1167,
    0x11BD, 0x1104, 0x1167,
    0x11BE, 0x1104, 0x1167,
    0x11BF, 0x1104, 0x1167,
    0x11C0, 0x1104, 0x1167,
    0x11C1, 0x1104, 0x1167,
    0x11C2, 0x1104, 0x1168,
    0x1104, 0x1168, 0x11A8,
    0x1104, 0x1168, 0x11A9,
    0x1104, 0x1168, 0x11AA,
    0x1104, 0x1168, 0x11AB,
    0x1104, 0x1168, 0x11AC,
    0x1104, 0x1168, 0x11AD,
    0x1104, 0x1168, 0x11AE,
    0x1104, 0x1168, 0x11AF,
    0x1104, 0x1168, 0x11B0,
    0x1104, 0x1168, 0x11B1,
    0x1104, 0x1168, 0x11B2,
    0x1104, 0x1168, 0x11B3,
    0x1104, 0x1168, 0x11B4,
    0x1104, 0x1168, 0x11B5,
    0x1104, 0x1168, 0x11B6,
    0x1104, 0x1168, 0x11B7,
    0x1104, 0x1168, 0x11B8,
    0x1104, 0x1168, 0x11B9,
    0x1104, 0x1168, 0x11BA,
    0x1104, 0x1168, 0x11BB,
    0x1104, 0x1168, 0x11BC,
    0x1104, 0x1168, 0x11BD,
    0x1104, 0x1168, 0x11BE,
    0x1104, 0x1168, 0x11BF,
    0x1104, 0x1168, 0x11C0,
    0x1104, 0x1168, 0x11C1,
    0x1104, 0x1168, 0x11C2,
    0x1104, 0x1169, 0x1104,
    0x1169, 0x11A8, 0x1104,
    0x1169, 0x11A9, 0x1104,
    0x1169, 0x11AA, 0x1104,
    0x1169, 0x11AB, 0x1104,
    0x1169, 0x11AC, 0x1104,
    0x1169, 0x11AD, 0x1104,
    0x1169, 0x11AE, 0x1104,
    0x1169, 0x11AF, 0x1104,
    0x1169, 0x11B0, 0x1104,
    0x1169, 0x11B1, 0x1104,
    0x1169, 0x11B2, 0x1104,
    0x1169, 0x11B3, 0x1104,
    0x1169, 0x11B4, 0x1104,
    0x1169, 0x11B5, 0x1104,
    0x1169, 0x11B6, 0x1104,
    0x1169, 0x11B7, 0x1104,
    0x1169, 0x11B8, 0x1104,
    0x1169, 0x11B9, 0x1104,
    0x1169, 0x11BA, 0x1104,
    0x1169, 0x11BB, 0x1104,
    0x1169, 0x11BC, 0x1104,
    0x1169, 0x11BD, 0x1104,
    0x1169, 0x11BE, 0x1104,
    0x1169, 0x11BF, 0x1104,
    0x1169, 0x11C0, 0x1104,
    0x1169, 0x11C1, 0x1104,
    0x1169, 0x11C2, 0x1104,
    0x116A, 0x1104, 0x116A,
    0x11A8, 0x1104, 0x116A,
    0x11A9, 0x1104, 0x116A,
    0x11AA, 0x1104, 0x116A,
    0x11AB, 0x1104, 0x116A,
    0x11AC, 0x1104, 0x116A,
    0x11AD, 0x1104, 0x116A,
    0x11AE, 0x1104, 0x116A,
    0x11AF, 0x1104, 0x116A,
    0x11B0, 0x1104, 0x116A,
    0x11B1, 0x1104, 0x116A,
    0x11B2, 0x1104, 0x116A,
    0x11B3, 0x1104, 0x116A,
    0x11B4, 0x1104, 0x116A,
    0x11B5, 0x1104, 0x116A,
    0x11B6, 0x1104, 0x116A,
    0x11B7, 0x1104, 0x116A,
    0x11B8, 0x1104, 0x116A,
    0x11B9, 0x1104, 0x116A,
    0x11BA, 0x1104, 0x116A,
    0x11BB, 0x1104, 0x116A,
    0x11BC, 0x1104, 0x116A,
    0x11BD, 0x1104, 0x116A,
    0x11BE, 0x1104, 0x116A,
    0x11BF, 0x1104, 0x116A,
    0x11C0, 0x1104, 0x116A,
    0x11C1, 0x1104, 0x116A,
    0x11C2, 0x1104, 0x116B,
    0x1104, 0x116B, 0x11A8,
    0x1104, 0x116B, 0x11A9,
    0x1104, 0x116B, 0x11AA,
    0x1104, 0x116B, 0x11AB,
    0x1104, 0x116B, 0x11AC,
    0x1104, 0x116B, 0x11AD,
    0x1104, 0x116B, 0x11AE,
    0x1104, 0x116B, 0x11AF,
    0x1104, 0x116B, 0x11B0,
    0x1104, 0x116B, 0x11B1,
    0x1104, 0x116B, 0x11B2,
    0x1104, 0x116B, 0x11B3,
    0x1104, 0x116B, 0x11B4,
    0x1104, 0x116B, 0x11B5,
    0x1104, 0x116B, 0x11B6,
    0x1104, 0x116B, 0x11B7,
    0x1104, 0x116B, 0x11B8,
    0x1104, 0x116B, 0x11B9,
    0x1104, 0x116B, 0x11BA,
    0x1104, 0x116B, 0x11BB,
    0x1104, 0x116B, 0x11BC,
    0x1104, 0x116B, 0x11BD,
    0x1104, 0x116B, 0x11BE,
    0x1104, 0x116B, 0x11BF,
    0x1104, 0x116B, 0x11C0,
    0x1104, 0x116B, 0x11C1,
    0x1104, 0x116B, 0x11C2,
    0x1104, 0x116C, 0x1104,
    0x116C, 0x11A8, 0x1104,
    0x116C, 0x11A9, 0x1104,
    0x116C, 0x11AA, 0x1104,
    0x116C, 0x11AB, 0x1104,
    0x116C, 0x11AC, 0x1104,
    0x116C, 0x11AD, 0x1104,
    0x116C, 0x11AE, 0x1104,
    0x116C, 0x11AF, 0x1104,
    0x116C, 0x11B0, 0x1104,
    0x116C, 0x11B1, 0x1104,
    0x116C, 0x11B2, 0x1104,
    0x116C, 0x11B3, 0x1104,
    0x116C, 0x11B4, 0x1104,
    0x116C, 0x11B5, 0x1104,
    0x116C, 0x11B6, 0x1104,
    0x116C, 0x11B7, 0x1104,
    0x116C, 0x11B8, 0x1104,
    0x116C, 0x11B9, 0x1104,
    0x116C, 0x11BA, 0x1104,
    0x116C, 0x11BB, 0x1104,
    0x116C, 0x11BC, 0x1104,
    0x116C, 0x11BD, 0x1104,
    0x116C, 0x11BE, 0x1104,
    0x116C, 0x11BF, 0x1104,
    0x116C, 0x11C0, 0x1104,
    0x116C, 0x11C1, 0x1104,
    0x116C, 0x11C2, 0x1104,
    0x116D, 0x1104, 0x116D,
    0x11A8, 0x1104, 0x116D,
    0x11A9, 0x1104, 0x116D,
    0x11AA, 0x1104, 0x116D,
    0x11AB, 0x1104, 0x116D,
    0x11AC, 0x1104, 0x116D,
    0x11AD, 0x1104, 0x116D,
    0x11AE, 0x1104, 0x116D,
    0x11AF, 0x1104, 0x116D,
    0x11B0, 0x1104, 0x116D,
    0x11B1, 0x1104, 0x116D,
    0x11B2, 0x1104, 0x116D,
    0x11B3, 0x1104, 0x116D,
    0x11B4, 0x1104, 0x116D,
    0x11B5, 0x1104, 0x116D,
    0x11B6, 0x1104, 0x116D,
    0x11B7, 0x1104, 0x116D,
    0x11B8, 0x1104, 0x116D,
    0x11B9, 0x1104, 0x116D,
    0x11BA, 0x1104, 0x116D,
    0x11BB, 0x1104, 0x116D,
    0x11BC, 0x1104, 0x116D,
    0x11BD, 0x1104, 0x116D,
    0x11BE, 0x1104, 0x116D,
    0x11BF, 0x1104, 0x116D,
    0x11C0, 0x1104, 0x116D,
    0x11C1, 0x1104, 0x116D,
    0x11C2, 0x1104, 0x116E,
    0x1104, 0x116E, 0x11A8,
    0x1104, 0x116E, 0x11A9,
    0x1104, 0x116E, 0x11AA,
    0x1104, 0x116E, 0x11AB,
    0x1104, 0x116E, 0x11AC,
    0x1104, 0x116E, 0x11AD,
    0x1104, 0x116E, 0x11AE,
    0x1104, 0x116E, 0x11AF,
    0x1104, 0x116E, 0x11B0,
    0x1104, 0x116E, 0x11B1,
    0x1104, 0x116E, 0x11B2,
    0x1104, 0x116E, 0x11B3,
    0x1104, 0x116E, 0x11B4,
    0x1104, 0x116E, 0x11B5,
    0x1104, 0x116E, 0x11B6,
    0x1104, 0x116E, 0x11B7,
    0x1104, 0x116E, 0x11B8,
    0x1104, 0x116E, 0x11B9,
    0x1104, 0x116E, 0x11BA,
    0x1104, 0x116E, 0x11BB,
    0x1104, 0x116E, 0x11BC,
    0x1104, 0x116E, 0x11BD,
    0x1104, 0x116E, 0x11BE,
    0x1104, 0x116E, 0x11BF,
    0x1104, 0x116E, 0x11C0,
    0x1104, 0x116E, 0x11C1,
    0x1104, 0x116E, 0x11C2,
    0x1104, 0x116F, 0x1104,
    0x116F, 0x11A8, 0x1104,
    0x116F, 0x11A9, 0x1104,
    0x116F, 0x11AA, 0x1104,
    0x116F, 0x11AB, 0x1104,
    0x116F, 0x11AC, 0x1104,
    0x116F, 0x11AD, 0x1104,
    0x116F, 0x11AE, 0x1104,
    0x116F, 0x11AF, 0x1104,
    0x116F, 0x11B0, 0x1104,
    0x116F, 0x11B1, 0x1104,
    0x116F, 0x11B2, 0x1104,
    0x116F, 0x11B3, 0x1104,
    0x116F, 0x11B4, 0x1104,
    0x116F, 0x11B5, 0x1104,
    0x116F, 0x11B6, 0x1104,
    0x116F, 0x11B7, 0x1104,
    0x116F, 0x11B8, 0x1104,
    0x116F, 0x11B9, 0x1104,
    0x116F, 0x11BA, 0x1104,
    0x116F, 0x11BB, 0x1104,
    0x116F, 0x11BC, 0x1104,
    0x116F, 0x11BD, 0x1104,
    0x116F, 0x11BE, 0x1104,
    0x116F, 0x11BF, 0x1104,
    0x116F, 0x11C0, 0x1104,
    0x116F, 0x11C1, 0x1104,
    0x116F, 0x11C2, 0x1104,
    0x1170, 0x1104, 0x1170,
    0x11A8, 0x1104, 0x1170,
    0x11A9, 0x1104, 0x1170,
    0x11AA, 0x1104, 0x1170,
    0x11AB, 0x1104, 0x1170,
    0x11AC, 0x1104, 0x1170,
    0x11AD, 0x1104, 0x1170,
    0x11AE, 0x1104, 0x1170,
    0x11AF, 0x1104, 0x1170,
    0x11B0, 0x1104, 0x1170,
    0x11B1, 0x1104, 0x1170,
    0x11B2, 0x1104, 0x1170,
    0x11B3, 0x1104, 0x1170,
    0x11B4, 0x1104, 0x1170,
    0x11B5, 0x1104, 0x1170,
    0x11B6, 0x1104, 0x1170,
    0x11B7, 0x1104, 0x1170,
    0x11B8, 0x1104, 0x1170,
    0x11B9, 0x1104, 0x1170,
    0x11BA, 0x1104, 0x1170,
    0x11BB, 0x1104, 0x1170,
    0x11BC, 0x1104, 0x1170,
    0x11BD, 0x1104, 0x1170,
    0x11BE, 0x1104, 0x1170,
    0x11BF, 0x1104, 0x1170,
    0x11C0, 0x1104, 0x1170,
    0x11C1, 0x1104, 0x1170,
    0x11C2, 0x1104, 0x1171,
    0x1104, 0x1171, 0x11A8,
    0x1104, 0x1171, 0x11A9,
    0x1104, 0x1171, 0x11AA,
    0x1104, 0x1171, 0x11AB,
    0x1104, 0x1171, 0x11AC,
    0x1104, 0x1171, 0x11AD,
    0x1104, 0x1171, 0x11AE,
    0x1104, 0x1171, 0x11AF,
    0x1104, 0x1171, 0x11B0,
    0x1104, 0x1171, 0x11B1,
    0x1104, 0x1171, 0x11B2,
    0x1104, 0x1171, 0x11B3,
    0x1104, 0x1171, 0x11B4,
    0x1104, 0x1171, 0x11B5,
    0x1104, 0x1171, 0x11B6,
    0x1104, 0x1171, 0x11B7,
    0x1104, 0x1171, 0x11B8,
    0x1104, 0x1171, 0x11B9,
    0x1104, 0x1171, 0x11BA,
    0x1104, 0x1171, 0x11BB,
    0x1104, 0x1171, 0x11BC,
    0x1104, 0x1171, 0x11BD,
    0x1104, 0x1171, 0x11BE,
    0x1104, 0x1171, 0x11BF,
    0x1104, 0x1171, 0x11C0,
    0x1104, 0x1171, 0x11C1,
    0x1104, 0x1171, 0x11C2,
    0x1104, 0x1172, 0x1104,
    0x1172, 0x11A8, 0x1104,
    0x1172, 0x11A9, 0x1104,
    0x1172, 0x11AA, 0x1104,
    0x1172, 0x11AB, 0x1104,
    0x1172, 0x11AC, 0x1104,
    0x1172, 0x11AD, 0x1104,
    0x1172, 0x11AE, 0x1104,
    0x1172, 0x11AF, 0x1104,
    0x1172, 0x11B0, 0x1104,
    0x1172, 0x11B1, 0x1104,
    0x1172, 0x11B2, 0x1104,
    0x1172, 0x11B3, 0x1104,
    0x1172, 0x11B4, 0x1104,
    0x1172, 0x11B5, 0x1104,
    0x1172, 0x11B6, 0x1104,
    0x1172, 0x11B7, 0x1104,
    0x1172, 0x11B8, 0x1104,
    0x1172, 0x11B9, 0x1104,
    0x1172, 0x11BA, 0x1104,
    0x1172, 0x11BB, 0x1104,
    0x1172, 0x11BC, 0x1104,
    0x1172, 0x11BD, 0x1104,
    0x1172, 0x11BE, 0x1104,
    0x1172, 0x11BF, 0x1104,
    0x1172, 0x11C0, 0x1104,
    0x1172, 0x11C1, 0x1104,
    0x1172, 0x11C2, 0x1104,
    0x1173, 0x1104, 0x1173,
    0x11A8, 0x1104, 0x1173,
    0x11A9, 0x1104, 0x1173,
    0x11AA, 0x1104, 0x1173,
    0x11AB, 0x1104, 0x1173,
    0x11AC, 0x1104, 0x1173,
    0x11AD, 0x1104, 0x1173,
    0x11AE, 0x1104, 0x1173,
    0x11AF, 0x1104, 0x1173,
    0x11B0, 0x1104, 0x1173,
    0x11B1, 0x1104, 0x1173,
    0x11B2, 0x1104, 0x1173,
    0x11B3, 0x1104, 0x1173,
    0x11B4, 0x1104, 0x1173,
    0x11B5, 0x1104, 0x1173,
    0x11B6, 0x1104, 0x1173,
    0x11B7, 0x1104, 0x1173,
    0x11B8, 0x1104, 0x1173,
    0x11B9, 0x1104, 0x1173,
    0x11BA, 0x1104, 0x1173,
    0x11BB, 0x1104, 0x1173,
    0x11BC, 0x1104, 0x1173,
    0x11BD, 0x1104, 0x1173,
    0x11BE, 0x1104, 0x1173,
    0x11BF, 0x1104, 0x1173,
    0x11C0, 0x1104, 0x1173,
    0x11C1, 0x1104, 0x1173,
    0x11C2, 0x1104, 0x1174,
    0x1104, 0x1174, 0x11A8,
    0x1104, 0x1174, 0x11A9,
    0x1104, 0x1174, 0x11AA,
    0x1104, 0x1174, 0x11AB,
    0x1104, 0x1174, 0x11AC,
    0x1104, 0x1174, 0x11AD,
    0x1104, 0x1174, 0x11AE,
    0x1104, 0x1174, 0x11AF,
    0x1104, 0x1174, 0x11B0,
    0x1104, 0x1174, 0x11B1,
    0x1104, 0x1174, 0x11B2,
    0x1104, 0x1174, 0x11B3,
    0x1104, 0x1174, 0x11B4,
    0x1104, 0x1174, 0x11B5,
    0x1104, 0x1174, 0x11B6,
    0x1104, 0x1174, 0x11B7,
    0x1104, 0x1174, 0x11B8,
    0x1104, 0x1174, 0x11B9,
    0x1104, 0x1174, 0x11BA,
    0x1104, 0x1174, 0x11BB,
    0x1104, 0x1174, 0x11BC,
    0x1104, 0x1174, 0x11BD,
    0x1104, 0x1174, 0x11BE,
    0x1104, 0x1174, 0x11BF,
    0x1104, 0x1174, 0x11C0,
    0x1104, 0x1174, 0x11C1,
    0x1104, 0x1174, 0x11C2,
    0x1104, 0x1175, 0x1104,
    0x1175, 0x11A8, 0x1104,
    0x1175, 0x11A9, 0x1104,
    0x1175, 0x11AA, 0x1104,
    0x1175, 0x11AB, 0x1104,
    0x1175, 0x11AC, 0x1104,
    0x1175, 0x11AD, 0x1104,
    0x1175, 0x11AE, 0x1104,
    0x1175, 0x11AF, 0x1104,
    0x1175, 0x11B0, 0x1104,
    0x1175, 0x11B1, 0x1104,
    0x1175, 0x11B2, 0x1104,
    0x1175, 0x11B3, 0x1104,
    0x1175, 0x11B4, 0x1104,
    0x1175, 0x11B5, 0x1104,
    0x1175, 0x11B6, 0x1104,
    0x1175, 0x11B7, 0x1104,
    0x1175, 0x11B8, 0x1104,
    0x1175, 0x11B9, 0x1104,
    0x1175, 0x11BA, 0x1104,
    0x1175, 0x11BB, 0x1104,
    0x1175, 0x11BC, 0x1104,
    0x1175, 0x11BD, 0x1104,
    0x1175, 0x11BE, 0x1104,
    0x1175, 0x11BF, 0x1104,
    0x1175, 0x11C0, 0x1104,
    0x1175, 0x11C1, 0x1104,
    0x1175, 0x11C2, 0x1105,
    0x1161, 0x1105, 0x1161,
    0x11A8, 0x1105, 0x1161,
    0x11A9, 0x1105, 0x1161,
    0x11AA, 0x1105, 0x1161,
    0x11AB, 0x1105, 0x1161,
    0x11AC, 0x1105, 0x1161,
    0x11AD, 0x1105, 0x1161,
    0x11AE, 0x1105, 0x1161,
    0x11AF, 0x1105, 0x1161,
    0x11B0, 0x1105, 0x1161,
    0x11B1, 0x1105, 0x1161,
    0x11B2, 0x1105, 0x1161,
    0x11B3, 0x1105, 0x1161,
    0x11B4, 0x1105, 0x1161,
    0x11B5, 0x1105, 0x1161,
    0x11B6, 0x1105, 0x1161,
    0x11B7, 0x1105, 0x1161,
    0x11B8, 0x1105, 0x1161,
    0x11B9, 0x1105, 0x1161,
    0x11BA, 0x1105, 0x1161,
    0x11BB, 0x1105, 0x1161,
    0x11BC, 0x1105, 0x1161,
    0x11BD, 0x1105, 0x1161,
    0x11BE, 0x1105, 0x1161,
    0x11BF, 0x1105, 0x1161,
    0x11C0, 0x1105, 0x1161,
    0x11C1, 0x1105, 0x1161,
    0x11C2, 0x1105, 0x1162,
    0x1105, 0x1162, 0x11A8,
    0x1105, 0x1162, 0x11A9,
    0x1105, 0x1162, 0x11AA,
    0x1105, 0x1162, 0x11AB,
    0x1105, 0x1162, 0x11AC,
    0x1105, 0x1162, 0x11AD,
    0x1105, 0x1162, 0x11AE,
    0x1105, 0x1162, 0x11AF,
    0x1105, 0x1162, 0x11B0,
    0x1105, 0x1162, 0x11B1,
    0x1105, 0x1162, 0x11B2,
    0x1105, 0x1162, 0x11B3,
    0x1105, 0x1162, 0x11B4,
    0x1105, 0x1162, 0x11B5,
    0x1105, 0x1162, 0x11B6,
    0x1105, 0x1162, 0x11B7,
    0x1105, 0x1162, 0x11B8,
    0x1105, 0x1162, 0x11B9,
    0x1105, 0x1162, 0x11BA,
    0x1105, 0x1162, 0x11BB,
    0x1105, 0x1162, 0x11BC,
    0x1105, 0x1162, 0x11BD,
    0x1105, 0x1162, 0x11BE,
    0x1105, 0x1162, 0x11BF,
    0x1105, 0x1162, 0x11C0,
    0x1105, 0x1162, 0x11C1,
    0x1105, 0x1162, 0x11C2,
    0x1105, 0x1163, 0x1105,
    0x1163, 0x11A8, 0x1105,
    0x1163, 0x11A9, 0x1105,
    0x1163, 0x11AA, 0x1105,
    0x1163, 0x11AB, 0x1105,
    0x1163, 0x11AC, 0x1105,
    0x1163, 0x11AD, 0x1105,
    0x1163, 0x11AE, 0x1105,
    0x1163, 0x11AF, 0x1105,
    0x1163, 0x11B0, 0x1105,
    0x1163, 0x11B1, 0x1105,
    0x1163, 0x11B2, 0x1105,
    0x1163, 0x11B3, 0x1105,
    0x1163, 0x11B4, 0x1105,
    0x1163, 0x11B5, 0x1105,
    0x1163, 0x11B6, 0x1105,
    0x1163, 0x11B7, 0x1105,
    0x1163, 0x11B8, 0x1105,
    0x1163, 0x11B9, 0x1105,
    0x1163, 0x11BA, 0x1105,
    0x1163, 0x11BB, 0x1105,
    0x1163, 0x11BC, 0x1105,
    0x1163, 0x11BD, 0x1105,
    0x1163, 0x11BE, 0x1105,
    0x1163, 0x11BF, 0x1105,
    0x1163, 0x11C0, 0x1105,
    0x1163, 0x11C1, 0x1105,
    0x1163, 0x11C2, 0x1105,
    0x1164, 0x1105, 0x1164,
    0x11A8, 0x1105, 0x1164,
    0x11A9, 0x1105, 0x1164,
    0x11AA, 0x1105, 0x1164,
    0x11AB, 0x1105, 0x1164,
    0x11AC, 0x1105, 0x1164,
    0x11AD, 0x1105, 0x1164,
    0x11AE, 0x1105, 0x1164,
    0x11AF, 0x1105, 0x1164,
    0x11B0, 0x1105, 0x1164,
    0x11B1, 0x1105, 0x1164,
    0x11B2, 0x1105, 0x1164,
    0x11B3, 0x1105, 0x1164,
    0x11B4, 0x1105, 0x1164,
    0x11B5, 0x1105, 0x1164,
    0x11B6, 0x1105, 0x1164,
    0x11B7, 0x1105, 0x1164,
    0x11B8, 0x1105, 0x1164,
    0x11B9, 0x1105, 0x1164,
    0x11BA, 0x1105, 0x1164,
    0x11BB, 0x1105, 0x1164,
    0x11BC, 0x1105, 0x1164,
    0x11BD, 0x1105, 0x1164,
    0x11BE, 0x1105, 0x1164,
    0x11BF, 0x1105, 0x1164,
    0x11C0, 0x1105, 0x1164,
    0x11C1, 0x1105, 0x1164,
    0x11C2, 0x1105, 0x1165,
    0x1105, 0x1165, 0x11A8,
    0x1105, 0x1165, 0x11A9,
    0x1105, 0x1165, 0x11AA,
    0x1105, 0x1165, 0x11AB,
    0x1105, 0x1165, 0x11AC,
    0x1105, 0x1165, 0x11AD,
    0x1105, 0x1165, 0x11AE,
    0x1105, 0x1165, 0x11AF,
    0x1105, 0x1165, 0x11B0,
    0x1105, 0x1165, 0x11B1,
    0x1105, 0x1165, 0x11B2,
    0x1105, 0x1165, 0x11B3,
    0x1105, 0x1165, 0x11B4,
    0x1105, 0x1165, 0x11B5,
    0x1105, 0x1165, 0x11B6,
    0x1105, 0x1165, 0x11B7,
    0x1105, 0x1165, 0x11B8,
    0x1105, 0x1165, 0x11B9,
    0x1105, 0x1165, 0x11BA,
    0x1105, 0x1165, 0x11BB,
    0x1105, 0x1165, 0x11BC,
    0x1105, 0x1165, 0x11BD,
    0x1105, 0x1165, 0x11BE,
    0x1105, 0x1165, 0x11BF,
    0x1105, 0x1165, 0x11C0,
    0x1105, 0x1165, 0x11C1,
    0x1105, 0x1165, 0x11C2,
    0x1105, 0x1166, 0x1105,
    0x1166, 0x11A8, 0x1105,
    0x1166, 0x11A9, 0x1105,
    0x1166, 0x11AA, 0x1105,
    0x1166, 0x11AB, 0x1105,
    0x1166, 0x11AC, 0x1105,
    0x1166, 0x11AD, 0x1105,
    0x1166, 0x11AE, 0x1105,
    0x1166, 0x11AF, 0x1105,
    0x1166, 0x11B0, 0x1105,
    0x1166, 0x11B1, 0x1105,
    0x1166, 0x11B2, 0x1105,
    0x1166, 0x11B3, 0x1105,
    0x1166, 0x11B4, 0x1105,
    0x1166, 0x11B5, 0x1105,
    0x1166, 0x11B6, 0x1105,
    0x1166, 0x11B7, 0x1105,
    0x1166, 0x11B8, 0x1105,
    0x1166, 0x11B9, 0x1105,
    0x1166, 0x11BA, 0x1105,
    0x1166, 0x11BB, 0x1105,
    0x1166, 0x11BC, 0x1105,
    0x1166, 0x11BD, 0x1105,
    0x1166, 0x11BE, 0x1105,
    0x1166, 0x11BF, 0x1105,
    0x1166, 0x11C0, 0x1105,
    0x1166, 0x11C1, 0x1105,
    0x1166, 0x11C2, 0x1105,
    0x1167, 0x1105, 0x1167,
    0x11A8, 0x1105, 0x1167,
    0x11A9, 0x1105, 0x1167,
    0x11AA, 0x1105, 0x1167,
    0x11AB, 0x1105, 0x1167,
    0x11AC, 0x1105, 0x1167,
    0x11AD, 0x1105, 0x1167,
    0x11AE, 0x1105, 0x1167,
    0x11AF, 0x1105, 0x1167,
    0x11B0, 0x1105, 0x1167,
    0x11B1, 0x1105, 0x1167,
    0x11B2, 0x1105, 0x1167,
    0x11B3, 0x1105, 0x1167,
    0x11B4, 0x1105, 0x1167,
    0x11B5, 0x1105, 0x1167,
    0x11B6, 0x1105, 0x1167,
    0x11B7, 0x1105, 0x1167,
    0x11B8, 0x1105, 0x1167,
    0x11B9, 0x1105, 0x1167,
    0x11BA, 0x1105, 0x1167,
    0x11BB, 0x1105, 0x1167,
    0x11BC, 0x1105, 0x1167,
    0x11BD, 0x1105, 0x1167,
    0x11BE, 0x1105, 0x1167,
    0x11BF, 0x1105, 0x1167,
    0x11C0, 0x1105, 0x1167,
    0x11C1, 0x1105, 0x1167,
    0x11C2, 0x1105, 0x1168,
    0x1105, 0x1168, 0x11A8,
    0x1105, 0x1168, 0x11A9,
    0x1105, 0x1168, 0x11AA,
    0x1105, 0x1168, 0x11AB,
    0x1105, 0x1168, 0x11AC,
    0x1105, 0x1168, 0x11AD,
    0x1105, 0x1168, 0x11AE,
    0x1105, 0x1168, 0x11AF,
    0x1105, 0x1168, 0x11B0,
    0x1105, 0x1168, 0x11B1,
    0x1105, 0x1168, 0x11B2,
    0x1105, 0x1168, 0x11B3,
    0x1105, 0x1168, 0x11B4,
    0x1105, 0x1168, 0x11B5,
    0x1105, 0x1168, 0x11B6,
    0x1105, 0x1168, 0x11B7,
    0x1105, 0x1168, 0x11B8,
    0x1105, 0x1168, 0x11B9,
    0x1105, 0x1168, 0x11BA,
    0x1105, 0x1168, 0x11BB,
    0x1105, 0x1168, 0x11BC,
    0x1105, 0x1168, 0x11BD,
    0x1105, 0x1168, 0x11BE,
    0x1105, 0x1168, 0x11BF,
    0x1105, 0x1168, 0x11C0,
    0x1105, 0x1168, 0x11C1,
    0x1105, 0x1168, 0x11C2,
    0x1105, 0x1169, 0x1105,
    0x1169, 0x11A8, 0x1105,
    0x1169, 0x11A9, 0x1105,
    0x1169, 0x11AA, 0x1105,
    0x1169, 0x11AB, 0x1105,
    0x1169, 0x11AC, 0x1105,
    0x1169, 0x11AD, 0x1105,
    0x1169, 0x11AE, 0x1105,
    0x1169, 0x11AF, 0x1105,
    0x1169, 0x11B0, 0x1105,
    0x1169, 0x11B1, 0x1105,
    0x1169, 0x11B2, 0x1105,
    0x1169, 0x11B3, 0x1105,
    0x1169, 0x11B4, 0x1105,
    0x1169, 0x11B5, 0x1105,
    0x1169, 0x11B6, 0x1105,
    0x1169, 0x11B7, 0x1105,
    0x1169, 0x11B8, 0x1105,
    0x1169, 0x11B9, 0x1105,
    0x1169, 0x11BA, 0x1105,
    0x1169, 0x11BB, 0x1105,
    0x1169, 0x11BC, 0x1105,
    0x1169, 0x11BD, 0x1105,
    0x1169, 0x11BE, 0x1105,
    0x1169, 0x11BF, 0x1105,
    0x1169, 0x11C0, 0x1105,
    0x1169, 0x11C1, 0x1105,
    0x1169, 0x11C2, 0x1105,
    0x116A, 0x1105, 0x116A,
    0x11A8, 0x1105, 0x116A,
    0x11A9, 0x1105, 0x116A,
    0x11AA, 0x1105, 0x116A,
    0x11AB, 0x1105, 0x116A,
    0x11AC, 0x1105, 0x116A,
    0x11AD, 0x1105, 0x116A,
    0x11AE, 0x1105, 0x116A,
    0x11AF, 0x1105, 0x116A,
    0x11B0, 0x1105, 0x116A,
    0x11B1, 0x1105, 0x116A,
    0x11B2, 0x1105, 0x116A,
    0x11B3, 0x1105, 0x116A,
    0x11B4, 0x1105, 0x116A,
    0x11B5, 0x1105, 0x116A,
    0x11B6, 0x1105, 0x116A,
    0x11B7, 0x1105, 0x116A,
    0x11B8, 0x1105, 0x116A,
    0x11B9, 0x1105, 0x116A,
    0x11BA, 0x1105, 0x116A,
    0x11BB, 0x1105, 0x116A,
    0x11BC, 0x1105, 0x116A,
    0x11BD, 0x1105, 0x116A,
    0x11BE, 0x1105, 0x116A,
    0x11BF, 0x1105, 0x116A,
    0x11C0, 0x1105, 0x116A,
    0x11C1, 0x1105, 0x116A,
    0x11C2, 0x1105, 0x116B,
    0x1105, 0x116B, 0x11A8,
    0x1105, 0x116B, 0x11A9,
    0x1105, 0x116B, 0x11AA,
    0x1105, 0x116B, 0x11AB,
    0x1105, 0x116B, 0x11AC,
    0x1105, 0x116B, 0x11AD,
    0x1105, 0x116B, 0x11AE,
    0x1105, 0x116B, 0x11AF,
    0x1105, 0x116B, 0x11B0,
    0x1105, 0x116B, 0x11B1,
    0x1105, 0x116B, 0x11B2,
    0x1105, 0x116B, 0x11B3,
    0x1105, 0x116B, 0x11B4,
    0x1105, 0x116B, 0x11B5,
    0x1105, 0x116B, 0x11B6,
    0x1105, 0x116B, 0x11B7,
    0x1105, 0x116B, 0x11B8,
    0x1105, 0x116B, 0x11B9,
    0x1105, 0x116B, 0x11BA,
    0x1105, 0x116B, 0x11BB,
    0x1105, 0x116B, 0x11BC,
    0x1105, 0x116B, 0x11BD,
    0x1105, 0x116B, 0x11BE,
    0x1105, 0x116B, 0x11BF,
    0x1105, 0x116B, 0x11C0,
    0x1105, 0x116B, 0x11C1,
    0x1105, 0x116B, 0x11C2,
    0x1105, 0x116C, 0x1105,
    0x116C, 0x11A8, 0x1105,
    0x116C, 0x11A9, 0x1105,
    0x116C, 0x11AA, 0x1105,
    0x116C, 0x11AB, 0x1105,
    0x116C, 0x11AC, 0x1105,
    0x116C, 0x11AD, 0x1105,
    0x116C, 0x11AE, 0x1105,
    0x116C, 0x11AF, 0x1105,
    0x116C, 0x11B0, 0x1105,
    0x116C, 0x11B1, 0x1105,
    0x116C, 0x11B2, 0x1105,
    0x116C, 0x11B3, 0x1105,
    0x116C, 0x11B4, 0x1105,
    0x116C, 0x11B5, 0x1105,
    0x116C, 0x11B6, 0x1105,
    0x116C, 0x11B7, 0x1105,
    0x116C, 0x11B8, 0x1105,
    0x116C, 0x11B9, 0x1105,
    0x116C, 0x11BA, 0x1105,
    0x116C, 0x11BB, 0x1105,
    0x116C, 0x11BC, 0x1105,
    0x116C, 0x11BD, 0x1105,
    0x116C, 0x11BE, 0x1105,
    0x116C, 0x11BF, 0x1105,
    0x116C, 0x11C0, 0x1105,
    0x116C, 0x11C1, 0x1105,
    0x116C, 0x11C2, 0x1105,
    0x116D, 0x1105, 0x116D,
    0x11A8, 0x1105, 0x116D,
    0x11A9, 0x1105, 0x116D,
    0x11AA, 0x1105, 0x116D,
    0x11AB, 0x1105, 0x116D,
    0x11AC, 0x1105, 0x116D,
    0x11AD, 0x1105, 0x116D,
    0x11AE, 0x1105, 0x116D,
    0x11AF, 0x1105, 0x116D,
    0x11B0, 0x1105, 0x116D,
    0x11B1, 0x1105, 0x116D,
    0x11B2, 0x1105, 0x116D,
    0x11B3, 0x1105, 0x116D,
    0x11B4, 0x1105, 0x116D,
    0x11B5, 0x1105, 0x116D,
    0x11B6, 0x1105, 0x116D,
    0x11B7, 0x1105, 0x116D,
    0x11B8, 0x1105, 0x116D,
    0x11B9, 0x1105, 0x116D,
    0x11BA, 0x1105, 0x116D,
    0x11BB, 0x1105, 0x116D,
    0x11BC, 0x1105, 0x116D,
    0x11BD, 0x1105, 0x116D,
    0x11BE, 0x1105, 0x116D,
    0x11BF, 0x1105, 0x116D,
    0x11C0, 0x1105, 0x116D,
    0x11C1, 0x1105, 0x116D,
    0x11C2, 0x1105, 0x116E,
    0x1105, 0x116E, 0x11A8,
    0x1105, 0x116E, 0x11A9,
    0x1105, 0x116E, 0x11AA,
    0x1105, 0x116E, 0x11AB,
    0x1105, 0x116E, 0x11AC,
    0x1105, 0x116E, 0x11AD,
    0x1105, 0x116E, 0x11AE,
    0x1105, 0x116E, 0x11AF,
    0x1105, 0x116E, 0x11B0,
    0x1105, 0x116E, 0x11B1,
    0x1105, 0x116E, 0x11B2,
    0x1105, 0x116E, 0x11B3,
    0x1105, 0x116E, 0x11B4,
    0x1105, 0x116E, 0x11B5,
    0x1105, 0x116E, 0x11B6,
    0x1105, 0x116E, 0x11B7,
    0x1105, 0x116E, 0x11B8,
    0x1105, 0x116E, 0x11B9,
    0x1105, 0x116E, 0x11BA,
    0x1105, 0x116E, 0x11BB,
    0x1105, 0x116E, 0x11BC,
    0x1105, 0x116E, 0x11BD,
    0x1105, 0x116E, 0x11BE,
    0x1105, 0x116E, 0x11BF,
    0x1105, 0x116E, 0x11C0,
    0x1105, 0x116E, 0x11C1,
    0x1105, 0x116E, 0x11C2,
    0x1105, 0x116F, 0x1105,
    0x116F, 0x11A8, 0x1105,
    0x116F, 0x11A9, 0x1105,
    0x116F, 0x11AA, 0x1105,
    0x116F, 0x11AB, 0x1105,
    0x116F, 0x11AC, 0x1105,
    0x116F, 0x11AD, 0x1105,
    0x116F, 0x11AE, 0x1105,
    0x116F, 0x11AF, 0x1105,
    0x116F, 0x11B0, 0x1105,
    0x116F, 0x11B1, 0x1105,
    0x116F, 0x11B2, 0x1105,
    0x116F, 0x11B3, 0x1105,
    0x116F, 0x11B4, 0x1105,
    0x116F, 0x11B5, 0x1105,
    0x116F, 0x11B6, 0x1105,
    0x116F, 0x11B7, 0x1105,
    0x116F, 0x11B8, 0x1105,
    0x116F, 0x11B9, 0x1105,
    0x116F, 0x11BA, 0x1105,
    0x116F, 0x11BB, 0x1105,
    0x116F, 0x11BC, 0x1105,
    0x116F, 0x11BD, 0x1105,
    0x116F, 0x11BE, 0x1105,
    0x116F, 0x11BF, 0x1105,
    0x116F, 0x11C0, 0x1105,
    0x116F, 0x11C1, 0x1105,
    0x116F, 0x11C2, 0x1105,
    0x1170, 0x1105, 0x1170,
    0x11A8, 0x1105, 0x1170,
    0x11A9, 0x1105, 0x1170,
    0x11AA, 0x1105, 0x1170,
    0x11AB, 0x1105, 0x1170,
    0x11AC, 0x1105, 0x1170,
    0x11AD, 0x1105, 0x1170,
    0x11AE, 0x1105, 0x1170,
    0x11AF, 0x1105, 0x1170,
    0x11B0, 0x1105, 0x1170,
    0x11B1, 0x1105, 0x1170,
    0x11B2, 0x1105, 0x1170,
    0x11B3, 0x1105, 0x1170,
    0x11B4, 0x1105, 0x1170,
    0x11B5, 0x1105, 0x1170,
    0x11B6, 0x1105, 0x1170,
    0x11B7, 0x1105, 0x1170,
    0x11B8, 0x1105, 0x1170,
    0x11B9, 0x1105, 0x1170,
    0x11BA, 0x1105, 0x1170,
    0x11BB, 0x1105, 0x1170,
    0x11BC, 0x1105, 0x1170,
    0x11BD, 0x1105, 0x1170,
    0x11BE, 0x1105, 0x1170,
    0x11BF, 0x1105, 0x1170,
    0x11C0, 0x1105, 0x1170,
    0x11C1, 0x1105, 0x1170,
    0x11C2, 0x1105, 0x1171,
    0x1105, 0x1171, 0x11A8,
    0x1105, 0x1171, 0x11A9,
    0x1105, 0x1171, 0x11AA,
    0x1105, 0x1171, 0x11AB,
    0x1105, 0x1171, 0x11AC,
    0x1105, 0x1171, 0x11AD,
    0x1105, 0x1171, 0x11AE,
    0x1105, 0x1171, 0x11AF,
    0x1105, 0x1171, 0x11B0,
    0x1105, 0x1171, 0x11B1,
    0x1105, 0x1171, 0x11B2,
    0x1105, 0x1171, 0x11B3,
    0x1105, 0x1171, 0x11B4,
    0x1105, 0x1171, 0x11B5,
    0x1105, 0x1171, 0x11B6,
    0x1105, 0x1171, 0x11B7,
    0x1105, 0x1171, 0x11B8,
    0x1105, 0x1171, 0x11B9,
    0x1105, 0x1171, 0x11BA,
    0x1105, 0x1171, 0x11BB,
    0x1105, 0x1171, 0x11BC,
    0x1105, 0x1171, 0x11BD,
    0x1105, 0x1171, 0x11BE,
    0x1105, 0x1171, 0x11BF,
    0x1105, 0x1171, 0x11C0,
    0x1105, 0x1171, 0x11C1,
    0x1105, 0x1171, 0x11C2,
    0x1105, 0x1172, 0x1105,
    0x1172, 0x11A8, 0x1105,
    0x1172, 0x11A9, 0x1105,
    0x1172, 0x11AA, 0x1105,
    0x1172, 0x11AB, 0x1105,
    0x1172, 0x11AC, 0x1105,
    0x1172, 0x11AD, 0x1105,
    0x1172, 0x11AE, 0x1105,
    0x1172, 0x11AF, 0x1105,
    0x1172, 0x11B0, 0x1105,
    0x1172, 0x11B1, 0x1105,
    0x1172, 0x11B2, 0x1105,
    0x1172, 0x11B3, 0x1105,
    0x1172, 0x11B4, 0x1105,
    0x1172, 0x11B5, 0x1105,
    0x1172, 0x11B6, 0x1105,
    0x1172, 0x11B7, 0x1105,
    0x1172, 0x11B8, 0x1105,
    0x1172, 0x11B9, 0x1105,
    0x1172, 0x11BA, 0x1105,
    0x1172, 0x11BB, 0x1105,
    0x1172, 0x11BC, 0x1105,
    0x1172, 0x11BD, 0x1105,
    0x1172, 0x11BE, 0x1105,
    0x1172, 0x11BF, 0x1105,
    0x1172, 0x11C0, 0x1105,
    0x1172, 0x11C1, 0x1105,
    0x1172, 0x11C2, 0x1105,
    0x1173, 0x1105, 0x1173,
    0x11A8, 0x1105, 0x1173,
    0x11A9, 0x1105, 0x1173,
    0x11AA, 0x1105, 0x1173,
    0x11AB, 0x1105, 0x1173,
    0x11AC, 0x1105, 0x1173,
    0x11AD, 0x1105, 0x1173,
    0x11AE, 0x1105, 0x1173,
    0x11AF, 0x1105, 0x1173,
    0x11B0, 0x1105, 0x1173,
    0x11B1, 0x1105, 0x1173,
    0x11B2, 0x1105, 0x1173,
    0x11B3, 0x1105, 0x1173,
    0x11B4, 0x1105, 0x1173,
    0x11B5, 0x1105, 0x1173,
    0x11B6, 0x1105, 0x1173,
    0x11B7, 0x1105, 0x1173,
    0x11B8, 0x1105, 0x1173,
    0x11B9, 0x1105, 0x1173,
    0x11BA, 0x1105, 0x1173,
    0x11BB, 0x1105, 0x1173,
    0x11BC, 0x1105, 0x1173,
    0x11BD, 0x1105, 0x1173,
    0x11BE, 0x1105, 0x1173,
    0x11BF, 0x1105, 0x1173,
    0x11C0, 0x1105, 0x1173,
    0x11C1, 0x1105, 0x1173,
    0x11C2, 0x1105, 0x1174,
    0x1105, 0x1174, 0x11A8,
    0x1105, 0x1174, 0x11A9,
    0x1105, 0x1174, 0x11AA,
    0x1105, 0x1174, 0x11AB,
    0x1105, 0x1174, 0x11AC,
    0x1105, 0x1174, 0x11AD,
    0x1105, 0x1174, 0x11AE,
    0x1105, 0x1174, 0x11AF,
    0x1105, 0x1174, 0x11B0,
    0x1105, 0x1174, 0x11B1,
    0x1105, 0x1174, 0x11B2,
    0x1105, 0x1174, 0x11B3,
    0x1105, 0x1174, 0x11B4,
    0x1105, 0x1174, 0x11B5,
    0x1105, 0x1174, 0x11B6,
    0x1105, 0x1174, 0x11B7,
    0x1105, 0x1174, 0x11B8,
    0x1105, 0x1174, 0x11B9,
    0x1105, 0x1174, 0x11BA,
    0x1105, 0x1174, 0x11BB,
    0x1105, 0x1174, 0x11BC,
    0x1105, 0x1174, 0x11BD,
    0x1105, 0x1174, 0x11BE,
    0x1105, 0x1174, 0x11BF,
    0x1105, 0x1174, 0x11C0,
    0x1105, 0x1174, 0x11C1,
    0x1105, 0x1174, 0x11C2,
    0x1105, 0x1175, 0x1105,
    0x1175, 0x11A8, 0x1105,
    0x1175, 0x11A9, 0x1105,
    0x1175, 0x11AA, 0x1105,
    0x1175, 0x11AB, 0x1105,
    0x1175, 0x11AC, 0x1105,
    0x1175, 0x11AD, 0x1105,
    0x1175, 0x11AE, 0x1105,
    0x1175, 0x11AF, 0x1105,
    0x1175, 0x11B0, 0x1105,
    0x1175, 0x11B1, 0x1105,
    0x1175, 0x11B2, 0x1105,
    0x1175, 0x11B3, 0x1105,
    0x1175, 0x11B4, 0x1105,
    0x1175, 0x11B5, 0x1105,
    0x1175, 0x11B6, 0x1105,
    0x1175, 0x11B7, 0x1105,
    0x1175, 0x11B8, 0x1105,
    0x1175, 0x11B9, 0x1105,
    0x1175, 0x11BA, 0x1105,
    0x1175, 0x11BB, 0x1105,
    0x1175, 0x11BC, 0x1105,
    0x1175, 0x11BD, 0x1105,
    0x1175, 0x11BE, 0x1105,
    0x1175, 0x11BF, 0x1105,
    0x1175, 0x11C0, 0x1105,
    0x1175, 0x11C1, 0x1105,
    0x1175, 0x11C2, 0x1106,
    0x1161, 0x1106, 0x1161,
    0x11A8, 0x1106, 0x1161,
    0x11A9, 0x1106, 0x1161,
    0x11AA, 0x1106, 0x1161,
    0x11AB, 0x1106, 0x1161,
    0x11AC, 0x1106, 0x1161,
    0x11AD, 0x1106, 0x1161,
    0x11AE, 0x1106, 0x1161,
    0x11AF, 0x1106, 0x1161,
    0x11B0, 0x1106, 0x1161,
    0x11B1, 0x1106, 0x1161,
    0x11B2, 0x1106, 0x1161,
    0x11B3, 0x1106, 0x1161,
    0x11B4, 0x1106, 0x1161,
    0x11B5, 0x1106, 0x1161,
    0x11B6, 0x1106, 0x1161,
    0x11B7, 0x1106, 0x1161,
    0x11B8, 0x1106, 0x1161,
    0x11B9, 0x1106, 0x1161,
    0x11BA, 0x1106, 0x1161,
    0x11BB, 0x1106, 0x1161,
    0x11BC, 0x1106, 0x1161,
    0x11BD, 0x1106, 0x1161,
    0x11BE, 0x1106, 0x1161,
    0x11BF, 0x1106, 0x1161,
    0x11C0, 0x1106, 0x1161,
    0x11C1, 0x1106, 0x1161,
    0x11C2, 0x1106, 0x1162,
    0x1106, 0x1162, 0x11A8,
    0x1106, 0x1162, 0x11A9,
    0x1106, 0x1162, 0x11AA,
    0x1106, 0x1162, 0x11AB,
    0x1106, 0x1162, 0x11AC,
    0x1106, 0x1162, 0x11AD,
    0x1106, 0x1162, 0x11AE,
    0x1106, 0x1162, 0x11AF,
    0x1106, 0x1162, 0x11B0,
    0x1106, 0x1162, 0x11B1,
    0x1106, 0x1162, 0x11B2,
    0x1106, 0x1162, 0x11B3,
    0x1106, 0x1162, 0x11B4,
    0x1106, 0x1162, 0x11B5,
    0x1106, 0x1162, 0x11B6,
    0x1106, 0x1162, 0x11B7,
    0x1106, 0x1162, 0x11B8,
    0x1106, 0x1162, 0x11B9,
    0x1106, 0x1162, 0x11BA,
    0x1106, 0x1162, 0x11BB,
    0x1106, 0x1162, 0x11BC,
    0x1106, 0x1162, 0x11BD,
    0x1106, 0x1162, 0x11BE,
    0x1106, 0x1162, 0x11BF,
    0x1106, 0x1162, 0x11C0,
    0x1106, 0x1162, 0x11C1,
    0x1106, 0x1162, 0x11C2,
    0x1106, 0x1163, 0x1106,
    0x1163, 0x11A8, 0x1106,
    0x1163, 0x11A9, 0x1106,
    0x1163, 0x11AA, 0x1106,
    0x1163, 0x11AB, 0x1106,
    0x1163, 0x11AC, 0x1106,
    0x1163, 0x11AD, 0x1106,
    0x1163, 0x11AE, 0x1106,
    0x1163, 0x11AF, 0x1106,
    0x1163, 0x11B0, 0x1106,
    0x1163, 0x11B1, 0x1106,
    0x1163, 0x11B2, 0x1106,
    0x1163, 0x11B3, 0x1106,
    0x1163, 0x11B4, 0x1106,
    0x1163, 0x11B5, 0x1106,
    0x1163, 0x11B6, 0x1106,
    0x1163, 0x11B7, 0x1106,
    0x1163, 0x11B8, 0x1106,
    0x1163, 0x11B9, 0x1106,
    0x1163, 0x11BA, 0x1106,
    0x1163, 0x11BB, 0x1106,
    0x1163, 0x11BC, 0x1106,
    0x1163, 0x11BD, 0x1106,
    0x1163, 0x11BE, 0x1106,
    0x1163, 0x11BF, 0x1106,
    0x1163, 0x11C0, 0x1106,
    0x1163, 0x11C1, 0x1106,
    0x1163, 0x11C2, 0x1106,
    0x1164, 0x1106, 0x1164,
    0x11A8, 0x1106, 0x1164,
    0x11A9, 0x1106, 0x1164,
    0x11AA, 0x1106, 0x1164,
    0x11AB, 0x1106, 0x1164,
    0x11AC, 0x1106, 0x1164,
    0x11AD, 0x1106, 0x1164,
    0x11AE, 0x1106, 0x1164,
    0x11AF, 0x1106, 0x1164,
    0x11B0, 0x1106, 0x1164,
    0x11B1, 0x1106, 0x1164,
    0x11B2, 0x1106, 0x1164,
    0x11B3, 0x1106, 0x1164,
    0x11B4, 0x1106, 0x1164,
    0x11B5, 0x1106, 0x1164,
    0x11B6, 0x1106, 0x1164,
    0x11B7, 0x1106, 0x1164,
    0x11B8, 0x1106, 0x1164,
    0x11B9, 0x1106, 0x1164,
    0x11BA, 0x1106, 0x1164,
    0x11BB, 0x1106, 0x1164,
    0x11BC, 0x1106, 0x1164,
    0x11BD, 0x1106, 0x1164,
    0x11BE, 0x1106, 0x1164,
    0x11BF, 0x1106, 0x1164,
    0x11C0, 0x1106, 0x1164,
    0x11C1, 0x1106, 0x1164,
    0x11C2, 0x1106, 0x1165,
    0x1106, 0x1165, 0x11A8,
    0x1106, 0x1165, 0x11A9,
    0x1106, 0x1165, 0x11AA,
    0x1106, 0x1165, 0x11AB,
    0x1106, 0x1165, 0x11AC,
    0x1106, 0x1165, 0x11AD,
    0x1106, 0x1165, 0x11AE,
    0x1106, 0x1165, 0x11AF,
    0x1106, 0x1165, 0x11B0,
    0x1106, 0x1165, 0x11B1,
    0x1106, 0x1165, 0x11B2,
    0x1106, 0x1165, 0x11B3,
    0x1106, 0x1165, 0x11B4,
    0x1106, 0x1165, 0x11B5,
    0x1106, 0x1165, 0x11B6,
    0x1106, 0x1165, 0x11B7,
    0x1106, 0x1165, 0x11B8,
    0x1106, 0x1165, 0x11B9,
    0x1106, 0x1165, 0x11BA,
    0x1106, 0x1165, 0x11BB,
    0x1106, 0x1165, 0x11BC,
    0x1106, 0x1165, 0x11BD,
    0x1106, 0x1165, 0x11BE,
    0x1106, 0x1165, 0x11BF,
    0x1106, 0x1165, 0x11C0,
    0x1106, 0x1165, 0x11C1,
    0x1106, 0x1165, 0x11C2,
    0x1106, 0x1166, 0x1106,
    0x1166, 0x11A8, 0x1106,
    0x1166, 0x11A9, 0x1106,
    0x1166, 0x11AA, 0x1106,
    0x1166, 0x11AB, 0x1106,
    0x1166, 0x11AC, 0x1106,
    0x1166, 0x11AD, 0x1106,
    0x1166, 0x11AE, 0x1106,
    0x1166, 0x11AF, 0x1106,
    0x1166, 0x11B0, 0x1106,
    0x1166, 0x11B1, 0x1106,
    0x1166, 0x11B2, 0x1106,
    0x1166, 0x11B3, 0x1106,
    0x1166, 0x11B4, 0x1106,
    0x1166, 0x11B5, 0x1106,
    0x1166, 0x11B6, 0x1106,
    0x1166, 0x11B7, 0x1106,
    0x1166, 0x11B8, 0x1106,
    0x1166, 0x11B9, 0x1106,
    0x1166, 0x11BA, 0x1106,
    0x1166, 0x11BB, 0x1106,
    0x1166, 0x11BC, 0x1106,
    0x1166, 0x11BD, 0x1106,
    0x1166, 0x11BE, 0x1106,
    0x1166, 0x11BF, 0x1106,
    0x1166, 0x11C0, 0x1106,
    0x1166, 0x11C1, 0x1106,
    0x1166, 0x11C2, 0x1106,
    0x1167, 0x1106, 0x1167,
    0x11A8, 0x1106, 0x1167,
    0x11A9, 0x1106, 0x1167,
    0x11AA, 0x1106, 0x1167,
    0x11AB, 0x1106, 0x1167,
    0x11AC, 0x1106, 0x1167,
    0x11AD, 0x1106, 0x1167,
    0x11AE, 0x1106, 0x1167,
    0x11AF, 0x1106, 0x1167,
    0x11B0, 0x1106, 0x1167,
    0x11B1, 0x1106, 0x1167,
    0x11B2, 0x1106, 0x1167,
    0x11B3, 0x1106, 0x1167,
    0x11B4, 0x1106, 0x1167,
    0x11B5, 0x1106, 0x1167,
    0x11B6, 0x1106, 0x1167,
    0x11B7, 0x1106, 0x1167,
    0x11B8, 0x1106, 0x1167,
    0x11B9, 0x1106, 0x1167,
    0x11BA, 0x1106, 0x1167,
    0x11BB, 0x1106, 0x1167,
    0x11BC, 0x1106, 0x1167,
    0x11BD, 0x1106, 0x1167,
    0x11BE, 0x1106, 0x1167,
    0x11BF, 0x1106, 0x1167,
    0x11C0, 0x1106, 0x1167,
    0x11C1, 0x1106, 0x1167,
    0x11C2, 0x1106, 0x1168,
    0x1106, 0x1168, 0x11A8,
    0x1106, 0x1168, 0x11A9,
    0x1106, 0x1168, 0x11AA,
    0x1106, 0x1168, 0x11AB,
    0x1106, 0x1168, 0x11AC,
    0x1106, 0x1168, 0x11AD,
    0x1106, 0x1168, 0x11AE,
    0x1106, 0x1168, 0x11AF,
    0x1106, 0x1168, 0x11B0,
    0x1106, 0x1168, 0x11B1,
    0x1106, 0x1168, 0x11B2,
    0x1106, 0x1168, 0x11B3,
    0x1106, 0x1168, 0x11B4,
    0x1106, 0x1168, 0x11B5,
    0x1106, 0x1168, 0x11B6,
    0x1106, 0x1168, 0x11B7,
    0x1106, 0x1168, 0x11B8,
    0x1106, 0x1168, 0x11B9,
    0x1106, 0x1168, 0x11BA,
    0x1106, 0x1168, 0x11BB,
    0x1106, 0x1168, 0x11BC,
    0x1106, 0x1168, 0x11BD,
    0x1106, 0x1168, 0x11BE,
    0x1106, 0x1168, 0x11BF,
    0x1106, 0x1168, 0x11C0,
    0x1106, 0x1168, 0x11C1,
    0x1106, 0x1168, 0x11C2,
    0x1106, 0x1169, 0x1106,
    0x1169, 0x11A8, 0x1106,
    0x1169, 0x11A9, 0x1106,
    0x1169, 0x11AA, 0x1106,
    0x1169, 0x11AB, 0x1106,
    0x1169, 0x11AC, 0x1106,
    0x1169, 0x11AD, 0x1106,
    0x1169, 0x11AE, 0x1106,
    0x1169, 0x11AF, 0x1106,
    0x1169, 0x11B0, 0x1106,
    0x1169, 0x11B1, 0x1106,
    0x1169, 0x11B2, 0x1106,
    0x1169, 0x11B3, 0x1106,
    0x1169, 0x11B4, 0x1106,
    0x1169, 0x11B5, 0x1106,
    0x1169, 0x11B6, 0x1106,
    0x1169, 0x11B7, 0x1106,
    0x1169, 0x11B8, 0x1106,
    0x1169, 0x11B9, 0x1106,
    0x1169, 0x11BA, 0x1106,
    0x1169, 0x11BB, 0x1106,
    0x1169, 0x11BC, 0x1106,
    0x1169, 0x11BD, 0x1106,
    0x1169, 0x11BE, 0x1106,
    0x1169, 0x11BF, 0x1106,
    0x1169, 0x11C0, 0x1106,
    0x1169, 0x11C1, 0x1106,
    0x1169, 0x11C2, 0x1106,
    0x116A, 0x1106, 0x116A,
    0x11A8, 0x1106, 0x116A,
    0x11A9, 0x1106, 0x116A,
    0x11AA, 0x1106, 0x116A,
    0x11AB, 0x1106, 0x116A,
    0x11AC, 0x1106, 0x116A,
    0x11AD, 0x1106, 0x116A,
    0x11AE, 0x1106, 0x116A,
    0x11AF, 0x1106, 0x116A,
    0x11B0, 0x1106, 0x116A,
    0x11B1, 0x1106, 0x116A,
    0x11B2, 0x1106, 0x116A,
    0x11B3, 0x1106, 0x116A,
    0x11B4, 0x1106, 0x116A,
    0x11B5, 0x1106, 0x116A,
    0x11B6, 0x1106, 0x116A,
    0x11B7, 0x1106, 0x116A,
    0x11B8, 0x1106, 0x116A,
    0x11B9, 0x1106, 0x116A,
    0x11BA, 0x1106, 0x116A,
    0x11BB, 0x1106, 0x116A,
    0x11BC, 0x1106, 0x116A,
    0x11BD, 0x1106, 0x116A,
    0x11BE, 0x1106, 0x116A,
    0x11BF, 0x1106, 0x116A,
    0x11C0, 0x1106, 0x116A,
    0x11C1, 0x1106, 0x116A,
    0x11C2, 0x1106, 0x116B,
    0x1106, 0x116B, 0x11A8,
    0x1106, 0x116B, 0x11A9,
    0x1106, 0x116B, 0x11AA,
    0x1106, 0x116B, 0x11AB,
    0x1106, 0x116B, 0x11AC,
    0x1106, 0x116B, 0x11AD,
    0x1106, 0x116B, 0x11AE,
    0x1106, 0x116B, 0x11AF,
    0x1106, 0x116B, 0x11B0,
    0x1106, 0x116B, 0x11B1,
    0x1106, 0x116B, 0x11B2,
    0x1106, 0x116B, 0x11B3,
    0x1106, 0x116B, 0x11B4,
    0x1106, 0x116B, 0x11B5,
    0x1106, 0x116B, 0x11B6,
    0x1106, 0x116B, 0x11B7,
    0x1106, 0x116B, 0x11B8,
    0x1106, 0x116B, 0x11B9,
    0x1106, 0x116B, 0x11BA,
    0x1106, 0x116B, 0x11BB,
    0x1106, 0x116B, 0x11BC,
    0x1106, 0x116B, 0x11BD,
    0x1106, 0x116B, 0x11BE,
    0x1106, 0x116B, 0x11BF,
    0x1106, 0x116B, 0x11C0,
    0x1106, 0x116B, 0x11C1,
    0x1106, 0x116B, 0x11C2,
    0x1106, 0x116C, 0x1106,
    0x116C, 0x11A8, 0x1106,
    0x116C, 0x11A9, 0x1106,
    0x116C, 0x11AA, 0x1106,
    0x116C, 0x11AB, 0x1106,
    0x116C, 0x11AC, 0x1106,
    0x116C, 0x11AD, 0x1106,
    0x116C, 0x11AE, 0x1106,
    0x116C, 0x11AF, 0x1106,
    0x116C, 0x11B0, 0x1106,
    0x116C, 0x11B1, 0x1106,
    0x116C, 0x11B2, 0x1106,
    0x116C, 0x11B3, 0x1106,
    0x116C, 0x11B4, 0x1106,
    0x116C, 0x11B5, 0x1106,
    0x116C, 0x11B6, 0x1106,
    0x116C, 0x11B7, 0x1106,
    0x116C, 0x11B8, 0x1106,
    0x116C, 0x11B9, 0x1106,
    0x116C, 0x11BA, 0x1106,
    0x116C, 0x11BB, 0x1106,
    0x116C, 0x11BC, 0x1106,
    0x116C, 0x11BD, 0x1106,
    0x116C, 0x11BE, 0x1106,
    0x116C, 0x11BF, 0x1106,
    0x116C, 0x11C0, 0x1106,
    0x116C, 0x11C1, 0x1106,
    0x116C, 0x11C2, 0x1106,
    0x116D, 0x1106, 0x116D,
    0x11A8, 0x1106, 0x116D,
    0x11A9, 0x1106, 0x116D,
    0x11AA, 0x1106, 0x116D,
    0x11AB, 0x1106, 0x116D,
    0x11AC, 0x1106, 0x116D,
    0x11AD, 0x1106, 0x116D,
    0x11AE, 0x1106, 0x116D,
    0x11AF, 0x1106, 0x116D,
    0x11B0, 0x1106, 0x116D,
    0x11B1, 0x1106, 0x116D,
    0x11B2, 0x1106, 0x116D,
    0x11B3, 0x1106, 0x116D,
    0x11B4, 0x1106, 0x116D,
    0x11B5, 0x1106, 0x116D,
    0x11B6, 0x1106, 0x116D,
    0x11B7, 0x1106, 0x116D,
    0x11B8, 0x1106, 0x116D,
    0x11B9, 0x1106, 0x116D,
    0x11BA, 0x1106, 0x116D,
    0x11BB, 0x1106, 0x116D,
    0x11BC, 0x1106, 0x116D,
    0x11BD, 0x1106, 0x116D,
    0x11BE, 0x1106, 0x116D,
    0x11BF, 0x1106, 0x116D,
    0x11C0, 0x1106, 0x116D,
    0x11C1, 0x1106, 0x116D,
    0x11C2, 0x1106, 0x116E,
    0x1106, 0x116E, 0x11A8,
    0x1106, 0x116E, 0x11A9,
    0x1106, 0x116E, 0x11AA,
    0x1106, 0x116E, 0x11AB,
    0x1106, 0x116E, 0x11AC,
    0x1106, 0x116E, 0x11AD,
    0x1106, 0x116E, 0x11AE,
    0x1106, 0x116E, 0x11AF,
    0x1106, 0x116E, 0x11B0,
    0x1106, 0x116E, 0x11B1,
    0x1106, 0x116E, 0x11B2,
    0x1106, 0x116E, 0x11B3,
    0x1106, 0x116E, 0x11B4,
    0x1106, 0x116E, 0x11B5,
    0x1106, 0x116E, 0x11B6,
    0x1106, 0x116E, 0x11B7,
    0x1106, 0x116E, 0x11B8,
    0x1106, 0x116E, 0x11B9,
    0x1106, 0x116E, 0x11BA,
    0x1106, 0x116E, 0x11BB,
    0x1106, 0x116E, 0x11BC,
    0x1106, 0x116E, 0x11BD,
    0x1106, 0x116E, 0x11BE,
    0x1106, 0x116E, 0x11BF,
    0x1106, 0x116E, 0x11C0,
    0x1106, 0x116E, 0x11C1,
    0x1106, 0x116E, 0x11C2,
    0x1106, 0x116F, 0x1106,
    0x116F, 0x11A8, 0x1106,
    0x116F, 0x11A9, 0x1106,
    0x116F, 0x11AA, 0x1106,
    0x116F, 0x11AB, 0x1106,
    0x116F, 0x11AC, 0x1106,
    0x116F, 0x11AD, 0x1106,
    0x116F, 0x11AE, 0x1106,
    0x116F, 0x11AF, 0x1106,
    0x116F, 0x11B0, 0x1106,
    0x116F, 0x11B1, 0x1106,
    0x116F, 0x11B2, 0x1106,
    0x116F, 0x11B3, 0x1106,
    0x116F, 0x11B4, 0x1106,
    0x116F, 0x11B5, 0x1106,
    0x116F, 0x11B6, 0x1106,
    0x116F, 0x11B7, 0x1106,
    0x116F, 0x11B8, 0x1106,
    0x116F, 0x11B9, 0x1106,
    0x116F, 0x11BA, 0x1106,
    0x116F, 0x11BB, 0x1106,
    0x116F, 0x11BC, 0x1106,
    0x116F, 0x11BD, 0x1106,
    0x116F, 0x11BE, 0x1106,
    0x116F, 0x11BF, 0x1106,
    0x116F, 0x11C0, 0x1106,
    0x116F, 0x11C1, 0x1106,
    0x116F, 0x11C2, 0x1106,
    0x1170, 0x1106, 0x1170,
    0x11A8, 0x1106, 0x1170,
    0x11A9, 0x1106, 0x1170,
    0x11AA, 0x1106, 0x1170,
    0x11AB, 0x1106, 0x1170,
    0x11AC, 0x1106, 0x1170,
    0x11AD, 0x1106, 0x1170,
    0x11AE, 0x1106, 0x1170,
    0x11AF, 0x1106, 0x1170,
    0x11B0, 0x1106, 0x1170,
    0x11B1, 0x1106, 0x1170,
    0x11B2, 0x1106, 0x1170,
    0x11B3, 0x1106, 0x1170,
    0x11B4, 0x1106, 0x1170,
    0x11B5, 0x1106, 0x1170,
    0x11B6, 0x1106, 0x1170,
    0x11B7, 0x1106, 0x1170,
    0x11B8, 0x1106, 0x1170,
    0x11B9, 0x1106, 0x1170,
    0x11BA, 0x1106, 0x1170,
    0x11BB, 0x1106, 0x1170,
    0x11BC, 0x1106, 0x1170,
    0x11BD, 0x1106, 0x1170,
    0x11BE, 0x1106, 0x1170,
    0x11BF, 0x1106, 0x1170,
    0x11C0, 0x1106, 0x1170,
    0x11C1, 0x1106, 0x1170,
    0x11C2, 0x1106, 0x1171,
    0x1106, 0x1171, 0x11A8,
    0x1106, 0x1171, 0x11A9,
    0x1106, 0x1171, 0x11AA,
    0x1106, 0x1171, 0x11AB,
    0x1106, 0x1171, 0x11AC,
    0x1106, 0x1171, 0x11AD,
    0x1106, 0x1171, 0x11AE,
    0x1106, 0x1171, 0x11AF,
    0x1106, 0x1171, 0x11B0,
    0x1106, 0x1171, 0x11B1,
    0x1106, 0x1171, 0x11B2,
    0x1106, 0x1171, 0x11B3,
    0x1106, 0x1171, 0x11B4,
    0x1106, 0x1171, 0x11B5,
    0x1106, 0x1171, 0x11B6,
    0x1106, 0x1171, 0x11B7,
    0x1106, 0x1171, 0x11B8,
    0x1106, 0x1171, 0x11B9,
    0x1106, 0x1171, 0x11BA,
    0x1106, 0x1171, 0x11BB,
    0x1106, 0x1171, 0x11BC,
    0x1106, 0x1171, 0x11BD,
    0x1106, 0x1171, 0x11BE,
    0x1106, 0x1171, 0x11BF,
    0x1106, 0x1171, 0x11C0,
    0x1106, 0x1171, 0x11C1,
    0x1106, 0x1171, 0x11C2,
    0x1106, 0x1172, 0x1106,
    0x1172, 0x11A8, 0x1106,
    0x1172, 0x11A9, 0x1106,
    0x1172, 0x11AA, 0x1106,
    0x1172, 0x11AB, 0x1106,
    0x1172, 0x11AC, 0x1106,
    0x1172, 0x11AD, 0x1106,
    0x1172, 0x11AE, 0x1106,
    0x1172, 0x11AF, 0x1106,
    0x1172, 0x11B0, 0x1106,
    0x1172, 0x11B1, 0x1106,
    0x1172, 0x11B2, 0x1106,
    0x1172, 0x11B3, 0x1106,
    0x1172, 0x11B4, 0x1106,
    0x1172, 0x11B5, 0x1106,
    0x1172, 0x11B6, 0x1106,
    0x1172, 0x11B7, 0x1106,
    0x1172, 0x11B8, 0x1106,
    0x1172, 0x11B9, 0x1106,
    0x1172, 0x11BA, 0x1106,
    0x1172, 0x11BB, 0x1106,
    0x1172, 0x11BC, 0x1106,
    0x1172, 0x11BD, 0x1106,
    0x1172, 0x11BE, 0x1106,
    0x1172, 0x11BF, 0x1106,
    0x1172, 0x11C0, 0x1106,
    0x1172, 0x11C1, 0x1106,
    0x1172, 0x11C2, 0x1106,
    0x1173, 0x1106, 0x1173,
    0x11A8, 0x1106, 0x1173,
    0x11A9, 0x1106, 0x1173,
    0x11AA, 0x1106, 0x1173,
    0x11AB, 0x1106, 0x1173,
    0x11AC, 0x1106, 0x1173,
    0x11AD, 0x1106, 0x1173,
    0x11AE, 0x1106, 0x1173,
    0x11AF, 0x1106, 0x1173,
    0x11B0, 0x1106, 0x1173,
    0x11B1, 0x1106, 0x1173,
    0x11B2, 0x1106, 0x1173,
    0x11B3, 0x1106, 0x1173,
    0x11B4, 0x1106, 0x1173,
    0x11B5, 0x1106, 0x1173,
    0x11B6, 0x1106, 0x1173,
    0x11B7, 0x1106, 0x1173,
    0x11B8, 0x1106, 0x1173,
    0x11B9, 0x1106, 0x1173,
    0x11BA, 0x1106, 0x1173,
    0x11BB, 0x1106, 0x1173,
    0x11BC, 0x1106, 0x1173,
    0x11BD, 0x1106, 0x1173,
    0x11BE, 0x1106, 0x1173,
    0x11BF, 0x1106, 0x1173,
    0x11C0, 0x1106, 0x1173,
    0x11C1, 0x1106, 0x1173,
    0x11C2, 0x1106, 0x1174,
    0x1106, 0x1174, 0x11A8,
    0x1106, 0x1174, 0x11A9,
    0x1106, 0x1174, 0x11AA,
    0x1106, 0x1174, 0x11AB,
    0x1106, 0x1174, 0x11AC,
    0x1106, 0x1174, 0x11AD,
    0x1106, 0x1174, 0x11AE,
    0x1106, 0x1174, 0x11AF,
    0x1106, 0x1174, 0x11B0,
    0x1106, 0x1174, 0x11B1,
    0x1106, 0x1174, 0x11B2,
    0x1106, 0x1174, 0x11B3,
    0x1106, 0x1174, 0x11B4,
    0x1106, 0x1174, 0x11B5,
    0x1106, 0x1174, 0x11B6,
    0x1106, 0x1174, 0x11B7,
    0x1106, 0x1174, 0x11B8,
    0x1106, 0x1174, 0x11B9,
    0x1106, 0x1174, 0x11BA,
    0x1106, 0x1174, 0x11BB,
    0x1106, 0x1174, 0x11BC,
    0x1106, 0x1174, 0x11BD,
    0x1106, 0x1174, 0x11BE,
    0x1106, 0x1174, 0x11BF,
    0x1106, 0x1174, 0x11C0,
    0x1106, 0x1174, 0x11C1,
    0x1106, 0x1174, 0x11C2,
    0x1106, 0x1175, 0x1106,
    0x1175, 0x11A8, 0x1106,
    0x1175, 0x11A9, 0x1106,
    0x1175, 0x11AA, 0x1106,
    0x1175, 0x11AB, 0x1106,
    0x1175, 0x11AC, 0x1106,
    0x1175, 0x11AD, 0x1106,
    0x1175, 0x11AE, 0x1106,
    0x1175, 0x11AF, 0x1106,
    0x1175, 0x11B0, 0x1106,
    0x1175, 0x11B1, 0x1106,
    0x1175, 0x11B2, 0x1106,
    0x1175, 0x11B3, 0x1106,
    0x1175, 0x11B4, 0x1106,
    0x1175, 0x11B5, 0x1106,
    0x1175, 0x11B6, 0x1106,
    0x1175, 0x11B7, 0x1106,
    0x1175, 0x11B8, 0x1106,
    0x1175, 0x11B9, 0x1106,
    0x1175, 0x11BA, 0x1106,
    0x1175, 0x11BB, 0x1106,
    0x1175, 0x11BC, 0x1106,
    0x1175, 0x11BD, 0x1106,
    0x1175, 0x11BE, 0x1106,
    0x1175, 0x11BF, 0x1106,
    0x1175, 0x11C0, 0x1106,
    0x1175, 0x11C1, 0x1106,
    0x1175, 0x11C2, 0x1107,
    0x1161, 0x1107, 0x1161,
    0x11A8, 0x1107, 0x1161,
    0x11A9, 0x1107, 0x1161,
    0x11AA, 0x1107, 0x1161,
    0x11AB, 0x1107, 0x1161,
    0x11AC, 0x1107, 0x1161,
    0x11AD, 0x1107, 0x1161,
    0x11AE, 0x1107, 0x1161,
    0x11AF, 0x1107, 0x1161,
    0x11B0, 0x1107, 0x1161,
    0x11B1, 0x1107, 0x1161,
    0x11B2, 0x1107, 0x1161,
    0x11B3, 0x1107, 0x1161,
    0x11B4, 0x1107, 0x1161,
    0x11B5, 0x1107, 0x1161,
    0x11B6, 0x1107, 0x1161,
    0x11B7, 0x1107, 0x1161,
    0x11B8, 0x1107, 0x1161,
    0x11B9, 0x1107, 0x1161,
    0x11BA, 0x1107, 0x1161,
    0x11BB, 0x1107, 0x1161,
    0x11BC, 0x1107, 0x1161,
    0x11BD, 0x1107, 0x1161,
    0x11BE, 0x1107, 0x1161,
    0x11BF, 0x1107, 0x1161,
    0x11C0, 0x1107, 0x1161,
    0x11C1, 0x1107, 0x1161,
    0x11C2, 0x1107, 0x1162,
    0x1107, 0x1162, 0x11A8,
    0x1107, 0x1162, 0x11A9,
    0x1107, 0x1162, 0x11AA,
    0x1107, 0x1162, 0x11AB,
    0x1107, 0x1162, 0x11AC,
    0x1107, 0x1162, 0x11AD,
    0x1107, 0x1162, 0x11AE,
    0x1107, 0x1162, 0x11AF,
    0x1107, 0x1162, 0x11B0,
    0x1107, 0x1162, 0x11B1,
    0x1107, 0x1162, 0x11B2,
    0x1107, 0x1162, 0x11B3,
    0x1107, 0x1162, 0x11B4,
    0x1107, 0x1162, 0x11B5,
    0x1107, 0x1162, 0x11B6,
    0x1107, 0x1162, 0x11B7,
    0x1107, 0x1162, 0x11B8,
    0x1107, 0x1162, 0x11B9,
    0x1107, 0x1162, 0x11BA,
    0x1107, 0x1162, 0x11BB,
    0x1107, 0x1162, 0x11BC,
    0x1107, 0x1162, 0x11BD,
    0x1107, 0x1162, 0x11BE,
    0x1107, 0x1162, 0x11BF,
    0x1107, 0x1162, 0x11C0,
    0x1107, 0x1162, 0x11C1,
    0x1107, 0x1162, 0x11C2,
    0x1107, 0x1163, 0x1107,
    0x1163, 0x11A8, 0x1107,
    0x1163, 0x11A9, 0x1107,
    0x1163, 0x11AA, 0x1107,
    0x1163, 0x11AB, 0x1107,
    0x1163, 0x11AC, 0x1107,
    0x1163, 0x11AD, 0x1107,
    0x1163, 0x11AE, 0x1107,
    0x1163, 0x11AF, 0x1107,
    0x1163, 0x11B0, 0x1107,
    0x1163, 0x11B1, 0x1107,
    0x1163, 0x11B2, 0x1107,
    0x1163, 0x11B3, 0x1107,
    0x1163, 0x11B4, 0x1107,
    0x1163, 0x11B5, 0x1107,
    0x1163, 0x11B6, 0x1107,
    0x1163, 0x11B7, 0x1107,
    0x1163, 0x11B8, 0x1107,
    0x1163, 0x11B9, 0x1107,
    0x1163, 0x11BA, 0x1107,
    0x1163, 0x11BB, 0x1107,
    0x1163, 0x11BC, 0x1107,
    0x1163, 0x11BD, 0x1107,
    0x1163, 0x11BE, 0x1107,
    0x1163, 0x11BF, 0x1107,
    0x1163, 0x11C0, 0x1107,
    0x1163, 0x11C1, 0x1107,
    0x1163, 0x11C2, 0x1107,
    0x1164, 0x1107, 0x1164,
    0x11A8, 0x1107, 0x1164,
    0x11A9, 0x1107, 0x1164,
    0x11AA, 0x1107, 0x1164,
    0x11AB, 0x1107, 0x1164,
    0x11AC, 0x1107, 0x1164,
    0x11AD, 0x1107, 0x1164,
    0x11AE, 0x1107, 0x1164,
    0x11AF, 0x1107, 0x1164,
    0x11B0, 0x1107, 0x1164,
    0x11B1, 0x1107, 0x1164,
    0x11B2, 0x1107, 0x1164,
    0x11B3, 0x1107, 0x1164,
    0x11B4, 0x1107, 0x1164,
    0x11B5, 0x1107, 0x1164,
    0x11B6, 0x1107, 0x1164,
    0x11B7, 0x1107, 0x1164,
    0x11B8, 0x1107, 0x1164,
    0x11B9, 0x1107, 0x1164,
    0x11BA, 0x1107, 0x1164,
    0x11BB, 0x1107, 0x1164,
    0x11BC, 0x1107, 0x1164,
    0x11BD, 0x1107, 0x1164,
    0x11BE, 0x1107, 0x1164,
    0x11BF, 0x1107, 0x1164,
    0x11C0, 0x1107, 0x1164,
    0x11C1, 0x1107, 0x1164,
    0x11C2, 0x1107, 0x1165,
    0x1107, 0x1165, 0x11A8,
    0x1107, 0x1165, 0x11A9,
    0x1107, 0x1165, 0x11AA,
    0x1107, 0x1165, 0x11AB,
    0x1107, 0x1165, 0x11AC,
    0x1107, 0x1165, 0x11AD,
    0x1107, 0x1165, 0x11AE,
    0x1107, 0x1165, 0x11AF,
    0x1107, 0x1165, 0x11B0,
    0x1107, 0x1165, 0x11B1,
    0x1107, 0x1165, 0x11B2,
    0x1107, 0x1165, 0x11B3,
    0x1107, 0x1165, 0x11B4,
    0x1107, 0x1165, 0x11B5,
    0x1107, 0x1165, 0x11B6,
    0x1107, 0x1165, 0x11B7,
    0x1107, 0x1165, 0x11B8,
    0x1107, 0x1165, 0x11B9,
    0x1107, 0x1165, 0x11BA,
    0x1107, 0x1165, 0x11BB,
    0x1107, 0x1165, 0x11BC,
    0x1107, 0x1165, 0x11BD,
    0x1107, 0x1165, 0x11BE,
    0x1107, 0x1165, 0x11BF,
    0x1107, 0x1165, 0x11C0,
    0x1107, 0x1165, 0x11C1,
    0x1107, 0x1165, 0x11C2,
    0x1107, 0x1166, 0x1107,
    0x1166, 0x11A8, 0x1107,
    0x1166, 0x11A9, 0x1107,
    0x1166, 0x11AA, 0x1107,
    0x1166, 0x11AB, 0x1107,
    0x1166, 0x11AC, 0x1107,
    0x1166, 0x11AD, 0x1107,
    0x1166, 0x11AE, 0x1107,
    0x1166, 0x11AF, 0x1107,
    0x1166, 0x11B0, 0x1107,
    0x1166, 0x11B1, 0x1107,
    0x1166, 0x11B2, 0x1107,
    0x1166, 0x11B3, 0x1107,
    0x1166, 0x11B4, 0x1107,
    0x1166, 0x11B5, 0x1107,
    0x1166, 0x11B6, 0x1107,
    0x1166, 0x11B7, 0x1107,
    0x1166, 0x11B8, 0x1107,
    0x1166, 0x11B9, 0x1107,
    0x1166, 0x11BA, 0x1107,
    0x1166, 0x11BB, 0x1107,
    0x1166, 0x11BC, 0x1107,
    0x1166, 0x11BD, 0x1107,
    0x1166, 0x11BE, 0x1107,
    0x1166, 0x11BF, 0x1107,
    0x1166, 0x11C0, 0x1107,
    0x1166, 0x11C1, 0x1107,
    0x1166, 0x11C2, 0x1107,
    0x1167, 0x1107, 0x1167,
    0x11A8, 0x1107, 0x1167,
    0x11A9, 0x1107, 0x1167,
    0x11AA, 0x1107, 0x1167,
    0x11AB, 0x1107, 0x1167,
    0x11AC, 0x1107, 0x1167,
    0x11AD, 0x1107, 0x1167,
    0x11AE, 0x1107, 0x1167,
    0x11AF, 0x1107, 0x1167,
    0x11B0, 0x1107, 0x1167,
    0x11B1, 0x1107, 0x1167,
    0x11B2, 0x1107, 0x1167,
    0x11B3, 0x1107, 0x1167,
    0x11B4, 0x1107, 0x1167,
    0x11B5, 0x1107, 0x1167,
    0x11B6, 0x1107, 0x1167,
    0x11B7, 0x1107, 0x1167,
    0x11B8, 0x1107, 0x1167,
    0x11B9, 0x1107, 0x1167,
    0x11BA, 0x1107, 0x1167,
    0x11BB, 0x1107, 0x1167,
    0x11BC, 0x1107, 0x1167,
    0x11BD, 0x1107, 0x1167,
    0x11BE, 0x1107, 0x1167,
    0x11BF, 0x1107, 0x1167,
    0x11C0, 0x1107, 0x1167,
    0x11C1, 0x1107, 0x1167,
    0x11C2, 0x1107, 0x1168,
    0x1107, 0x1168, 0x11A8,
    0x1107, 0x1168, 0x11A9,
    0x1107, 0x1168, 0x11AA,
    0x1107, 0x1168, 0x11AB,
    0x1107, 0x1168, 0x11AC,
    0x1107, 0x1168, 0x11AD,
    0x1107, 0x1168, 0x11AE,
    0x1107, 0x1168, 0x11AF,
    0x1107, 0x1168, 0x11B0,
    0x1107, 0x1168, 0x11B1,
    0x1107, 0x1168, 0x11B2,
    0x1107, 0x1168, 0x11B3,
    0x1107, 0x1168, 0x11B4,
    0x1107, 0x1168, 0x11B5,
    0x1107, 0x1168, 0x11B6,
    0x1107, 0x1168, 0x11B7,
    0x1107, 0x1168, 0x11B8,
    0x1107, 0x1168, 0x11B9,
    0x1107, 0x1168, 0x11BA,
    0x1107, 0x1168, 0x11BB,
    0x1107, 0x1168, 0x11BC,
    0x1107, 0x1168, 0x11BD,
    0x1107, 0x1168, 0x11BE,
    0x1107, 0x1168, 0x11BF,
    0x1107, 0x1168, 0x11C0,
    0x1107, 0x1168, 0x11C1,
    0x1107, 0x1168, 0x11C2,
    0x1107, 0x1169, 0x1107,
    0x1169, 0x11A8, 0x1107,
    0x1169, 0x11A9, 0x1107,
    0x1169, 0x11AA, 0x1107,
    0x1169, 0x11AB, 0x1107,
    0x1169, 0x11AC, 0x1107,
    0x1169, 0x11AD, 0x1107,
    0x1169, 0x11AE, 0x1107,
    0x1169, 0x11AF, 0x1107,
    0x1169, 0x11B0, 0x1107,
    0x1169, 0x11B1, 0x1107,
    0x1169, 0x11B2, 0x1107,
    0x1169, 0x11B3, 0x1107,
    0x1169, 0x11B4, 0x1107,
    0x1169, 0x11B5, 0x1107,
    0x1169, 0x11B6, 0x1107,
    0x1169, 0x11B7, 0x1107,
    0x1169, 0x11B8, 0x1107,
    0x1169, 0x11B9, 0x1107,
    0x1169, 0x11BA, 0x1107,
    0x1169, 0x11BB, 0x1107,
    0x1169, 0x11BC, 0x1107,
    0x1169, 0x11BD, 0x1107,
    0x1169, 0x11BE, 0x1107,
    0x1169, 0x11BF, 0x1107,
    0x1169, 0x11C0, 0x1107,
    0x1169, 0x11C1, 0x1107,
    0x1169, 0x11C2, 0x1107,
    0x116A, 0x1107, 0x116A,
    0x11A8, 0x1107, 0x116A,
    0x11A9, 0x1107, 0x116A,
    0x11AA, 0x1107, 0x116A,
    0x11AB, 0x1107, 0x116A,
    0x11AC, 0x1107, 0x116A,
    0x11AD, 0x1107, 0x116A,
    0x11AE, 0x1107, 0x116A,
    0x11AF, 0x1107, 0x116A,
    0x11B0, 0x1107, 0x116A,
    0x11B1, 0x1107, 0x116A,
    0x11B2, 0x1107, 0x116A,
    0x11B3, 0x1107, 0x116A,
    0x11B4, 0x1107, 0x116A,
    0x11B5, 0x1107, 0x116A,
    0x11B6, 0x1107, 0x116A,
    0x11B7, 0x1107, 0x116A,
    0x11B8, 0x1107, 0x116A,
    0x11B9, 0x1107, 0x116A,
    0x11BA, 0x1107, 0x116A,
    0x11BB, 0x1107, 0x116A,
    0x11BC, 0x1107, 0x116A,
    0x11BD, 0x1107, 0x116A,
    0x11BE, 0x1107, 0x116A,
    0x11BF, 0x1107, 0x116A,
    0x11C0, 0x1107, 0x116A,
    0x11C1, 0x1107, 0x116A,
    0x11C2, 0x1107, 0x116B,
    0x1107, 0x116B, 0x11A8,
    0x1107, 0x116B, 0x11A9,
    0x1107, 0x116B, 0x11AA,
    0x1107, 0x116B, 0x11AB,
    0x1107, 0x116B, 0x11AC,
    0x1107, 0x116B, 0x11AD,
    0x1107, 0x116B, 0x11AE,
    0x1107, 0x116B, 0x11AF,
    0x1107, 0x116B, 0x11B0,
    0x1107, 0x116B, 0x11B1,
    0x1107, 0x116B, 0x11B2,
    0x1107, 0x116B, 0x11B3,
    0x1107, 0x116B, 0x11B4,
    0x1107, 0x116B, 0x11B5,
    0x1107, 0x116B, 0x11B6,
    0x1107, 0x116B, 0x11B7,
    0x1107, 0x116B, 0x11B8,
    0x1107, 0x116B, 0x11B9,
    0x1107, 0x116B, 0x11BA,
    0x1107, 0x116B, 0x11BB,
    0x1107, 0x116B, 0x11BC,
    0x1107, 0x116B, 0x11BD,
    0x1107, 0x116B, 0x11BE,
    0x1107, 0x116B, 0x11BF,
    0x1107, 0x116B, 0x11C0,
    0x1107, 0x116B, 0x11C1,
    0x1107, 0x116B, 0x11C2,
    0x1107, 0x116C, 0x1107,
    0x116C, 0x11A8, 0x1107,
    0x116C, 0x11A9, 0x1107,
    0x116C, 0x11AA, 0x1107,
    0x116C, 0x11AB, 0x1107,
    0x116C, 0x11AC, 0x1107,
    0x116C, 0x11AD, 0x1107,
    0x116C, 0x11AE, 0x1107,
    0x116C, 0x11AF, 0x1107,
    0x116C, 0x11B0, 0x1107,
    0x116C, 0x11B1, 0x1107,
    0x116C, 0x11B2, 0x1107,
    0x116C, 0x11B3, 0x1107,
    0x116C, 0x11B4, 0x1107,
    0x116C, 0x11B5, 0x1107,
    0x116C, 0x11B6, 0x1107,
    0x116C, 0x11B7, 0x1107,
    0x116C, 0x11B8, 0x1107,
    0x116C, 0x11B9, 0x1107,
    0x116C, 0x11BA, 0x1107,
    0x116C, 0x11BB, 0x1107,
    0x116C, 0x11BC, 0x1107,
    0x116C, 0x11BD, 0x1107,
    0x116C, 0x11BE, 0x1107,
    0x116C, 0x11BF, 0x1107,
    0x116C, 0x11C0, 0x1107,
    0x116C, 0x11C1, 0x1107,
    0x116C, 0x11C2, 0x1107,
    0x116D, 0x1107, 0x116D,
    0x11A8, 0x1107, 0x116D,
    0x11A9, 0x1107, 0x116D,
    0x11AA, 0x1107, 0x116D,
    0x11AB, 0x1107, 0x116D,
    0x11AC, 0x1107, 0x116D,
    0x11AD, 0x1107, 0x116D,
    0x11AE, 0x1107, 0x116D,
    0x11AF, 0x1107, 0x116D,
    0x11B0, 0x1107, 0x116D,
    0x11B1, 0x1107, 0x116D,
    0x11B2, 0x1107, 0x116D,
    0x11B3, 0x1107, 0x116D,
    0x11B4, 0x1107, 0x116D,
    0x11B5, 0x1107, 0x116D,
    0x11B6, 0x1107, 0x116D,
    0x11B7, 0x1107, 0x116D,
    0x11B8, 0x1107, 0x116D,
    0x11B9, 0x1107, 0x116D,
    0x11BA, 0x1107, 0x116D,
    0x11BB, 0x1107, 0x116D,
    0x11BC, 0x1107, 0x116D,
    0x11BD, 0x1107, 0x116D,
    0x11BE, 0x1107, 0x116D,
    0x11BF, 0x1107, 0x116D,
    0x11C0, 0x1107, 0x116D,
    0x11C1, 0x1107, 0x116D,
    0x11C2, 0x1107, 0x116E,
    0x1107, 0x116E, 0x11A8,
    0x1107, 0x116E, 0x11A9,
    0x1107, 0x116E, 0x11AA,
    0x1107, 0x116E, 0x11AB,
    0x1107, 0x116E, 0x11AC,
    0x1107, 0x116E, 0x11AD,
    0x1107, 0x116E, 0x11AE,
    0x1107, 0x116E, 0x11AF,
    0x1107, 0x116E, 0x11B0,
    0x1107, 0x116E, 0x11B1,
    0x1107, 0x116E, 0x11B2,
    0x1107, 0x116E, 0x11B3,
    0x1107, 0x116E, 0x11B4,
    0x1107, 0x116E, 0x11B5,
    0x1107, 0x116E, 0x11B6,
    0x1107, 0x116E, 0x11B7,
    0x1107, 0x116E, 0x11B8,
    0x1107, 0x116E, 0x11B9,
    0x1107, 0x116E, 0x11BA,
    0x1107, 0x116E, 0x11BB,
    0x1107, 0x116E, 0x11BC,
    0x1107, 0x116E, 0x11BD,
    0x1107, 0x116E, 0x11BE,
    0x1107, 0x116E, 0x11BF,
    0x1107, 0x116E, 0x11C0,
    0x1107, 0x116E, 0x11C1,
    0x1107, 0x116E, 0x11C2,
    0x1107, 0x116F, 0x1107,
    0x116F, 0x11A8, 0x1107,
    0x116F, 0x11A9, 0x1107,
    0x116F, 0x11AA, 0x1107,
    0x116F, 0x11AB, 0x1107,
    0x116F, 0x11AC, 0x1107,
    0x116F, 0x11AD, 0x1107,
    0x116F, 0x11AE, 0x1107,
    0x116F, 0x11AF, 0x1107,
    0x116F, 0x11B0, 0x1107,
    0x116F, 0x11B1, 0x1107,
    0x116F, 0x11B2, 0x1107,
    0x116F, 0x11B3, 0x1107,
    0x116F, 0x11B4, 0x1107,
    0x116F, 0x11B5, 0x1107,
    0x116F, 0x11B6, 0x1107,
    0x116F, 0x11B7, 0x1107,
    0x116F, 0x11B8, 0x1107,
    0x116F, 0x11B9, 0x1107,
    0x116F, 0x11BA, 0x1107,
    0x116F, 0x11BB, 0x1107,
    0x116F, 0x11BC, 0x1107,
    0x116F, 0x11BD, 0x1107,
    0x116F, 0x11BE, 0x1107,
    0x116F, 0x11BF, 0x1107,
    0x116F, 0x11C0, 0x1107,
    0x116F, 0x11C1, 0x1107,
    0x116F, 0x11C2, 0x1107,
    0x1170, 0x1107, 0x1170,
    0x11A8, 0x1107, 0x1170,
    0x11A9, 0x1107, 0x1170,
    0x11AA, 0x1107, 0x1170,
    0x11AB, 0x1107, 0x1170,
    0x11AC, 0x1107, 0x1170,
    0x11AD, 0x1107, 0x1170,
    0x11AE, 0x1107, 0x1170,
    0x11AF, 0x1107, 0x1170,
    0x11B0, 0x1107, 0x1170,
    0x11B1, 0x1107, 0x1170,
    0x11B2, 0x1107, 0x1170,
    0x11B3, 0x1107, 0x1170,
    0x11B4, 0x1107, 0x1170,
    0x11B5, 0x1107, 0x1170,
    0x11B6, 0x1107, 0x1170,
    0x11B7, 0x1107, 0x1170,
    0x11B8, 0x1107, 0x1170,
    0x11B9, 0x1107, 0x1170,
    0x11BA, 0x1107, 0x1170,
    0x11BB, 0x1107, 0x1170,
    0x11BC, 0x1107, 0x1170,
    0x11BD, 0x1107, 0x1170,
    0x11BE, 0x1107, 0x1170,
    0x11BF, 0x1107, 0x1170,
    0x11C0, 0x1107, 0x1170,
    0x11C1, 0x1107, 0x1170,
    0x11C2, 0x1107, 0x1171,
    0x1107, 0x1171, 0x11A8,
    0x1107, 0x1171, 0x11A9,
    0x1107, 0x1171, 0x11AA,
    0x1107, 0x1171, 0x11AB,
    0x1107, 0x1171, 0x11AC,
    0x1107, 0x1171, 0x11AD,
    0x1107, 0x1171, 0x11AE,
    0x1107, 0x1171, 0x11AF,
    0x1107, 0x1171, 0x11B0,
    0x1107, 0x1171, 0x11B1,
    0x1107, 0x1171, 0x11B2,
    0x1107, 0x1171, 0x11B3,
    0x1107, 0x1171, 0x11B4,
    0x1107, 0x1171, 0x11B5,
    0x1107, 0x1171, 0x11B6,
    0x1107, 0x1171, 0x11B7,
    0x1107, 0x1171, 0x11B8,
    0x1107, 0x1171, 0x11B9,
    0x1107, 0x1171, 0x11BA,
    0x1107, 0x1171, 0x11BB,
    0x1107, 0x1171, 0x11BC,
    0x1107, 0x1171, 0x11BD,
    0x1107, 0x1171, 0x11BE,
    0x1107, 0x1171, 0x11BF,
    0x1107, 0x1171, 0x11C0,
    0x1107, 0x1171, 0x11C1,
    0x1107, 0x1171, 0x11C2,
    0x1107, 0x1172, 0x1107,
    0x1172, 0x11A8, 0x1107,
    0x1172, 0x11A9, 0x1107,
    0x1172, 0x11AA, 0x1107,
    0x1172, 0x11AB, 0x1107,
    0x1172, 0x11AC, 0x1107,
    0x1172, 0x11AD, 0x1107,
    0x1172, 0x11AE, 0x1107,
    0x1172, 0x11AF, 0x1107,
    0x1172, 0x11B0, 0x1107,
    0x1172, 0x11B1, 0x1107,
    0x1172, 0x11B2, 0x1107,
    0x1172, 0x11B3, 0x1107,
    0x1172, 0x11B4, 0x1107,
    0x1172, 0x11B5, 0x1107,
    0x1172, 0x11B6, 0x1107,
    0x1172, 0x11B7, 0x1107,
    0x1172, 0x11B8, 0x1107,
    0x1172, 0x11B9, 0x1107,
    0x1172, 0x11BA, 0x1107,
    0x1172, 0x11BB, 0x1107,
    0x1172, 0x11BC, 0x1107,
    0x1172, 0x11BD, 0x1107,
    0x1172, 0x11BE, 0x1107,
    0x1172, 0x11BF, 0x1107,
    0x1172, 0x11C0, 0x1107,
    0x1172, 0x11C1, 0x1107,
    0x1172, 0x11C2, 0x1107,
    0x1173, 0x1107, 0x1173,
    0x11A8, 0x1107, 0x1173,
    0x11A9, 0x1107, 0x1173,
    0x11AA, 0x1107, 0x1173,
    0x11AB, 0x1107, 0x1173,
    0x11AC, 0x1107, 0x1173,
    0x11AD, 0x1107, 0x1173,
    0x11AE, 0x1107, 0x1173,
    0x11AF, 0x1107, 0x1173,
    0x11B0, 0x1107, 0x1173,
    0x11B1, 0x1107, 0x1173,
    0x11B2, 0x1107, 0x1173,
    0x11B3, 0x1107, 0x1173,
    0x11B4, 0x1107, 0x1173,
    0x11B5, 0x1107, 0x1173,
    0x11B6, 0x1107, 0x1173,
    0x11B7, 0x1107, 0x1173,
    0x11B8, 0x1107, 0x1173,
    0x11B9, 0x1107, 0x1173,
    0x11BA, 0x1107, 0x1173,
    0x11BB, 0x1107, 0x1173,
    0x11BC, 0x1107, 0x1173,
    0x11BD, 0x1107, 0x1173,
    0x11BE, 0x1107, 0x1173,
    0x11BF, 0x1107, 0x1173,
    0x11C0, 0x1107, 0x1173,
    0x11C1, 0x1107, 0x1173,
    0x11C2, 0x1107, 0x1174,
    0x1107, 0x1174, 0x11A8,
    0x1107, 0x1174, 0x11A9,
    0x1107, 0x1174, 0x11AA,
    0x1107, 0x1174, 0x11AB,
    0x1107, 0x1174, 0x11AC,
    0x1107, 0x1174, 0x11AD,
    0x1107, 0x1174, 0x11AE,
    0x1107, 0x1174, 0x11AF,
    0x1107, 0x1174, 0x11B0,
    0x1107, 0x1174, 0x11B1,
    0x1107, 0x1174, 0x11B2,
    0x1107, 0x1174, 0x11B3,
    0x1107, 0x1174, 0x11B4,
    0x1107, 0x1174, 0x11B5,
    0x1107, 0x1174, 0x11B6,
    0x1107, 0x1174, 0x11B7,
    0x1107, 0x1174, 0x11B8,
    0x1107, 0x1174, 0x11B9,
    0x1107, 0x1174, 0x11BA,
    0x1107, 0x1174, 0x11BB,
    0x1107, 0x1174, 0x11BC,
    0x1107, 0x1174, 0x11BD,
    0x1107, 0x1174, 0x11BE,
    0x1107, 0x1174, 0x11BF,
    0x1107, 0x1174, 0x11C0,
    0x1107, 0x1174, 0x11C1,
    0x1107, 0x1174, 0x11C2,
    0x1107, 0x1175, 0x1107,
    0x1175, 0x11A8, 0x1107,
    0x1175, 0x11A9, 0x1107,
    0x1175, 0x11AA, 0x1107,
    0x1175, 0x11AB, 0x1107,
    0x1175, 0x11AC, 0x1107,
    0x1175, 0x11AD, 0x1107,
    0x1175, 0x11AE, 0x1107,
    0x1175, 0x11AF, 0x1107,
    0x1175, 0x11B0, 0x1107,
    0x1175, 0x11B1, 0x1107,
    0x1175, 0x11B2, 0x1107,
    0x1175, 0x11B3, 0x1107,
    0x1175, 0x11B4, 0x1107,
    0x1175, 0x11B5, 0x1107,
    0x1175, 0x11B6, 0x1107,
    0x1175, 0x11B7, 0x1107,
    0x1175, 0x11B8, 0x1107,
    0x1175, 0x11B9, 0x1107,
    0x1175, 0x11BA, 0x1107,
    0x1175, 0x11BB, 0x1107,
    0x1175, 0x11BC, 0x1107,
    0x1175, 0x11BD, 0x1107,
    0x1175, 0x11BE, 0x1107,
    0x1175, 0x11BF, 0x1107,
    0x1175, 0x11C0, 0x1107,
    0x1175, 0x11C1, 0x1107,
    0x1175, 0x11C2, 0x1108,
    0x1161, 0x1108, 0x1161,
    0x11A8, 0x1108, 0x1161,
    0x11A9, 0x1108, 0x1161,
    0x11AA, 0x1108, 0x1161,
    0x11AB, 0x1108, 0x1161,
    0x11AC, 0x1108, 0x1161,
    0x11AD, 0x1108, 0x1161,
    0x11AE, 0x1108, 0x1161,
    0x11AF, 0x1108, 0x1161,
    0x11B0, 0x1108, 0x1161,
    0x11B1, 0x1108, 0x1161,
    0x11B2, 0x1108, 0x1161,
    0x11B3, 0x1108, 0x1161,
    0x11B4, 0x1108, 0x1161,
    0x11B5, 0x1108, 0x1161,
    0x11B6, 0x1108, 0x1161,
    0x11B7, 0x1108, 0x1161,
    0x11B8, 0x1108, 0x1161,
    0x11B9, 0x1108, 0x1161,
    0x11BA, 0x1108, 0x1161,
    0x11BB, 0x1108, 0x1161,
    0x11BC, 0x1108, 0x1161,
    0x11BD, 0x1108, 0x1161,
    0x11BE, 0x1108, 0x1161,
    0x11BF, 0x1108, 0x1161,
    0x11C0, 0x1108, 0x1161,
    0x11C1, 0x1108, 0x1161,
    0x11C2, 0x1108, 0x1162,
    0x1108, 0x1162, 0x11A8,
    0x1108, 0x1162, 0x11A9,
    0x1108, 0x1162, 0x11AA,
    0x1108, 0x1162, 0x11AB,
    0x1108, 0x1162, 0x11AC,
    0x1108, 0x1162, 0x11AD,
    0x1108, 0x1162, 0x11AE,
    0x1108, 0x1162, 0x11AF,
    0x1108, 0x1162, 0x11B0,
    0x1108, 0x1162, 0x11B1,
    0x1108, 0x1162, 0x11B2,
    0x1108, 0x1162, 0x11B3,
    0x1108, 0x1162, 0x11B4,
    0x1108, 0x1162, 0x11B5,
    0x1108, 0x1162, 0x11B6,
    0x1108, 0x1162, 0x11B7,
    0x1108, 0x1162, 0x11B8,
    0x1108, 0x1162, 0x11B9,
    0x1108, 0x1162, 0x11BA,
    0x1108, 0x1162, 0x11BB,
    0x1108, 0x1162, 0x11BC,
    0x1108, 0x1162, 0x11BD,
    0x1108, 0x1162, 0x11BE,
    0x1108, 0x1162, 0x11BF,
    0x1108, 0x1162, 0x11C0,
    0x1108, 0x1162, 0x11C1,
    0x1108, 0x1162, 0x11C2,
    0x1108, 0x1163, 0x1108,
    0x1163, 0x11A8, 0x1108,
    0x1163, 0x11A9, 0x1108,
    0x1163, 0x11AA, 0x1108,
    0x1163, 0x11AB, 0x1108,
    0x1163, 0x11AC, 0x1108,
    0x1163, 0x11AD, 0x1108,
    0x1163, 0x11AE, 0x1108,
    0x1163, 0x11AF, 0x1108,
    0x1163, 0x11B0, 0x1108,
    0x1163, 0x11B1, 0x1108,
    0x1163, 0x11B2, 0x1108,
    0x1163, 0x11B3, 0x1108,
    0x1163, 0x11B4, 0x1108,
    0x1163, 0x11B5, 0x1108,
    0x1163, 0x11B6, 0x1108,
    0x1163, 0x11B7, 0x1108,
    0x1163, 0x11B8, 0x1108,
    0x1163, 0x11B9, 0x1108,
    0x1163, 0x11BA, 0x1108,
    0x1163, 0x11BB, 0x1108,
    0x1163, 0x11BC, 0x1108,
    0x1163, 0x11BD, 0x1108,
    0x1163, 0x11BE, 0x1108,
    0x1163, 0x11BF, 0x1108,
    0x1163, 0x11C0, 0x1108,
    0x1163, 0x11C1, 0x1108,
    0x1163, 0x11C2, 0x1108,
    0x1164, 0x1108, 0x1164,
    0x11A8, 0x1108, 0x1164,
    0x11A9, 0x1108, 0x1164,
    0x11AA, 0x1108, 0x1164,
    0x11AB, 0x1108, 0x1164,
    0x11AC, 0x1108, 0x1164,
    0x11AD, 0x1108, 0x1164,
    0x11AE, 0x1108, 0x1164,
    0x11AF, 0x1108, 0x1164,
    0x11B0, 0x1108, 0x1164,
    0x11B1, 0x1108, 0x1164,
    0x11B2, 0x1108, 0x1164,
    0x11B3, 0x1108, 0x1164,
    0x11B4, 0x1108, 0x1164,
    0x11B5, 0x1108, 0x1164,
    0x11B6, 0x1108, 0x1164,
    0x11B7, 0x1108, 0x1164,
    0x11B8, 0x1108, 0x1164,
    0x11B9, 0x1108, 0x1164,
    0x11BA, 0x1108, 0x1164,
    0x11BB, 0x1108, 0x1164,
    0x11BC, 0x1108, 0x1164,
    0x11BD, 0x1108, 0x1164,
    0x11BE, 0x1108, 0x1164,
    0x11BF, 0x1108, 0x1164,
    0x11C0, 0x1108, 0x1164,
    0x11C1, 0x1108, 0x1164,
    0x11C2, 0x1108, 0x1165,
    0x1108, 0x1165, 0x11A8,
    0x1108, 0x1165, 0x11A9,
    0x1108, 0x1165, 0x11AA,
    0x1108, 0x1165, 0x11AB,
    0x1108, 0x1165, 0x11AC,
    0x1108, 0x1165, 0x11AD,
    0x1108, 0x1165, 0x11AE,
    0x1108, 0x1165, 0x11AF,
    0x1108, 0x1165, 0x11B0,
    0x1108, 0x1165, 0x11B1,
    0x1108, 0x1165, 0x11B2,
    0x1108, 0x1165, 0x11B3,
    0x1108, 0x1165, 0x11B4,
    0x1108, 0x1165, 0x11B5,
    0x1108, 0x1165, 0x11B6,
    0x1108, 0x1165, 0x11B7,
    0x1108, 0x1165, 0x11B8,
    0x1108, 0x1165, 0x11B9,
    0x1108, 0x1165, 0x11BA,
    0x1108, 0x1165, 0x11BB,
    0x1108, 0x1165, 0x11BC,
    0x1108, 0x1165, 0x11BD,
    0x1108, 0x1165, 0x11BE,
    0x1108, 0x1165, 0x11BF,
    0x1108, 0x1165, 0x11C0,
    0x1108, 0x1165, 0x11C1,
    0x1108, 0x1165, 0x11C2,
    0x1108, 0x1166, 0x1108,
    0x1166, 0x11A8, 0x1108,
    0x1166, 0x11A9, 0x1108,
    0x1166, 0x11AA, 0x1108,
    0x1166, 0x11AB, 0x1108,
    0x1166, 0x11AC, 0x1108,
    0x1166, 0x11AD, 0x1108,
    0x1166, 0x11AE, 0x1108,
    0x1166, 0x11AF, 0x1108,
    0x1166, 0x11B0, 0x1108,
    0x1166, 0x11B1, 0x1108,
    0x1166, 0x11B2, 0x1108,
    0x1166, 0x11B3, 0x1108,
    0x1166, 0x11B4, 0x1108,
    0x1166, 0x11B5, 0x1108,
    0x1166, 0x11B6, 0x1108,
    0x1166, 0x11B7, 0x1108,
    0x1166, 0x11B8, 0x1108,
    0x1166, 0x11B9, 0x1108,
    0x1166, 0x11BA, 0x1108,
    0x1166, 0x11BB, 0x1108,
    0x1166, 0x11BC, 0x1108,
    0x1166, 0x11BD, 0x1108,
    0x1166, 0x11BE, 0x1108,
    0x1166, 0x11BF, 0x1108,
    0x1166, 0x11C0, 0x1108,
    0x1166, 0x11C1, 0x1108,
    0x1166, 0x11C2, 0x1108,
    0x1167, 0x1108, 0x1167,
    0x11A8, 0x1108, 0x1167,
    0x11A9, 0x1108, 0x1167,
    0x11AA, 0x1108, 0x1167,
    0x11AB, 0x1108, 0x1167,
    0x11AC, 0x1108, 0x1167,
    0x11AD, 0x1108, 0x1167,
    0x11AE, 0x1108, 0x1167,
    0x11AF, 0x1108, 0x1167,
    0x11B0, 0x1108, 0x1167,
    0x11B1, 0x1108, 0x1167,
    0x11B2, 0x1108, 0x1167,
    0x11B3, 0x1108, 0x1167,
    0x11B4, 0x1108, 0x1167,
    0x11B5, 0x1108, 0x1167,
    0x11B6, 0x1108, 0x1167,
    0x11B7, 0x1108, 0x1167,
    0x11B8, 0x1108, 0x1167,
    0x11B9, 0x1108, 0x1167,
    0x11BA, 0x1108, 0x1167,
    0x11BB, 0x1108, 0x1167,
    0x11BC, 0x1108, 0x1167,
    0x11BD, 0x1108, 0x1167,
    0x11BE, 0x1108, 0x1167,
    0x11BF, 0x1108, 0x1167,
    0x11C0, 0x1108, 0x1167,
    0x11C1, 0x1108, 0x1167,
    0x11C2, 0x1108, 0x1168,
    0x1108, 0x1168, 0x11A8,
    0x1108, 0x1168, 0x11A9,
    0x1108, 0x1168, 0x11AA,
    0x1108, 0x1168, 0x11AB,
    0x1108, 0x1168, 0x11AC,
    0x1108, 0x1168, 0x11AD,
    0x1108, 0x1168, 0x11AE,
    0x1108, 0x1168, 0x11AF,
    0x1108, 0x1168, 0x11B0,
    0x1108, 0x1168, 0x11B1,
    0x1108, 0x1168, 0x11B2,
    0x1108, 0x1168, 0x11B3,
    0x1108, 0x1168, 0x11B4,
    0x1108, 0x1168, 0x11B5,
    0x1108, 0x1168, 0x11B6,
    0x1108, 0x1168, 0x11B7,
    0x1108, 0x1168, 0x11B8,
    0x1108, 0x1168, 0x11B9,
    0x1108, 0x1168, 0x11BA,
    0x1108, 0x1168, 0x11BB,
    0x1108, 0x1168, 0x11BC,
    0x1108, 0x1168, 0x11BD,
    0x1108, 0x1168, 0x11BE,
    0x1108, 0x1168, 0x11BF,
    0x1108, 0x1168, 0x11C0,
    0x1108, 0x1168, 0x11C1,
    0x1108, 0x1168, 0x11C2,
    0x1108, 0x1169, 0x1108,
    0x1169, 0x11A8, 0x1108,
    0x1169, 0x11A9, 0x1108,
    0x1169, 0x11AA, 0x1108,
    0x1169, 0x11AB, 0x1108,
    0x1169, 0x11AC, 0x1108,
    0x1169, 0x11AD, 0x1108,
    0x1169, 0x11AE, 0x1108,
    0x1169, 0x11AF, 0x1108,
    0x1169, 0x11B0, 0x1108,
    0x1169, 0x11B1, 0x1108,
    0x1169, 0x11B2, 0x1108,
    0x1169, 0x11B3, 0x1108,
    0x1169, 0x11B4, 0x1108,
    0x1169, 0x11B5, 0x1108,
    0x1169, 0x11B6, 0x1108,
    0x1169, 0x11B7, 0x1108,
    0x1169, 0x11B8, 0x1108,
    0x1169, 0x11B9, 0x1108,
    0x1169, 0x11BA, 0x1108,
    0x1169, 0x11BB, 0x1108,
    0x1169, 0x11BC, 0x1108,
    0x1169, 0x11BD, 0x1108,
    0x1169, 0x11BE, 0x1108,
    0x1169, 0x11BF, 0x1108,
    0x1169, 0x11C0, 0x1108,
    0x1169, 0x11C1, 0x1108,
    0x1169, 0x11C2, 0x1108,
    0x116A, 0x1108, 0x116A,
    0x11A8, 0x1108, 0x116A,
    0x11A9, 0x1108, 0x116A,
    0x11AA, 0x1108, 0x116A,
    0x11AB, 0x1108, 0x116A,
    0x11AC, 0x1108, 0x116A,
    0x11AD, 0x1108, 0x116A,
    0x11AE, 0x1108, 0x116A,
    0x11AF, 0x1108, 0x116A,
    0x11B0, 0x1108, 0x116A,
    0x11B1, 0x1108, 0x116A,
    0x11B2, 0x1108, 0x116A,
    0x11B3, 0x1108, 0x116A,
    0x11B4, 0x1108, 0x116A,
    0x11B5, 0x1108, 0x116A,
    0x11B6, 0x1108, 0x116A,
    0x11B7, 0x1108, 0x116A,
    0x11B8, 0x1108, 0x116A,
    0x11B9, 0x1108, 0x116A,
    0x11BA, 0x1108, 0x116A,
    0x11BB, 0x1108, 0x116A,
    0x11BC, 0x1108, 0x116A,
    0x11BD, 0x1108, 0x116A,
    0x11BE, 0x1108, 0x116A,
    0x11BF, 0x1108, 0x116A,
    0x11C0, 0x1108, 0x116A,
    0x11C1, 0x1108, 0x116A,
    0x11C2, 0x1108, 0x116B,
    0x1108, 0x116B, 0x11A8,
    0x1108, 0x116B, 0x11A9,
    0x1108, 0x116B, 0x11AA,
    0x1108, 0x116B, 0x11AB,
    0x1108, 0x116B, 0x11AC,
    0x1108, 0x116B, 0x11AD,
    0x1108, 0x116B, 0x11AE,
    0x1108, 0x116B, 0x11AF,
    0x1108, 0x116B, 0x11B0,
    0x1108, 0x116B, 0x11B1,
    0x1108, 0x116B, 0x11B2,
    0x1108, 0x116B, 0x11B3,
    0x1108, 0x116B, 0x11B4,
    0x1108, 0x116B, 0x11B5,
    0x1108, 0x116B, 0x11B6,
    0x1108, 0x116B, 0x11B7,
    0x1108, 0x116B, 0x11B8,
    0x1108, 0x116B, 0x11B9,
    0x1108, 0x116B, 0x11BA,
    0x1108, 0x116B, 0x11BB,
    0x1108, 0x116B, 0x11BC,
    0x1108, 0x116B, 0x11BD,
    0x1108, 0x116B, 0x11BE,
    0x1108, 0x116B, 0x11BF,
    0x1108, 0x116B, 0x11C0,
    0x1108, 0x116B, 0x11C1,
    0x1108, 0x116B, 0x11C2,
    0x1108, 0x116C, 0x1108,
    0x116C, 0x11A8, 0x1108,
    0x116C, 0x11A9, 0x1108,
    0x116C, 0x11AA, 0x1108,
    0x116C, 0x11AB, 0x1108,
    0x116C, 0x11AC, 0x1108,
    0x116C, 0x11AD, 0x1108,
    0x116C, 0x11AE, 0x1108,
    0x116C, 0x11AF, 0x1108,
    0x116C, 0x11B0, 0x1108,
    0x116C, 0x11B1, 0x1108,
    0x116C, 0x11B2, 0x1108,
    0x116C, 0x11B3, 0x1108,
    0x116C, 0x11B4, 0x1108,
    0x116C, 0x11B5, 0x1108,
    0x116C, 0x11B6, 0x1108,
    0x116C, 0x11B7, 0x1108,
    0x116C, 0x11B8, 0x1108,
    0x116C, 0x11B9, 0x1108,
    0x116C, 0x11BA, 0x1108,
    0x116C, 0x11BB, 0x1108,
    0x116C, 0x11BC, 0x1108,
    0x116C, 0x11BD, 0x1108,
    0x116C, 0x11BE, 0x1108,
    0x116C, 0x11BF, 0x1108,
    0x116C, 0x11C0, 0x1108,
    0x116C, 0x11C1, 0x1108,
    0x116C, 0x11C2, 0x1108,
    0x116D, 0x1108, 0x116D,
    0x11A8, 0x1108, 0x116D,
    0x11A9, 0x1108, 0x116D,
    0x11AA, 0x1108, 0x116D,
    0x11AB, 0x1108, 0x116D,
    0x11AC, 0x1108, 0x116D,
    0x11AD, 0x1108, 0x116D,
    0x11AE, 0x1108, 0x116D,
    0x11AF, 0x1108, 0x116D,
    0x11B0, 0x1108, 0x116D,
    0x11B1, 0x1108, 0x116D,
    0x11B2, 0x1108, 0x116D,
    0x11B3, 0x1108, 0x116D,
    0x11B4, 0x1108, 0x116D,
    0x11B5, 0x1108, 0x116D,
    0x11B6, 0x1108, 0x116D,
    0x11B7, 0x1108, 0x116D,
    0x11B8, 0x1108, 0x116D,
    0x11B9, 0x1108, 0x116D,
    0x11BA, 0x1108, 0x116D,
    0x11BB, 0x1108, 0x116D,
    0x11BC, 0x1108, 0x116D,
    0x11BD, 0x1108, 0x116D,
    0x11BE, 0x1108, 0x116D,
    0x11BF, 0x1108, 0x116D,
    0x11C0, 0x1108, 0x116D,
    0x11C1, 0x1108, 0x116D,
    0x11C2, 0x1108, 0x116E,
    0x1108, 0x116E, 0x11A8,
    0x1108, 0x116E, 0x11A9,
    0x1108, 0x116E, 0x11AA,
    0x1108, 0x116E, 0x11AB,
    0x1108, 0x116E, 0x11AC,
    0x1108, 0x116E, 0x11AD,
    0x1108, 0x116E, 0x11AE,
    0x1108, 0x116E, 0x11AF,
    0x1108, 0x116E, 0x11B0,
    0x1108, 0x116E, 0x11B1,
    0x1108, 0x116E, 0x11B2,
    0x1108, 0x116E, 0x11B3,
    0x1108, 0x116E, 0x11B4,
    0x1108, 0x116E, 0x11B5,
    0x1108, 0x116E, 0x11B6,
    0x1108, 0x116E, 0x11B7,
    0x1108, 0x116E, 0x11B8,
    0x1108, 0x116E, 0x11B9,
    0x1108, 0x116E, 0x11BA,
    0x1108, 0x116E, 0x11BB,
    0x1108, 0x116E, 0x11BC,
    0x1108, 0x116E, 0x11BD,
    0x1108, 0x116E, 0x11BE,
    0x1108, 0x116E, 0x11BF,
    0x1108, 0x116E, 0x11C0,
    0x1108, 0x116E, 0x11C1,
    0x1108, 0x116E, 0x11C2,
    0x1108, 0x116F, 0x1108,
    0x116F, 0x11A8, 0x1108,
    0x116F, 0x11A9, 0x1108,
    0x116F, 0x11AA, 0x1108,
    0x116F, 0x11AB, 0x1108,
    0x116F, 0x11AC, 0x1108,
    0x116F, 0x11AD, 0x1108,
    0x116F, 0x11AE, 0x1108,
    0x116F, 0x11AF, 0x1108,
    0x116F, 0x11B0, 0x1108,
    0x116F, 0x11B1, 0x1108,
    0x116F, 0x11B2, 0x1108,
    0x116F, 0x11B3, 0x1108,
    0x116F, 0x11B4, 0x1108,
    0x116F, 0x11B5, 0x1108,
    0x116F, 0x11B6, 0x1108,
    0x116F, 0x11B7, 0x1108,
    0x116F, 0x11B8, 0x1108,
    0x116F, 0x11B9, 0x1108,
    0x116F, 0x11BA, 0x1108,
    0x116F, 0x11BB, 0x1108,
    0x116F, 0x11BC, 0x1108,
    0x116F, 0x11BD, 0x1108,
    0x116F, 0x11BE, 0x1108,
    0x116F, 0x11BF, 0x1108,
    0x116F, 0x11C0, 0x1108,
    0x116F, 0x11C1, 0x1108,
    0x116F, 0x11C2, 0x1108,
    0x1170, 0x1108, 0x1170,
    0x11A8, 0x1108, 0x1170,
    0x11A9, 0x1108, 0x1170,
    0x11AA, 0x1108, 0x1170,
    0x11AB, 0x1108, 0x1170,
    0x11AC, 0x1108, 0x1170,
    0x11AD, 0x1108, 0x1170,
    0x11AE, 0x1108, 0x1170,
    0x11AF, 0x1108, 0x1170,
    0x11B0, 0x1108, 0x1170,
    0x11B1, 0x1108, 0x1170,
    0x11B2, 0x1108, 0x1170,
    0x11B3, 0x1108, 0x1170,
    0x11B4, 0x1108, 0x1170,
    0x11B5, 0x1108, 0x1170,
    0x11B6, 0x1108, 0x1170,
    0x11B7, 0x1108, 0x1170,
    0x11B8, 0x1108, 0x1170,
    0x11B9, 0x1108, 0x1170,
    0x11BA, 0x1108, 0x1170,
    0x11BB, 0x1108, 0x1170,
    0x11BC, 0x1108, 0x1170,
    0x11BD, 0x1108, 0x1170,
    0x11BE, 0x1108, 0x1170,
    0x11BF, 0x1108, 0x1170,
    0x11C0, 0x1108, 0x1170,
    0x11C1, 0x1108, 0x1170,
    0x11C2, 0x1108, 0x1171,
    0x1108, 0x1171, 0x11A8,
    0x1108, 0x1171, 0x11A9,
    0x1108, 0x1171, 0x11AA,
    0x1108, 0x1171, 0x11AB,
    0x1108, 0x1171, 0x11AC,
    0x1108, 0x1171, 0x11AD,
    0x1108, 0x1171, 0x11AE,
    0x1108, 0x1171, 0x11AF,
    0x1108, 0x1171, 0x11B0,
    0x1108, 0x1171, 0x11B1,
    0x1108, 0x1171, 0x11B2,
    0x1108, 0x1171, 0x11B3,
    0x1108, 0x1171, 0x11B4,
    0x1108, 0x1171, 0x11B5,
    0x1108, 0x1171, 0x11B6,
    0x1108, 0x1171, 0x11B7,
    0x1108, 0x1171, 0x11B8,
    0x1108, 0x1171, 0x11B9,
    0x1108, 0x1171, 0x11BA,
    0x1108, 0x1171, 0x11BB,
    0x1108, 0x1171, 0x11BC,
    0x1108, 0x1171, 0x11BD,
    0x1108, 0x1171, 0x11BE,
    0x1108, 0x1171, 0x11BF,
    0x1108, 0x1171, 0x11C0,
    0x1108, 0x1171, 0x11C1,
    0x1108, 0x1171, 0x11C2,
    0x1108, 0x1172, 0x1108,
    0x1172, 0x11A8, 0x1108,
    0x1172, 0x11A9, 0x1108,
    0x1172, 0x11AA, 0x1108,
    0x1172, 0x11AB, 0x1108,
    0x1172, 0x11AC, 0x1108,
    0x1172, 0x11AD, 0x1108,
    0x1172, 0x11AE, 0x1108,
    0x1172, 0x11AF, 0x1108,
    0x1172, 0x11B0, 0x1108,
    0x1172, 0x11B1, 0x1108,
    0x1172, 0x11B2, 0x1108,
    0x1172, 0x11B3, 0x1108,
    0x1172, 0x11B4, 0x1108,
    0x1172, 0x11B5, 0x1108,
    0x1172, 0x11B6, 0x1108,
    0x1172, 0x11B7, 0x1108,
    0x1172, 0x11B8, 0x1108,
    0x1172, 0x11B9, 0x1108,
    0x1172, 0x11BA, 0x1108,
    0x1172, 0x11BB, 0x1108,
    0x1172, 0x11BC, 0x1108,
    0x1172, 0x11BD, 0x1108,
    0x1172, 0x11BE, 0x1108,
    0x1172, 0x11BF, 0x1108,
    0x1172, 0x11C0, 0x1108,
    0x1172, 0x11C1, 0x1108,
    0x1172, 0x11C2, 0x1108,
    0x1173, 0x1108, 0x1173,
    0x11A8, 0x1108, 0x1173,
    0x11A9, 0x1108, 0x1173,
    0x11AA, 0x1108, 0x1173,
    0x11AB, 0x1108, 0x1173,
    0x11AC, 0x1108, 0x1173,
    0x11AD, 0x1108, 0x1173,
    0x11AE, 0x1108, 0x1173,
    0x11AF, 0x1108, 0x1173,
    0x11B0, 0x1108, 0x1173,
    0x11B1, 0x1108, 0x1173,
    0x11B2, 0x1108, 0x1173,
    0x11B3, 0x1108, 0x1173,
    0x11B4, 0x1108, 0x1173,
    0x11B5, 0x1108, 0x1173,
    0x11B6, 0x1108, 0x1173,
    0x11B7, 0x1108, 0x1173,
    0x11B8, 0x1108, 0x1173,
    0x11B9, 0x1108, 0x1173,
    0x11BA, 0x1108, 0x1173,
    0x11BB, 0x1108, 0x1173,
    0x11BC, 0x1108, 0x1173,
    0x11BD, 0x1108, 0x1173,
    0x11BE, 0x1108, 0x1173,
    0x11BF, 0x1108, 0x1173,
    0x11C0, 0x1108, 0x1173,
    0x11C1, 0x1108, 0x1173,
    0x11C2, 0x1108, 0x1174,
    0x1108, 0x1174, 0x11A8,
    0x1108, 0x1174, 0x11A9,
    0x1108, 0x1174, 0x11AA,
    0x1108, 0x1174, 0x11AB,
    0x1108, 0x1174, 0x11AC,
    0x1108, 0x1174, 0x11AD,
    0x1108, 0x1174, 0x11AE,
    0x1108, 0x1174, 0x11AF,
    0x1108, 0x1174, 0x11B0,
    0x1108, 0x1174, 0x11B1,
    0x1108, 0x1174, 0x11B2,
    0x1108, 0x1174, 0x11B3,
    0x1108, 0x1174, 0x11B4,
    0x1108, 0x1174, 0x11B5,
    0x1108, 0x1174, 0x11B6,
    0x1108, 0x1174, 0x11B7,
    0x1108, 0x1174, 0x11B8,
    0x1108, 0x1174, 0x11B9,
    0x1108, 0x1174, 0x11BA,
    0x1108, 0x1174, 0x11BB,
    0x1108, 0x1174, 0x11BC,
    0x1108, 0x1174, 0x11BD,
    0x1108, 0x1174, 0x11BE,
    0x1108, 0x1174, 0x11BF,
    0x1108, 0x1174, 0x11C0,
    0x1108, 0x1174, 0x11C1,
    0x1108, 0x1174, 0x11C2,
    0x1108, 0x1175, 0x1108,
    0x1175, 0x11A8, 0x1108,
    0x1175, 0x11A9, 0x1108,
    0x1175, 0x11AA, 0x1108,
    0x1175, 0x11AB, 0x1108,
    0x1175, 0x11AC, 0x1108,
    0x1175, 0x11AD, 0x1108,
    0x1175, 0x11AE, 0x1108,
    0x1175, 0x11AF, 0x1108,
    0x1175, 0x11B0, 0x1108,
    0x1175, 0x11B1, 0x1108,
    0x1175, 0x11B2, 0x1108,
    0x1175, 0x11B3, 0x1108,
    0x1175, 0x11B4, 0x1108,
    0x1175, 0x11B5, 0x1108,
    0x1175, 0x11B6, 0x1108,
    0x1175, 0x11B7, 0x1108,
    0x1175, 0x11B8, 0x1108,
    0x1175, 0x11B9, 0x1108,
    0x1175, 0x11BA, 0x1108,
    0x1175, 0x11BB, 0x1108,
    0x1175, 0x11BC, 0x1108,
    0x1175, 0x11BD, 0x1108,
    0x1175, 0x11BE, 0x1108,
    0x1175, 0x11BF, 0x1108,
    0x1175, 0x11C0, 0x1108,
    0x1175, 0x11C1, 0x1108,
    0x1175, 0x11C2, 0x1109,
    0x1161, 0x1109, 0x1161,
    0x11A8, 0x1109, 0x1161,
    0x11A9, 0x1109, 0x1161,
    0x11AA, 0x1109, 0x1161,
    0x11AB, 0x1109, 0x1161,
    0x11AC, 0x1109, 0x1161,
    0x11AD, 0x1109, 0x1161,
    0x11AE, 0x1109, 0x1161,
    0x11AF, 0x1109, 0x1161,
    0x11B0, 0x1109, 0x1161,
    0x11B1, 0x1109, 0x1161,
    0x11B2, 0x1109, 0x1161,
    0x11B3, 0x1109, 0x1161,
    0x11B4, 0x1109, 0x1161,
    0x11B5, 0x1109, 0x1161,
    0x11B6, 0x1109, 0x1161,
    0x11B7, 0x1109, 0x1161,
    0x11B8, 0x1109, 0x1161,
    0x11B9, 0x1109, 0x1161,
    0x11BA, 0x1109, 0x1161,
    0x11BB, 0x1109, 0x1161,
    0x11BC, 0x1109, 0x1161,
    0x11BD, 0x1109, 0x1161,
    0x11BE, 0x1109, 0x1161,
    0x11BF, 0x1109, 0x1161,
    0x11C0, 0x1109, 0x1161,
    0x11C1, 0x1109, 0x1161,
    0x11C2, 0x1109, 0x1162,
    0x1109, 0x1162, 0x11A8,
    0x1109, 0x1162, 0x11A9,
    0x1109, 0x1162, 0x11AA,
    0x1109, 0x1162, 0x11AB,
    0x1109, 0x1162, 0x11AC,
    0x1109, 0x1162, 0x11AD,
    0x1109, 0x1162, 0x11AE,
    0x1109, 0x1162, 0x11AF,
    0x1109, 0x1162, 0x11B0,
    0x1109, 0x1162, 0x11B1,
    0x1109, 0x1162, 0x11B2,
    0x1109, 0x1162, 0x11B3,
    0x1109, 0x1162, 0x11B4,
    0x1109, 0x1162, 0x11B5,
    0x1109, 0x1162, 0x11B6,
    0x1109, 0x1162, 0x11B7,
    0x1109, 0x1162, 0x11B8,
    0x1109, 0x1162, 0x11B9,
    0x1109, 0x1162, 0x11BA,
    0x1109, 0x1162, 0x11BB,
    0x1109, 0x1162, 0x11BC,
    0x1109, 0x1162, 0x11BD,
    0x1109, 0x1162, 0x11BE,
    0x1109, 0x1162, 0x11BF,
    0x1109, 0x1162, 0x11C0,
    0x1109, 0x1162, 0x11C1,
    0x1109, 0x1162, 0x11C2,
    0x1109, 0x1163, 0x1109,
    0x1163, 0x11A8, 0x1109,
    0x1163, 0x11A9, 0x1109,
    0x1163, 0x11AA, 0x1109,
    0x1163, 0x11AB, 0x1109,
    0x1163, 0x11AC, 0x1109,
    0x1163, 0x11AD, 0x1109,
    0x1163, 0x11AE, 0x1109,
    0x1163, 0x11AF, 0x1109,
    0x1163, 0x11B0, 0x1109,
    0x1163, 0x11B1, 0x1109,
    0x1163, 0x11B2, 0x1109,
    0x1163, 0x11B3, 0x1109,
    0x1163, 0x11B4, 0x1109,
    0x1163, 0x11B5, 0x1109,
    0x1163, 0x11B6, 0x1109,
    0x1163, 0x11B7, 0x1109,
    0x1163, 0x11B8, 0x1109,
    0x1163, 0x11B9, 0x1109,
    0x1163, 0x11BA, 0x1109,
    0x1163, 0x11BB, 0x1109,
    0x1163, 0x11BC, 0x1109,
    0x1163, 0x11BD, 0x1109,
    0x1163, 0x11BE, 0x1109,
    0x1163, 0x11BF, 0x1109,
    0x1163, 0x11C0, 0x1109,
    0x1163, 0x11C1, 0x1109,
    0x1163, 0x11C2, 0x1109,
    0x1164, 0x1109, 0x1164,
    0x11A8, 0x1109, 0x1164,
    0x11A9, 0x1109, 0x1164,
    0x11AA, 0x1109, 0x1164,
    0x11AB, 0x1109, 0x1164,
    0x11AC, 0x1109, 0x1164,
    0x11AD, 0x1109, 0x1164,
    0x11AE, 0x1109, 0x1164,
    0x11AF, 0x1109, 0x1164,
    0x11B0, 0x1109, 0x1164,
    0x11B1, 0x1109, 0x1164,
    0x11B2, 0x1109, 0x1164,
    0x11B3, 0x1109, 0x1164,
    0x11B4, 0x1109, 0x1164,
    0x11B5, 0x1109, 0x1164,
    0x11B6, 0x1109, 0x1164,
    0x11B7, 0x1109, 0x1164,
    0x11B8, 0x1109, 0x1164,
    0x11B9, 0x1109, 0x1164,
    0x11BA, 0x1109, 0x1164,
    0x11BB, 0x1109, 0x1164,
    0x11BC, 0x1109, 0x1164,
    0x11BD, 0x1109, 0x1164,
    0x11BE, 0x1109, 0x1164,
    0x11BF, 0x1109, 0x1164,
    0x11C0, 0x1109, 0x1164,
    0x11C1, 0x1109, 0x1164,
    0x11C2, 0x1109, 0x1165,
    0x1109, 0x1165, 0x11A8,
    0x1109, 0x1165, 0x11A9,
    0x1109, 0x1165, 0x11AA,
    0x1109, 0x1165, 0x11AB,
    0x1109, 0x1165, 0x11AC,
    0x1109, 0x1165, 0x11AD,
    0x1109, 0x1165, 0x11AE,
    0x1109, 0x1165, 0x11AF,
    0x1109, 0x1165, 0x11B0,
    0x1109, 0x1165, 0x11B1,
    0x1109, 0x1165, 0x11B2,
    0x1109, 0x1165, 0x11B3,
    0x1109, 0x1165, 0x11B4,
    0x1109, 0x1165, 0x11B5,
    0x1109, 0x1165, 0x11B6,
    0x1109, 0x1165, 0x11B7,
    0x1109, 0x1165, 0x11B8,
    0x1109, 0x1165, 0x11B9,
    0x1109, 0x1165, 0x11BA,
    0x1109, 0x1165, 0x11BB,
    0x1109, 0x1165, 0x11BC,
    0x1109, 0x1165, 0x11BD,
    0x1109, 0x1165, 0x11BE,
    0x1109, 0x1165, 0x11BF,
    0x1109, 0x1165, 0x11C0,
    0x1109, 0x1165, 0x11C1,
    0x1109, 0x1165, 0x11C2,
    0x1109, 0x1166, 0x1109,
    0x1166, 0x11A8, 0x1109,
    0x1166, 0x11A9, 0x1109,
    0x1166, 0x11AA, 0x1109,
    0x1166, 0x11AB, 0x1109,
    0x1166, 0x11AC, 0x1109,
    0x1166, 0x11AD, 0x1109,
    0x1166, 0x11AE, 0x1109,
    0x1166, 0x11AF, 0x1109,
    0x1166, 0x11B0, 0x1109,
    0x1166, 0x11B1, 0x1109,
    0x1166, 0x11B2, 0x1109,
    0x1166, 0x11B3, 0x1109,
    0x1166, 0x11B4, 0x1109,
    0x1166, 0x11B5, 0x1109,
    0x1166, 0x11B6, 0x1109,
    0x1166, 0x11B7, 0x1109,
    0x1166, 0x11B8, 0x1109,
    0x1166, 0x11B9, 0x1109,
    0x1166, 0x11BA, 0x1109,
    0x1166, 0x11BB, 0x1109,
    0x1166, 0x11BC, 0x1109,
    0x1166, 0x11BD, 0x1109,
    0x1166, 0x11BE, 0x1109,
    0x1166, 0x11BF, 0x1109,
    0x1166, 0x11C0, 0x1109,
    0x1166, 0x11C1, 0x1109,
    0x1166, 0x11C2, 0x1109,
    0x1167, 0x1109, 0x1167,
    0x11A8, 0x1109, 0x1167,
    0x11A9, 0x1109, 0x1167,
    0x11AA, 0x1109, 0x1167,
    0x11AB, 0x1109, 0x1167,
    0x11AC, 0x1109, 0x1167,
    0x11AD, 0x1109, 0x1167,
    0x11AE, 0x1109, 0x1167,
    0x11AF, 0x1109, 0x1167,
    0x11B0, 0x1109, 0x1167,
    0x11B1, 0x1109, 0x1167,
    0x11B2, 0x1109, 0x1167,
    0x11B3, 0x1109, 0x1167,
    0x11B4, 0x1109, 0x1167,
    0x11B5, 0x1109, 0x1167,
    0x11B6, 0x1109, 0x1167,
    0x11B7, 0x1109, 0x1167,
    0x11B8, 0x1109, 0x1167,
    0x11B9, 0x1109, 0x1167,
    0x11BA, 0x1109, 0x1167,
    0x11BB, 0x1109, 0x1167,
    0x11BC, 0x1109, 0x1167,
    0x11BD, 0x1109, 0x1167,
    0x11BE, 0x1109, 0x1167,
    0x11BF, 0x1109, 0x1167,
    0x11C0, 0x1109, 0x1167,
    0x11C1, 0x1109, 0x1167,
    0x11C2, 0x1109, 0x1168,
    0x1109, 0x1168, 0x11A8,
    0x1109, 0x1168, 0x11A9,
    0x1109, 0x1168, 0x11AA,
    0x1109, 0x1168, 0x11AB,
    0x1109, 0x1168, 0x11AC,
    0x1109, 0x1168, 0x11AD,
    0x1109, 0x1168, 0x11AE,
    0x1109, 0x1168, 0x11AF,
    0x1109, 0x1168, 0x11B0,
    0x1109, 0x1168, 0x11B1,
    0x1109, 0x1168, 0x11B2,
    0x1109, 0x1168, 0x11B3,
    0x1109, 0x1168, 0x11B4,
    0x1109, 0x1168, 0x11B5,
    0x1109, 0x1168, 0x11B6,
    0x1109, 0x1168, 0x11B7,
    0x1109, 0x1168, 0x11B8,
    0x1109, 0x1168, 0x11B9,
    0x1109, 0x1168, 0x11BA,
    0x1109, 0x1168, 0x11BB,
    0x1109, 0x1168, 0x11BC,
    0x1109, 0x1168, 0x11BD,
    0x1109, 0x1168, 0x11BE,
    0x1109, 0x1168, 0x11BF,
    0x1109, 0x1168, 0x11C0,
    0x1109, 0x1168, 0x11C1,
    0x1109, 0x1168, 0x11C2,
    0x1109, 0x1169, 0x1109,
    0x1169, 0x11A8, 0x1109,
    0x1169, 0x11A9, 0x1109,
    0x1169, 0x11AA, 0x1109,
    0x1169, 0x11AB, 0x1109,
    0x1169, 0x11AC, 0x1109,
    0x1169, 0x11AD, 0x1109,
    0x1169, 0x11AE, 0x1109,
    0x1169, 0x11AF, 0x1109,
    0x1169, 0x11B0, 0x1109,
    0x1169, 0x11B1, 0x1109,
    0x1169, 0x11B2, 0x1109,
    0x1169, 0x11B3, 0x1109,
    0x1169, 0x11B4, 0x1109,
    0x1169, 0x11B5, 0x1109,
    0x1169, 0x11B6, 0x1109,
    0x1169, 0x11B7, 0x1109,
    0x1169, 0x11B8, 0x1109,
    0x1169, 0x11B9, 0x1109,
    0x1169, 0x11BA, 0x1109,
    0x1169, 0x11BB, 0x1109,
    0x1169, 0x11BC, 0x1109,
    0x1169, 0x11BD, 0x1109,
    0x1169, 0x11BE, 0x1109,
    0x1169, 0x11BF, 0x1109,
    0x1169, 0x11C0, 0x1109,
    0x1169, 0x11C1, 0x1109,
    0x1169, 0x11C2, 0x1109,
    0x116A, 0x1109, 0x116A,
    0x11A8, 0x1109, 0x116A,
    0x11A9, 0x1109, 0x116A,
    0x11AA, 0x1109, 0x116A,
    0x11AB, 0x1109, 0x116A,
    0x11AC, 0x1109, 0x116A,
    0x11AD, 0x1109, 0x116A,
    0x11AE, 0x1109, 0x116A,
    0x11AF, 0x1109, 0x116A,
    0x11B0, 0x1109, 0x116A,
    0x11B1, 0x1109, 0x116A,
    0x11B2, 0x1109, 0x116A,
    0x11B3, 0x1109, 0x116A,
    0x11B4, 0x1109, 0x116A,
    0x11B5, 0x1109, 0x116A,
    0x11B6, 0x1109, 0x116A,
    0x11B7, 0x1109, 0x116A,
    0x11B8, 0x1109, 0x116A,
    0x11B9, 0x1109, 0x116A,
    0x11BA, 0x1109, 0x116A,
    0x11BB, 0x1109, 0x116A,
    0x11BC, 0x1109, 0x116A,
    0x11BD, 0x1109, 0x116A,
    0x11BE, 0x1109, 0x116A,
    0x11BF, 0x1109, 0x116A,
    0x11C0, 0x1109, 0x116A,
    0x11C1, 0x1109, 0x116A,
    0x11C2, 0x1109, 0x116B,
    0x1109, 0x116B, 0x11A8,
    0x1109, 0x116B, 0x11A9,
    0x1109, 0x116B, 0x11AA,
    0x1109, 0x116B, 0x11AB,
    0x1109, 0x116B, 0x11AC,
    0x1109, 0x116B, 0x11AD,
    0x1109, 0x116B, 0x11AE,
    0x1109, 0x116B, 0x11AF,
    0x1109, 0x116B, 0x11B0,
    0x1109, 0x116B, 0x11B1,
    0x1109, 0x116B, 0x11B2,
    0x1109, 0x116B, 0x11B3,
    0x1109, 0x116B, 0x11B4,
    0x1109, 0x116B, 0x11B5,
    0x1109, 0x116B, 0x11B6,
    0x1109, 0x116B, 0x11B7,
    0x1109, 0x116B, 0x11B8,
    0x1109, 0x116B, 0x11B9,
    0x1109, 0x116B, 0x11BA,
    0x1109, 0x116B, 0x11BB,
    0x1109, 0x116B, 0x11BC,
    0x1109, 0x116B, 0x11BD,
    0x1109, 0x116B, 0x11BE,
    0x1109, 0x116B, 0x11BF,
    0x1109, 0x116B, 0x11C0,
    0x1109, 0x116B, 0x11C1,
    0x1109, 0x116B, 0x11C2,
    0x1109, 0x116C, 0x1109,
    0x116C, 0x11A8, 0x1109,
    0x116C, 0x11A9, 0x1109,
    0x116C, 0x11AA, 0x1109,
    0x116C, 0x11AB, 0x1109,
    0x116C, 0x11AC, 0x1109,
    0x116C, 0x11AD, 0x1109,
    0x116C, 0x11AE, 0x1109,
    0x116C, 0x11AF, 0x1109,
    0x116C, 0x11B0, 0x1109,
    0x116C, 0x11B1, 0x1109,
    0x116C, 0x11B2, 0x1109,
    0x116C, 0x11B3, 0x1109,
    0x116C, 0x11B4, 0x1109,
    0x116C, 0x11B5, 0x1109,
    0x116C, 0x11B6, 0x1109,
    0x116C, 0x11B7, 0x1109,
    0x116C, 0x11B8, 0x1109,
    0x116C, 0x11B9, 0x1109,
    0x116C, 0x11BA, 0x1109,
    0x116C, 0x11BB, 0x1109,
    0x116C, 0x11BC, 0x1109,
    0x116C, 0x11BD, 0x1109,
    0x116C, 0x11BE, 0x1109,
    0x116C, 0x11BF, 0x1109,
    0x116C, 0x11C0, 0x1109,
    0x116C, 0x11C1, 0x1109,
    0x116C, 0x11C2, 0x1109,
    0x116D, 0x1109, 0x116D,
    0x11A8, 0x1109, 0x116D,
    0x11A9, 0x1109, 0x116D,
    0x11AA, 0x1109, 0x116D,
    0x11AB, 0x1109, 0x116D,
    0x11AC, 0x1109, 0x116D,
    0x11AD, 0x1109, 0x116D,
    0x11AE, 0x1109, 0x116D,
    0x11AF, 0x1109, 0x116D,
    0x11B0, 0x1109, 0x116D,
    0x11B1, 0x1109, 0x116D,
    0x11B2, 0x1109, 0x116D,
    0x11B3, 0x1109, 0x116D,
    0x11B4, 0x1109, 0x116D,
    0x11B5, 0x1109, 0x116D,
    0x11B6, 0x1109, 0x116D,
    0x11B7, 0x1109, 0x116D,
    0x11B8, 0x1109, 0x116D,
    0x11B9, 0x1109, 0x116D,
    0x11BA, 0x1109, 0x116D,
    0x11BB, 0x1109, 0x116D,
    0x11BC, 0x1109, 0x116D,
    0x11BD, 0x1109, 0x116D,
    0x11BE, 0x1109, 0x116D,
    0x11BF, 0x1109, 0x116D,
    0x11C0, 0x1109, 0x116D,
    0x11C1, 0x1109, 0x116D,
    0x11C2, 0x1109, 0x116E,
    0x1109, 0x116E, 0x11A8,
    0x1109, 0x116E, 0x11A9,
    0x1109, 0x116E, 0x11AA,
    0x1109, 0x116E, 0x11AB,
    0x1109, 0x116E, 0x11AC,
    0x1109, 0x116E, 0x11AD,
    0x1109, 0x116E, 0x11AE,
    0x1109, 0x116E, 0x11AF,
    0x1109, 0x116E, 0x11B0,
    0x1109, 0x116E, 0x11B1,
    0x1109, 0x116E, 0x11B2,
    0x1109, 0x116E, 0x11B3,
    0x1109, 0x116E, 0x11B4,
    0x1109, 0x116E, 0x11B5,
    0x1109, 0x116E, 0x11B6,
    0x1109, 0x116E, 0x11B7,
    0x1109, 0x116E, 0x11B8,
    0x1109, 0x116E, 0x11B9,
    0x1109, 0x116E, 0x11BA,
    0x1109, 0x116E, 0x11BB,
    0x1109, 0x116E, 0x11BC,
    0x1109, 0x116E, 0x11BD,
    0x1109, 0x116E, 0x11BE,
    0x1109, 0x116E, 0x11BF,
    0x1109, 0x116E, 0x11C0,
    0x1109, 0x116E, 0x11C1,
    0x1109, 0x116E, 0x11C2,
    0x1109, 0x116F, 0x1109,
    0x116F, 0x11A8, 0x1109,
    0x116F, 0x11A9, 0x1109,
    0x116F, 0x11AA, 0x1109,
    0x116F, 0x11AB, 0x1109,
    0x116F, 0x11AC, 0x1109,
    0x116F, 0x11AD, 0x1109,
    0x116F, 0x11AE, 0x1109,
    0x116F, 0x11AF, 0x1109,
    0x116F, 0x11B0, 0x1109,
    0x116F, 0x11B1, 0x1109,
    0x116F, 0x11B2, 0x1109,
    0x116F, 0x11B3, 0x1109,
    0x116F, 0x11B4, 0x1109,
    0x116F, 0x11B5, 0x1109,
    0x116F, 0x11B6, 0x1109,
    0x116F, 0x11B7, 0x1109,
    0x116F, 0x11B8, 0x1109,
    0x116F, 0x11B9, 0x1109,
    0x116F, 0x11BA, 0x1109,
    0x116F, 0x11BB, 0x1109,
    0x116F, 0x11BC, 0x1109,
    0x116F, 0x11BD, 0x1109,
    0x116F, 0x11BE, 0x1109,
    0x116F, 0x11BF, 0x1109,
    0x116F, 0x11C0, 0x1109,
    0x116F, 0x11C1, 0x1109,
    0x116F, 0x11C2, 0x1109,
    0x1170, 0x1109, 0x1170,
    0x11A8, 0x1109, 0x1170,
    0x11A9, 0x1109, 0x1170,
    0x11AA, 0x1109, 0x1170,
    0x11AB, 0x1109, 0x1170,
    0x11AC, 0x1109, 0x1170,
    0x11AD, 0x1109, 0x1170,
    0x11AE, 0x1109, 0x1170,
    0x11AF, 0x1109, 0x1170,
    0x11B0, 0x1109, 0x1170,
    0x11B1, 0x1109, 0x1170,
    0x11B2, 0x1109, 0x1170,
    0x11B3, 0x1109, 0x1170,
    0x11B4, 0x1109, 0x1170,
    0x11B5, 0x1109, 0x1170,
    0x11B6, 0x1109, 0x1170,
    0x11B7, 0x1109, 0x1170,
    0x11B8, 0x1109, 0x1170,
    0x11B9, 0x1109, 0x1170,
    0x11BA, 0x1109, 0x1170,
    0x11BB, 0x1109, 0x1170,
    0x11BC, 0x1109, 0x1170,
    0x11BD, 0x1109, 0x1170,
    0x11BE, 0x1109, 0x1170,
    0x11BF, 0x1109, 0x1170,
    0x11C0, 0x1109, 0x1170,
    0x11C1, 0x1109, 0x1170,
    0x11C2, 0x1109, 0x1171,
    0x1109, 0x1171, 0x11A8,
    0x1109, 0x1171, 0x11A9,
    0x1109, 0x1171, 0x11AA,
    0x1109, 0x1171, 0x11AB,
    0x1109, 0x1171, 0x11AC,
    0x1109, 0x1171, 0x11AD,
    0x1109, 0x1171, 0x11AE,
    0x1109, 0x1171, 0x11AF,
    0x1109, 0x1171, 0x11B0,
    0x1109, 0x1171, 0x11B1,
    0x1109, 0x1171, 0x11B2,
    0x1109, 0x1171, 0x11B3,
    0x1109, 0x1171, 0x11B4,
    0x1109, 0x1171, 0x11B5,
    0x1109, 0x1171, 0x11B6,
    0x1109, 0x1171, 0x11B7,
    0x1109, 0x1171, 0x11B8,
    0x1109, 0x1171, 0x11B9,
    0x1109, 0x1171, 0x11BA,
    0x1109, 0x1171, 0x11BB,
    0x1109, 0x1171, 0x11BC,
    0x1109, 0x1171, 0x11BD,
    0x1109, 0x1171, 0x11BE,
    0x1109, 0x1171, 0x11BF,
    0x1109, 0x1171, 0x11C0,
    0x1109, 0x1171, 0x11C1,
    0x1109, 0x1171, 0x11C2,
    0x1109, 0x1172, 0x1109,
    0x1172, 0x11A8, 0x1109,
    0x1172, 0x11A9, 0x1109,
    0x1172, 0x11AA, 0x1109,
    0x1172, 0x11AB, 0x1109,
    0x1172, 0x11AC, 0x1109,
    0x1172, 0x11AD, 0x1109,
    0x1172, 0x11AE, 0x1109,
    0x1172, 0x11AF, 0x1109,
    0x1172, 0x11B0, 0x1109,
    0x1172, 0x11B1, 0x1109,
    0x1172, 0x11B2, 0x1109,
    0x1172, 0x11B3, 0x1109,
    0x1172, 0x11B4, 0x1109,
    0x1172, 0x11B5, 0x1109,
    0x1172, 0x11B6, 0x1109,
    0x1172, 0x11B7, 0x1109,
    0x1172, 0x11B8, 0x1109,
    0x1172, 0x11B9, 0x1109,
    0x1172, 0x11BA, 0x1109,
    0x1172, 0x11BB, 0x1109,
    0x1172, 0x11BC, 0x1109,
    0x1172, 0x11BD, 0x1109,
    0x1172, 0x11BE, 0x1109,
    0x1172, 0x11BF, 0x1109,
    0x1172, 0x11C0, 0x1109,
    0x1172, 0x11C1, 0x1109,
    0x1172, 0x11C2, 0x1109,
    0x1173, 0x1109, 0x1173,
    0x11A8, 0x1109, 0x1173,
    0x11A9, 0x1109, 0x1173,
    0x11AA, 0x1109, 0x1173,
    0x11AB, 0x1109, 0x1173,
    0x11AC, 0x1109, 0x1173,
    0x11AD, 0x1109, 0x1173,
    0x11AE, 0x1109, 0x1173,
    0x11AF, 0x1109, 0x1173,
    0x11B0, 0x1109, 0x1173,
    0x11B1, 0x1109, 0x1173,
    0x11B2, 0x1109, 0x1173,
    0x11B3, 0x1109, 0x1173,
    0x11B4, 0x1109, 0x1173,
    0x11B5, 0x1109, 0x1173,
    0x11B6, 0x1109, 0x1173,
    0x11B7, 0x1109, 0x1173,
    0x11B8, 0x1109, 0x1173,
    0x11B9, 0x1109, 0x1173,
    0x11BA, 0x1109, 0x1173,
    0x11BB, 0x1109, 0x1173,
    0x11BC, 0x1109, 0x1173,
    0x11BD, 0x1109, 0x1173,
    0x11BE, 0x1109, 0x1173,
    0x11BF, 0x1109, 0x1173,
    0x11C0, 0x1109, 0x1173,
    0x11C1, 0x1109, 0x1173,
    0x11C2, 0x1109, 0x1174,
    0x1109, 0x1174, 0x11A8,
    0x1109, 0x1174, 0x11A9,
    0x1109, 0x1174, 0x11AA,
    0x1109, 0x1174, 0x11AB,
    0x1109, 0x1174, 0x11AC,
    0x1109, 0x1174, 0x11AD,
    0x1109, 0x1174, 0x11AE,
    0x1109, 0x1174, 0x11AF,
    0x1109, 0x1174, 0x11B0,
    0x1109, 0x1174, 0x11B1,
    0x1109, 0x1174, 0x11B2,
    0x1109, 0x1174, 0x11B3,
    0x1109, 0x1174, 0x11B4,
    0x1109, 0x1174, 0x11B5,
    0x1109, 0x1174, 0x11B6,
    0x1109, 0x1174, 0x11B7,
    0x1109, 0x1174, 0x11B8,
    0x1109, 0x1174, 0x11B9,
    0x1109, 0x1174, 0x11BA,
    0x1109, 0x1174, 0x11BB,
    0x1109, 0x1174, 0x11BC,
    0x1109, 0x1174, 0x11BD,
    0x1109, 0x1174, 0x11BE,
    0x1109, 0x1174, 0x11BF,
    0x1109, 0x1174, 0x11C0,
    0x1109, 0x1174, 0x11C1,
    0x1109, 0x1174, 0x11C2,
    0x1109, 0x1175, 0x1109,
    0x1175, 0x11A8, 0x1109,
    0x1175, 0x11A9, 0x1109,
    0x1175, 0x11AA, 0x1109,
    0x1175, 0x11AB, 0x1109,
    0x1175, 0x11AC, 0x1109,
    0x1175, 0x11AD, 0x1109,
    0x1175, 0x11AE, 0x1109,
    0x1175, 0x11AF, 0x1109,
    0x1175, 0x11B0, 0x1109,
    0x1175, 0x11B1, 0x1109,
    0x1175, 0x11B2, 0x1109,
    0x1175, 0x11B3, 0x1109,
    0x1175, 0x11B4, 0x1109,
    0x1175, 0x11B5, 0x1109,
    0x1175, 0x11B6, 0x1109,
    0x1175, 0x11B7, 0x1109,
    0x1175, 0x11B8, 0x1109,
    0x1175, 0x11B9, 0x1109,
    0x1175, 0x11BA, 0x1109,
    0x1175, 0x11BB, 0x1109,
    0x1175, 0x11BC, 0x1109,
    0x1175, 0x11BD, 0x1109,
    0x1175, 0x11BE, 0x1109,
    0x1175, 0x11BF, 0x1109,
    0x1175, 0x11C0, 0x1109,
    0x1175, 0x11C1, 0x1109,
    0x1175, 0x11C2, 0x110A,
    0x1161, 0x110A, 0x1161,
    0x11A8, 0x110A, 0x1161,
    0x11A9, 0x110A, 0x1161,
    0x11AA, 0x110A, 0x1161,
    0x11AB, 0x110A, 0x1161,
    0x11AC, 0x110A, 0x1161,
    0x11AD, 0x110A, 0x1161,
    0x11AE, 0x110A, 0x1161,
    0x11AF, 0x110A, 0x1161,
    0x11B0, 0x110A, 0x1161,
    0x11B1, 0x110A, 0x1161,
    0x11B2, 0x110A, 0x1161,
    0x11B3, 0x110A, 0x1161,
    0x11B4, 0x110A, 0x1161,
    0x11B5, 0x110A, 0x1161,
    0x11B6, 0x110A, 0x1161,
    0x11B7, 0x110A, 0x1161,
    0x11B8, 0x110A, 0x1161,
    0x11B9, 0x110A, 0x1161,
    0x11BA, 0x110A, 0x1161,
    0x11BB, 0x110A, 0x1161,
    0x11BC, 0x110A, 0x1161,
    0x11BD, 0x110A, 0x1161,
    0x11BE, 0x110A, 0x1161,
    0x11BF, 0x110A, 0x1161,
    0x11C0, 0x110A, 0x1161,
    0x11C1, 0x110A, 0x1161,
    0x11C2, 0x110A, 0x1162,
    0x110A, 0x1162, 0x11A8,
    0x110A, 0x1162, 0x11A9,
    0x110A, 0x1162, 0x11AA,
    0x110A, 0x1162, 0x11AB,
    0x110A, 0x1162, 0x11AC,
    0x110A, 0x1162, 0x11AD,
    0x110A, 0x1162, 0x11AE,
    0x110A, 0x1162, 0x11AF,
    0x110A, 0x1162, 0x11B0,
    0x110A, 0x1162, 0x11B1,
    0x110A, 0x1162, 0x11B2,
    0x110A, 0x1162, 0x11B3,
    0x110A, 0x1162, 0x11B4,
    0x110A, 0x1162, 0x11B5,
    0x110A, 0x1162, 0x11B6,
    0x110A, 0x1162, 0x11B7,
    0x110A, 0x1162, 0x11B8,
    0x110A, 0x1162, 0x11B9,
    0x110A, 0x1162, 0x11BA,
    0x110A, 0x1162, 0x11BB,
    0x110A, 0x1162, 0x11BC,
    0x110A, 0x1162, 0x11BD,
    0x110A, 0x1162, 0x11BE,
    0x110A, 0x1162, 0x11BF,
    0x110A, 0x1162, 0x11C0,
    0x110A, 0x1162, 0x11C1,
    0x110A, 0x1162, 0x11C2,
    0x110A, 0x1163, 0x110A,
    0x1163, 0x11A8, 0x110A,
    0x1163, 0x11A9, 0x110A,
    0x1163, 0x11AA, 0x110A,
    0x1163, 0x11AB, 0x110A,
    0x1163, 0x11AC, 0x110A,
    0x1163, 0x11AD, 0x110A,
    0x1163, 0x11AE, 0x110A,
    0x1163, 0x11AF, 0x110A,
    0x1163, 0x11B0, 0x110A,
    0x1163, 0x11B1, 0x110A,
    0x1163, 0x11B2, 0x110A,
    0x1163, 0x11B3, 0x110A,
    0x1163, 0x11B4, 0x110A,
    0x1163, 0x11B5, 0x110A,
    0x1163, 0x11B6, 0x110A,
    0x1163, 0x11B7, 0x110A,
    0x1163, 0x11B8, 0x110A,
    0x1163, 0x11B9, 0x110A,
    0x1163, 0x11BA, 0x110A,
    0x1163, 0x11BB, 0x110A,
    0x1163, 0x11BC, 0x110A,
    0x1163, 0x11BD, 0x110A,
    0x1163, 0x11BE, 0x110A,
    0x1163, 0x11BF, 0x110A,
    0x1163, 0x11C0, 0x110A,
    0x1163, 0x11C1, 0x110A,
    0x1163, 0x11C2, 0x110A,
    0x1164, 0x110A, 0x1164,
    0x11A8, 0x110A, 0x1164,
    0x11A9, 0x110A, 0x1164,
    0x11AA, 0x110A, 0x1164,
    0x11AB, 0x110A, 0x1164,
    0x11AC, 0x110A, 0x1164,
    0x11AD, 0x110A, 0x1164,
    0x11AE, 0x110A, 0x1164,
    0x11AF, 0x110A, 0x1164,
    0x11B0, 0x110A, 0x1164,
    0x11B1, 0x110A, 0x1164,
    0x11B2, 0x110A, 0x1164,
    0x11B3, 0x110A, 0x1164,
    0x11B4, 0x110A, 0x1164,
    0x11B5, 0x110A, 0x1164,
    0x11B6, 0x110A, 0x1164,
    0x11B7, 0x110A, 0x1164,
    0x11B8, 0x110A, 0x1164,
    0x11B9, 0x110A, 0x1164,
    0x11BA, 0x110A, 0x1164,
    0x11BB, 0x110A, 0x1164,
    0x11BC, 0x110A, 0x1164,
    0x11BD, 0x110A, 0x1164,
    0x11BE, 0x110A, 0x1164,
    0x11BF, 0x110A, 0x1164,
    0x11C0, 0x110A, 0x1164,
    0x11C1, 0x110A, 0x1164,
    0x11C2, 0x110A, 0x1165,
    0x110A, 0x1165, 0x11A8,
    0x110A, 0x1165, 0x11A9,
    0x110A, 0x1165, 0x11AA,
    0x110A, 0x1165, 0x11AB,
    0x110A, 0x1165, 0x11AC,
    0x110A, 0x1165, 0x11AD,
    0x110A, 0x1165, 0x11AE,
    0x110A, 0x1165, 0x11AF,
    0x110A, 0x1165, 0x11B0,
    0x110A, 0x1165, 0x11B1,
    0x110A, 0x1165, 0x11B2,
    0x110A, 0x1165, 0x11B3,
    0x110A, 0x1165, 0x11B4,
    0x110A, 0x1165, 0x11B5,
    0x110A, 0x1165, 0x11B6,
    0x110A, 0x1165, 0x11B7,
    0x110A, 0x1165, 0x11B8,
    0x110A, 0x1165, 0x11B9,
    0x110A, 0x1165, 0x11BA,
    0x110A, 0x1165, 0x11BB,
    0x110A, 0x1165, 0x11BC,
    0x110A, 0x1165, 0x11BD,
    0x110A, 0x1165, 0x11BE,
    0x110A, 0x1165, 0x11BF,
    0x110A, 0x1165, 0x11C0,
    0x110A, 0x1165, 0x11C1,
    0x110A, 0x1165, 0x11C2,
    0x110A, 0x1166, 0x110A,
    0x1166, 0x11A8, 0x110A,
    0x1166, 0x11A9, 0x110A,
    0x1166, 0x11AA, 0x110A,
    0x1166, 0x11AB, 0x110A,
    0x1166, 0x11AC, 0x110A,
    0x1166, 0x11AD, 0x110A,
    0x1166, 0x11AE, 0x110A,
    0x1166, 0x11AF, 0x110A,
    0x1166, 0x11B0, 0x110A,
    0x1166, 0x11B1, 0x110A,
    0x1166, 0x11B2, 0x110A,
    0x1166, 0x11B3, 0x110A,
    0x1166, 0x11B4, 0x110A,
    0x1166, 0x11B5, 0x110A,
    0x1166, 0x11B6, 0x110A,
    0x1166, 0x11B7, 0x110A,
    0x1166, 0x11B8, 0x110A,
    0x1166, 0x11B9, 0x110A,
    0x1166, 0x11BA, 0x110A,
    0x1166, 0x11BB, 0x110A,
    0x1166, 0x11BC, 0x110A,
    0x1166, 0x11BD, 0x110A,
    0x1166, 0x11BE, 0x110A,
    0x1166, 0x11BF, 0x110A,
    0x1166, 0x11C0, 0x110A,
    0x1166, 0x11C1, 0x110A,
    0x1166, 0x11C2, 0x110A,
    0x1167, 0x110A, 0x1167,
    0x11A8, 0x110A, 0x1167,
    0x11A9, 0x110A, 0x1167,
    0x11AA, 0x110A, 0x1167,
    0x11AB, 0x110A, 0x1167,
    0x11AC, 0x110A, 0x1167,
    0x11AD, 0x110A, 0x1167,
    0x11AE, 0x110A, 0x1167,
    0x11AF, 0x110A, 0x1167,
    0x11B0, 0x110A, 0x1167,
    0x11B1, 0x110A, 0x1167,
    0x11B2, 0x110A, 0x1167,
    0x11B3, 0x110A, 0x1167,
    0x11B4, 0x110A, 0x1167,
    0x11B5, 0x110A, 0x1167,
    0x11B6, 0x110A, 0x1167,
    0x11B7, 0x110A, 0x1167,
    0x11B8, 0x110A, 0x1167,
    0x11B9, 0x110A, 0x1167,
    0x11BA, 0x110A, 0x1167,
    0x11BB, 0x110A, 0x1167,
    0x11BC, 0x110A, 0x1167,
    0x11BD, 0x110A, 0x1167,
    0x11BE, 0x110A, 0x1167,
    0x11BF, 0x110A, 0x1167,
    0x11C0, 0x110A, 0x1167,
    0x11C1, 0x110A, 0x1167,
    0x11C2, 0x110A, 0x1168,
    0x110A, 0x1168, 0x11A8,
    0x110A, 0x1168, 0x11A9,
    0x110A, 0x1168, 0x11AA,
    0x110A, 0x1168, 0x11AB,
    0x110A, 0x1168, 0x11AC,
    0x110A, 0x1168, 0x11AD,
    0x110A, 0x1168, 0x11AE,
    0x110A, 0x1168, 0x11AF,
    0x110A, 0x1168, 0x11B0,
    0x110A, 0x1168, 0x11B1,
    0x110A, 0x1168, 0x11B2,
    0x110A, 0x1168, 0x11B3,
    0x110A, 0x1168, 0x11B4,
    0x110A, 0x1168, 0x11B5,
    0x110A, 0x1168, 0x11B6,
    0x110A, 0x1168, 0x11B7,
    0x110A, 0x1168, 0x11B8,
    0x110A, 0x1168, 0x11B9,
    0x110A, 0x1168, 0x11BA,
    0x110A, 0x1168, 0x11BB,
    0x110A, 0x1168, 0x11BC,
    0x110A, 0x1168, 0x11BD,
    0x110A, 0x1168, 0x11BE,
    0x110A, 0x1168, 0x11BF,
    0x110A, 0x1168, 0x11C0,
    0x110A, 0x1168, 0x11C1,
    0x110A, 0x1168, 0x11C2,
    0x110A, 0x1169, 0x110A,
    0x1169, 0x11A8, 0x110A,
    0x1169, 0x11A9, 0x110A,
    0x1169, 0x11AA, 0x110A,
    0x1169, 0x11AB, 0x110A,
    0x1169, 0x11AC, 0x110A,
    0x1169, 0x11AD, 0x110A,
    0x1169, 0x11AE, 0x110A,
    0x1169, 0x11AF, 0x110A,
    0x1169, 0x11B0, 0x110A,
    0x1169, 0x11B1, 0x110A,
    0x1169, 0x11B2, 0x110A,
    0x1169, 0x11B3, 0x110A,
    0x1169, 0x11B4, 0x110A,
    0x1169, 0x11B5, 0x110A,
    0x1169, 0x11B6, 0x110A,
    0x1169, 0x11B7, 0x110A,
    0x1169, 0x11B8, 0x110A,
    0x1169, 0x11B9, 0x110A,
    0x1169, 0x11BA, 0x110A,
    0x1169, 0x11BB, 0x110A,
    0x1169, 0x11BC, 0x110A,
    0x1169, 0x11BD, 0x110A,
    0x1169, 0x11BE, 0x110A,
    0x1169, 0x11BF, 0x110A,
    0x1169, 0x11C0, 0x110A,
    0x1169, 0x11C1, 0x110A,
    0x1169, 0x11C2, 0x110A,
    0x116A, 0x110A, 0x116A,
    0x11A8, 0x110A, 0x116A,
    0x11A9, 0x110A, 0x116A,
    0x11AA, 0x110A, 0x116A,
    0x11AB, 0x110A, 0x116A,
    0x11AC, 0x110A, 0x116A,
    0x11AD, 0x110A, 0x116A,
    0x11AE, 0x110A, 0x116A,
    0x11AF, 0x110A, 0x116A,
    0x11B0, 0x110A, 0x116A,
    0x11B1, 0x110A, 0x116A,
    0x11B2, 0x110A, 0x116A,
    0x11B3, 0x110A, 0x116A,
    0x11B4, 0x110A, 0x116A,
    0x11B5, 0x110A, 0x116A,
    0x11B6, 0x110A, 0x116A,
    0x11B7, 0x110A, 0x116A,
    0x11B8, 0x110A, 0x116A,
    0x11B9, 0x110A, 0x116A,
    0x11BA, 0x110A, 0x116A,
    0x11BB, 0x110A, 0x116A,
    0x11BC, 0x110A, 0x116A,
    0x11BD, 0x110A, 0x116A,
    0x11BE, 0x110A, 0x116A,
    0x11BF, 0x110A, 0x116A,
    0x11C0, 0x110A, 0x116A,
    0x11C1, 0x110A, 0x116A,
    0x11C2, 0x110A, 0x116B,
    0x110A, 0x116B, 0x11A8,
    0x110A, 0x116B, 0x11A9,
    0x110A, 0x116B, 0x11AA,
    0x110A, 0x116B, 0x11AB,
    0x110A, 0x116B, 0x11AC,
    0x110A, 0x116B, 0x11AD,
    0x110A, 0x116B, 0x11AE,
    0x110A, 0x116B, 0x11AF,
    0x110A, 0x116B, 0x11B0,
    0x110A, 0x116B, 0x11B1,
    0x110A, 0x116B, 0x11B2,
    0x110A, 0x116B, 0x11B3,
    0x110A, 0x116B, 0x11B4,
    0x110A, 0x116B, 0x11B5,
    0x110A, 0x116B, 0x11B6,
    0x110A, 0x116B, 0x11B7,
    0x110A, 0x116B, 0x11B8,
    0x110A, 0x116B, 0x11B9,
    0x110A, 0x116B, 0x11BA,
    0x110A, 0x116B, 0x11BB,
    0x110A, 0x116B, 0x11BC,
    0x110A, 0x116B, 0x11BD,
    0x110A, 0x116B, 0x11BE,
    0x110A, 0x116B, 0x11BF,
    0x110A, 0x116B, 0x11C0,
    0x110A, 0x116B, 0x11C1,
    0x110A, 0x116B, 0x11C2,
    0x110A, 0x116C, 0x110A,
    0x116C, 0x11A8, 0x110A,
    0x116C, 0x11A9, 0x110A,
    0x116C, 0x11AA, 0x110A,
    0x116C, 0x11AB, 0x110A,
    0x116C, 0x11AC, 0x110A,
    0x116C, 0x11AD, 0x110A,
    0x116C, 0x11AE, 0x110A,
    0x116C, 0x11AF, 0x110A,
    0x116C, 0x11B0, 0x110A,
    0x116C, 0x11B1, 0x110A,
    0x116C, 0x11B2, 0x110A,
    0x116C, 0x11B3, 0x110A,
    0x116C, 0x11B4, 0x110A,
    0x116C, 0x11B5, 0x110A,
    0x116C, 0x11B6, 0x110A,
    0x116C, 0x11B7, 0x110A,
    0x116C, 0x11B8, 0x110A,
    0x116C, 0x11B9, 0x110A,
    0x116C, 0x11BA, 0x110A,
    0x116C, 0x11BB, 0x110A,
    0x116C, 0x11BC, 0x110A,
    0x116C, 0x11BD, 0x110A,
    0x116C, 0x11BE, 0x110A,
    0x116C, 0x11BF, 0x110A,
    0x116C, 0x11C0, 0x110A,
    0x116C, 0x11C1, 0x110A,
    0x116C, 0x11C2, 0x110A,
    0x116D, 0x110A, 0x116D,
    0x11A8, 0x110A, 0x116D,
    0x11A9, 0x110A, 0x116D,
    0x11AA, 0x110A, 0x116D,
    0x11AB, 0x110A, 0x116D,
    0x11AC, 0x110A, 0x116D,
    0x11AD, 0x110A, 0x116D,
    0x11AE, 0x110A, 0x116D,
    0x11AF, 0x110A, 0x116D,
    0x11B0, 0x110A, 0x116D,
    0x11B1, 0x110A, 0x116D,
    0x11B2, 0x110A, 0x116D,
    0x11B3, 0x110A, 0x116D,
    0x11B4, 0x110A, 0x116D,
    0x11B5, 0x110A, 0x116D,
    0x11B6, 0x110A, 0x116D,
    0x11B7, 0x110A, 0x116D,
    0x11B8, 0x110A, 0x116D,
    0x11B9, 0x110A, 0x116D,
    0x11BA, 0x110A, 0x116D,
    0x11BB, 0x110A, 0x116D,
    0x11BC, 0x110A, 0x116D,
    0x11BD, 0x110A, 0x116D,
    0x11BE, 0x110A, 0x116D,
    0x11BF, 0x110A, 0x116D,
    0x11C0, 0x110A, 0x116D,
    0x11C1, 0x110A, 0x116D,
    0x11C2, 0x110A, 0x116E,
    0x110A, 0x116E, 0x11A8,
    0x110A, 0x116E, 0x11A9,
    0x110A, 0x116E, 0x11AA,
    0x110A, 0x116E, 0x11AB,
    0x110A, 0x116E, 0x11AC,
    0x110A, 0x116E, 0x11AD,
    0x110A, 0x116E, 0x11AE,
    0x110A, 0x116E, 0x11AF,
    0x110A, 0x116E, 0x11B0,
    0x110A, 0x116E, 0x11B1,
    0x110A, 0x116E, 0x11B2,
    0x110A, 0x116E, 0x11B3,
    0x110A, 0x116E, 0x11B4,
    0x110A, 0x116E, 0x11B5,
    0x110A, 0x116E, 0x11B6,
    0x110A, 0x116E, 0x11B7,
    0x110A, 0x116E, 0x11B8,
    0x110A, 0x116E, 0x11B9,
    0x110A, 0x116E, 0x11BA,
    0x110A, 0x116E, 0x11BB,
    0x110A, 0x116E, 0x11BC,
    0x110A, 0x116E, 0x11BD,
    0x110A, 0x116E, 0x11BE,
    0x110A, 0x116E, 0x11BF,
    0x110A, 0x116E, 0x11C0,
    0x110A, 0x116E, 0x11C1,
    0x110A, 0x116E, 0x11C2,
    0x110A, 0x116F, 0x110A,
    0x116F, 0x11A8, 0x110A,
    0x116F, 0x11A9, 0x110A,
    0x116F, 0x11AA, 0x110A,
    0x116F, 0x11AB, 0x110A,
    0x116F, 0x11AC, 0x110A,
    0x116F, 0x11AD, 0x110A,
    0x116F, 0x11AE, 0x110A,
    0x116F, 0x11AF, 0x110A,
    0x116F, 0x11B0, 0x110A,
    0x116F, 0x11B1, 0x110A,
    0x116F, 0x11B2, 0x110A,
    0x116F, 0x11B3, 0x110A,
    0x116F, 0x11B4, 0x110A,
    0x116F, 0x11B5, 0x110A,
    0x116F, 0x11B6, 0x110A,
    0x116F, 0x11B7, 0x110A,
    0x116F, 0x11B8, 0x110A,
    0x116F, 0x11B9, 0x110A,
    0x116F, 0x11BA, 0x110A,
    0x116F, 0x11BB, 0x110A,
    0x116F, 0x11BC, 0x110A,
    0x116F, 0x11BD, 0x110A,
    0x116F, 0x11BE, 0x110A,
    0x116F, 0x11BF, 0x110A,
    0x116F, 0x11C0, 0x110A,
    0x116F, 0x11C1, 0x110A,
    0x116F, 0x11C2, 0x110A,
    0x1170, 0x110A, 0x1170,
    0x11A8, 0x110A, 0x1170,
    0x11A9, 0x110A, 0x1170,
    0x11AA, 0x110A, 0x1170,
    0x11AB, 0x110A, 0x1170,
    0x11AC, 0x110A, 0x1170,
    0x11AD, 0x110A, 0x1170,
    0x11AE, 0x110A, 0x1170,
    0x11AF, 0x110A, 0x1170,
    0x11B0, 0x110A, 0x1170,
    0x11B1, 0x110A, 0x1170,
    0x11B2, 0x110A, 0x1170,
    0x11B3, 0x110A, 0x1170,
    0x11B4, 0x110A, 0x1170,
    0x11B5, 0x110A, 0x1170,
    0x11B6, 0x110A, 0x1170,
    0x11B7, 0x110A, 0x1170,
    0x11B8, 0x110A, 0x1170,
    0x11B9, 0x110A, 0x1170,
    0x11BA, 0x110A, 0x1170,
    0x11BB, 0x110A, 0x1170,
    0x11BC, 0x110A, 0x1170,
    0x11BD, 0x110A, 0x1170,
    0x11BE, 0x110A, 0x1170,
    0x11BF, 0x110A, 0x1170,
    0x11C0, 0x110A, 0x1170,
    0x11C1, 0x110A, 0x1170,
    0x11C2, 0x110A, 0x1171,
    0x110A, 0x1171, 0x11A8,
    0x110A, 0x1171, 0x11A9,
    0x110A, 0x1171, 0x11AA,
    0x110A, 0x1171, 0x11AB,
    0x110A, 0x1171, 0x11AC,
    0x110A, 0x1171, 0x11AD,
    0x110A, 0x1171, 0x11AE,
    0x110A, 0x1171, 0x11AF,
    0x110A, 0x1171, 0x11B0,
    0x110A, 0x1171, 0x11B1,
    0x110A, 0x1171, 0x11B2,
    0x110A, 0x1171, 0x11B3,
    0x110A, 0x1171, 0x11B4,
    0x110A, 0x1171, 0x11B5,
    0x110A, 0x1171, 0x11B6,
    0x110A, 0x1171, 0x11B7,
    0x110A, 0x1171, 0x11B8,
    0x110A, 0x1171, 0x11B9,
    0x110A, 0x1171, 0x11BA,
    0x110A, 0x1171, 0x11BB,
    0x110A, 0x1171, 0x11BC,
    0x110A, 0x1171, 0x11BD,
    0x110A, 0x1171, 0x11BE,
    0x110A, 0x1171, 0x11BF,
    0x110A, 0x1171, 0x11C0,
    0x110A, 0x1171, 0x11C1,
    0x110A, 0x1171, 0x11C2,
    0x110A, 0x1172, 0x110A,
    0x1172, 0x11A8, 0x110A,
    0x1172, 0x11A9, 0x110A,
    0x1172, 0x11AA, 0x110A,
    0x1172, 0x11AB, 0x110A,
    0x1172, 0x11AC, 0x110A,
    0x1172, 0x11AD, 0x110A,
    0x1172, 0x11AE, 0x110A,
    0x1172, 0x11AF, 0x110A,
    0x1172, 0x11B0, 0x110A,
    0x1172, 0x11B1, 0x110A,
    0x1172, 0x11B2, 0x110A,
    0x1172, 0x11B3, 0x110A,
    0x1172, 0x11B4, 0x110A,
    0x1172, 0x11B5, 0x110A,
    0x1172, 0x11B6, 0x110A,
    0x1172, 0x11B7, 0x110A,
    0x1172, 0x11B8, 0x110A,
    0x1172, 0x11B9, 0x110A,
    0x1172, 0x11BA, 0x110A,
    0x1172, 0x11BB, 0x110A,
    0x1172, 0x11BC, 0x110A,
    0x1172, 0x11BD, 0x110A,
    0x1172, 0x11BE, 0x110A,
    0x1172, 0x11BF, 0x110A,
    0x1172, 0x11C0, 0x110A,
    0x1172, 0x11C1, 0x110A,
    0x1172, 0x11C2, 0x110A,
    0x1173, 0x110A, 0x1173,
    0x11A8, 0x110A, 0x1173,
    0x11A9, 0x110A, 0x1173,
    0x11AA, 0x110A, 0x1173,
    0x11AB, 0x110A, 0x1173,
    0x11AC, 0x110A, 0x1173,
    0x11AD, 0x110A, 0x1173,
    0x11AE, 0x110A, 0x1173,
    0x11AF, 0x110A, 0x1173,
    0x11B0, 0x110A, 0x1173,
    0x11B1, 0x110A, 0x1173,
    0x11B2, 0x110A, 0x1173,
    0x11B3, 0x110A, 0x1173,
    0x11B4, 0x110A, 0x1173,
    0x11B5, 0x110A, 0x1173,
    0x11B6, 0x110A, 0x1173,
    0x11B7, 0x110A, 0x1173,
    0x11B8, 0x110A, 0x1173,
    0x11B9, 0x110A, 0x1173,
    0x11BA, 0x110A, 0x1173,
    0x11BB, 0x110A, 0x1173,
    0x11BC, 0x110A, 0x1173,
    0x11BD, 0x110A, 0x1173,
    0x11BE, 0x110A, 0x1173,
    0x11BF, 0x110A, 0x1173,
    0x11C0, 0x110A, 0x1173,
    0x11C1, 0x110A, 0x1173,
    0x11C2, 0x110A, 0x1174,
    0x110A, 0x1174, 0x11A8,
    0x110A, 0x1174, 0x11A9,
    0x110A, 0x1174, 0x11AA,
    0x110A, 0x1174, 0x11AB,
    0x110A, 0x1174, 0x11AC,
    0x110A, 0x1174, 0x11AD,
    0x110A, 0x1174, 0x11AE,
    0x110A, 0x1174, 0x11AF,
    0x110A, 0x1174, 0x11B0,
    0x110A, 0x1174, 0x11B1,
    0x110A, 0x1174, 0x11B2,
    0x110A, 0x1174, 0x11B3,
    0x110A, 0x1174, 0x11B4,
    0x110A, 0x1174, 0x11B5,
    0x110A, 0x1174, 0x11B6,
    0x110A, 0x1174, 0x11B7,
    0x110A, 0x1174, 0x11B8,
    0x110A, 0x1174, 0x11B9,
    0x110A, 0x1174, 0x11BA,
    0x110A, 0x1174, 0x11BB,
    0x110A, 0x1174, 0x11BC,
    0x110A, 0x1174, 0x11BD,
    0x110A, 0x1174, 0x11BE,
    0x110A, 0x1174, 0x11BF,
    0x110A, 0x1174, 0x11C0,
    0x110A, 0x1174, 0x11C1,
    0x110A, 0x1174, 0x11C2,
    0x110A, 0x1175, 0x110A,
    0x1175, 0x11A8, 0x110A,
    0x1175, 0x11A9, 0x110A,
    0x1175, 0x11AA, 0x110A,
    0x1175, 0x11AB, 0x110A,
    0x1175, 0x11AC, 0x110A,
    0x1175, 0x11AD, 0x110A,
    0x1175, 0x11AE, 0x110A,
    0x1175, 0x11AF, 0x110A,
    0x1175, 0x11B0, 0x110A,
    0x1175, 0x11B1, 0x110A,
    0x1175, 0x11B2, 0x110A,
    0x1175, 0x11B3, 0x110A,
    0x1175, 0x11B4, 0x110A,
    0x1175, 0x11B5, 0x110A,
    0x1175, 0x11B6, 0x110A,
    0x1175, 0x11B7, 0x110A,
    0x1175, 0x11B8, 0x110A,
    0x1175, 0x11B9, 0x110A,
    0x1175, 0x11BA, 0x110A,
    0x1175, 0x11BB, 0x110A,
    0x1175, 0x11BC, 0x110A,
    0x1175, 0x11BD, 0x110A,
    0x1175, 0x11BE, 0x110A,
    0x1175, 0x11BF, 0x110A,
    0x1175, 0x11C0, 0x110A,
    0x1175, 0x11C1, 0x110A,
    0x1175, 0x11C2, 0x110B,
    0x1161, 0x110B, 0x1161,
    0x11A8, 0x110B, 0x1161,
    0x11A9, 0x110B, 0x1161,
    0x11AA, 0x110B, 0x1161,
    0x11AB, 0x110B, 0x1161,
    0x11AC, 0x110B, 0x1161,
    0x11AD, 0x110B, 0x1161,
    0x11AE, 0x110B, 0x1161,
    0x11AF, 0x110B, 0x1161,
    0x11B0, 0x110B, 0x1161,
    0x11B1, 0x110B, 0x1161,
    0x11B2, 0x110B, 0x1161,
    0x11B3, 0x110B, 0x1161,
    0x11B4, 0x110B, 0x1161,
    0x11B5, 0x110B, 0x1161,
    0x11B6, 0x110B, 0x1161,
    0x11B7, 0x110B, 0x1161,
    0x11B8, 0x110B, 0x1161,
    0x11B9, 0x110B, 0x1161,
    0x11BA, 0x110B, 0x1161,
    0x11BB, 0x110B, 0x1161,
    0x11BC, 0x110B, 0x1161,
    0x11BD, 0x110B, 0x1161,
    0x11BE, 0x110B, 0x1161,
    0x11BF, 0x110B, 0x1161,
    0x11C0, 0x110B, 0x1161,
    0x11C1, 0x110B, 0x1161,
    0x11C2, 0x110B, 0x1162,
    0x110B, 0x1162, 0x11A8,
    0x110B, 0x1162, 0x11A9,
    0x110B, 0x1162, 0x11AA,
    0x110B, 0x1162, 0x11AB,
    0x110B, 0x1162, 0x11AC,
    0x110B, 0x1162, 0x11AD,
    0x110B, 0x1162, 0x11AE,
    0x110B, 0x1162, 0x11AF,
    0x110B, 0x1162, 0x11B0,
    0x110B, 0x1162, 0x11B1,
    0x110B, 0x1162, 0x11B2,
    0x110B, 0x1162, 0x11B3,
    0x110B, 0x1162, 0x11B4,
    0x110B, 0x1162, 0x11B5,
    0x110B, 0x1162, 0x11B6,
    0x110B, 0x1162, 0x11B7,
    0x110B, 0x1162, 0x11B8,
    0x110B, 0x1162, 0x11B9,
    0x110B, 0x1162, 0x11BA,
    0x110B, 0x1162, 0x11BB,
    0x110B, 0x1162, 0x11BC,
    0x110B, 0x1162, 0x11BD,
    0x110B, 0x1162, 0x11BE,
    0x110B, 0x1162, 0x11BF,
    0x110B, 0x1162, 0x11C0,
    0x110B, 0x1162, 0x11C1,
    0x110B, 0x1162, 0x11C2,
    0x110B, 0x1163, 0x110B,
    0x1163, 0x11A8, 0x110B,
    0x1163, 0x11A9, 0x110B,
    0x1163, 0x11AA, 0x110B,
    0x1163, 0x11AB, 0x110B,
    0x1163, 0x11AC, 0x110B,
    0x1163, 0x11AD, 0x110B,
    0x1163, 0x11AE, 0x110B,
    0x1163, 0x11AF, 0x110B,
    0x1163, 0x11B0, 0x110B,
    0x1163, 0x11B1, 0x110B,
    0x1163, 0x11B2, 0x110B,
    0x1163, 0x11B3, 0x110B,
    0x1163, 0x11B4, 0x110B,
    0x1163, 0x11B5, 0x110B,
    0x1163, 0x11B6, 0x110B,
    0x1163, 0x11B7, 0x110B,
    0x1163, 0x11B8, 0x110B,
    0x1163, 0x11B9, 0x110B,
    0x1163, 0x11BA, 0x110B,
    0x1163, 0x11BB, 0x110B,
    0x1163, 0x11BC, 0x110B,
    0x1163, 0x11BD, 0x110B,
    0x1163, 0x11BE, 0x110B,
    0x1163, 0x11BF, 0x110B,
    0x1163, 0x11C0, 0x110B,
    0x1163, 0x11C1, 0x110B,
    0x1163, 0x11C2, 0x110B,
    0x1164, 0x110B, 0x1164,
    0x11A8, 0x110B, 0x1164,
    0x11A9, 0x110B, 0x1164,
    0x11AA, 0x110B, 0x1164,
    0x11AB, 0x110B, 0x1164,
    0x11AC, 0x110B, 0x1164,
    0x11AD, 0x110B, 0x1164,
    0x11AE, 0x110B, 0x1164,
    0x11AF, 0x110B, 0x1164,
    0x11B0, 0x110B, 0x1164,
    0x11B1, 0x110B, 0x1164,
    0x11B2, 0x110B, 0x1164,
    0x11B3, 0x110B, 0x1164,
    0x11B4, 0x110B, 0x1164,
    0x11B5, 0x110B, 0x1164,
    0x11B6, 0x110B, 0x1164,
    0x11B7, 0x110B, 0x1164,
    0x11B8, 0x110B, 0x1164,
    0x11B9, 0x110B, 0x1164,
    0x11BA, 0x110B, 0x1164,
    0x11BB, 0x110B, 0x1164,
    0x11BC, 0x110B, 0x1164,
    0x11BD, 0x110B, 0x1164,
    0x11BE, 0x110B, 0x1164,
    0x11BF, 0x110B, 0x1164,
    0x11C0, 0x110B, 0x1164,
    0x11C1, 0x110B, 0x1164,
    0x11C2, 0x110B, 0x1165,
    0x110B, 0x1165, 0x11A8,
    0x110B, 0x1165, 0x11A9,
    0x110B, 0x1165, 0x11AA,
    0x110B, 0x1165, 0x11AB,
    0x110B, 0x1165, 0x11AC,
    0x110B, 0x1165, 0x11AD,
    0x110B, 0x1165, 0x11AE,
    0x110B, 0x1165, 0x11AF,
    0x110B, 0x1165, 0x11B0,
    0x110B, 0x1165, 0x11B1,
    0x110B, 0x1165, 0x11B2,
    0x110B, 0x1165, 0x11B3,
    0x110B, 0x1165, 0x11B4,
    0x110B, 0x1165, 0x11B5,
    0x110B, 0x1165, 0x11B6,
    0x110B, 0x1165, 0x11B7,
    0x110B, 0x1165, 0x11B8,
    0x110B, 0x1165, 0x11B9,
    0x110B, 0x1165, 0x11BA,
    0x110B, 0x1165, 0x11BB,
    0x110B, 0x1165, 0x11BC,
    0x110B, 0x1165, 0x11BD,
    0x110B, 0x1165, 0x11BE,
    0x110B, 0x1165, 0x11BF,
    0x110B, 0x1165, 0x11C0,
    0x110B, 0x1165, 0x11C1,
    0x110B, 0x1165, 0x11C2,
    0x110B, 0x1166, 0x110B,
    0x1166, 0x11A8, 0x110B,
    0x1166, 0x11A9, 0x110B,
    0x1166, 0x11AA, 0x110B,
    0x1166, 0x11AB, 0x110B,
    0x1166, 0x11AC, 0x110B,
    0x1166, 0x11AD, 0x110B,
    0x1166, 0x11AE, 0x110B,
    0x1166, 0x11AF, 0x110B,
    0x1166, 0x11B0, 0x110B,
    0x1166, 0x11B1, 0x110B,
    0x1166, 0x11B2, 0x110B,
    0x1166, 0x11B3, 0x110B,
    0x1166, 0x11B4, 0x110B,
    0x1166, 0x11B5, 0x110B,
    0x1166, 0x11B6, 0x110B,
    0x1166, 0x11B7, 0x110B,
    0x1166, 0x11B8, 0x110B,
    0x1166, 0x11B9, 0x110B,
    0x1166, 0x11BA, 0x110B,
    0x1166, 0x11BB, 0x110B,
    0x1166, 0x11BC, 0x110B,
    0x1166, 0x11BD, 0x110B,
    0x1166, 0x11BE, 0x110B,
    0x1166, 0x11BF, 0x110B,
    0x1166, 0x11C0, 0x110B,
    0x1166, 0x11C1, 0x110B,
    0x1166, 0x11C2, 0x110B,
    0x1167, 0x110B, 0x1167,
    0x11A8, 0x110B, 0x1167,
    0x11A9, 0x110B, 0x1167,
    0x11AA, 0x110B, 0x1167,
    0x11AB, 0x110B, 0x1167,
    0x11AC, 0x110B, 0x1167,
    0x11AD, 0x110B, 0x1167,
    0x11AE, 0x110B, 0x1167,
    0x11AF, 0x110B, 0x1167,
    0x11B0, 0x110B, 0x1167,
    0x11B1, 0x110B, 0x1167,
    0x11B2, 0x110B, 0x1167,
    0x11B3, 0x110B, 0x1167,
    0x11B4, 0x110B, 0x1167,
    0x11B5, 0x110B, 0x1167,
    0x11B6, 0x110B, 0x1167,
    0x11B7, 0x110B, 0x1167,
    0x11B8, 0x110B, 0x1167,
    0x11B9, 0x110B, 0x1167,
    0x11BA, 0x110B, 0x1167,
    0x11BB, 0x110B, 0x1167,
    0x11BC, 0x110B, 0x1167,
    0x11BD, 0x110B, 0x1167,
    0x11BE, 0x110B, 0x1167,
    0x11BF, 0x110B, 0x1167,
    0x11C0, 0x110B, 0x1167,
    0x11C1, 0x110B, 0x1167,
    0x11C2, 0x110B, 0x1168,
    0x110B, 0x1168, 0x11A8,
    0x110B, 0x1168, 0x11A9,
    0x110B, 0x1168, 0x11AA,
    0x110B, 0x1168, 0x11AB,
    0x110B, 0x1168, 0x11AC,
    0x110B, 0x1168, 0x11AD,
    0x110B, 0x1168, 0x11AE,
    0x110B, 0x1168, 0x11AF,
    0x110B, 0x1168, 0x11B0,
    0x110B, 0x1168, 0x11B1,
    0x110B, 0x1168, 0x11B2,
    0x110B, 0x1168, 0x11B3,
    0x110B, 0x1168, 0x11B4,
    0x110B, 0x1168, 0x11B5,
    0x110B, 0x1168, 0x11B6,
    0x110B, 0x1168, 0x11B7,
    0x110B, 0x1168, 0x11B8,
    0x110B, 0x1168, 0x11B9,
    0x110B, 0x1168, 0x11BA,
    0x110B, 0x1168, 0x11BB,
    0x110B, 0x1168, 0x11BC,
    0x110B, 0x1168, 0x11BD,
    0x110B, 0x1168, 0x11BE,
    0x110B, 0x1168, 0x11BF,
    0x110B, 0x1168, 0x11C0,
    0x110B, 0x1168, 0x11C1,
    0x110B, 0x1168, 0x11C2,
    0x110B, 0x1169, 0x110B,
    0x1169, 0x11A8, 0x110B,
    0x1169, 0x11A9, 0x110B,
    0x1169, 0x11AA, 0x110B,
    0x1169, 0x11AB, 0x110B,
    0x1169, 0x11AC, 0x110B,
    0x1169, 0x11AD, 0x110B,
    0x1169, 0x11AE, 0x110B,
    0x1169, 0x11AF, 0x110B,
    0x1169, 0x11B0, 0x110B,
    0x1169, 0x11B1, 0x110B,
    0x1169, 0x11B2, 0x110B,
    0x1169, 0x11B3, 0x110B,
    0x1169, 0x11B4, 0x110B,
    0x1169, 0x11B5, 0x110B,
    0x1169, 0x11B6, 0x110B,
    0x1169, 0x11B7, 0x110B,
    0x1169, 0x11B8, 0x110B,
    0x1169, 0x11B9, 0x110B,
    0x1169, 0x11BA, 0x110B,
    0x1169, 0x11BB, 0x110B,
    0x1169, 0x11BC, 0x110B,
    0x1169, 0x11BD, 0x110B,
    0x1169, 0x11BE, 0x110B,
    0x1169, 0x11BF, 0x110B,
    0x1169, 0x11C0, 0x110B,
    0x1169, 0x11C1, 0x110B,
    0x1169, 0x11C2, 0x110B,
    0x116A, 0x110B, 0x116A,
    0x11A8, 0x110B, 0x116A,
    0x11A9, 0x110B, 0x116A,
    0x11AA, 0x110B, 0x116A,
    0x11AB, 0x110B, 0x116A,
    0x11AC, 0x110B, 0x116A,
    0x11AD, 0x110B, 0x116A,
    0x11AE, 0x110B, 0x116A,
    0x11AF, 0x110B, 0x116A,
    0x11B0, 0x110B, 0x116A,
    0x11B1, 0x110B, 0x116A,
    0x11B2, 0x110B, 0x116A,
    0x11B3, 0x110B, 0x116A,
    0x11B4, 0x110B, 0x116A,
    0x11B5, 0x110B, 0x116A,
    0x11B6, 0x110B, 0x116A,
    0x11B7, 0x110B, 0x116A,
    0x11B8, 0x110B, 0x116A,
    0x11B9, 0x110B, 0x116A,
    0x11BA, 0x110B, 0x116A,
    0x11BB, 0x110B, 0x116A,
    0x11BC, 0x110B, 0x116A,
    0x11BD, 0x110B, 0x116A,
    0x11BE, 0x110B, 0x116A,
    0x11BF, 0x110B, 0x116A,
    0x11C0, 0x110B, 0x116A,
    0x11C1, 0x110B, 0x116A,
    0x11C2, 0x110B, 0x116B,
    0x110B, 0x116B, 0x11A8,
    0x110B, 0x116B, 0x11A9,
    0x110B, 0x116B, 0x11AA,
    0x110B, 0x116B, 0x11AB,
    0x110B, 0x116B, 0x11AC,
    0x110B, 0x116B, 0x11AD,
    0x110B, 0x116B, 0x11AE,
    0x110B, 0x116B, 0x11AF,
    0x110B, 0x116B, 0x11B0,
    0x110B, 0x116B, 0x11B1,
    0x110B, 0x116B, 0x11B2,
    0x110B, 0x116B, 0x11B3,
    0x110B, 0x116B, 0x11B4,
    0x110B, 0x116B, 0x11B5,
    0x110B, 0x116B, 0x11B6,
    0x110B, 0x116B, 0x11B7,
    0x110B, 0x116B, 0x11B8,
    0x110B, 0x116B, 0x11B9,
    0x110B, 0x116B, 0x11BA,
    0x110B, 0x116B, 0x11BB,
    0x110B, 0x116B, 0x11BC,
    0x110B, 0x116B, 0x11BD,
    0x110B, 0x116B, 0x11BE,
    0x110B, 0x116B, 0x11BF,
    0x110B, 0x116B, 0x11C0,
    0x110B, 0x116B, 0x11C1,
    0x110B, 0x116B, 0x11C2,
    0x110B, 0x116C, 0x110B,
    0x116C, 0x11A8, 0x110B,
    0x116C, 0x11A9, 0x110B,
    0x116C, 0x11AA, 0x110B,
    0x116C, 0x11AB, 0x110B,
    0x116C, 0x11AC, 0x110B,
    0x116C, 0x11AD, 0x110B,
    0x116C, 0x11AE, 0x110B,
    0x116C, 0x11AF, 0x110B,
    0x116C, 0x11B0, 0x110B,
    0x116C, 0x11B1, 0x110B,
    0x116C, 0x11B2, 0x110B,
    0x116C, 0x11B3, 0x110B,
    0x116C, 0x11B4, 0x110B,
    0x116C, 0x11B5, 0x110B,
    0x116C, 0x11B6, 0x110B,
    0x116C, 0x11B7, 0x110B,
    0x116C, 0x11B8, 0x110B,
    0x116C, 0x11B9, 0x110B,
    0x116C, 0x11BA, 0x110B,
    0x116C, 0x11BB, 0x110B,
    0x116C, 0x11BC, 0x110B,
    0x116C, 0x11BD, 0x110B,
    0x116C, 0x11BE, 0x110B,
    0x116C, 0x11BF, 0x110B,
    0x116C, 0x11C0, 0x110B,
    0x116C, 0x11C1, 0x110B,
    0x116C, 0x11C2, 0x110B,
    0x116D, 0x110B, 0x116D,
    0x11A8, 0x110B, 0x116D,
    0x11A9, 0x110B, 0x116D,
    0x11AA, 0x110B, 0x116D,
    0x11AB, 0x110B, 0x116D,
    0x11AC, 0x110B, 0x116D,
    0x11AD, 0x110B, 0x116D,
    0x11AE, 0x110B, 0x116D,
    0x11AF, 0x110B, 0x116D,
    0x11B0, 0x110B, 0x116D,
    0x11B1, 0x110B, 0x116D,
    0x11B2, 0x110B, 0x116D,
    0x11B3, 0x110B, 0x116D,
    0x11B4, 0x110B, 0x116D,
    0x11B5, 0x110B, 0x116D,
    0x11B6, 0x110B, 0x116D,
    0x11B7, 0x110B, 0x116D,
    0x11B8, 0x110B, 0x116D,
    0x11B9, 0x110B, 0x116D,
    0x11BA, 0x110B, 0x116D,
    0x11BB, 0x110B, 0x116D,
    0x11BC, 0x110B, 0x116D,
    0x11BD, 0x110B, 0x116D,
    0x11BE, 0x110B, 0x116D,
    0x11BF, 0x110B, 0x116D,
    0x11C0, 0x110B, 0x116D,
    0x11C1, 0x110B, 0x116D,
    0x11C2, 0x110B, 0x116E,
    0x110B, 0x116E, 0x11A8,
    0x110B, 0x116E, 0x11A9,
    0x110B, 0x116E, 0x11AA,
    0x110B, 0x116E, 0x11AB,
    0x110B, 0x116E, 0x11AC,
    0x110B, 0x116E, 0x11AD,
    0x110B, 0x116E, 0x11AE,
    0x110B, 0x116E, 0x11AF,
    0x110B, 0x116E, 0x11B0,
    0x110B, 0x116E, 0x11B1,
    0x110B, 0x116E, 0x11B2,
    0x110B, 0x116E, 0x11B3,
    0x110B, 0x116E, 0x11B4,
    0x110B, 0x116E, 0x11B5,
    0x110B, 0x116E, 0x11B6,
    0x110B, 0x116E, 0x11B7,
    0x110B, 0x116E, 0x11B8,
    0x110B, 0x116E, 0x11B9,
    0x110B, 0x116E, 0x11BA,
    0x110B, 0x116E, 0x11BB,
    0x110B, 0x116E, 0x11BC,
    0x110B, 0x116E, 0x11BD,
    0x110B, 0x116E, 0x11BE,
    0x110B, 0x116E, 0x11BF,
    0x110B, 0x116E, 0x11C0,
    0x110B, 0x116E, 0x11C1,
    0x110B, 0x116E, 0x11C2,
    0x110B, 0x116F, 0x110B,
    0x116F, 0x11A8, 0x110B,
    0x116F, 0x11A9, 0x110B,
    0x116F, 0x11AA, 0x110B,
    0x116F, 0x11AB, 0x110B,
    0x116F, 0x11AC, 0x110B,
    0x116F, 0x11AD, 0x110B,
    0x116F, 0x11AE, 0x110B,
    0x116F, 0x11AF, 0x110B,
    0x116F, 0x11B0, 0x110B,
    0x116F, 0x11B1, 0x110B,
    0x116F, 0x11B2, 0x110B,
    0x116F, 0x11B3, 0x110B,
    0x116F, 0x11B4, 0x110B,
    0x116F, 0x11B5, 0x110B,
    0x116F, 0x11B6, 0x110B,
    0x116F, 0x11B7, 0x110B,
    0x116F, 0x11B8, 0x110B,
    0x116F, 0x11B9, 0x110B,
    0x116F, 0x11BA, 0x110B,
    0x116F, 0x11BB, 0x110B,
    0x116F, 0x11BC, 0x110B,
    0x116F, 0x11BD, 0x110B,
    0x116F, 0x11BE, 0x110B,
    0x116F, 0x11BF, 0x110B,
    0x116F, 0x11C0, 0x110B,
    0x116F, 0x11C1, 0x110B,
    0x116F, 0x11C2, 0x110B,
    0x1170, 0x110B, 0x1170,
    0x11A8, 0x110B, 0x1170,
    0x11A9, 0x110B, 0x1170,
    0x11AA, 0x110B, 0x1170,
    0x11AB, 0x110B, 0x1170,
    0x11AC, 0x110B, 0x1170,
    0x11AD, 0x110B, 0x1170,
    0x11AE, 0x110B, 0x1170,
    0x11AF, 0x110B, 0x1170,
    0x11B0, 0x110B, 0x1170,
    0x11B1, 0x110B, 0x1170,
    0x11B2, 0x110B, 0x1170,
    0x11B3, 0x110B, 0x1170,
    0x11B4, 0x110B, 0x1170,
    0x11B5, 0x110B, 0x1170,
    0x11B6, 0x110B, 0x1170,
    0x11B7, 0x110B, 0x1170,
    0x11B8, 0x110B, 0x1170,
    0x11B9, 0x110B, 0x1170,
    0x11BA, 0x110B, 0x1170,
    0x11BB, 0x110B, 0x1170,
    0x11BC, 0x110B, 0x1170,
    0x11BD, 0x110B, 0x1170,
    0x11BE, 0x110B, 0x1170,
    0x11BF, 0x110B, 0x1170,
    0x11C0, 0x110B, 0x1170,
    0x11C1, 0x110B, 0x1170,
    0x11C2, 0x110B, 0x1171,
    0x110B, 0x1171, 0x11A8,
    0x110B, 0x1171, 0x11A9,
    0x110B, 0x1171, 0x11AA,
    0x110B, 0x1171, 0x11AB,
    0x110B, 0x1171, 0x11AC,
    0x110B, 0x1171, 0x11AD,
    0x110B, 0x1171, 0x11AE,
    0x110B, 0x1171, 0x11AF,
    0x110B, 0x1171, 0x11B0,
    0x110B, 0x1171, 0x11B1,
    0x110B, 0x1171, 0x11B2,
    0x110B, 0x1171, 0x11B3,
    0x110B, 0x1171, 0x11B4,
    0x110B, 0x1171, 0x11B5,
    0x110B, 0x1171, 0x11B6,
    0x110B, 0x1171, 0x11B7,
    0x110B, 0x1171, 0x11B8,
    0x110B, 0x1171, 0x11B9,
    0x110B, 0x1171, 0x11BA,
    0x110B, 0x1171, 0x11BB,
    0x110B, 0x1171, 0x11BC,
    0x110B, 0x1171, 0x11BD,
    0x110B, 0x1171, 0x11BE,
    0x110B, 0x1171, 0x11BF,
    0x110B, 0x1171, 0x11C0,
    0x110B, 0x1171, 0x11C1,
    0x110B, 0x1171, 0x11C2,
    0x110B, 0x1172, 0x110B,
    0x1172, 0x11A8, 0x110B,
    0x1172, 0x11A9, 0x110B,
    0x1172, 0x11AA, 0x110B,
    0x1172, 0x11AB, 0x110B,
    0x1172, 0x11AC, 0x110B,
    0x1172, 0x11AD, 0x110B,
    0x1172, 0x11AE, 0x110B,
    0x1172, 0x11AF, 0x110B,
    0x1172, 0x11B0, 0x110B,
    0x1172, 0x11B1, 0x110B,
    0x1172, 0x11B2, 0x110B,
    0x1172, 0x11B3, 0x110B,
    0x1172, 0x11B4, 0x110B,
    0x1172, 0x11B5, 0x110B,
    0x1172, 0x11B6, 0x110B,
    0x1172, 0x11B7, 0x110B,
    0x1172, 0x11B8, 0x110B,
    0x1172, 0x11B9, 0x110B,
    0x1172, 0x11BA, 0x110B,
    0x1172, 0x11BB, 0x110B,
    0x1172, 0x11BC, 0x110B,
    0x1172, 0x11BD, 0x110B,
    0x1172, 0x11BE, 0x110B,
    0x1172, 0x11BF, 0x110B,
    0x1172, 0x11C0, 0x110B,
    0x1172, 0x11C1, 0x110B,
    0x1172, 0x11C2, 0x110B,
    0x1173, 0x110B, 0x1173,
    0x11A8, 0x110B, 0x1173,
    0x11A9, 0x110B, 0x1173,
    0x11AA, 0x110B, 0x1173,
    0x11AB, 0x110B, 0x1173,
    0x11AC, 0x110B, 0x1173,
    0x11AD, 0x110B, 0x1173,
    0x11AE, 0x110B, 0x1173,
    0x11AF, 0x110B, 0x1173,
    0x11B0, 0x110B, 0x1173,
    0x11B1, 0x110B, 0x1173,
    0x11B2, 0x110B, 0x1173,
    0x11B3, 0x110B, 0x1173,
    0x11B4, 0x110B, 0x1173,
    0x11B5, 0x110B, 0x1173,
    0x11B6, 0x110B, 0x1173,
    0x11B7, 0x110B, 0x1173,
    0x11B8, 0x110B, 0x1173,
    0x11B9, 0x110B, 0x1173,
    0x11BA, 0x110B, 0x1173,
    0x11BB, 0x110B, 0x1173,
    0x11BC, 0x110B, 0x1173,
    0x11BD, 0x110B, 0x1173,
    0x11BE, 0x110B, 0x1173,
    0x11BF, 0x110B, 0x1173,
    0x11C0, 0x110B, 0x1173,
    0x11C1, 0x110B, 0x1173,
    0x11C2, 0x110B, 0x1174,
    0x110B, 0x1174, 0x11A8,
    0x110B, 0x1174, 0x11A9,
    0x110B, 0x1174, 0x11AA,
    0x110B, 0x1174, 0x11AB,
    0x110B, 0x1174, 0x11AC,
    0x110B, 0x1174, 0x11AD,
    0x110B, 0x1174, 0x11AE,
    0x110B, 0x1174, 0x11AF,
    0x110B, 0x1174, 0x11B0,
    0x110B, 0x1174, 0x11B1,
    0x110B, 0x1174, 0x11B2,
    0x110B, 0x1174, 0x11B3,
    0x110B, 0x1174, 0x11B4,
    0x110B, 0x1174, 0x11B5,
    0x110B, 0x1174, 0x11B6,
    0x110B, 0x1174, 0x11B7,
    0x110B, 0x1174, 0x11B8,
    0x110B, 0x1174, 0x11B9,
    0x110B, 0x1174, 0x11BA,
    0x110B, 0x1174, 0x11BB,
    0x110B, 0x1174, 0x11BC,
    0x110B, 0x1174, 0x11BD,
    0x110B, 0x1174, 0x11BE,
    0x110B, 0x1174, 0x11BF,
    0x110B, 0x1174, 0x11C0,
    0x110B, 0x1174, 0x11C1,
    0x110B, 0x1174, 0x11C2,
    0x110B, 0x1175, 0x110B,
    0x1175, 0x11A8, 0x110B,
    0x1175, 0x11A9, 0x110B,
    0x1175, 0x11AA, 0x110B,
    0x1175, 0x11AB, 0x110B,
    0x1175, 0x11AC, 0x110B,
    0x1175, 0x11AD, 0x110B,
    0x1175, 0x11AE, 0x110B,
    0x1175, 0x11AF, 0x110B,
    0x1175, 0x11B0, 0x110B,
    0x1175, 0x11B1, 0x110B,
    0x1175, 0x11B2, 0x110B,
    0x1175, 0x11B3, 0x110B,
    0x1175, 0x11B4, 0x110B,
    0x1175, 0x11B5, 0x110B,
    0x1175, 0x11B6, 0x110B,
    0x1175, 0x11B7, 0x110B,
    0x1175, 0x11B8, 0x110B,
    0x1175, 0x11B9, 0x110B,
    0x1175, 0x11BA, 0x110B,
    0x1175, 0x11BB, 0x110B,
    0x1175, 0x11BC, 0x110B,
    0x1175, 0x11BD, 0x110B,
    0x1175, 0x11BE, 0x110B,
    0x1175, 0x11BF, 0x110B,
    0x1175, 0x11C0, 0x110B,
    0x1175, 0x11C1, 0x110B,
    0x1175, 0x11C2, 0x110C,
    0x1161, 0x110C, 0x1161,
    0x11A8, 0x110C, 0x1161,
    0x11A9, 0x110C, 0x1161,
    0x11AA, 0x110C, 0x1161,
    0x11AB, 0x110C, 0x1161,
    0x11AC, 0x110C, 0x1161,
    0x11AD, 0x110C, 0x1161,
    0x11AE, 0x110C, 0x1161,
    0x11AF, 0x110C, 0x1161,
    0x11B0, 0x110C, 0x1161,
    0x11B1, 0x110C, 0x1161,
    0x11B2, 0x110C, 0x1161,
    0x11B3, 0x110C, 0x1161,
    0x11B4, 0x110C, 0x1161,
    0x11B5, 0x110C, 0x1161,
    0x11B6, 0x110C, 0x1161,
    0x11B7, 0x110C, 0x1161,
    0x11B8, 0x110C, 0x1161,
    0x11B9, 0x110C, 0x1161,
    0x11BA, 0x110C, 0x1161,
    0x11BB, 0x110C, 0x1161,
    0x11BC, 0x110C, 0x1161,
    0x11BD, 0x110C, 0x1161,
    0x11BE, 0x110C, 0x1161,
    0x11BF, 0x110C, 0x1161,
    0x11C0, 0x110C, 0x1161,
    0x11C1, 0x110C, 0x1161,
    0x11C2, 0x110C, 0x1162,
    0x110C, 0x1162, 0x11A8,
    0x110C, 0x1162, 0x11A9,
    0x110C, 0x1162, 0x11AA,
    0x110C, 0x1162, 0x11AB,
    0x110C, 0x1162, 0x11AC,
    0x110C, 0x1162, 0x11AD,
    0x110C, 0x1162, 0x11AE,
    0x110C, 0x1162, 0x11AF,
    0x110C, 0x1162, 0x11B0,
    0x110C, 0x1162, 0x11B1,
    0x110C, 0x1162, 0x11B2,
    0x110C, 0x1162, 0x11B3,
    0x110C, 0x1162, 0x11B4,
    0x110C, 0x1162, 0x11B5,
    0x110C, 0x1162, 0x11B6,
    0x110C, 0x1162, 0x11B7,
    0x110C, 0x1162, 0x11B8,
    0x110C, 0x1162, 0x11B9,
    0x110C, 0x1162, 0x11BA,
    0x110C, 0x1162, 0x11BB,
    0x110C, 0x1162, 0x11BC,
    0x110C, 0x1162, 0x11BD,
    0x110C, 0x1162, 0x11BE,
    0x110C, 0x1162, 0x11BF,
    0x110C, 0x1162, 0x11C0,
    0x110C, 0x1162, 0x11C1,
    0x110C, 0x1162, 0x11C2,
    0x110C, 0x1163, 0x110C,
    0x1163, 0x11A8, 0x110C,
    0x1163, 0x11A9, 0x110C,
    0x1163, 0x11AA, 0x110C,
    0x1163, 0x11AB, 0x110C,
    0x1163, 0x11AC, 0x110C,
    0x1163, 0x11AD, 0x110C,
    0x1163, 0x11AE, 0x110C,
    0x1163, 0x11AF, 0x110C,
    0x1163, 0x11B0, 0x110C,
    0x1163, 0x11B1, 0x110C,
    0x1163, 0x11B2, 0x110C,
    0x1163, 0x11B3, 0x110C,
    0x1163, 0x11B4, 0x110C,
    0x1163, 0x11B5, 0x110C,
    0x1163, 0x11B6, 0x110C,
    0x1163, 0x11B7, 0x110C,
    0x1163, 0x11B8, 0x110C,
    0x1163, 0x11B9, 0x110C,
    0x1163, 0x11BA, 0x110C,
    0x1163, 0x11BB, 0x110C,
    0x1163, 0x11BC, 0x110C,
    0x1163, 0x11BD, 0x110C,
    0x1163, 0x11BE, 0x110C,
    0x1163, 0x11BF, 0x110C,
    0x1163, 0x11C0, 0x110C,
    0x1163, 0x11C1, 0x110C,
    0x1163, 0x11C2, 0x110C,
    0x1164, 0x110C, 0x1164,
    0x11A8, 0x110C, 0x1164,
    0x11A9, 0x110C, 0x1164,
    0x11AA, 0x110C, 0x1164,
    0x11AB, 0x110C, 0x1164,
    0x11AC, 0x110C, 0x1164,
    0x11AD, 0x110C, 0x1164,
    0x11AE, 0x110C, 0x1164,
    0x11AF, 0x110C, 0x1164,
    0x11B0, 0x110C, 0x1164,
    0x11B1, 0x110C, 0x1164,
    0x11B2, 0x110C, 0x1164,
    0x11B3, 0x110C, 0x1164,
    0x11B4, 0x110C, 0x1164,
    0x11B5, 0x110C, 0x1164,
    0x11B6, 0x110C, 0x1164,
    0x11B7, 0x110C, 0x1164,
    0x11B8, 0x110C, 0x1164,
    0x11B9, 0x110C, 0x1164,
    0x11BA, 0x110C, 0x1164,
    0x11BB, 0x110C, 0x1164,
    0x11BC, 0x110C, 0x1164,
    0x11BD, 0x110C, 0x1164,
    0x11BE, 0x110C, 0x1164,
    0x11BF, 0x110C, 0x1164,
    0x11C0, 0x110C, 0x1164,
    0x11C1, 0x110C, 0x1164,
    0x11C2, 0x110C, 0x1165,
    0x110C, 0x1165, 0x11A8,
    0x110C, 0x1165, 0x11A9,
    0x110C, 0x1165, 0x11AA,
    0x110C, 0x1165, 0x11AB,
    0x110C, 0x1165, 0x11AC,
    0x110C, 0x1165, 0x11AD,
    0x110C, 0x1165, 0x11AE,
    0x110C, 0x1165, 0x11AF,
    0x110C, 0x1165, 0x11B0,
    0x110C, 0x1165, 0x11B1,
    0x110C, 0x1165, 0x11B2,
    0x110C, 0x1165, 0x11B3,
    0x110C, 0x1165, 0x11B4,
    0x110C, 0x1165, 0x11B5,
    0x110C, 0x1165, 0x11B6,
    0x110C, 0x1165, 0x11B7,
    0x110C, 0x1165, 0x11B8,
    0x110C, 0x1165, 0x11B9,
    0x110C, 0x1165, 0x11BA,
    0x110C, 0x1165, 0x11BB,
    0x110C, 0x1165, 0x11BC,
    0x110C, 0x1165, 0x11BD,
    0x110C, 0x1165, 0x11BE,
    0x110C, 0x1165, 0x11BF,
    0x110C, 0x1165, 0x11C0,
    0x110C, 0x1165, 0x11C1,
    0x110C, 0x1165, 0x11C2,
    0x110C, 0x1166, 0x110C,
    0x1166, 0x11A8, 0x110C,
    0x1166, 0x11A9, 0x110C,
    0x1166, 0x11AA, 0x110C,
    0x1166, 0x11AB, 0x110C,
    0x1166, 0x11AC, 0x110C,
    0x1166, 0x11AD, 0x110C,
    0x1166, 0x11AE, 0x110C,
    0x1166, 0x11AF, 0x110C,
    0x1166, 0x11B0, 0x110C,
    0x1166, 0x11B1, 0x110C,
    0x1166, 0x11B2, 0x110C,
    0x1166, 0x11B3, 0x110C,
    0x1166, 0x11B4, 0x110C,
    0x1166, 0x11B5, 0x110C,
    0x1166, 0x11B6, 0x110C,
    0x1166, 0x11B7, 0x110C,
    0x1166, 0x11B8, 0x110C,
    0x1166, 0x11B9, 0x110C,
    0x1166, 0x11BA, 0x110C,
    0x1166, 0x11BB, 0x110C,
    0x1166, 0x11BC, 0x110C,
    0x1166, 0x11BD, 0x110C,
    0x1166, 0x11BE, 0x110C,
    0x1166, 0x11BF, 0x110C,
    0x1166, 0x11C0, 0x110C,
    0x1166, 0x11C1, 0x110C,
    0x1166, 0x11C2, 0x110C,
    0x1167, 0x110C, 0x1167,
    0x11A8, 0x110C, 0x1167,
    0x11A9, 0x110C, 0x1167,
    0x11AA, 0x110C, 0x1167,
    0x11AB, 0x110C, 0x1167,
    0x11AC, 0x110C, 0x1167,
    0x11AD, 0x110C, 0x1167,
    0x11AE, 0x110C, 0x1167,
    0x11AF, 0x110C, 0x1167,
    0x11B0, 0x110C, 0x1167,
    0x11B1, 0x110C, 0x1167,
    0x11B2, 0x110C, 0x1167,
    0x11B3, 0x110C, 0x1167,
    0x11B4, 0x110C, 0x1167,
    0x11B5, 0x110C, 0x1167,
    0x11B6, 0x110C, 0x1167,
    0x11B7, 0x110C, 0x1167,
    0x11B8, 0x110C, 0x1167,
    0x11B9, 0x110C, 0x1167,
    0x11BA, 0x110C, 0x1167,
    0x11BB, 0x110C, 0x1167,
    0x11BC, 0x110C, 0x1167,
    0x11BD, 0x110C, 0x1167,
    0x11BE, 0x110C, 0x1167,
    0x11BF, 0x110C, 0x1167,
    0x11C0, 0x110C, 0x1167,
    0x11C1, 0x110C, 0x1167,
    0x11C2, 0x110C, 0x1168,
    0x110C, 0x1168, 0x11A8,
    0x110C, 0x1168, 0x11A9,
    0x110C, 0x1168, 0x11AA,
    0x110C, 0x1168, 0x11AB,
    0x110C, 0x1168, 0x11AC,
    0x110C, 0x1168, 0x11AD,
    0x110C, 0x1168, 0x11AE,
    0x110C, 0x1168, 0x11AF,
    0x110C, 0x1168, 0x11B0,
    0x110C, 0x1168, 0x11B1,
    0x110C, 0x1168, 0x11B2,
    0x110C, 0x1168, 0x11B3,
    0x110C, 0x1168, 0x11B4,
    0x110C, 0x1168, 0x11B5,
    0x110C, 0x1168, 0x11B6,
    0x110C, 0x1168, 0x11B7,
    0x110C, 0x1168, 0x11B8,
    0x110C, 0x1168, 0x11B9,
    0x110C, 0x1168, 0x11BA,
    0x110C, 0x1168, 0x11BB,
    0x110C, 0x1168, 0x11BC,
    0x110C, 0x1168, 0x11BD,
    0x110C, 0x1168, 0x11BE,
    0x110C, 0x1168, 0x11BF,
    0x110C, 0x1168, 0x11C0,
    0x110C, 0x1168, 0x11C1,
    0x110C, 0x1168, 0x11C2,
    0x110C, 0x1169, 0x110C,
    0x1169, 0x11A8, 0x110C,
    0x1169, 0x11A9, 0x110C,
    0x1169, 0x11AA, 0x110C,
    0x1169, 0x11AB, 0x110C,
    0x1169, 0x11AC, 0x110C,
    0x1169, 0x11AD, 0x110C,
    0x1169, 0x11AE, 0x110C,
    0x1169, 0x11AF, 0x110C,
    0x1169, 0x11B0, 0x110C,
    0x1169, 0x11B1, 0x110C,
    0x1169, 0x11B2, 0x110C,
    0x1169, 0x11B3, 0x110C,
    0x1169, 0x11B4, 0x110C,
    0x1169, 0x11B5, 0x110C,
    0x1169, 0x11B6, 0x110C,
    0x1169, 0x11B7, 0x110C,
    0x1169, 0x11B8, 0x110C,
    0x1169, 0x11B9, 0x110C,
    0x1169, 0x11BA, 0x110C,
    0x1169, 0x11BB, 0x110C,
    0x1169, 0x11BC, 0x110C,
    0x1169, 0x11BD, 0x110C,
    0x1169, 0x11BE, 0x110C,
    0x1169, 0x11BF, 0x110C,
    0x1169, 0x11C0, 0x110C,
    0x1169, 0x11C1, 0x110C,
    0x1169, 0x11C2, 0x110C,
    0x116A, 0x110C, 0x116A,
    0x11A8, 0x110C, 0x116A,
    0x11A9, 0x110C, 0x116A,
    0x11AA, 0x110C, 0x116A,
    0x11AB, 0x110C, 0x116A,
    0x11AC, 0x110C, 0x116A,
    0x11AD, 0x110C, 0x116A,
    0x11AE, 0x110C, 0x116A,
    0x11AF, 0x110C, 0x116A,
    0x11B0, 0x110C, 0x116A,
    0x11B1, 0x110C, 0x116A,
    0x11B2, 0x110C, 0x116A,
    0x11B3, 0x110C, 0x116A,
    0x11B4, 0x110C, 0x116A,
    0x11B5, 0x110C, 0x116A,
    0x11B6, 0x110C, 0x116A,
    0x11B7, 0x110C, 0x116A,
    0x11B8, 0x110C, 0x116A,
    0x11B9, 0x110C, 0x116A,
    0x11BA, 0x110C, 0x116A,
    0x11BB, 0x110C, 0x116A,
    0x11BC, 0x110C, 0x116A,
    0x11BD, 0x110C, 0x116A,
    0x11BE, 0x110C, 0x116A,
    0x11BF, 0x110C, 0x116A,
    0x11C0, 0x110C, 0x116A,
    0x11C1, 0x110C, 0x116A,
    0x11C2, 0x110C, 0x116B,
    0x110C, 0x116B, 0x11A8,
    0x110C, 0x116B, 0x11A9,
    0x110C, 0x116B, 0x11AA,
    0x110C, 0x116B, 0x11AB,
    0x110C, 0x116B, 0x11AC,
    0x110C, 0x116B, 0x11AD,
    0x110C, 0x116B, 0x11AE,
    0x110C, 0x116B, 0x11AF,
    0x110C, 0x116B, 0x11B0,
    0x110C, 0x116B, 0x11B1,
    0x110C, 0x116B, 0x11B2,
    0x110C, 0x116B, 0x11B3,
    0x110C, 0x116B, 0x11B4,
    0x110C, 0x116B, 0x11B5,
    0x110C, 0x116B, 0x11B6,
    0x110C, 0x116B, 0x11B7,
    0x110C, 0x116B, 0x11B8,
    0x110C, 0x116B, 0x11B9,
    0x110C, 0x116B, 0x11BA,
    0x110C, 0x116B, 0x11BB,
    0x110C, 0x116B, 0x11BC,
    0x110C, 0x116B, 0x11BD,
    0x110C, 0x116B, 0x11BE,
    0x110C, 0x116B, 0x11BF,
    0x110C, 0x116B, 0x11C0,
    0x110C, 0x116B, 0x11C1,
    0x110C, 0x116B, 0x11C2,
    0x110C, 0x116C, 0x110C,
    0x116C, 0x11A8, 0x110C,
    0x116C, 0x11A9, 0x110C,
    0x116C, 0x11AA, 0x110C,
    0x116C, 0x11AB, 0x110C,
    0x116C, 0x11AC, 0x110C,
    0x116C, 0x11AD, 0x110C,
    0x116C, 0x11AE, 0x110C,
    0x116C, 0x11AF, 0x110C,
    0x116C, 0x11B0, 0x110C,
    0x116C, 0x11B1, 0x110C,
    0x116C, 0x11B2, 0x110C,
    0x116C, 0x11B3, 0x110C,
    0x116C, 0x11B4, 0x110C,
    0x116C, 0x11B5, 0x110C,
    0x116C, 0x11B6, 0x110C,
    0x116C, 0x11B7, 0x110C,
    0x116C, 0x11B8, 0x110C,
    0x116C, 0x11B9, 0x110C,
    0x116C, 0x11BA, 0x110C,
    0x116C, 0x11BB, 0x110C,
    0x116C, 0x11BC, 0x110C,
    0x116C, 0x11BD, 0x110C,
    0x116C, 0x11BE, 0x110C,
    0x116C, 0x11BF, 0x110C,
    0x116C, 0x11C0, 0x110C,
    0x116C, 0x11C1, 0x110C,
    0x116C, 0x11C2, 0x110C,
    0x116D, 0x110C, 0x116D,
    0x11A8, 0x110C, 0x116D,
    0x11A9, 0x110C, 0x116D,
    0x11AA, 0x110C, 0x116D,
    0x11AB, 0x110C, 0x116D,
    0x11AC, 0x110C, 0x116D,
    0x11AD, 0x110C, 0x116D,
    0x11AE, 0x110C, 0x116D,
    0x11AF, 0x110C, 0x116D,
    0x11B0, 0x110C, 0x116D,
    0x11B1, 0x110C, 0x116D,
    0x11B2, 0x110C, 0x116D,
    0x11B3, 0x110C, 0x116D,
    0x11B4, 0x110C, 0x116D,
    0x11B5, 0x110C, 0x116D,
    0x11B6, 0x110C, 0x116D,
    0x11B7, 0x110C, 0x116D,
    0x11B8, 0x110C, 0x116D,
    0x11B9, 0x110C, 0x116D,
    0x11BA, 0x110C, 0x116D,
    0x11BB, 0x110C, 0x116D,
    0x11BC, 0x110C, 0x116D,
    0x11BD, 0x110C, 0x116D,
    0x11BE, 0x110C, 0x116D,
    0x11BF, 0x110C, 0x116D,
    0x11C0, 0x110C, 0x116D,
    0x11C1, 0x110C, 0x116D,
    0x11C2, 0x110C, 0x116E,
    0x110C, 0x116E, 0x11A8,
    0x110C, 0x116E, 0x11A9,
    0x110C, 0x116E, 0x11AA,
    0x110C, 0x116E, 0x11AB,
    0x110C, 0x116E, 0x11AC,
    0x110C, 0x116E, 0x11AD,
    0x110C, 0x116E, 0x11AE,
    0x110C, 0x116E, 0x11AF,
    0x110C, 0x116E, 0x11B0,
    0x110C, 0x116E, 0x11B1,
    0x110C, 0x116E, 0x11B2,
    0x110C, 0x116E, 0x11B3,
    0x110C, 0x116E, 0x11B4,
    0x110C, 0x116E, 0x11B5,
    0x110C, 0x116E, 0x11B6,
    0x110C, 0x116E, 0x11B7,
    0x110C, 0x116E, 0x11B8,
    0x110C, 0x116E, 0x11B9,
    0x110C, 0x116E, 0x11BA,
    0x110C, 0x116E, 0x11BB,
    0x110C, 0x116E, 0x11BC,
    0x110C, 0x116E, 0x11BD,
    0x110C, 0x116E, 0x11BE,
    0x110C, 0x116E, 0x11BF,
    0x110C, 0x116E, 0x11C0,
    0x110C, 0x116E, 0x11C1,
    0x110C, 0x116E, 0x11C2,
    0x110C, 0x116F, 0x110C,
    0x116F, 0x11A8, 0x110C,
    0x116F, 0x11A9, 0x110C,
    0x116F, 0x11AA, 0x110C,
    0x116F, 0x11AB, 0x110C,
    0x116F, 0x11AC, 0x110C,
    0x116F, 0x11AD, 0x110C,
    0x116F, 0x11AE, 0x110C,
    0x116F, 0x11AF, 0x110C,
    0x116F, 0x11B0, 0x110C,
    0x116F, 0x11B1, 0x110C,
    0x116F, 0x11B2, 0x110C,
    0x116F, 0x11B3, 0x110C,
    0x116F, 0x11B4, 0x110C,
    0x116F, 0x11B5, 0x110C,
    0x116F, 0x11B6, 0x110C,
    0x116F, 0x11B7, 0x110C,
    0x116F, 0x11B8, 0x110C,
    0x116F, 0x11B9, 0x110C,
    0x116F, 0x11BA, 0x110C,
    0x116F, 0x11BB, 0x110C,
    0x116F, 0x11BC, 0x110C,
    0x116F, 0x11BD, 0x110C,
    0x116F, 0x11BE, 0x110C,
    0x116F, 0x11BF, 0x110C,
    0x116F, 0x11C0, 0x110C,
    0x116F, 0x11C1, 0x110C,
    0x116F, 0x11C2, 0x110C,
    0x1170, 0x110C, 0x1170,
    0x11A8, 0x110C, 0x1170,
    0x11A9, 0x110C, 0x1170,
    0x11AA, 0x110C, 0x1170,
    0x11AB, 0x110C, 0x1170,
    0x11AC, 0x110C, 0x1170,
    0x11AD, 0x110C, 0x1170,
    0x11AE, 0x110C, 0x1170,
    0x11AF, 0x110C, 0x1170,
    0x11B0, 0x110C, 0x1170,
    0x11B1, 0x110C, 0x1170,
    0x11B2, 0x110C, 0x1170,
    0x11B3, 0x110C, 0x1170,
    0x11B4, 0x110C, 0x1170,
    0x11B5, 0x110C, 0x1170,
    0x11B6, 0x110C, 0x1170,
    0x11B7, 0x110C, 0x1170,
    0x11B8, 0x110C, 0x1170,
    0x11B9, 0x110C, 0x1170,
    0x11BA, 0x110C, 0x1170,
    0x11BB, 0x110C, 0x1170,
    0x11BC, 0x110C, 0x1170,
    0x11BD, 0x110C, 0x1170,
    0x11BE, 0x110C, 0x1170,
    0x11BF, 0x110C, 0x1170,
    0x11C0, 0x110C, 0x1170,
    0x11C1, 0x110C, 0x1170,
    0x11C2, 0x110C, 0x1171,
    0x110C, 0x1171, 0x11A8,
    0x110C, 0x1171, 0x11A9,
    0x110C, 0x1171, 0x11AA,
    0x110C, 0x1171, 0x11AB,
    0x110C, 0x1171, 0x11AC,
    0x110C, 0x1171, 0x11AD,
    0x110C, 0x1171, 0x11AE,
    0x110C, 0x1171, 0x11AF,
    0x110C, 0x1171, 0x11B0,
    0x110C, 0x1171, 0x11B1,
    0x110C, 0x1171, 0x11B2,
    0x110C, 0x1171, 0x11B3,
    0x110C, 0x1171, 0x11B4,
    0x110C, 0x1171, 0x11B5,
    0x110C, 0x1171, 0x11B6,
    0x110C, 0x1171, 0x11B7,
    0x110C, 0x1171, 0x11B8,
    0x110C, 0x1171, 0x11B9,
    0x110C, 0x1171, 0x11BA,
    0x110C, 0x1171, 0x11BB,
    0x110C, 0x1171, 0x11BC,
    0x110C, 0x1171, 0x11BD,
    0x110C, 0x1171, 0x11BE,
    0x110C, 0x1171, 0x11BF,
    0x110C, 0x1171, 0x11C0,
    0x110C, 0x1171, 0x11C1,
    0x110C, 0x1171, 0x11C2,
    0x110C, 0x1172, 0x110C,
    0x1172, 0x11A8, 0x110C,
    0x1172, 0x11A9, 0x110C,
    0x1172, 0x11AA, 0x110C,
    0x1172, 0x11AB, 0x110C,
    0x1172, 0x11AC, 0x110C,
    0x1172, 0x11AD, 0x110C,
    0x1172, 0x11AE, 0x110C,
    0x1172, 0x11AF, 0x110C,
    0x1172, 0x11B0, 0x110C,
    0x1172, 0x11B1, 0x110C,
    0x1172, 0x11B2, 0x110C,
    0x1172, 0x11B3, 0x110C,
    0x1172, 0x11B4, 0x110C,
    0x1172, 0x11B5, 0x110C,
    0x1172, 0x11B6, 0x110C,
    0x1172, 0x11B7, 0x110C,
    0x1172, 0x11B8, 0x110C,
    0x1172, 0x11B9, 0x110C,
    0x1172, 0x11BA, 0x110C,
    0x1172, 0x11BB, 0x110C,
    0x1172, 0x11BC, 0x110C,
    0x1172, 0x11BD, 0x110C,
    0x1172, 0x11BE, 0x110C,
    0x1172, 0x11BF, 0x110C,
    0x1172, 0x11C0, 0x110C,
    0x1172, 0x11C1, 0x110C,
    0x1172, 0x11C2, 0x110C,
    0x1173, 0x110C, 0x1173,
    0x11A8, 0x110C, 0x1173,
    0x11A9, 0x110C, 0x1173,
    0x11AA, 0x110C, 0x1173,
    0x11AB, 0x110C, 0x1173,
    0x11AC, 0x110C, 0x1173,
    0x11AD, 0x110C, 0x1173,
    0x11AE, 0x110C, 0x1173,
    0x11AF, 0x110C, 0x1173,
    0x11B0, 0x110C, 0x1173,
    0x11B1, 0x110C, 0x1173,
    0x11B2, 0x110C, 0x1173,
    0x11B3, 0x110C, 0x1173,
    0x11B4, 0x110C, 0x1173,
    0x11B5, 0x110C, 0x1173,
    0x11B6, 0x110C, 0x1173,
    0x11B7, 0x110C, 0x1173,
    0x11B8, 0x110C, 0x1173,
    0x11B9, 0x110C, 0x1173,
    0x11BA, 0x110C, 0x1173,
    0x11BB, 0x110C, 0x1173,
    0x11BC, 0x110C, 0x1173,
    0x11BD, 0x110C, 0x1173,
    0x11BE, 0x110C, 0x1173,
    0x11BF, 0x110C, 0x1173,
    0x11C0, 0x110C, 0x1173,
    0x11C1, 0x110C, 0x1173,
    0x11C2, 0x110C, 0x1174,
    0x110C, 0x1174, 0x11A8,
    0x110C, 0x1174, 0x11A9,
    0x110C, 0x1174, 0x11AA,
    0x110C, 0x1174, 0x11AB,
    0x110C, 0x1174, 0x11AC,
    0x110C, 0x1174, 0x11AD,
    0x110C, 0x1174, 0x11AE,
    0x110C, 0x1174, 0x11AF,
    0x110C, 0x1174, 0x11B0,
    0x110C, 0x1174, 0x11B1,
    0x110C, 0x1174, 0x11B2,
    0x110C, 0x1174, 0x11B3,
    0x110C, 0x1174, 0x11B4,
    0x110C, 0x1174, 0x11B5,
    0x110C, 0x1174, 0x11B6,
    0x110C, 0x1174, 0x11B7,
    0x110C, 0x1174, 0x11B8,
    0x110C, 0x1174, 0x11B9,
    0x110C, 0x1174, 0x11BA,
    0x110C, 0x1174, 0x11BB,
    0x110C, 0x1174, 0x11BC,
    0x110C, 0x1174, 0x11BD,
    0x110C, 0x1174, 0x11BE,
    0x110C, 0x1174, 0x11BF,
    0x110C, 0x1174, 0x11C0,
    0x110C, 0x1174, 0x11C1,
    0x110C, 0x1174, 0x11C2,
    0x110C, 0x1175, 0x110C,
    0x1175, 0x11A8, 0x110C,
    0x1175, 0x11A9, 0x110C,
    0x1175, 0x11AA, 0x110C,
    0x1175, 0x11AB, 0x110C,
    0x1175, 0x11AC, 0x110C,
    0x1175, 0x11AD, 0x110C,
    0x1175, 0x11AE, 0x110C,
    0x1175, 0x11AF, 0x110C,
    0x1175, 0x11B0, 0x110C,
    0x1175, 0x11B1, 0x110C,
    0x1175, 0x11B2, 0x110C,
    0x1175, 0x11B3, 0x110C,
    0x1175, 0x11B4, 0x110C,
    0x1175, 0x11B5, 0x110C,
    0x1175, 0x11B6, 0x110C,
    0x1175, 0x11B7, 0x110C,
    0x1175, 0x11B8, 0x110C,
    0x1175, 0x11B9, 0x110C,
    0x1175, 0x11BA, 0x110C,
    0x1175, 0x11BB, 0x110C,
    0x1175, 0x11BC, 0x110C,
    0x1175, 0x11BD, 0x110C,
    0x1175, 0x11BE, 0x110C,
    0x1175, 0x11BF, 0x110C,
    0x1175, 0x11C0, 0x110C,
    0x1175, 0x11C1, 0x110C,
    0x1175, 0x11C2, 0x110D,
    0x1161, 0x110D, 0x1161,
    0x11A8, 0x110D, 0x1161,
    0x11A9, 0x110D, 0x1161,
    0x11AA, 0x110D, 0x1161,
    0x11AB, 0x110D, 0x1161,
    0x11AC, 0x110D, 0x1161,
    0x11AD, 0x110D, 0x1161,
    0x11AE, 0x110D, 0x1161,
    0x11AF, 0x110D, 0x1161,
    0x11B0, 0x110D, 0x1161,
    0x11B1, 0x110D, 0x1161,
    0x11B2, 0x110D, 0x1161,
    0x11B3, 0x110D, 0x1161,
    0x11B4, 0x110D, 0x1161,
    0x11B5, 0x110D, 0x1161,
    0x11B6, 0x110D, 0x1161,
    0x11B7, 0x110D, 0x1161,
    0x11B8, 0x110D, 0x1161,
    0x11B9, 0x110D, 0x1161,
    0x11BA, 0x110D, 0x1161,
    0x11BB, 0x110D, 0x1161,
    0x11BC, 0x110D, 0x1161,
    0x11BD, 0x110D, 0x1161,
    0x11BE, 0x110D, 0x1161,
    0x11BF, 0x110D, 0x1161,
    0x11C0, 0x110D, 0x1161,
    0x11C1, 0x110D, 0x1161,
    0x11C2, 0x110D, 0x1162,
    0x110D, 0x1162, 0x11A8,
    0x110D, 0x1162, 0x11A9,
    0x110D, 0x1162, 0x11AA,
    0x110D, 0x1162, 0x11AB,
    0x110D, 0x1162, 0x11AC,
    0x110D, 0x1162, 0x11AD,
    0x110D, 0x1162, 0x11AE,
    0x110D, 0x1162, 0x11AF,
    0x110D, 0x1162, 0x11B0,
    0x110D, 0x1162, 0x11B1,
    0x110D, 0x1162, 0x11B2,
    0x110D, 0x1162, 0x11B3,
    0x110D, 0x1162, 0x11B4,
    0x110D, 0x1162, 0x11B5,
    0x110D, 0x1162, 0x11B6,
    0x110D, 0x1162, 0x11B7,
    0x110D, 0x1162, 0x11B8,
    0x110D, 0x1162, 0x11B9,
    0x110D, 0x1162, 0x11BA,
    0x110D, 0x1162, 0x11BB,
    0x110D, 0x1162, 0x11BC,
    0x110D, 0x1162, 0x11BD,
    0x110D, 0x1162, 0x11BE,
    0x110D, 0x1162, 0x11BF,
    0x110D, 0x1162, 0x11C0,
    0x110D, 0x1162, 0x11C1,
    0x110D, 0x1162, 0x11C2,
    0x110D, 0x1163, 0x110D,
    0x1163, 0x11A8, 0x110D,
    0x1163, 0x11A9, 0x110D,
    0x1163, 0x11AA, 0x110D,
    0x1163, 0x11AB, 0x110D,
    0x1163, 0x11AC, 0x110D,
    0x1163, 0x11AD, 0x110D,
    0x1163, 0x11AE, 0x110D,
    0x1163, 0x11AF, 0x110D,
    0x1163, 0x11B0, 0x110D,
    0x1163, 0x11B1, 0x110D,
    0x1163, 0x11B2, 0x110D,
    0x1163, 0x11B3, 0x110D,
    0x1163, 0x11B4, 0x110D,
    0x1163, 0x11B5, 0x110D,
    0x1163, 0x11B6, 0x110D,
    0x1163, 0x11B7, 0x110D,
    0x1163, 0x11B8, 0x110D,
    0x1163, 0x11B9, 0x110D,
    0x1163, 0x11BA, 0x110D,
    0x1163, 0x11BB, 0x110D,
    0x1163, 0x11BC, 0x110D,
    0x1163, 0x11BD, 0x110D,
    0x1163, 0x11BE, 0x110D,
    0x1163, 0x11BF, 0x110D,
    0x1163, 0x11C0, 0x110D,
    0x1163, 0x11C1, 0x110D,
    0x1163, 0x11C2, 0x110D,
    0x1164, 0x110D, 0x1164,
    0x11A8, 0x110D, 0x1164,
    0x11A9, 0x110D, 0x1164,
    0x11AA, 0x110D, 0x1164,
    0x11AB, 0x110D, 0x1164,
    0x11AC, 0x110D, 0x1164,
    0x11AD, 0x110D, 0x1164,
    0x11AE, 0x110D, 0x1164,
    0x11AF, 0x110D, 0x1164,
    0x11B0, 0x110D, 0x1164,
    0x11B1, 0x110D, 0x1164,
    0x11B2, 0x110D, 0x1164,
    0x11B3, 0x110D, 0x1164,
    0x11B4, 0x110D, 0x1164,
    0x11B5, 0x110D, 0x1164,
    0x11B6, 0x110D, 0x1164,
    0x11B7, 0x110D, 0x1164,
    0x11B8, 0x110D, 0x1164,
    0x11B9, 0x110D, 0x1164,
    0x11BA, 0x110D, 0x1164,
    0x11BB, 0x110D, 0x1164,
    0x11BC, 0x110D, 0x1164,
    0x11BD, 0x110D, 0x1164,
    0x11BE, 0x110D, 0x1164,
    0x11BF, 0x110D, 0x1164,
    0x11C0, 0x110D, 0x1164,
    0x11C1, 0x110D, 0x1164,
    0x11C2, 0x110D, 0x1165,
    0x110D, 0x1165, 0x11A8,
    0x110D, 0x1165, 0x11A9,
    0x110D, 0x1165, 0x11AA,
    0x110D, 0x1165, 0x11AB,
    0x110D, 0x1165, 0x11AC,
    0x110D, 0x1165, 0x11AD,
    0x110D, 0x1165, 0x11AE,
    0x110D, 0x1165, 0x11AF,
    0x110D, 0x1165, 0x11B0,
    0x110D, 0x1165, 0x11B1,
    0x110D, 0x1165, 0x11B2,
    0x110D, 0x1165, 0x11B3,
    0x110D, 0x1165, 0x11B4,
    0x110D, 0x1165, 0x11B5,
    0x110D, 0x1165, 0x11B6,
    0x110D, 0x1165, 0x11B7,
    0x110D, 0x1165, 0x11B8,
    0x110D, 0x1165, 0x11B9,
    0x110D, 0x1165, 0x11BA,
    0x110D, 0x1165, 0x11BB,
    0x110D, 0x1165, 0x11BC,
    0x110D, 0x1165, 0x11BD,
    0x110D, 0x1165, 0x11BE,
    0x110D, 0x1165, 0x11BF,
    0x110D, 0x1165, 0x11C0,
    0x110D, 0x1165, 0x11C1,
    0x110D, 0x1165, 0x11C2,
    0x110D, 0x1166, 0x110D,
    0x1166, 0x11A8, 0x110D,
    0x1166, 0x11A9, 0x110D,
    0x1166, 0x11AA, 0x110D,
    0x1166, 0x11AB, 0x110D,
    0x1166, 0x11AC, 0x110D,
    0x1166, 0x11AD, 0x110D,
    0x1166, 0x11AE, 0x110D,
    0x1166, 0x11AF, 0x110D,
    0x1166, 0x11B0, 0x110D,
    0x1166, 0x11B1, 0x110D,
    0x1166, 0x11B2, 0x110D,
    0x1166, 0x11B3, 0x110D,
    0x1166, 0x11B4, 0x110D,
    0x1166, 0x11B5, 0x110D,
    0x1166, 0x11B6, 0x110D,
    0x1166, 0x11B7, 0x110D,
    0x1166, 0x11B8, 0x110D,
    0x1166, 0x11B9, 0x110D,
    0x1166, 0x11BA, 0x110D,
    0x1166, 0x11BB, 0x110D,
    0x1166, 0x11BC, 0x110D,
    0x1166, 0x11BD, 0x110D,
    0x1166, 0x11BE, 0x110D,
    0x1166, 0x11BF, 0x110D,
    0x1166, 0x11C0, 0x110D,
    0x1166, 0x11C1, 0x110D,
    0x1166, 0x11C2, 0x110D,
    0x1167, 0x110D, 0x1167,
    0x11A8, 0x110D, 0x1167,
    0x11A9, 0x110D, 0x1167,
    0x11AA, 0x110D, 0x1167,
    0x11AB, 0x110D, 0x1167,
    0x11AC, 0x110D, 0x1167,
    0x11AD, 0x110D, 0x1167,
    0x11AE, 0x110D, 0x1167,
    0x11AF, 0x110D, 0x1167,
    0x11B0, 0x110D, 0x1167,
    0x11B1, 0x110D, 0x1167,
    0x11B2, 0x110D, 0x1167,
    0x11B3, 0x110D, 0x1167,
    0x11B4, 0x110D, 0x1167,
    0x11B5, 0x110D, 0x1167,
    0x11B6, 0x110D, 0x1167,
    0x11B7, 0x110D, 0x1167,
    0x11B8, 0x110D, 0x1167,
    0x11B9, 0x110D, 0x1167,
    0x11BA, 0x110D, 0x1167,
    0x11BB, 0x110D, 0x1167,
    0x11BC, 0x110D, 0x1167,
    0x11BD, 0x110D, 0x1167,
    0x11BE, 0x110D, 0x1167,
    0x11BF, 0x110D, 0x1167,
    0x11C0, 0x110D, 0x1167,
    0x11C1, 0x110D, 0x1167,
    0x11C2, 0x110D, 0x1168,
    0x110D, 0x1168, 0x11A8,
    0x110D, 0x1168, 0x11A9,
    0x110D, 0x1168, 0x11AA,
    0x110D, 0x1168, 0x11AB,
    0x110D, 0x1168, 0x11AC,
    0x110D, 0x1168, 0x11AD,
    0x110D, 0x1168, 0x11AE,
    0x110D, 0x1168, 0x11AF,
    0x110D, 0x1168, 0x11B0,
    0x110D, 0x1168, 0x11B1,
    0x110D, 0x1168, 0x11B2,
    0x110D, 0x1168, 0x11B3,
    0x110D, 0x1168, 0x11B4,
    0x110D, 0x1168, 0x11B5,
    0x110D, 0x1168, 0x11B6,
    0x110D, 0x1168, 0x11B7,
    0x110D, 0x1168, 0x11B8,
    0x110D, 0x1168, 0x11B9,
    0x110D, 0x1168, 0x11BA,
    0x110D, 0x1168, 0x11BB,
    0x110D, 0x1168, 0x11BC,
    0x110D, 0x1168, 0x11BD,
    0x110D, 0x1168, 0x11BE,
    0x110D, 0x1168, 0x11BF,
    0x110D, 0x1168, 0x11C0,
    0x110D, 0x1168, 0x11C1,
    0x110D, 0x1168, 0x11C2,
    0x110D, 0x1169, 0x110D,
    0x1169, 0x11A8, 0x110D,
    0x1169, 0x11A9, 0x110D,
    0x1169, 0x11AA, 0x110D,
    0x1169, 0x11AB, 0x110D,
    0x1169, 0x11AC, 0x110D,
    0x1169, 0x11AD, 0x110D,
    0x1169, 0x11AE, 0x110D,
    0x1169, 0x11AF, 0x110D,
    0x1169, 0x11B0, 0x110D,
    0x1169, 0x11B1, 0x110D,
    0x1169, 0x11B2, 0x110D,
    0x1169, 0x11B3, 0x110D,
    0x1169, 0x11B4, 0x110D,
    0x1169, 0x11B5, 0x110D,
    0x1169, 0x11B6, 0x110D,
    0x1169, 0x11B7, 0x110D,
    0x1169, 0x11B8, 0x110D,
    0x1169, 0x11B9, 0x110D,
    0x1169, 0x11BA, 0x110D,
    0x1169, 0x11BB, 0x110D,
    0x1169, 0x11BC, 0x110D,
    0x1169, 0x11BD, 0x110D,
    0x1169, 0x11BE, 0x110D,
    0x1169, 0x11BF, 0x110D,
    0x1169, 0x11C0, 0x110D,
    0x1169, 0x11C1, 0x110D,
    0x1169, 0x11C2, 0x110D,
    0x116A, 0x110D, 0x116A,
    0x11A8, 0x110D, 0x116A,
    0x11A9, 0x110D, 0x116A,
    0x11AA, 0x110D, 0x116A,
    0x11AB, 0x110D, 0x116A,
    0x11AC, 0x110D, 0x116A,
    0x11AD, 0x110D, 0x116A,
    0x11AE, 0x110D, 0x116A,
    0x11AF, 0x110D, 0x116A,
    0x11B0, 0x110D, 0x116A,
    0x11B1, 0x110D, 0x116A,
    0x11B2, 0x110D, 0x116A,
    0x11B3, 0x110D, 0x116A,
    0x11B4, 0x110D, 0x116A,
    0x11B5, 0x110D, 0x116A,
    0x11B6, 0x110D, 0x116A,
    0x11B7, 0x110D, 0x116A,
    0x11B8, 0x110D, 0x116A,
    0x11B9, 0x110D, 0x116A,
    0x11BA, 0x110D, 0x116A,
    0x11BB, 0x110D, 0x116A,
    0x11BC, 0x110D, 0x116A,
    0x11BD, 0x110D, 0x116A,
    0x11BE, 0x110D, 0x116A,
    0x11BF, 0x110D, 0x116A,
    0x11C0, 0x110D, 0x116A,
    0x11C1, 0x110D, 0x116A,
    0x11C2, 0x110D, 0x116B,
    0x110D, 0x116B, 0x11A8,
    0x110D, 0x116B, 0x11A9,
    0x110D, 0x116B, 0x11AA,
    0x110D, 0x116B, 0x11AB,
    0x110D, 0x116B, 0x11AC,
    0x110D, 0x116B, 0x11AD,
    0x110D, 0x116B, 0x11AE,
    0x110D, 0x116B, 0x11AF,
    0x110D, 0x116B, 0x11B0,
    0x110D, 0x116B, 0x11B1,
    0x110D, 0x116B, 0x11B2,
    0x110D, 0x116B, 0x11B3,
    0x110D, 0x116B, 0x11B4,
    0x110D, 0x116B, 0x11B5,
    0x110D, 0x116B, 0x11B6,
    0x110D, 0x116B, 0x11B7,
    0x110D, 0x116B, 0x11B8,
    0x110D, 0x116B, 0x11B9,
    0x110D, 0x116B, 0x11BA,
    0x110D, 0x116B, 0x11BB,
    0x110D, 0x116B, 0x11BC,
    0x110D, 0x116B, 0x11BD,
    0x110D, 0x116B, 0x11BE,
    0x110D, 0x116B, 0x11BF,
    0x110D, 0x116B, 0x11C0,
    0x110D, 0x116B, 0x11C1,
    0x110D, 0x116B, 0x11C2,
    0x110D, 0x116C, 0x110D,
    0x116C, 0x11A8, 0x110D,
    0x116C, 0x11A9, 0x110D,
    0x116C, 0x11AA, 0x110D,
    0x116C, 0x11AB, 0x110D,
    0x116C, 0x11AC, 0x110D,
    0x116C, 0x11AD, 0x110D,
    0x116C, 0x11AE, 0x110D,
    0x116C, 0x11AF, 0x110D,
    0x116C, 0x11B0, 0x110D,
    0x116C, 0x11B1, 0x110D,
    0x116C, 0x11B2, 0x110D,
    0x116C, 0x11B3, 0x110D,
    0x116C, 0x11B4, 0x110D,
    0x116C, 0x11B5, 0x110D,
    0x116C, 0x11B6, 0x110D,
    0x116C, 0x11B7, 0x110D,
    0x116C, 0x11B8, 0x110D,
    0x116C, 0x11B9, 0x110D,
    0x116C, 0x11BA, 0x110D,
    0x116C, 0x11BB, 0x110D,
    0x116C, 0x11BC, 0x110D,
    0x116C, 0x11BD, 0x110D,
    0x116C, 0x11BE, 0x110D,
    0x116C, 0x11BF, 0x110D,
    0x116C, 0x11C0, 0x110D,
    0x116C, 0x11C1, 0x110D,
    0x116C, 0x11C2, 0x110D,
    0x116D, 0x110D, 0x116D,
    0x11A8, 0x110D, 0x116D,
    0x11A9, 0x110D, 0x116D,
    0x11AA, 0x110D, 0x116D,
    0x11AB, 0x110D, 0x116D,
    0x11AC, 0x110D, 0x116D,
    0x11AD, 0x110D, 0x116D,
    0x11AE, 0x110D, 0x116D,
    0x11AF, 0x110D, 0x116D,
    0x11B0, 0x110D, 0x116D,
    0x11B1, 0x110D, 0x116D,
    0x11B2, 0x110D, 0x116D,
    0x11B3, 0x110D, 0x116D,
    0x11B4, 0x110D, 0x116D,
    0x11B5, 0x110D, 0x116D,
    0x11B6, 0x110D, 0x116D,
    0x11B7, 0x110D, 0x116D,
    0x11B8, 0x110D, 0x116D,
    0x11B9, 0x110D, 0x116D,
    0x11BA, 0x110D, 0x116D,
    0x11BB, 0x110D, 0x116D,
    0x11BC, 0x110D, 0x116D,
    0x11BD, 0x110D, 0x116D,
    0x11BE, 0x110D, 0x116D,
    0x11BF, 0x110D, 0x116D,
    0x11C0, 0x110D, 0x116D,
    0x11C1, 0x110D, 0x116D,
    0x11C2, 0x110D, 0x116E,
    0x110D, 0x116E, 0x11A8,
    0x110D, 0x116E, 0x11A9,
    0x110D, 0x116E, 0x11AA,
    0x110D, 0x116E, 0x11AB,
    0x110D, 0x116E, 0x11AC,
    0x110D, 0x116E, 0x11AD,
    0x110D, 0x116E, 0x11AE,
    0x110D, 0x116E, 0x11AF,
    0x110D, 0x116E, 0x11B0,
    0x110D, 0x116E, 0x11B1,
    0x110D, 0x116E, 0x11B2,
    0x110D, 0x116E, 0x11B3,
    0x110D, 0x116E, 0x11B4,
    0x110D, 0x116E, 0x11B5,
    0x110D, 0x116E, 0x11B6,
    0x110D, 0x116E, 0x11B7,
    0x110D, 0x116E, 0x11B8,
    0x110D, 0x116E, 0x11B9,
    0x110D, 0x116E, 0x11BA,
    0x110D, 0x116E, 0x11BB,
    0x110D, 0x116E, 0x11BC,
    0x110D, 0x116E, 0x11BD,
    0x110D, 0x116E, 0x11BE,
    0x110D, 0x116E, 0x11BF,
    0x110D, 0x116E, 0x11C0,
    0x110D, 0x116E, 0x11C1,
    0x110D, 0x116E, 0x11C2,
    0x110D, 0x116F, 0x110D,
    0x116F, 0x11A8, 0x110D,
    0x116F, 0x11A9, 0x110D,
    0x116F, 0x11AA, 0x110D,
    0x116F, 0x11AB, 0x110D,
    0x116F, 0x11AC, 0x110D,
    0x116F, 0x11AD, 0x110D,
    0x116F, 0x11AE, 0x110D,
    0x116F, 0x11AF, 0x110D,
    0x116F, 0x11B0, 0x110D,
    0x116F, 0x11B1, 0x110D,
    0x116F, 0x11B2, 0x110D,
    0x116F, 0x11B3, 0x110D,
    0x116F, 0x11B4, 0x110D,
    0x116F, 0x11B5, 0x110D,
    0x116F, 0x11B6, 0x110D,
    0x116F, 0x11B7, 0x110D,
    0x116F, 0x11B8, 0x110D,
    0x116F, 0x11B9, 0x110D,
    0x116F, 0x11BA, 0x110D,
    0x116F, 0x11BB, 0x110D,
    0x116F, 0x11BC, 0x110D,
    0x116F, 0x11BD, 0x110D,
    0x116F, 0x11BE, 0x110D,
    0x116F, 0x11BF, 0x110D,
    0x116F, 0x11C0, 0x110D,
    0x116F, 0x11C1, 0x110D,
    0x116F, 0x11C2, 0x110D,
    0x1170, 0x110D, 0x1170,
    0x11A8, 0x110D, 0x1170,
    0x11A9, 0x110D, 0x1170,
    0x11AA, 0x110D, 0x1170,
    0x11AB, 0x110D, 0x1170,
    0x11AC, 0x110D, 0x1170,
    0x11AD, 0x110D, 0x1170,
    0x11AE, 0x110D, 0x1170,
    0x11AF, 0x110D, 0x1170,
    0x11B0, 0x110D, 0x1170,
    0x11B1, 0x110D, 0x1170,
    0x11B2, 0x110D, 0x1170,
    0x11B3, 0x110D, 0x1170,
    0x11B4, 0x110D, 0x1170,
    0x11B5, 0x110D, 0x1170,
    0x11B6, 0x110D, 0x1170,
    0x11B7, 0x110D, 0x1170,
    0x11B8, 0x110D, 0x1170,
    0x11B9, 0x110D, 0x1170,
    0x11BA, 0x110D, 0x1170,
    0x11BB, 0x110D, 0x1170,
    0x11BC, 0x110D, 0x1170,
    0x11BD, 0x110D, 0x1170,
    0x11BE, 0x110D, 0x1170,
    0x11BF, 0x110D, 0x1170,
    0x11C0, 0x110D, 0x1170,
    0x11C1, 0x110D, 0x1170,
    0x11C2, 0x110D, 0x1171,
    0x110D, 0x1171, 0x11A8,
    0x110D, 0x1171, 0x11A9,
    0x110D, 0x1171, 0x11AA,
    0x110D, 0x1171, 0x11AB,
    0x110D, 0x1171, 0x11AC,
    0x110D, 0x1171, 0x11AD,
    0x110D, 0x1171, 0x11AE,
    0x110D, 0x1171, 0x11AF,
    0x110D, 0x1171, 0x11B0,
    0x110D, 0x1171, 0x11B1,
    0x110D, 0x1171, 0x11B2,
    0x110D, 0x1171, 0x11B3,
    0x110D, 0x1171, 0x11B4,
    0x110D, 0x1171, 0x11B5,
    0x110D, 0x1171, 0x11B6,
    0x110D, 0x1171, 0x11B7,
    0x110D, 0x1171, 0x11B8,
    0x110D, 0x1171, 0x11B9,
    0x110D, 0x1171, 0x11BA,
    0x110D, 0x1171, 0x11BB,
    0x110D, 0x1171, 0x11BC,
    0x110D, 0x1171, 0x11BD,
    0x110D, 0x1171, 0x11BE,
    0x110D, 0x1171, 0x11BF,
    0x110D, 0x1171, 0x11C0,
    0x110D, 0x1171, 0x11C1,
    0x110D, 0x1171, 0x11C2,
    0x110D, 0x1172, 0x110D,
    0x1172, 0x11A8, 0x110D,
    0x1172, 0x11A9, 0x110D,
    0x1172, 0x11AA, 0x110D,
    0x1172, 0x11AB, 0x110D,
    0x1172, 0x11AC, 0x110D,
    0x1172, 0x11AD, 0x110D,
    0x1172, 0x11AE, 0x110D,
    0x1172, 0x11AF, 0x110D,
    0x1172, 0x11B0, 0x110D,
    0x1172, 0x11B1, 0x110D,
    0x1172, 0x11B2, 0x110D,
    0x1172, 0x11B3, 0x110D,
    0x1172, 0x11B4, 0x110D,
    0x1172, 0x11B5, 0x110D,
    0x1172, 0x11B6, 0x110D,
    0x1172, 0x11B7, 0x110D,
    0x1172, 0x11B8, 0x110D,
    0x1172, 0x11B9, 0x110D,
    0x1172, 0x11BA, 0x110D,
    0x1172, 0x11BB, 0x110D,
    0x1172, 0x11BC, 0x110D,
    0x1172, 0x11BD, 0x110D,
    0x1172, 0x11BE, 0x110D,
    0x1172, 0x11BF, 0x110D,
    0x1172, 0x11C0, 0x110D,
    0x1172, 0x11C1, 0x110D,
    0x1172, 0x11C2, 0x110D,
    0x1173, 0x110D, 0x1173,
    0x11A8, 0x110D, 0x1173,
    0x11A9, 0x110D, 0x1173,
    0x11AA, 0x110D, 0x1173,
    0x11AB, 0x110D, 0x1173,
    0x11AC, 0x110D, 0x1173,
    0x11AD, 0x110D, 0x1173,
    0x11AE, 0x110D, 0x1173,
    0x11AF, 0x110D, 0x1173,
    0x11B0, 0x110D, 0x1173,
    0x11B1, 0x110D, 0x1173,
    0x11B2, 0x110D, 0x1173,
    0x11B3, 0x110D, 0x1173,
    0x11B4, 0x110D, 0x1173,
    0x11B5, 0x110D, 0x1173,
    0x11B6, 0x110D, 0x1173,
    0x11B7, 0x110D, 0x1173,
    0x11B8, 0x110D, 0x1173,
    0x11B9, 0x110D, 0x1173,
    0x11BA, 0x110D, 0x1173,
    0x11BB, 0x110D, 0x1173,
    0x11BC, 0x110D, 0x1173,
    0x11BD, 0x110D, 0x1173,
    0x11BE, 0x110D, 0x1173,
    0x11BF, 0x110D, 0x1173,
    0x11C0, 0x110D, 0x1173,
    0x11C1, 0x110D, 0x1173,
    0x11C2, 0x110D, 0x1174,
    0x110D, 0x1174, 0x11A8,
    0x110D, 0x1174, 0x11A9,
    0x110D, 0x1174, 0x11AA,
    0x110D, 0x1174, 0x11AB,
    0x110D, 0x1174, 0x11AC,
    0x110D, 0x1174, 0x11AD,
    0x110D, 0x1174, 0x11AE,
    0x110D, 0x1174, 0x11AF,
    0x110D, 0x1174, 0x11B0,
    0x110D, 0x1174, 0x11B1,
    0x110D, 0x1174, 0x11B2,
    0x110D, 0x1174, 0x11B3,
    0x110D, 0x1174, 0x11B4,
    0x110D, 0x1174, 0x11B5,
    0x110D, 0x1174, 0x11B6,
    0x110D, 0x1174, 0x11B7,
    0x110D, 0x1174, 0x11B8,
    0x110D, 0x1174, 0x11B9,
    0x110D, 0x1174, 0x11BA,
    0x110D, 0x1174, 0x11BB,
    0x110D, 0x1174, 0x11BC,
    0x110D, 0x1174, 0x11BD,
    0x110D, 0x1174, 0x11BE,
    0x110D, 0x1174, 0x11BF,
    0x110D, 0x1174, 0x11C0,
    0x110D, 0x1174, 0x11C1,
    0x110D, 0x1174, 0x11C2,
    0x110D, 0x1175, 0x110D,
    0x1175, 0x11A8, 0x110D,
    0x1175, 0x11A9, 0x110D,
    0x1175, 0x11AA, 0x110D,
    0x1175, 0x11AB, 0x110D,
    0x1175, 0x11AC, 0x110D,
    0x1175, 0x11AD, 0x110D,
    0x1175, 0x11AE, 0x110D,
    0x1175, 0x11AF, 0x110D,
    0x1175, 0x11B0, 0x110D,
    0x1175, 0x11B1, 0x110D,
    0x1175, 0x11B2, 0x110D,
    0x1175, 0x11B3, 0x110D,
    0x1175, 0x11B4, 0x110D,
    0x1175, 0x11B5, 0x110D,
    0x1175, 0x11B6, 0x110D,
    0x1175, 0x11B7, 0x110D,
    0x1175, 0x11B8, 0x110D,
    0x1175, 0x11B9, 0x110D,
    0x1175, 0x11BA, 0x110D,
    0x1175, 0x11BB, 0x110D,
    0x1175, 0x11BC, 0x110D,
    0x1175, 0x11BD, 0x110D,
    0x1175, 0x11BE, 0x110D,
    0x1175, 0x11BF, 0x110D,
    0x1175, 0x11C0, 0x110D,
    0x1175, 0x11C1, 0x110D,
    0x1175, 0x11C2, 0x110E,
    0x1161, 0x110E, 0x1161,
    0x11A8, 0x110E, 0x1161,
    0x11A9, 0x110E, 0x1161,
    0x11AA, 0x110E, 0x1161,
    0x11AB, 0x110E, 0x1161,
    0x11AC, 0x110E, 0x1161,
    0x11AD, 0x110E, 0x1161,
    0x11AE, 0x110E, 0x1161,
    0x11AF, 0x110E, 0x1161,
    0x11B0, 0x110E, 0x1161,
    0x11B1, 0x110E, 0x1161,
    0x11B2, 0x110E, 0x1161,
    0x11B3, 0x110E, 0x1161,
    0x11B4, 0x110E, 0x1161,
    0x11B5, 0x110E, 0x1161,
    0x11B6, 0x110E, 0x1161,
    0x11B7, 0x110E, 0x1161,
    0x11B8, 0x110E, 0x1161,
    0x11B9, 0x110E, 0x1161,
    0x11BA, 0x110E, 0x1161,
    0x11BB, 0x110E, 0x1161,
    0x11BC, 0x110E, 0x1161,
    0x11BD, 0x110E, 0x1161,
    0x11BE, 0x110E, 0x1161,
    0x11BF, 0x110E, 0x1161,
    0x11C0, 0x110E, 0x1161,
    0x11C1, 0x110E, 0x1161,
    0x11C2, 0x110E, 0x1162,
    0x110E, 0x1162, 0x11A8,
    0x110E, 0x1162, 0x11A9,
    0x110E, 0x1162, 0x11AA,
    0x110E, 0x1162, 0x11AB,
    0x110E, 0x1162, 0x11AC,
    0x110E, 0x1162, 0x11AD,
    0x110E, 0x1162, 0x11AE,
    0x110E, 0x1162, 0x11AF,
    0x110E, 0x1162, 0x11B0,
    0x110E, 0x1162, 0x11B1,
    0x110E, 0x1162, 0x11B2,
    0x110E, 0x1162, 0x11B3,
    0x110E, 0x1162, 0x11B4,
    0x110E, 0x1162, 0x11B5,
    0x110E, 0x1162, 0x11B6,
    0x110E, 0x1162, 0x11B7,
    0x110E, 0x1162, 0x11B8,
    0x110E, 0x1162, 0x11B9,
    0x110E, 0x1162, 0x11BA,
    0x110E, 0x1162, 0x11BB,
    0x110E, 0x1162, 0x11BC,
    0x110E, 0x1162, 0x11BD,
    0x110E, 0x1162, 0x11BE,
    0x110E, 0x1162, 0x11BF,
    0x110E, 0x1162, 0x11C0,
    0x110E, 0x1162, 0x11C1,
    0x110E, 0x1162, 0x11C2,
    0x110E, 0x1163, 0x110E,
    0x1163, 0x11A8, 0x110E,
    0x1163, 0x11A9, 0x110E,
    0x1163, 0x11AA, 0x110E,
    0x1163, 0x11AB, 0x110E,
    0x1163, 0x11AC, 0x110E,
    0x1163, 0x11AD, 0x110E,
    0x1163, 0x11AE, 0x110E,
    0x1163, 0x11AF, 0x110E,
    0x1163, 0x11B0, 0x110E,
    0x1163, 0x11B1, 0x110E,
    0x1163, 0x11B2, 0x110E,
    0x1163, 0x11B3, 0x110E,
    0x1163, 0x11B4, 0x110E,
    0x1163, 0x11B5, 0x110E,
    0x1163, 0x11B6, 0x110E,
    0x1163, 0x11B7, 0x110E,
    0x1163, 0x11B8, 0x110E,
    0x1163, 0x11B9, 0x110E,
    0x1163, 0x11BA, 0x110E,
    0x1163, 0x11BB, 0x110E,
    0x1163, 0x11BC, 0x110E,
    0x1163, 0x11BD, 0x110E,
    0x1163, 0x11BE, 0x110E,
    0x1163, 0x11BF, 0x110E,
    0x1163, 0x11C0, 0x110E,
    0x1163, 0x11C1, 0x110E,
    0x1163, 0x11C2, 0x110E,
    0x1164, 0x110E, 0x1164,
    0x11A8, 0x110E, 0x1164,
    0x11A9, 0x110E, 0x1164,
    0x11AA, 0x110E, 0x1164,
    0x11AB, 0x110E, 0x1164,
    0x11AC, 0x110E, 0x1164,
    0x11AD, 0x110E, 0x1164,
    0x11AE, 0x110E, 0x1164,
    0x11AF, 0x110E, 0x1164,
    0x11B0, 0x110E, 0x1164,
    0x11B1, 0x110E, 0x1164,
    0x11B2, 0x110E, 0x1164,
    0x11B3, 0x110E, 0x1164,
    0x11B4, 0x110E, 0x1164,
    0x11B5, 0x110E, 0x1164,
    0x11B6, 0x110E, 0x1164,
    0x11B7, 0x110E, 0x1164,
    0x11B8, 0x110E, 0x1164,
    0x11B9, 0x110E, 0x1164,
    0x11BA, 0x110E, 0x1164,
    0x11BB, 0x110E, 0x1164,
    0x11BC, 0x110E, 0x1164,
    0x11BD, 0x110E, 0x1164,
    0x11BE, 0x110E, 0x1164,
    0x11BF, 0x110E, 0x1164,
    0x11C0, 0x110E, 0x1164,
    0x11C1, 0x110E, 0x1164,
    0x11C2, 0x110E, 0x1165,
    0x110E, 0x1165, 0x11A8,
    0x110E, 0x1165, 0x11A9,
    0x110E, 0x1165, 0x11AA,
    0x110E, 0x1165, 0x11AB,
    0x110E, 0x1165, 0x11AC,
    0x110E, 0x1165, 0x11AD,
    0x110E, 0x1165, 0x11AE,
    0x110E, 0x1165, 0x11AF,
    0x110E, 0x1165, 0x11B0,
    0x110E, 0x1165, 0x11B1,
    0x110E, 0x1165, 0x11B2,
    0x110E, 0x1165, 0x11B3,
    0x110E, 0x1165, 0x11B4,
    0x110E, 0x1165, 0x11B5,
    0x110E, 0x1165, 0x11B6,
    0x110E, 0x1165, 0x11B7,
    0x110E, 0x1165, 0x11B8,
    0x110E, 0x1165, 0x11B9,
    0x110E, 0x1165, 0x11BA,
    0x110E, 0x1165, 0x11BB,
    0x110E, 0x1165, 0x11BC,
    0x110E, 0x1165, 0x11BD,
    0x110E, 0x1165, 0x11BE,
    0x110E, 0x1165, 0x11BF,
    0x110E, 0x1165, 0x11C0,
    0x110E, 0x1165, 0x11C1,
    0x110E, 0x1165, 0x11C2,
    0x110E, 0x1166, 0x110E,
    0x1166, 0x11A8, 0x110E,
    0x1166, 0x11A9, 0x110E,
    0x1166, 0x11AA, 0x110E,
    0x1166, 0x11AB, 0x110E,
    0x1166, 0x11AC, 0x110E,
    0x1166, 0x11AD, 0x110E,
    0x1166, 0x11AE, 0x110E,
    0x1166, 0x11AF, 0x110E,
    0x1166, 0x11B0, 0x110E,
    0x1166, 0x11B1, 0x110E,
    0x1166, 0x11B2, 0x110E,
    0x1166, 0x11B3, 0x110E,
    0x1166, 0x11B4, 0x110E,
    0x1166, 0x11B5, 0x110E,
    0x1166, 0x11B6, 0x110E,
    0x1166, 0x11B7, 0x110E,
    0x1166, 0x11B8, 0x110E,
    0x1166, 0x11B9, 0x110E,
    0x1166, 0x11BA, 0x110E,
    0x1166, 0x11BB, 0x110E,
    0x1166, 0x11BC, 0x110E,
    0x1166, 0x11BD, 0x110E,
    0x1166, 0x11BE, 0x110E,
    0x1166, 0x11BF, 0x110E,
    0x1166, 0x11C0, 0x110E,
    0x1166, 0x11C1, 0x110E,
    0x1166, 0x11C2, 0x110E,
    0x1167, 0x110E, 0x1167,
    0x11A8, 0x110E, 0x1167,
    0x11A9, 0x110E, 0x1167,
    0x11AA, 0x110E, 0x1167,
    0x11AB, 0x110E, 0x1167,
    0x11AC, 0x110E, 0x1167,
    0x11AD, 0x110E, 0x1167,
    0x11AE, 0x110E, 0x1167,
    0x11AF, 0x110E, 0x1167,
    0x11B0, 0x110E, 0x1167,
    0x11B1, 0x110E, 0x1167,
    0x11B2, 0x110E, 0x1167,
    0x11B3, 0x110E, 0x1167,
    0x11B4, 0x110E, 0x1167,
    0x11B5, 0x110E, 0x1167,
    0x11B6, 0x110E, 0x1167,
    0x11B7, 0x110E, 0x1167,
    0x11B8, 0x110E, 0x1167,
    0x11B9, 0x110E, 0x1167,
    0x11BA, 0x110E, 0x1167,
    0x11BB, 0x110E, 0x1167,
    0x11BC, 0x110E, 0x1167,
    0x11BD, 0x110E, 0x1167,
    0x11BE, 0x110E, 0x1167,
    0x11BF, 0x110E, 0x1167,
    0x11C0, 0x110E, 0x1167,
    0x11C1, 0x110E, 0x1167,
    0x11C2, 0x110E, 0x1168,
    0x110E, 0x1168, 0x11A8,
    0x110E, 0x1168, 0x11A9,
    0x110E, 0x1168, 0x11AA,
    0x110E, 0x1168, 0x11AB,
    0x110E, 0x1168, 0x11AC,
    0x110E, 0x1168, 0x11AD,
    0x110E, 0x1168, 0x11AE,
    0x110E, 0x1168, 0x11AF,
    0x110E, 0x1168, 0x11B0,
    0x110E, 0x1168, 0x11B1,
    0x110E, 0x1168, 0x11B2,
    0x110E, 0x1168, 0x11B3,
    0x110E, 0x1168, 0x11B4,
    0x110E, 0x1168, 0x11B5,
    0x110E, 0x1168, 0x11B6,
    0x110E, 0x1168, 0x11B7,
    0x110E, 0x1168, 0x11B8,
    0x110E, 0x1168, 0x11B9,
    0x110E, 0x1168, 0x11BA,
    0x110E, 0x1168, 0x11BB,
    0x110E, 0x1168, 0x11BC,
    0x110E, 0x1168, 0x11BD,
    0x110E, 0x1168, 0x11BE,
    0x110E, 0x1168, 0x11BF,
    0x110E, 0x1168, 0x11C0,
    0x110E, 0x1168, 0x11C1,
    0x110E, 0x1168, 0x11C2,
    0x110E, 0x1169, 0x110E,
    0x1169, 0x11A8, 0x110E,
    0x1169, 0x11A9, 0x110E,
    0x1169, 0x11AA, 0x110E,
    0x1169, 0x11AB, 0x110E,
    0x1169, 0x11AC, 0x110E,
    0x1169, 0x11AD, 0x110E,
    0x1169, 0x11AE, 0x110E,
    0x1169, 0x11AF, 0x110E,
    0x1169, 0x11B0, 0x110E,
    0x1169, 0x11B1, 0x110E,
    0x1169, 0x11B2, 0x110E,
    0x1169, 0x11B3, 0x110E,
    0x1169, 0x11B4, 0x110E,
    0x1169, 0x11B5, 0x110E,
    0x1169, 0x11B6, 0x110E,
    0x1169, 0x11B7, 0x110E,
    0x1169, 0x11B8, 0x110E,
    0x1169, 0x11B9, 0x110E,
    0x1169, 0x11BA, 0x110E,
    0x1169, 0x11BB, 0x110E,
    0x1169, 0x11BC, 0x110E,
    0x1169, 0x11BD, 0x110E,
    0x1169, 0x11BE, 0x110E,
    0x1169, 0x11BF, 0x110E,
    0x1169, 0x11C0, 0x110E,
    0x1169, 0x11C1, 0x110E,
    0x1169, 0x11C2, 0x110E,
    0x116A, 0x110E, 0x116A,
    0x11A8, 0x110E, 0x116A,
    0x11A9, 0x110E, 0x116A,
    0x11AA, 0x110E, 0x116A,
    0x11AB, 0x110E, 0x116A,
    0x11AC, 0x110E, 0x116A,
    0x11AD, 0x110E, 0x116A,
    0x11AE, 0x110E, 0x116A,
    0x11AF, 0x110E, 0x116A,
    0x11B0, 0x110E, 0x116A,
    0x11B1, 0x110E, 0x116A,
    0x11B2, 0x110E, 0x116A,
    0x11B3, 0x110E, 0x116A,
    0x11B4, 0x110E, 0x116A,
    0x11B5, 0x110E, 0x116A,
    0x11B6, 0x110E, 0x116A,
    0x11B7, 0x110E, 0x116A,
    0x11B8, 0x110E, 0x116A,
    0x11B9, 0x110E, 0x116A,
    0x11BA, 0x110E, 0x116A,
    0x11BB, 0x110E, 0x116A,
    0x11BC, 0x110E, 0x116A,
    0x11BD, 0x110E, 0x116A,
    0x11BE, 0x110E, 0x116A,
    0x11BF, 0x110E, 0x116A,
    0x11C0, 0x110E, 0x116A,
    0x11C1, 0x110E, 0x116A,
    0x11C2, 0x110E, 0x116B,
    0x110E, 0x116B, 0x11A8,
    0x110E, 0x116B, 0x11A9,
    0x110E, 0x116B, 0x11AA,
    0x110E, 0x116B, 0x11AB,
    0x110E, 0x116B, 0x11AC,
    0x110E, 0x116B, 0x11AD,
    0x110E, 0x116B, 0x11AE,
    0x110E, 0x116B, 0x11AF,
    0x110E, 0x116B, 0x11B0,
    0x110E, 0x116B, 0x11B1,
    0x110E, 0x116B, 0x11B2,
    0x110E, 0x116B, 0x11B3,
    0x110E, 0x116B, 0x11B4,
    0x110E, 0x116B, 0x11B5,
    0x110E, 0x116B, 0x11B6,
    0x110E, 0x116B, 0x11B7,
    0x110E, 0x116B, 0x11B8,
    0x110E, 0x116B, 0x11B9,
    0x110E, 0x116B, 0x11BA,
    0x110E, 0x116B, 0x11BB,
    0x110E, 0x116B, 0x11BC,
    0x110E, 0x116B, 0x11BD,
    0x110E, 0x116B, 0x11BE,
    0x110E, 0x116B, 0x11BF,
    0x110E, 0x116B, 0x11C0,
    0x110E, 0x116B, 0x11C1,
    0x110E, 0x116B, 0x11C2,
    0x110E, 0x116C, 0x110E,
    0x116C, 0x11A8, 0x110E,
    0x116C, 0x11A9, 0x110E,
    0x116C, 0x11AA, 0x110E,
    0x116C, 0x11AB, 0x110E,
    0x116C, 0x11AC, 0x110E,
    0x116C, 0x11AD, 0x110E,
    0x116C, 0x11AE, 0x110E,
    0x116C, 0x11AF, 0x110E,
    0x116C, 0x11B0, 0x110E,
    0x116C, 0x11B1, 0x110E,
    0x116C, 0x11B2, 0x110E,
    0x116C, 0x11B3, 0x110E,
    0x116C, 0x11B4, 0x110E,
    0x116C, 0x11B5, 0x110E,
    0x116C, 0x11B6, 0x110E,
    0x116C, 0x11B7, 0x110E,
    0x116C, 0x11B8, 0x110E,
    0x116C, 0x11B9, 0x110E,
    0x116C, 0x11BA, 0x110E,
    0x116C, 0x11BB, 0x110E,
    0x116C, 0x11BC, 0x110E,
    0x116C, 0x11BD, 0x110E,
    0x116C, 0x11BE, 0x110E,
    0x116C, 0x11BF, 0x110E,
    0x116C, 0x11C0, 0x110E,
    0x116C, 0x11C1, 0x110E,
    0x116C, 0x11C2, 0x110E,
    0x116D, 0x110E, 0x116D,
    0x11A8, 0x110E, 0x116D,
    0x11A9, 0x110E, 0x116D,
    0x11AA, 0x110E, 0x116D,
    0x11AB, 0x110E, 0x116D,
    0x11AC, 0x110E, 0x116D,
    0x11AD, 0x110E, 0x116D,
    0x11AE, 0x110E, 0x116D,
    0x11AF, 0x110E, 0x116D,
    0x11B0, 0x110E, 0x116D,
    0x11B1, 0x110E, 0x116D,
    0x11B2, 0x110E, 0x116D,
    0x11B3, 0x110E, 0x116D,
    0x11B4, 0x110E, 0x116D,
    0x11B5, 0x110E, 0x116D,
    0x11B6, 0x110E, 0x116D,
    0x11B7, 0x110E, 0x116D,
    0x11B8, 0x110E, 0x116D,
    0x11B9, 0x110E, 0x116D,
    0x11BA, 0x110E, 0x116D,
    0x11BB, 0x110E, 0x116D,
    0x11BC, 0x110E, 0x116D,
    0x11BD, 0x110E, 0x116D,
    0x11BE, 0x110E, 0x116D,
    0x11BF, 0x110E, 0x116D,
    0x11C0, 0x110E, 0x116D,
    0x11C1, 0x110E, 0x116D,
    0x11C2, 0x110E, 0x116E,
    0x110E, 0x116E, 0x11A8,
    0x110E, 0x116E, 0x11A9,
    0x110E, 0x116E, 0x11AA,
    0x110E, 0x116E, 0x11AB,
    0x110E, 0x116E, 0x11AC,
    0x110E, 0x116E, 0x11AD,
    0x110E, 0x116E, 0x11AE,
    0x110E, 0x116E, 0x11AF,
    0x110E, 0x116E, 0x11B0,
    0x110E, 0x116E, 0x11B1,
    0x110E, 0x116E, 0x11B2,
    0x110E, 0x116E, 0x11B3,
    0x110E, 0x116E, 0x11B4,
    0x110E, 0x116E, 0x11B5,
    0x110E, 0x116E, 0x11B6,
    0x110E, 0x116E, 0x11B7,
    0x110E, 0x116E, 0x11B8,
    0x110E, 0x116E, 0x11B9,
    0x110E, 0x116E, 0x11BA,
    0x110E, 0x116E, 0x11BB,
    0x110E, 0x116E, 0x11BC,
    0x110E, 0x116E, 0x11BD,
    0x110E, 0x116E, 0x11BE,
    0x110E, 0x116E, 0x11BF,
    0x110E, 0x116E, 0x11C0,
    0x110E, 0x116E, 0x11C1,
    0x110E, 0x116E, 0x11C2,
    0x110E, 0x116F, 0x110E,
    0x116F, 0x11A8, 0x110E,
    0x116F, 0x11A9, 0x110E,
    0x116F, 0x11AA, 0x110E,
    0x116F, 0x11AB, 0x110E,
    0x116F, 0x11AC, 0x110E,
    0x116F, 0x11AD, 0x110E,
    0x116F, 0x11AE, 0x110E,
    0x116F, 0x11AF, 0x110E,
    0x116F, 0x11B0, 0x110E,
    0x116F, 0x11B1, 0x110E,
    0x116F, 0x11B2, 0x110E,
    0x116F, 0x11B3, 0x110E,
    0x116F, 0x11B4, 0x110E,
    0x116F, 0x11B5, 0x110E,
    0x116F, 0x11B6, 0x110E,
    0x116F, 0x11B7, 0x110E,
    0x116F, 0x11B8, 0x110E,
    0x116F, 0x11B9, 0x110E,
    0x116F, 0x11BA, 0x110E,
    0x116F, 0x11BB, 0x110E,
    0x116F, 0x11BC, 0x110E,
    0x116F, 0x11BD, 0x110E,
    0x116F, 0x11BE, 0x110E,
    0x116F, 0x11BF, 0x110E,
    0x116F, 0x11C0, 0x110E,
    0x116F, 0x11C1, 0x110E,
    0x116F, 0x11C2, 0x110E,
    0x1170, 0x110E, 0x1170,
    0x11A8, 0x110E, 0x1170,
    0x11A9, 0x110E, 0x1170,
    0x11AA, 0x110E, 0x1170,
    0x11AB, 0x110E, 0x1170,
    0x11AC, 0x110E, 0x1170,
    0x11AD, 0x110E, 0x1170,
    0x11AE, 0x110E, 0x1170,
    0x11AF, 0x110E, 0x1170,
    0x11B0, 0x110E, 0x1170,
    0x11B1, 0x110E, 0x1170,
    0x11B2, 0x110E, 0x1170,
    0x11B3, 0x110E, 0x1170,
    0x11B4, 0x110E, 0x1170,
    0x11B5, 0x110E, 0x1170,
    0x11B6, 0x110E, 0x1170,
    0x11B7, 0x110E, 0x1170,
    0x11B8, 0x110E, 0x1170,
    0x11B9, 0x110E, 0x1170,
    0x11BA, 0x110E, 0x1170,
    0x11BB, 0x110E, 0x1170,
    0x11BC, 0x110E, 0x1170,
    0x11BD, 0x110E, 0x1170,
    0x11BE, 0x110E, 0x1170,
    0x11BF, 0x110E, 0x1170,
    0x11C0, 0x110E, 0x1170,
    0x11C1, 0x110E, 0x1170,
    0x11C2, 0x110E, 0x1171,
    0x110E, 0x1171, 0x11A8,
    0x110E, 0x1171, 0x11A9,
    0x110E, 0x1171, 0x11AA,
    0x110E, 0x1171, 0x11AB,
    0x110E, 0x1171, 0x11AC,
    0x110E, 0x1171, 0x11AD,
    0x110E, 0x1171, 0x11AE,
    0x110E, 0x1171, 0x11AF,
    0x110E, 0x1171, 0x11B0,
    0x110E, 0x1171, 0x11B1,
    0x110E, 0x1171, 0x11B2,
    0x110E, 0x1171, 0x11B3,
    0x110E, 0x1171, 0x11B4,
    0x110E, 0x1171, 0x11B5,
    0x110E, 0x1171, 0x11B6,
    0x110E, 0x1171, 0x11B7,
    0x110E, 0x1171, 0x11B8,
    0x110E, 0x1171, 0x11B9,
    0x110E, 0x1171, 0x11BA,
    0x110E, 0x1171, 0x11BB,
    0x110E, 0x1171, 0x11BC,
    0x110E, 0x1171, 0x11BD,
    0x110E, 0x1171, 0x11BE,
    0x110E, 0x1171, 0x11BF,
    0x110E, 0x1171, 0x11C0,
    0x110E, 0x1171, 0x11C1,
    0x110E, 0x1171, 0x11C2,
    0x110E, 0x1172, 0x110E,
    0x1172, 0x11A8, 0x110E,
    0x1172, 0x11A9, 0x110E,
    0x1172, 0x11AA, 0x110E,
    0x1172, 0x11AB, 0x110E,
    0x1172, 0x11AC, 0x110E,
    0x1172, 0x11AD, 0x110E,
    0x1172, 0x11AE, 0x110E,
    0x1172, 0x11AF, 0x110E,
    0x1172, 0x11B0, 0x110E,
    0x1172, 0x11B1, 0x110E,
    0x1172, 0x11B2, 0x110E,
    0x1172, 0x11B3, 0x110E,
    0x1172, 0x11B4, 0x110E,
    0x1172, 0x11B5, 0x110E,
    0x1172, 0x11B6, 0x110E,
    0x1172, 0x11B7, 0x110E,
    0x1172, 0x11B8, 0x110E,
    0x1172, 0x11B9, 0x110E,
    0x1172, 0x11BA, 0x110E,
    0x1172, 0x11BB, 0x110E,
    0x1172, 0x11BC, 0x110E,
    0x1172, 0x11BD, 0x110E,
    0x1172, 0x11BE, 0x110E,
    0x1172, 0x11BF, 0x110E,
    0x1172, 0x11C0, 0x110E,
    0x1172, 0x11C1, 0x110E,
    0x1172, 0x11C2, 0x110E,
    0x1173, 0x110E, 0x1173,
    0x11A8, 0x110E, 0x1173,
    0x11A9, 0x110E, 0x1173,
    0x11AA, 0x110E, 0x1173,
    0x11AB, 0x110E, 0x1173,
    0x11AC, 0x110E, 0x1173,
    0x11AD, 0x110E, 0x1173,
    0x11AE, 0x110E, 0x1173,
    0x11AF, 0x110E, 0x1173,
    0x11B0, 0x110E, 0x1173,
    0x11B1, 0x110E, 0x1173,
    0x11B2, 0x110E, 0x1173,
    0x11B3, 0x110E, 0x1173,
    0x11B4, 0x110E, 0x1173,
    0x11B5, 0x110E, 0x1173,
    0x11B6, 0x110E, 0x1173,
    0x11B7, 0x110E, 0x1173,
    0x11B8, 0x110E, 0x1173,
    0x11B9, 0x110E, 0x1173,
    0x11BA, 0x110E, 0x1173,
    0x11BB, 0x110E, 0x1173,
    0x11BC, 0x110E, 0x1173,
    0x11BD, 0x110E, 0x1173,
    0x11BE, 0x110E, 0x1173,
    0x11BF, 0x110E, 0x1173,
    0x11C0, 0x110E, 0x1173,
    0x11C1, 0x110E, 0x1173,
    0x11C2, 0x110E, 0x1174,
    0x110E, 0x1174, 0x11A8,
    0x110E, 0x1174, 0x11A9,
    0x110E, 0x1174, 0x11AA,
    0x110E, 0x1174, 0x11AB,
    0x110E, 0x1174, 0x11AC,
    0x110E, 0x1174, 0x11AD,
    0x110E, 0x1174, 0x11AE,
    0x110E, 0x1174, 0x11AF,
    0x110E, 0x1174, 0x11B0,
    0x110E, 0x1174, 0x11B1,
    0x110E, 0x1174, 0x11B2,
    0x110E, 0x1174, 0x11B3,
    0x110E, 0x1174, 0x11B4,
    0x110E, 0x1174, 0x11B5,
    0x110E, 0x1174, 0x11B6,
    0x110E, 0x1174, 0x11B7,
    0x110E, 0x1174, 0x11B8,
    0x110E, 0x1174, 0x11B9,
    0x110E, 0x1174, 0x11BA,
    0x110E, 0x1174, 0x11BB,
    0x110E, 0x1174, 0x11BC,
    0x110E, 0x1174, 0x11BD,
    0x110E, 0x1174, 0x11BE,
    0x110E, 0x1174, 0x11BF,
    0x110E, 0x1174, 0x11C0,
    0x110E, 0x1174, 0x11C1,
    0x110E, 0x1174, 0x11C2,
    0x110E, 0x1175, 0x110E,
    0x1175, 0x11A8, 0x110E,
    0x1175, 0x11A9, 0x110E,
    0x1175, 0x11AA, 0x110E,
    0x1175, 0x11AB, 0x110E,
    0x1175, 0x11AC, 0x110E,
    0x1175, 0x11AD, 0x110E,
    0x1175, 0x11AE, 0x110E,
    0x1175, 0x11AF, 0x110E,
    0x1175, 0x11B0, 0x110E,
    0x1175, 0x11B1, 0x110E,
    0x1175, 0x11B2, 0x110E,
    0x1175, 0x11B3, 0x110E,
    0x1175, 0x11B4, 0x110E,
    0x1175, 0x11B5, 0x110E,
    0x1175, 0x11B6, 0x110E,
    0x1175, 0x11B7, 0x110E,
    0x1175, 0x11B8, 0x110E,
    0x1175, 0x11B9, 0x110E,
    0x1175, 0x11BA, 0x110E,
    0x1175, 0x11BB, 0x110E,
    0x1175, 0x11BC, 0x110E,
    0x1175, 0x11BD, 0x110E,
    0x1175, 0x11BE, 0x110E,
    0x1175, 0x11BF, 0x110E,
    0x1175, 0x11C0, 0x110E,
    0x1175, 0x11C1, 0x110E,
    0x1175, 0x11C2, 0x110F,
    0x1161, 0x110F, 0x1161,
    0x11A8, 0x110F, 0x1161,
    0x11A9, 0x110F, 0x1161,
    0x11AA, 0x110F, 0x1161,
    0x11AB, 0x110F, 0x1161,
    0x11AC, 0x110F, 0x1161,
    0x11AD, 0x110F, 0x1161,
    0x11AE, 0x110F, 0x1161,
    0x11AF, 0x110F, 0x1161,
    0x11B0, 0x110F, 0x1161,
    0x11B1, 0x110F, 0x1161,
    0x11B2, 0x110F, 0x1161,
    0x11B3, 0x110F, 0x1161,
    0x11B4, 0x110F, 0x1161,
    0x11B5, 0x110F, 0x1161,
    0x11B6, 0x110F, 0x1161,
    0x11B7, 0x110F, 0x1161,
    0x11B8, 0x110F, 0x1161,
    0x11B9, 0x110F, 0x1161,
    0x11BA, 0x110F, 0x1161,
    0x11BB, 0x110F, 0x1161,
    0x11BC, 0x110F, 0x1161,
    0x11BD, 0x110F, 0x1161,
    0x11BE, 0x110F, 0x1161,
    0x11BF, 0x110F, 0x1161,
    0x11C0, 0x110F, 0x1161,
    0x11C1, 0x110F, 0x1161,
    0x11C2, 0x110F, 0x1162,
    0x110F, 0x1162, 0x11A8,
    0x110F, 0x1162, 0x11A9,
    0x110F, 0x1162, 0x11AA,
    0x110F, 0x1162, 0x11AB,
    0x110F, 0x1162, 0x11AC,
    0x110F, 0x1162, 0x11AD,
    0x110F, 0x1162, 0x11AE,
    0x110F, 0x1162, 0x11AF,
    0x110F, 0x1162, 0x11B0,
    0x110F, 0x1162, 0x11B1,
    0x110F, 0x1162, 0x11B2,
    0x110F, 0x1162, 0x11B3,
    0x110F, 0x1162, 0x11B4,
    0x110F, 0x1162, 0x11B5,
    0x110F, 0x1162, 0x11B6,
    0x110F, 0x1162, 0x11B7,
    0x110F, 0x1162, 0x11B8,
    0x110F, 0x1162, 0x11B9,
    0x110F, 0x1162, 0x11BA,
    0x110F, 0x1162, 0x11BB,
    0x110F, 0x1162, 0x11BC,
    0x110F, 0x1162, 0x11BD,
    0x110F, 0x1162, 0x11BE,
    0x110F, 0x1162, 0x11BF,
    0x110F, 0x1162, 0x11C0,
    0x110F, 0x1162, 0x11C1,
    0x110F, 0x1162, 0x11C2,
    0x110F, 0x1163, 0x110F,
    0x1163, 0x11A8, 0x110F,
    0x1163, 0x11A9, 0x110F,
    0x1163, 0x11AA, 0x110F,
    0x1163, 0x11AB, 0x110F,
    0x1163, 0x11AC, 0x110F,
    0x1163, 0x11AD, 0x110F,
    0x1163, 0x11AE, 0x110F,
    0x1163, 0x11AF, 0x110F,
    0x1163, 0x11B0, 0x110F,
    0x1163, 0x11B1, 0x110F,
    0x1163, 0x11B2, 0x110F,
    0x1163, 0x11B3, 0x110F,
    0x1163, 0x11B4, 0x110F,
    0x1163, 0x11B5, 0x110F,
    0x1163, 0x11B6, 0x110F,
    0x1163, 0x11B7, 0x110F,
    0x1163, 0x11B8, 0x110F,
    0x1163, 0x11B9, 0x110F,
    0x1163, 0x11BA, 0x110F,
    0x1163, 0x11BB, 0x110F,
    0x1163, 0x11BC, 0x110F,
    0x1163, 0x11BD, 0x110F,
    0x1163, 0x11BE, 0x110F,
    0x1163, 0x11BF, 0x110F,
    0x1163, 0x11C0, 0x110F,
    0x1163, 0x11C1, 0x110F,
    0x1163, 0x11C2, 0x110F,
    0x1164, 0x110F, 0x1164,
    0x11A8, 0x110F, 0x1164,
    0x11A9, 0x110F, 0x1164,
    0x11AA, 0x110F, 0x1164,
    0x11AB, 0x110F, 0x1164,
    0x11AC, 0x110F, 0x1164,
    0x11AD, 0x110F, 0x1164,
    0x11AE, 0x110F, 0x1164,
    0x11AF, 0x110F, 0x1164,
    0x11B0, 0x110F, 0x1164,
    0x11B1, 0x110F, 0x1164,
    0x11B2, 0x110F, 0x1164,
    0x11B3, 0x110F, 0x1164,
    0x11B4, 0x110F, 0x1164,
    0x11B5, 0x110F, 0x1164,
    0x11B6, 0x110F, 0x1164,
    0x11B7, 0x110F, 0x1164,
    0x11B8, 0x110F, 0x1164,
    0x11B9, 0x110F, 0x1164,
    0x11BA, 0x110F, 0x1164,
    0x11BB, 0x110F, 0x1164,
    0x11BC, 0x110F, 0x1164,
    0x11BD, 0x110F, 0x1164,
    0x11BE, 0x110F, 0x1164,
    0x11BF, 0x110F, 0x1164,
    0x11C0, 0x110F, 0x1164,
    0x11C1, 0x110F, 0x1164,
    0x11C2, 0x110F, 0x1165,
    0x110F, 0x1165, 0x11A8,
    0x110F, 0x1165, 0x11A9,
    0x110F, 0x1165, 0x11AA,
    0x110F, 0x1165, 0x11AB,
    0x110F, 0x1165, 0x11AC,
    0x110F, 0x1165, 0x11AD,
    0x110F, 0x1165, 0x11AE,
    0x110F, 0x1165, 0x11AF,
    0x110F, 0x1165, 0x11B0,
    0x110F, 0x1165, 0x11B1,
    0x110F, 0x1165, 0x11B2,
    0x110F, 0x1165, 0x11B3,
    0x110F, 0x1165, 0x11B4,
    0x110F, 0x1165, 0x11B5,
    0x110F, 0x1165, 0x11B6,
    0x110F, 0x1165, 0x11B7,
    0x110F, 0x1165, 0x11B8,
    0x110F, 0x1165, 0x11B9,
    0x110F, 0x1165, 0x11BA,
    0x110F, 0x1165, 0x11BB,
    0x110F, 0x1165, 0x11BC,
    0x110F, 0x1165, 0x11BD,
    0x110F, 0x1165, 0x11BE,
    0x110F, 0x1165, 0x11BF,
    0x110F, 0x1165, 0x11C0,
    0x110F, 0x1165, 0x11C1,
    0x110F, 0x1165, 0x11C2,
    0x110F, 0x1166, 0x110F,
    0x1166, 0x11A8, 0x110F,
    0x1166, 0x11A9, 0x110F,
    0x1166, 0x11AA, 0x110F,
    0x1166, 0x11AB, 0x110F,
    0x1166, 0x11AC, 0x110F,
    0x1166, 0x11AD, 0x110F,
    0x1166, 0x11AE, 0x110F,
    0x1166, 0x11AF, 0x110F,
    0x1166, 0x11B0, 0x110F,
    0x1166, 0x11B1, 0x110F,
    0x1166, 0x11B2, 0x110F,
    0x1166, 0x11B3, 0x110F,
    0x1166, 0x11B4, 0x110F,
    0x1166, 0x11B5, 0x110F,
    0x1166, 0x11B6, 0x110F,
    0x1166, 0x11B7, 0x110F,
    0x1166, 0x11B8, 0x110F,
    0x1166, 0x11B9, 0x110F,
    0x1166, 0x11BA, 0x110F,
    0x1166, 0x11BB, 0x110F,
    0x1166, 0x11BC, 0x110F,
    0x1166, 0x11BD, 0x110F,
    0x1166, 0x11BE, 0x110F,
    0x1166, 0x11BF, 0x110F,
    0x1166, 0x11C0, 0x110F,
    0x1166, 0x11C1, 0x110F,
    0x1166, 0x11C2, 0x110F,
    0x1167, 0x110F, 0x1167,
    0x11A8, 0x110F, 0x1167,
    0x11A9, 0x110F, 0x1167,
    0x11AA, 0x110F, 0x1167,
    0x11AB, 0x110F, 0x1167,
    0x11AC, 0x110F, 0x1167,
    0x11AD, 0x110F, 0x1167,
    0x11AE, 0x110F, 0x1167,
    0x11AF, 0x110F, 0x1167,
    0x11B0, 0x110F, 0x1167,
    0x11B1, 0x110F, 0x1167,
    0x11B2, 0x110F, 0x1167,
    0x11B3, 0x110F, 0x1167,
    0x11B4, 0x110F, 0x1167,
    0x11B5, 0x110F, 0x1167,
    0x11B6, 0x110F, 0x1167,
    0x11B7, 0x110F, 0x1167,
    0x11B8, 0x110F, 0x1167,
    0x11B9, 0x110F, 0x1167,
    0x11BA, 0x110F, 0x1167,
    0x11BB, 0x110F, 0x1167,
    0x11BC, 0x110F, 0x1167,
    0x11BD, 0x110F, 0x1167,
    0x11BE, 0x110F, 0x1167,
    0x11BF, 0x110F, 0x1167,
    0x11C0, 0x110F, 0x1167,
    0x11C1, 0x110F, 0x1167,
    0x11C2, 0x110F, 0x1168,
    0x110F, 0x1168, 0x11A8,
    0x110F, 0x1168, 0x11A9,
    0x110F, 0x1168, 0x11AA,
    0x110F, 0x1168, 0x11AB,
    0x110F, 0x1168, 0x11AC,
    0x110F, 0x1168, 0x11AD,
    0x110F, 0x1168, 0x11AE,
    0x110F, 0x1168, 0x11AF,
    0x110F, 0x1168, 0x11B0,
    0x110F, 0x1168, 0x11B1,
    0x110F, 0x1168, 0x11B2,
    0x110F, 0x1168, 0x11B3,
    0x110F, 0x1168, 0x11B4,
    0x110F, 0x1168, 0x11B5,
    0x110F, 0x1168, 0x11B6,
    0x110F, 0x1168, 0x11B7,
    0x110F, 0x1168, 0x11B8,
    0x110F, 0x1168, 0x11B9,
    0x110F, 0x1168, 0x11BA,
    0x110F, 0x1168, 0x11BB,
    0x110F, 0x1168, 0x11BC,
    0x110F, 0x1168, 0x11BD,
    0x110F, 0x1168, 0x11BE,
    0x110F, 0x1168, 0x11BF,
    0x110F, 0x1168, 0x11C0,
    0x110F, 0x1168, 0x11C1,
    0x110F, 0x1168, 0x11C2,
    0x110F, 0x1169, 0x110F,
    0x1169, 0x11A8, 0x110F,
    0x1169, 0x11A9, 0x110F,
    0x1169, 0x11AA, 0x110F,
    0x1169, 0x11AB, 0x110F,
    0x1169, 0x11AC, 0x110F,
    0x1169, 0x11AD, 0x110F,
    0x1169, 0x11AE, 0x110F,
    0x1169, 0x11AF, 0x110F,
    0x1169, 0x11B0, 0x110F,
    0x1169, 0x11B1, 0x110F,
    0x1169, 0x11B2, 0x110F,
    0x1169, 0x11B3, 0x110F,
    0x1169, 0x11B4, 0x110F,
    0x1169, 0x11B5, 0x110F,
    0x1169, 0x11B6, 0x110F,
    0x1169, 0x11B7, 0x110F,
    0x1169, 0x11B8, 0x110F,
    0x1169, 0x11B9, 0x110F,
    0x1169, 0x11BA, 0x110F,
    0x1169, 0x11BB, 0x110F,
    0x1169, 0x11BC, 0x110F,
    0x1169, 0x11BD, 0x110F,
    0x1169, 0x11BE, 0x110F,
    0x1169, 0x11BF, 0x110F,
    0x1169, 0x11C0, 0x110F,
    0x1169, 0x11C1, 0x110F,
    0x1169, 0x11C2, 0x110F,
    0x116A, 0x110F, 0x116A,
    0x11A8, 0x110F, 0x116A,
    0x11A9, 0x110F, 0x116A,
    0x11AA, 0x110F, 0x116A,
    0x11AB, 0x110F, 0x116A,
    0x11AC, 0x110F, 0x116A,
    0x11AD, 0x110F, 0x116A,
    0x11AE, 0x110F, 0x116A,
    0x11AF, 0x110F, 0x116A,
    0x11B0, 0x110F, 0x116A,
    0x11B1, 0x110F, 0x116A,
    0x11B2, 0x110F, 0x116A,
    0x11B3, 0x110F, 0x116A,
    0x11B4, 0x110F, 0x116A,
    0x11B5, 0x110F, 0x116A,
    0x11B6, 0x110F, 0x116A,
    0x11B7, 0x110F, 0x116A,
    0x11B8, 0x110F, 0x116A,
    0x11B9, 0x110F, 0x116A,
    0x11BA, 0x110F, 0x116A,
    0x11BB, 0x110F, 0x116A,
    0x11BC, 0x110F, 0x116A,
    0x11BD, 0x110F, 0x116A,
    0x11BE, 0x110F, 0x116A,
    0x11BF, 0x110F, 0x116A,
    0x11C0, 0x110F, 0x116A,
    0x11C1, 0x110F, 0x116A,
    0x11C2, 0x110F, 0x116B,
    0x110F, 0x116B, 0x11A8,
    0x110F, 0x116B, 0x11A9,
    0x110F, 0x116B, 0x11AA,
    0x110F, 0x116B, 0x11AB,
    0x110F, 0x116B, 0x11AC,
    0x110F, 0x116B, 0x11AD,
    0x110F, 0x116B, 0x11AE,
    0x110F, 0x116B, 0x11AF,
    0x110F, 0x116B, 0x11B0,
    0x110F, 0x116B, 0x11B1,
    0x110F, 0x116B, 0x11B2,
    0x110F, 0x116B, 0x11B3,
    0x110F, 0x116B, 0x11B4,
    0x110F, 0x116B, 0x11B5,
    0x110F, 0x116B, 0x11B6,
    0x110F, 0x116B, 0x11B7,
    0x110F, 0x116B, 0x11B8,
    0x110F, 0x116B, 0x11B9,
    0x110F, 0x116B, 0x11BA,
    0x110F, 0x116B, 0x11BB,
    0x110F, 0x116B, 0x11BC,
    0x110F, 0x116B, 0x11BD,
    0x110F, 0x116B, 0x11BE,
    0x110F, 0x116B, 0x11BF,
    0x110F, 0x116B, 0x11C0,
    0x110F, 0x116B, 0x11C1,
    0x110F, 0x116B, 0x11C2,
    0x110F, 0x116C, 0x110F,
    0x116C, 0x11A8, 0x110F,
    0x116C, 0x11A9, 0x110F,
    0x116C, 0x11AA, 0x110F,
    0x116C, 0x11AB, 0x110F,
    0x116C, 0x11AC, 0x110F,
    0x116C, 0x11AD, 0x110F,
    0x116C, 0x11AE, 0x110F,
    0x116C, 0x11AF, 0x110F,
    0x116C, 0x11B0, 0x110F,
    0x116C, 0x11B1, 0x110F,
    0x116C, 0x11B2, 0x110F,
    0x116C, 0x11B3, 0x110F,
    0x116C, 0x11B4, 0x110F,
    0x116C, 0x11B5, 0x110F,
    0x116C, 0x11B6, 0x110F,
    0x116C, 0x11B7, 0x110F,
    0x116C, 0x11B8, 0x110F,
    0x116C, 0x11B9, 0x110F,
    0x116C, 0x11BA, 0x110F,
    0x116C, 0x11BB, 0x110F,
    0x116C, 0x11BC, 0x110F,
    0x116C, 0x11BD, 0x110F,
    0x116C, 0x11BE, 0x110F,
    0x116C, 0x11BF, 0x110F,
    0x116C, 0x11C0, 0x110F,
    0x116C, 0x11C1, 0x110F,
    0x116C, 0x11C2, 0x110F,
    0x116D, 0x110F, 0x116D,
    0x11A8, 0x110F, 0x116D,
    0x11A9, 0x110F, 0x116D,
    0x11AA, 0x110F, 0x116D,
    0x11AB, 0x110F, 0x116D,
    0x11AC, 0x110F, 0x116D,
    0x11AD, 0x110F, 0x116D,
    0x11AE, 0x110F, 0x116D,
    0x11AF, 0x110F, 0x116D,
    0x11B0, 0x110F, 0x116D,
    0x11B1, 0x110F, 0x116D,
    0x11B2, 0x110F, 0x116D,
    0x11B3, 0x110F, 0x116D,
    0x11B4, 0x110F, 0x116D,
    0x11B5, 0x110F, 0x116D,
    0x11B6, 0x110F, 0x116D,
    0x11B7, 0x110F, 0x116D,
    0x11B8, 0x110F, 0x116D,
    0x11B9, 0x110F, 0x116D,
    0x11BA, 0x110F, 0x116D,
    0x11BB, 0x110F, 0x116D,
    0x11BC, 0x110F, 0x116D,
    0x11BD, 0x110F, 0x116D,
    0x11BE, 0x110F, 0x116D,
    0x11BF, 0x110F, 0x116D,
    0x11C0, 0x110F, 0x116D,
    0x11C1, 0x110F, 0x116D,
    0x11C2, 0x110F, 0x116E,
    0x110F, 0x116E, 0x11A8,
    0x110F, 0x116E, 0x11A9,
    0x110F, 0x116E, 0x11AA,
    0x110F, 0x116E, 0x11AB,
    0x110F, 0x116E, 0x11AC,
    0x110F, 0x116E, 0x11AD,
    0x110F, 0x116E, 0x11AE,
    0x110F, 0x116E, 0x11AF,
    0x110F, 0x116E, 0x11B0,
    0x110F, 0x116E, 0x11B1,
    0x110F, 0x116E, 0x11B2,
    0x110F, 0x116E, 0x11B3,
    0x110F, 0x116E, 0x11B4,
    0x110F, 0x116E, 0x11B5,
    0x110F, 0x116E, 0x11B6,
    0x110F, 0x116E, 0x11B7,
    0x110F, 0x116E, 0x11B8,
    0x110F, 0x116E, 0x11B9,
    0x110F, 0x116E, 0x11BA,
    0x110F, 0x116E, 0x11BB,
    0x110F, 0x116E, 0x11BC,
    0x110F, 0x116E, 0x11BD,
    0x110F, 0x116E, 0x11BE,
    0x110F, 0x116E, 0x11BF,
    0x110F, 0x116E, 0x11C0,
    0x110F, 0x116E, 0x11C1,
    0x110F, 0x116E, 0x11C2,
    0x110F, 0x116F, 0x110F,
    0x116F, 0x11A8, 0x110F,
    0x116F, 0x11A9, 0x110F,
    0x116F, 0x11AA, 0x110F,
    0x116F, 0x11AB, 0x110F,
    0x116F, 0x11AC, 0x110F,
    0x116F, 0x11AD, 0x110F,
    0x116F, 0x11AE, 0x110F,
    0x116F, 0x11AF, 0x110F,
    0x116F, 0x11B0, 0x110F,
    0x116F, 0x11B1, 0x110F,
    0x116F, 0x11B2, 0x110F,
    0x116F, 0x11B3, 0x110F,
    0x116F, 0x11B4, 0x110F,
    0x116F, 0x11B5, 0x110F,
    0x116F, 0x11B6, 0x110F,
    0x116F, 0x11B7, 0x110F,
    0x116F, 0x11B8, 0x110F,
    0x116F, 0x11B9, 0x110F,
    0x116F, 0x11BA, 0x110F,
    0x116F, 0x11BB, 0x110F,
    0x116F, 0x11BC, 0x110F,
    0x116F, 0x11BD, 0x110F,
    0x116F, 0x11BE, 0x110F,
    0x116F, 0x11BF, 0x110F,
    0x116F, 0x11C0, 0x110F,
    0x116F, 0x11C1, 0x110F,
    0x116F, 0x11C2, 0x110F,
    0x1170, 0x110F, 0x1170,
    0x11A8, 0x110F, 0x1170,
    0x11A9, 0x110F, 0x1170,
    0x11AA, 0x110F, 0x1170,
    0x11AB, 0x110F, 0x1170,
    0x11AC, 0x110F, 0x1170,
    0x11AD, 0x110F, 0x1170,
    0x11AE, 0x110F, 0x1170,
    0x11AF, 0x110F, 0x1170,
    0x11B0, 0x110F, 0x1170,
    0x11B1, 0x110F, 0x1170,
    0x11B2, 0x110F, 0x1170,
    0x11B3, 0x110F, 0x1170,
    0x11B4, 0x110F, 0x1170,
    0x11B5, 0x110F, 0x1170,
    0x11B6, 0x110F, 0x1170,
    0x11B7, 0x110F, 0x1170,
    0x11B8, 0x110F, 0x1170,
    0x11B9, 0x110F, 0x1170,
    0x11BA, 0x110F, 0x1170,
    0x11BB, 0x110F, 0x1170,
    0x11BC, 0x110F, 0x1170,
    0x11BD, 0x110F, 0x1170,
    0x11BE, 0x110F, 0x1170,
    0x11BF, 0x110F, 0x1170,
    0x11C0, 0x110F, 0x1170,
    0x11C1, 0x110F, 0x1170,
    0x11C2, 0x110F, 0x1171,
    0x110F, 0x1171, 0x11A8,
    0x110F, 0x1171, 0x11A9,
    0x110F, 0x1171, 0x11AA,
    0x110F, 0x1171, 0x11AB,
    0x110F, 0x1171, 0x11AC,
    0x110F, 0x1171, 0x11AD,
    0x110F, 0x1171, 0x11AE,
    0x110F, 0x1171, 0x11AF,
    0x110F, 0x1171, 0x11B0,
    0x110F, 0x1171, 0x11B1,
    0x110F, 0x1171, 0x11B2,
    0x110F, 0x1171, 0x11B3,
    0x110F, 0x1171, 0x11B4,
    0x110F, 0x1171, 0x11B5,
    0x110F, 0x1171, 0x11B6,
    0x110F, 0x1171, 0x11B7,
    0x110F, 0x1171, 0x11B8,
    0x110F, 0x1171, 0x11B9,
    0x110F, 0x1171, 0x11BA,
    0x110F, 0x1171, 0x11BB,
    0x110F, 0x1171, 0x11BC,
    0x110F, 0x1171, 0x11BD,
    0x110F, 0x1171, 0x11BE,
    0x110F, 0x1171, 0x11BF,
    0x110F, 0x1171, 0x11C0,
    0x110F, 0x1171, 0x11C1,
    0x110F, 0x1171, 0x11C2,
    0x110F, 0x1172, 0x110F,
    0x1172, 0x11A8, 0x110F,
    0x1172, 0x11A9, 0x110F,
    0x1172, 0x11AA, 0x110F,
    0x1172, 0x11AB, 0x110F,
    0x1172, 0x11AC, 0x110F,
    0x1172, 0x11AD, 0x110F,
    0x1172, 0x11AE, 0x110F,
    0x1172, 0x11AF, 0x110F,
    0x1172, 0x11B0, 0x110F,
    0x1172, 0x11B1, 0x110F,
    0x1172, 0x11B2, 0x110F,
    0x1172, 0x11B3, 0x110F,
    0x1172, 0x11B4, 0x110F,
    0x1172, 0x11B5, 0x110F,
    0x1172, 0x11B6, 0x110F,
    0x1172, 0x11B7, 0x110F,
    0x1172, 0x11B8, 0x110F,
    0x1172, 0x11B9, 0x110F,
    0x1172, 0x11BA, 0x110F,
    0x1172, 0x11BB, 0x110F,
    0x1172, 0x11BC, 0x110F,
    0x1172, 0x11BD, 0x110F,
    0x1172, 0x11BE, 0x110F,
    0x1172, 0x11BF, 0x110F,
    0x1172, 0x11C0, 0x110F,
    0x1172, 0x11C1, 0x110F,
    0x1172, 0x11C2, 0x110F,
    0x1173, 0x110F, 0x1173,
    0x11A8, 0x110F, 0x1173,
    0x11A9, 0x110F, 0x1173,
    0x11AA, 0x110F, 0x1173,
    0x11AB, 0x110F, 0x1173,
    0x11AC, 0x110F, 0x1173,
    0x11AD, 0x110F, 0x1173,
    0x11AE, 0x110F, 0x1173,
    0x11AF, 0x110F, 0x1173,
    0x11B0, 0x110F, 0x1173,
    0x11B1, 0x110F, 0x1173,
    0x11B2, 0x110F, 0x1173,
    0x11B3, 0x110F, 0x1173,
    0x11B4, 0x110F, 0x1173,
    0x11B5, 0x110F, 0x1173,
    0x11B6, 0x110F, 0x1173,
    0x11B7, 0x110F, 0x1173,
    0x11B8, 0x110F, 0x1173,
    0x11B9, 0x110F, 0x1173,
    0x11BA, 0x110F, 0x1173,
    0x11BB, 0x110F, 0x1173,
    0x11BC, 0x110F, 0x1173,
    0x11BD, 0x110F, 0x1173,
    0x11BE, 0x110F, 0x1173,
    0x11BF, 0x110F, 0x1173,
    0x11C0, 0x110F, 0x1173,
    0x11C1, 0x110F, 0x1173,
    0x11C2, 0x110F, 0x1174,
    0x110F, 0x1174, 0x11A8,
    0x110F, 0x1174, 0x11A9,
    0x110F, 0x1174, 0x11AA,
    0x110F, 0x1174, 0x11AB,
    0x110F, 0x1174, 0x11AC,
    0x110F, 0x1174, 0x11AD,
    0x110F, 0x1174, 0x11AE,
    0x110F, 0x1174, 0x11AF,
    0x110F, 0x1174, 0x11B0,
    0x110F, 0x1174, 0x11B1,
    0x110F, 0x1174, 0x11B2,
    0x110F, 0x1174, 0x11B3,
    0x110F, 0x1174, 0x11B4,
    0x110F, 0x1174, 0x11B5,
    0x110F, 0x1174, 0x11B6,
    0x110F, 0x1174, 0x11B7,
    0x110F, 0x1174, 0x11B8,
    0x110F, 0x1174, 0x11B9,
    0x110F, 0x1174, 0x11BA,
    0x110F, 0x1174, 0x11BB,
    0x110F, 0x1174, 0x11BC,
    0x110F, 0x1174, 0x11BD,
    0x110F, 0x1174, 0x11BE,
    0x110F, 0x1174, 0x11BF,
    0x110F, 0x1174, 0x11C0,
    0x110F, 0x1174, 0x11C1,
    0x110F, 0x1174, 0x11C2,
    0x110F, 0x1175, 0x110F,
    0x1175, 0x11A8, 0x110F,
    0x1175, 0x11A9, 0x110F,
    0x1175, 0x11AA, 0x110F,
    0x1175, 0x11AB, 0x110F,
    0x1175, 0x11AC, 0x110F,
    0x1175, 0x11AD, 0x110F,
    0x1175, 0x11AE, 0x110F,
    0x1175, 0x11AF, 0x110F,
    0x1175, 0x11B0, 0x110F,
    0x1175, 0x11B1, 0x110F,
    0x1175, 0x11B2, 0x110F,
    0x1175, 0x11B3, 0x110F,
    0x1175, 0x11B4, 0x110F,
    0x1175, 0x11B5, 0x110F,
    0x1175, 0x11B6, 0x110F,
    0x1175, 0x11B7, 0x110F,
    0x1175, 0x11B8, 0x110F,
    0x1175, 0x11B9, 0x110F,
    0x1175, 0x11BA, 0x110F,
    0x1175, 0x11BB, 0x110F,
    0x1175, 0x11BC, 0x110F,
    0x1175, 0x11BD, 0x110F,
    0x1175, 0x11BE, 0x110F,
    0x1175, 0x11BF, 0x110F,
    0x1175, 0x11C0, 0x110F,
    0x1175, 0x11C1, 0x110F,
    0x1175, 0x11C2, 0x1110,
    0x1161, 0x1110, 0x1161,
    0x11A8, 0x1110, 0x1161,
    0x11A9, 0x1110, 0x1161,
    0x11AA, 0x1110, 0x1161,
    0x11AB, 0x1110, 0x1161,
    0x11AC, 0x1110, 0x1161,
    0x11AD, 0x1110, 0x1161,
    0x11AE, 0x1110, 0x1161,
    0x11AF, 0x1110, 0x1161,
    0x11B0, 0x1110, 0x1161,
    0x11B1, 0x1110, 0x1161,
    0x11B2, 0x1110, 0x1161,
    0x11B3, 0x1110, 0x1161,
    0x11B4, 0x1110, 0x1161,
    0x11B5, 0x1110, 0x1161,
    0x11B6, 0x1110, 0x1161,
    0x11B7, 0x1110, 0x1161,
    0x11B8, 0x1110, 0x1161,
    0x11B9, 0x1110, 0x1161,
    0x11BA, 0x1110, 0x1161,
    0x11BB, 0x1110, 0x1161,
    0x11BC, 0x1110, 0x1161,
    0x11BD, 0x1110, 0x1161,
    0x11BE, 0x1110, 0x1161,
    0x11BF, 0x1110, 0x1161,
    0x11C0, 0x1110, 0x1161,
    0x11C1, 0x1110, 0x1161,
    0x11C2, 0x1110, 0x1162,
    0x1110, 0x1162, 0x11A8,
    0x1110, 0x1162, 0x11A9,
    0x1110, 0x1162, 0x11AA,
    0x1110, 0x1162, 0x11AB,
    0x1110, 0x1162, 0x11AC,
    0x1110, 0x1162, 0x11AD,
    0x1110, 0x1162, 0x11AE,
    0x1110, 0x1162, 0x11AF,
    0x1110, 0x1162, 0x11B0,
    0x1110, 0x1162, 0x11B1,
    0x1110, 0x1162, 0x11B2,
    0x1110, 0x1162, 0x11B3,
    0x1110, 0x1162, 0x11B4,
    0x1110, 0x1162, 0x11B5,
    0x1110, 0x1162, 0x11B6,
    0x1110, 0x1162, 0x11B7,
    0x1110, 0x1162, 0x11B8,
    0x1110, 0x1162, 0x11B9,
    0x1110, 0x1162, 0x11BA,
    0x1110, 0x1162, 0x11BB,
    0x1110, 0x1162, 0x11BC,
    0x1110, 0x1162, 0x11BD,
    0x1110, 0x1162, 0x11BE,
    0x1110, 0x1162, 0x11BF,
    0x1110, 0x1162, 0x11C0,
    0x1110, 0x1162, 0x11C1,
    0x1110, 0x1162, 0x11C2,
    0x1110, 0x1163, 0x1110,
    0x1163, 0x11A8, 0x1110,
    0x1163, 0x11A9, 0x1110,
    0x1163, 0x11AA, 0x1110,
    0x1163, 0x11AB, 0x1110,
    0x1163, 0x11AC, 0x1110,
    0x1163, 0x11AD, 0x1110,
    0x1163, 0x11AE, 0x1110,
    0x1163, 0x11AF, 0x1110,
    0x1163, 0x11B0, 0x1110,
    0x1163, 0x11B1, 0x1110,
    0x1163, 0x11B2, 0x1110,
    0x1163, 0x11B3, 0x1110,
    0x1163, 0x11B4, 0x1110,
    0x1163, 0x11B5, 0x1110,
    0x1163, 0x11B6, 0x1110,
    0x1163, 0x11B7, 0x1110,
    0x1163, 0x11B8, 0x1110,
    0x1163, 0x11B9, 0x1110,
    0x1163, 0x11BA, 0x1110,
    0x1163, 0x11BB, 0x1110,
    0x1163, 0x11BC, 0x1110,
    0x1163, 0x11BD, 0x1110,
    0x1163, 0x11BE, 0x1110,
    0x1163, 0x11BF, 0x1110,
    0x1163, 0x11C0, 0x1110,
    0x1163, 0x11C1, 0x1110,
    0x1163, 0x11C2, 0x1110,
    0x1164, 0x1110, 0x1164,
    0x11A8, 0x1110, 0x1164,
    0x11A9, 0x1110, 0x1164,
    0x11AA, 0x1110, 0x1164,
    0x11AB, 0x1110, 0x1164,
    0x11AC, 0x1110, 0x1164,
    0x11AD, 0x1110, 0x1164,
    0x11AE, 0x1110, 0x1164,
    0x11AF, 0x1110, 0x1164,
    0x11B0, 0x1110, 0x1164,
    0x11B1, 0x1110, 0x1164,
    0x11B2, 0x1110, 0x1164,
    0x11B3, 0x1110, 0x1164,
    0x11B4, 0x1110, 0x1164,
    0x11B5, 0x1110, 0x1164,
    0x11B6, 0x1110, 0x1164,
    0x11B7, 0x1110, 0x1164,
    0x11B8, 0x1110, 0x1164,
    0x11B9, 0x1110, 0x1164,
    0x11BA, 0x1110, 0x1164,
    0x11BB, 0x1110, 0x1164,
    0x11BC, 0x1110, 0x1164,
    0x11BD, 0x1110, 0x1164,
    0x11BE, 0x1110, 0x1164,
    0x11BF, 0x1110, 0x1164,
    0x11C0, 0x1110, 0x1164,
    0x11C1, 0x1110, 0x1164,
    0x11C2, 0x1110, 0x1165,
    0x1110, 0x1165, 0x11A8,
    0x1110, 0x1165, 0x11A9,
    0x1110, 0x1165, 0x11AA,
    0x1110, 0x1165, 0x11AB,
    0x1110, 0x1165, 0x11AC,
    0x1110, 0x1165, 0x11AD,
    0x1110, 0x1165, 0x11AE,
    0x1110, 0x1165, 0x11AF,
    0x1110, 0x1165, 0x11B0,
    0x1110, 0x1165, 0x11B1,
    0x1110, 0x1165, 0x11B2,
    0x1110, 0x1165, 0x11B3,
    0x1110, 0x1165, 0x11B4,
    0x1110, 0x1165, 0x11B5,
    0x1110, 0x1165, 0x11B6,
    0x1110, 0x1165, 0x11B7,
    0x1110, 0x1165, 0x11B8,
    0x1110, 0x1165, 0x11B9,
    0x1110, 0x1165, 0x11BA,
    0x1110, 0x1165, 0x11BB,
    0x1110, 0x1165, 0x11BC,
    0x1110, 0x1165, 0x11BD,
    0x1110, 0x1165, 0x11BE,
    0x1110, 0x1165, 0x11BF,
    0x1110, 0x1165, 0x11C0,
    0x1110, 0x1165, 0x11C1,
    0x1110, 0x1165, 0x11C2,
    0x1110, 0x1166, 0x1110,
    0x1166, 0x11A8, 0x1110,
    0x1166, 0x11A9, 0x1110,
    0x1166, 0x11AA, 0x1110,
    0x1166, 0x11AB, 0x1110,
    0x1166, 0x11AC, 0x1110,
    0x1166, 0x11AD, 0x1110,
    0x1166, 0x11AE, 0x1110,
    0x1166, 0x11AF, 0x1110,
    0x1166, 0x11B0, 0x1110,
    0x1166, 0x11B1, 0x1110,
    0x1166, 0x11B2, 0x1110,
    0x1166, 0x11B3, 0x1110,
    0x1166, 0x11B4, 0x1110,
    0x1166, 0x11B5, 0x1110,
    0x1166, 0x11B6, 0x1110,
    0x1166, 0x11B7, 0x1110,
    0x1166, 0x11B8, 0x1110,
    0x1166, 0x11B9, 0x1110,
    0x1166, 0x11BA, 0x1110,
    0x1166, 0x11BB, 0x1110,
    0x1166, 0x11BC, 0x1110,
    0x1166, 0x11BD, 0x1110,
    0x1166, 0x11BE, 0x1110,
    0x1166, 0x11BF, 0x1110,
    0x1166, 0x11C0, 0x1110,
    0x1166, 0x11C1, 0x1110,
    0x1166, 0x11C2, 0x1110,
    0x1167, 0x1110, 0x1167,
    0x11A8, 0x1110, 0x1167,
    0x11A9, 0x1110, 0x1167,
    0x11AA, 0x1110, 0x1167,
    0x11AB, 0x1110, 0x1167,
    0x11AC, 0x1110, 0x1167,
    0x11AD, 0x1110, 0x1167,
    0x11AE, 0x1110, 0x1167,
    0x11AF, 0x1110, 0x1167,
    0x11B0, 0x1110, 0x1167,
    0x11B1, 0x1110, 0x1167,
    0x11B2, 0x1110, 0x1167,
    0x11B3, 0x1110, 0x1167,
    0x11B4, 0x1110, 0x1167,
    0x11B5, 0x1110, 0x1167,
    0x11B6, 0x1110, 0x1167,
    0x11B7, 0x1110, 0x1167,
    0x11B8, 0x1110, 0x1167,
    0x11B9, 0x1110, 0x1167,
    0x11BA, 0x1110, 0x1167,
    0x11BB, 0x1110, 0x1167,
    0x11BC, 0x1110, 0x1167,
    0x11BD, 0x1110, 0x1167,
    0x11BE, 0x1110, 0x1167,
    0x11BF, 0x1110, 0x1167,
    0x11C0, 0x1110, 0x1167,
    0x11C1, 0x1110, 0x1167,
    0x11C2, 0x1110, 0x1168,
    0x1110, 0x1168, 0x11A8,
    0x1110, 0x1168, 0x11A9,
    0x1110, 0x1168, 0x11AA,
    0x1110, 0x1168, 0x11AB,
    0x1110, 0x1168, 0x11AC,
    0x1110, 0x1168, 0x11AD,
    0x1110, 0x1168, 0x11AE,
    0x1110, 0x1168, 0x11AF,
    0x1110, 0x1168, 0x11B0,
    0x1110, 0x1168, 0x11B1,
    0x1110, 0x1168, 0x11B2,
    0x1110, 0x1168, 0x11B3,
    0x1110, 0x1168, 0x11B4,
    0x1110, 0x1168, 0x11B5,
    0x1110, 0x1168, 0x11B6,
    0x1110, 0x1168, 0x11B7,
    0x1110, 0x1168, 0x11B8,
    0x1110, 0x1168, 0x11B9,
    0x1110, 0x1168, 0x11BA,
    0x1110, 0x1168, 0x11BB,
    0x1110, 0x1168, 0x11BC,
    0x1110, 0x1168, 0x11BD,
    0x1110, 0x1168, 0x11BE,
    0x1110, 0x1168, 0x11BF,
    0x1110, 0x1168, 0x11C0,
    0x1110, 0x1168, 0x11C1,
    0x1110, 0x1168, 0x11C2,
    0x1110, 0x1169, 0x1110,
    0x1169, 0x11A8, 0x1110,
    0x1169, 0x11A9, 0x1110,
    0x1169, 0x11AA, 0x1110,
    0x1169, 0x11AB, 0x1110,
    0x1169, 0x11AC, 0x1110,
    0x1169, 0x11AD, 0x1110,
    0x1169, 0x11AE, 0x1110,
    0x1169, 0x11AF, 0x1110,
    0x1169, 0x11B0, 0x1110,
    0x1169, 0x11B1, 0x1110,
    0x1169, 0x11B2, 0x1110,
    0x1169, 0x11B3, 0x1110,
    0x1169, 0x11B4, 0x1110,
    0x1169, 0x11B5, 0x1110,
    0x1169, 0x11B6, 0x1110,
    0x1169, 0x11B7, 0x1110,
    0x1169, 0x11B8, 0x1110,
    0x1169, 0x11B9, 0x1110,
    0x1169, 0x11BA, 0x1110,
    0x1169, 0x11BB, 0x1110,
    0x1169, 0x11BC, 0x1110,
    0x1169, 0x11BD, 0x1110,
    0x1169, 0x11BE, 0x1110,
    0x1169, 0x11BF, 0x1110,
    0x1169, 0x11C0, 0x1110,
    0x1169, 0x11C1, 0x1110,
    0x1169, 0x11C2, 0x1110,
    0x116A, 0x1110, 0x116A,
    0x11A8, 0x1110, 0x116A,
    0x11A9, 0x1110, 0x116A,
    0x11AA, 0x1110, 0x116A,
    0x11AB, 0x1110, 0x116A,
    0x11AC, 0x1110, 0x116A,
    0x11AD, 0x1110, 0x116A,
    0x11AE, 0x1110, 0x116A,
    0x11AF, 0x1110, 0x116A,
    0x11B0, 0x1110, 0x116A,
    0x11B1, 0x1110, 0x116A,
    0x11B2, 0x1110, 0x116A,
    0x11B3, 0x1110, 0x116A,
    0x11B4, 0x1110, 0x116A,
    0x11B5, 0x1110, 0x116A,
    0x11B6, 0x1110, 0x116A,
    0x11B7, 0x1110, 0x116A,
    0x11B8, 0x1110, 0x116A,
    0x11B9, 0x1110, 0x116A,
    0x11BA, 0x1110, 0x116A,
    0x11BB, 0x1110, 0x116A,
    0x11BC, 0x1110, 0x116A,
    0x11BD, 0x1110, 0x116A,
    0x11BE, 0x1110, 0x116A,
    0x11BF, 0x1110, 0x116A,
    0x11C0, 0x1110, 0x116A,
    0x11C1, 0x1110, 0x116A,
    0x11C2, 0x1110, 0x116B,
    0x1110, 0x116B, 0x11A8,
    0x1110, 0x116B, 0x11A9,
    0x1110, 0x116B, 0x11AA,
    0x1110, 0x116B, 0x11AB,
    0x1110, 0x116B, 0x11AC,
    0x1110, 0x116B, 0x11AD,
    0x1110, 0x116B, 0x11AE,
    0x1110, 0x116B, 0x11AF,
    0x1110, 0x116B, 0x11B0,
    0x1110, 0x116B, 0x11B1,
    0x1110, 0x116B, 0x11B2,
    0x1110, 0x116B, 0x11B3,
    0x1110, 0x116B, 0x11B4,
    0x1110, 0x116B, 0x11B5,
    0x1110, 0x116B, 0x11B6,
    0x1110, 0x116B, 0x11B7,
    0x1110, 0x116B, 0x11B8,
    0x1110, 0x116B, 0x11B9,
    0x1110, 0x116B, 0x11BA,
    0x1110, 0x116B, 0x11BB,
    0x1110, 0x116B, 0x11BC,
    0x1110, 0x116B, 0x11BD,
    0x1110, 0x116B, 0x11BE,
    0x1110, 0x116B, 0x11BF,
    0x1110, 0x116B, 0x11C0,
    0x1110, 0x116B, 0x11C1,
    0x1110, 0x116B, 0x11C2,
    0x1110, 0x116C, 0x1110,
    0x116C, 0x11A8, 0x1110,
    0x116C, 0x11A9, 0x1110,
    0x116C, 0x11AA, 0x1110,
    0x116C, 0x11AB, 0x1110,
    0x116C, 0x11AC, 0x1110,
    0x116C, 0x11AD, 0x1110,
    0x116C, 0x11AE, 0x1110,
    0x116C, 0x11AF, 0x1110,
    0x116C, 0x11B0, 0x1110,
    0x116C, 0x11B1, 0x1110,
    0x116C, 0x11B2, 0x1110,
    0x116C, 0x11B3, 0x1110,
    0x116C, 0x11B4, 0x1110,
    0x116C, 0x11B5, 0x1110,
    0x116C, 0x11B6, 0x1110,
    0x116C, 0x11B7, 0x1110,
    0x116C, 0x11B8, 0x1110,
    0x116C, 0x11B9, 0x1110,
    0x116C, 0x11BA, 0x1110,
    0x116C, 0x11BB, 0x1110,
    0x116C, 0x11BC, 0x1110,
    0x116C, 0x11BD, 0x1110,
    0x116C, 0x11BE, 0x1110,
    0x116C, 0x11BF, 0x1110,
    0x116C, 0x11C0, 0x1110,
    0x116C, 0x11C1, 0x1110,
    0x116C, 0x11C2, 0x1110,
    0x116D, 0x1110, 0x116D,
    0x11A8, 0x1110, 0x116D,
    0x11A9, 0x1110, 0x116D,
    0x11AA, 0x1110, 0x116D,
    0x11AB, 0x1110, 0x116D,
    0x11AC, 0x1110, 0x116D,
    0x11AD, 0x1110, 0x116D,
    0x11AE, 0x1110, 0x116D,
    0x11AF, 0x1110, 0x116D,
    0x11B0, 0x1110, 0x116D,
    0x11B1, 0x1110, 0x116D,
    0x11B2, 0x1110, 0x116D,
    0x11B3, 0x1110, 0x116D,
    0x11B4, 0x1110, 0x116D,
    0x11B5, 0x1110, 0x116D,
    0x11B6, 0x1110, 0x116D,
    0x11B7, 0x1110, 0x116D,
    0x11B8, 0x1110, 0x116D,
    0x11B9, 0x1110, 0x116D,
    0x11BA, 0x1110, 0x116D,
    0x11BB, 0x1110, 0x116D,
    0x11BC, 0x1110, 0x116D,
    0x11BD, 0x1110, 0x116D,
    0x11BE, 0x1110, 0x116D,
    0x11BF, 0x1110, 0x116D,
    0x11C0, 0x1110, 0x116D,
    0x11C1, 0x1110, 0x116D,
    0x11C2, 0x1110, 0x116E,
    0x1110, 0x116E, 0x11A8,
    0x1110, 0x116E, 0x11A9,
    0x1110, 0x116E, 0x11AA,
    0x1110, 0x116E, 0x11AB,
    0x1110, 0x116E, 0x11AC,
    0x1110, 0x116E, 0x11AD,
    0x1110, 0x116E, 0x11AE,
    0x1110, 0x116E, 0x11AF,
    0x1110, 0x116E, 0x11B0,
    0x1110, 0x116E, 0x11B1,
    0x1110, 0x116E, 0x11B2,
    0x1110, 0x116E, 0x11B3,
    0x1110, 0x116E, 0x11B4,
    0x1110, 0x116E, 0x11B5,
    0x1110, 0x116E, 0x11B6,
    0x1110, 0x116E, 0x11B7,
    0x1110, 0x116E, 0x11B8,
    0x1110, 0x116E, 0x11B9,
    0x1110, 0x116E, 0x11BA,
    0x1110, 0x116E, 0x11BB,
    0x1110, 0x116E, 0x11BC,
    0x1110, 0x116E, 0x11BD,
    0x1110, 0x116E, 0x11BE,
    0x1110, 0x116E, 0x11BF,
    0x1110, 0x116E, 0x11C0,
    0x1110, 0x116E, 0x11C1,
    0x1110, 0x116E, 0x11C2,
    0x1110, 0x116F, 0x1110,
    0x116F, 0x11A8, 0x1110,
    0x116F, 0x11A9, 0x1110,
    0x116F, 0x11AA, 0x1110,
    0x116F, 0x11AB, 0x1110,
    0x116F, 0x11AC, 0x1110,
    0x116F, 0x11AD, 0x1110,
    0x116F, 0x11AE, 0x1110,
    0x116F, 0x11AF, 0x1110,
    0x116F, 0x11B0, 0x1110,
    0x116F, 0x11B1, 0x1110,
    0x116F, 0x11B2, 0x1110,
    0x116F, 0x11B3, 0x1110,
    0x116F, 0x11B4, 0x1110,
    0x116F, 0x11B5, 0x1110,
    0x116F, 0x11B6, 0x1110,
    0x116F, 0x11B7, 0x1110,
    0x116F, 0x11B8, 0x1110,
    0x116F, 0x11B9, 0x1110,
    0x116F, 0x11BA, 0x1110,
    0x116F, 0x11BB, 0x1110,
    0x116F, 0x11BC, 0x1110,
    0x116F, 0x11BD, 0x1110,
    0x116F, 0x11BE, 0x1110,
    0x116F, 0x11BF, 0x1110,
    0x116F, 0x11C0, 0x1110,
    0x116F, 0x11C1, 0x1110,
    0x116F, 0x11C2, 0x1110,
    0x1170, 0x1110, 0x1170,
    0x11A8, 0x1110, 0x1170,
    0x11A9, 0x1110, 0x1170,
    0x11AA, 0x1110, 0x1170,
    0x11AB, 0x1110, 0x1170,
    0x11AC, 0x1110, 0x1170,
    0x11AD, 0x1110, 0x1170,
    0x11AE, 0x1110, 0x1170,
    0x11AF, 0x1110, 0x1170,
    0x11B0, 0x1110, 0x1170,
    0x11B1, 0x1110, 0x1170,
    0x11B2, 0x1110, 0x1170,
    0x11B3, 0x1110, 0x1170,
    0x11B4, 0x1110, 0x1170,
    0x11B5, 0x1110, 0x1170,
    0x11B6, 0x1110, 0x1170,
    0x11B7, 0x1110, 0x1170,
    0x11B8, 0x1110, 0x1170,
    0x11B9, 0x1110, 0x1170,
    0x11BA, 0x1110, 0x1170,
    0x11BB, 0x1110, 0x1170,
    0x11BC, 0x1110, 0x1170,
    0x11BD, 0x1110, 0x1170,
    0x11BE, 0x1110, 0x1170,
    0x11BF, 0x1110, 0x1170,
    0x11C0, 0x1110, 0x1170,
    0x11C1, 0x1110, 0x1170,
    0x11C2, 0x1110, 0x1171,
    0x1110, 0x1171, 0x11A8,
    0x1110, 0x1171, 0x11A9,
    0x1110, 0x1171, 0x11AA,
    0x1110, 0x1171, 0x11AB,
    0x1110, 0x1171, 0x11AC,
    0x1110, 0x1171, 0x11AD,
    0x1110, 0x1171, 0x11AE,
    0x1110, 0x1171, 0x11AF,
    0x1110, 0x1171, 0x11B0,
    0x1110, 0x1171, 0x11B1,
    0x1110, 0x1171, 0x11B2,
    0x1110, 0x1171, 0x11B3,
    0x1110, 0x1171, 0x11B4,
    0x1110, 0x1171, 0x11B5,
    0x1110, 0x1171, 0x11B6,
    0x1110, 0x1171, 0x11B7,
    0x1110, 0x1171, 0x11B8,
    0x1110, 0x1171, 0x11B9,
    0x1110, 0x1171, 0x11BA,
    0x1110, 0x1171, 0x11BB,
    0x1110, 0x1171, 0x11BC,
    0x1110, 0x1171, 0x11BD,
    0x1110, 0x1171, 0x11BE,
    0x1110, 0x1171, 0x11BF,
    0x1110, 0x1171, 0x11C0,
    0x1110, 0x1171, 0x11C1,
    0x1110, 0x1171, 0x11C2,
    0x1110, 0x1172, 0x1110,
    0x1172, 0x11A8, 0x1110,
    0x1172, 0x11A9, 0x1110,
    0x1172, 0x11AA, 0x1110,
    0x1172, 0x11AB, 0x1110,
    0x1172, 0x11AC, 0x1110,
    0x1172, 0x11AD, 0x1110,
    0x1172, 0x11AE, 0x1110,
    0x1172, 0x11AF, 0x1110,
    0x1172, 0x11B0, 0x1110,
    0x1172, 0x11B1, 0x1110,
    0x1172, 0x11B2, 0x1110,
    0x1172, 0x11B3, 0x1110,
    0x1172, 0x11B4, 0x1110,
    0x1172, 0x11B5, 0x1110,
    0x1172, 0x11B6, 0x1110,
    0x1172, 0x11B7, 0x1110,
    0x1172, 0x11B8, 0x1110,
    0x1172, 0x11B9, 0x1110,
    0x1172, 0x11BA, 0x1110,
    0x1172, 0x11BB, 0x1110,
    0x1172, 0x11BC, 0x1110,
    0x1172, 0x11BD, 0x1110,
    0x1172, 0x11BE, 0x1110,
    0x1172, 0x11BF, 0x1110,
    0x1172, 0x11C0, 0x1110,
    0x1172, 0x11C1, 0x1110,
    0x1172, 0x11C2, 0x1110,
    0x1173, 0x1110, 0x1173,
    0x11A8, 0x1110, 0x1173,
    0x11A9, 0x1110, 0x1173,
    0x11AA, 0x1110, 0x1173,
    0x11AB, 0x1110, 0x1173,
    0x11AC, 0x1110, 0x1173,
    0x11AD, 0x1110, 0x1173,
    0x11AE, 0x1110, 0x1173,
    0x11AF, 0x1110, 0x1173,
    0x11B0, 0x1110, 0x1173,
    0x11B1, 0x1110, 0x1173,
    0x11B2, 0x1110, 0x1173,
    0x11B3, 0x1110, 0x1173,
    0x11B4, 0x1110, 0x1173,
    0x11B5, 0x1110, 0x1173,
    0x11B6, 0x1110, 0x1173,
    0x11B7, 0x1110, 0x1173,
    0x11B8, 0x1110, 0x1173,
    0x11B9, 0x1110, 0x1173,
    0x11BA, 0x1110, 0x1173,
    0x11BB, 0x1110, 0x1173,
    0x11BC, 0x1110, 0x1173,
    0x11BD, 0x1110, 0x1173,
    0x11BE, 0x1110, 0x1173,
    0x11BF, 0x1110, 0x1173,
    0x11C0, 0x1110, 0x1173,
    0x11C1, 0x1110, 0x1173,
    0x11C2, 0x1110, 0x1174,
    0x1110, 0x1174, 0x11A8,
    0x1110, 0x1174, 0x11A9,
    0x1110, 0x1174, 0x11AA,
    0x1110, 0x1174, 0x11AB,
    0x1110, 0x1174, 0x11AC,
    0x1110, 0x1174, 0x11AD,
    0x1110, 0x1174, 0x11AE,
    0x1110, 0x1174, 0x11AF,
    0x1110, 0x1174, 0x11B0,
    0x1110, 0x1174, 0x11B1,
    0x1110, 0x1174, 0x11B2,
    0x1110, 0x1174, 0x11B3,
    0x1110, 0x1174, 0x11B4,
    0x1110, 0x1174, 0x11B5,
    0x1110, 0x1174, 0x11B6,
    0x1110, 0x1174, 0x11B7,
    0x1110, 0x1174, 0x11B8,
    0x1110, 0x1174, 0x11B9,
    0x1110, 0x1174, 0x11BA,
    0x1110, 0x1174, 0x11BB,
    0x1110, 0x1174, 0x11BC,
    0x1110, 0x1174, 0x11BD,
    0x1110, 0x1174, 0x11BE,
    0x1110, 0x1174, 0x11BF,
    0x1110, 0x1174, 0x11C0,
    0x1110, 0x1174, 0x11C1,
    0x1110, 0x1174, 0x11C2,
    0x1110, 0x1175, 0x1110,
    0x1175, 0x11A8, 0x1110,
    0x1175, 0x11A9, 0x1110,
    0x1175, 0x11AA, 0x1110,
    0x1175, 0x11AB, 0x1110,
    0x1175, 0x11AC, 0x1110,
    0x1175, 0x11AD, 0x1110,
    0x1175, 0x11AE, 0x1110,
    0x1175, 0x11AF, 0x1110,
    0x1175, 0x11B0, 0x1110,
    0x1175, 0x11B1, 0x1110,
    0x1175, 0x11B2, 0x1110,
    0x1175, 0x11B3, 0x1110,
    0x1175, 0x11B4, 0x1110,
    0x1175, 0x11B5, 0x1110,
    0x1175, 0x11B6, 0x1110,
    0x1175, 0x11B7, 0x1110,
    0x1175, 0x11B8, 0x1110,
    0x1175, 0x11B9, 0x1110,
    0x1175, 0x11BA, 0x1110,
    0x1175, 0x11BB, 0x1110,
    0x1175, 0x11BC, 0x1110,
    0x1175, 0x11BD, 0x1110,
    0x1175, 0x11BE, 0x1110,
    0x1175, 0x11BF, 0x1110,
    0x1175, 0x11C0, 0x1110,
    0x1175, 0x11C1, 0x1110,
    0x1175, 0x11C2, 0x1111,
    0x1161, 0x1111, 0x1161,
    0x11A8, 0x1111, 0x1161,
    0x11A9, 0x1111, 0x1161,
    0x11AA, 0x1111, 0x1161,
    0x11AB, 0x1111, 0x1161,
    0x11AC, 0x1111, 0x1161,
    0x11AD, 0x1111, 0x1161,
    0x11AE, 0x1111, 0x1161,
    0x11AF, 0x1111, 0x1161,
    0x11B0, 0x1111, 0x1161,
    0x11B1, 0x1111, 0x1161,
    0x11B2, 0x1111, 0x1161,
    0x11B3, 0x1111, 0x1161,
    0x11B4, 0x1111, 0x1161,
    0x11B5, 0x1111, 0x1161,
    0x11B6, 0x1111, 0x1161,
    0x11B7, 0x1111, 0x1161,
    0x11B8, 0x1111, 0x1161,
    0x11B9, 0x1111, 0x1161,
    0x11BA, 0x1111, 0x1161,
    0x11BB, 0x1111, 0x1161,
    0x11BC, 0x1111, 0x1161,
    0x11BD, 0x1111, 0x1161,
    0x11BE, 0x1111, 0x1161,
    0x11BF, 0x1111, 0x1161,
    0x11C0, 0x1111, 0x1161,
    0x11C1, 0x1111, 0x1161,
    0x11C2, 0x1111, 0x1162,
    0x1111, 0x1162, 0x11A8,
    0x1111, 0x1162, 0x11A9,
    0x1111, 0x1162, 0x11AA,
    0x1111, 0x1162, 0x11AB,
    0x1111, 0x1162, 0x11AC,
    0x1111, 0x1162, 0x11AD,
    0x1111, 0x1162, 0x11AE,
    0x1111, 0x1162, 0x11AF,
    0x1111, 0x1162, 0x11B0,
    0x1111, 0x1162, 0x11B1,
    0x1111, 0x1162, 0x11B2,
    0x1111, 0x1162, 0x11B3,
    0x1111, 0x1162, 0x11B4,
    0x1111, 0x1162, 0x11B5,
    0x1111, 0x1162, 0x11B6,
    0x1111, 0x1162, 0x11B7,
    0x1111, 0x1162, 0x11B8,
    0x1111, 0x1162, 0x11B9,
    0x1111, 0x1162, 0x11BA,
    0x1111, 0x1162, 0x11BB,
    0x1111, 0x1162, 0x11BC,
    0x1111, 0x1162, 0x11BD,
    0x1111, 0x1162, 0x11BE,
    0x1111, 0x1162, 0x11BF,
    0x1111, 0x1162, 0x11C0,
    0x1111, 0x1162, 0x11C1,
    0x1111, 0x1162, 0x11C2,
    0x1111, 0x1163, 0x1111,
    0x1163, 0x11A8, 0x1111,
    0x1163, 0x11A9, 0x1111,
    0x1163, 0x11AA, 0x1111,
    0x1163, 0x11AB, 0x1111,
    0x1163, 0x11AC, 0x1111,
    0x1163, 0x11AD, 0x1111,
    0x1163, 0x11AE, 0x1111,
    0x1163, 0x11AF, 0x1111,
    0x1163, 0x11B0, 0x1111,
    0x1163, 0x11B1, 0x1111,
    0x1163, 0x11B2, 0x1111,
    0x1163, 0x11B3, 0x1111,
    0x1163, 0x11B4, 0x1111,
    0x1163, 0x11B5, 0x1111,
    0x1163, 0x11B6, 0x1111,
    0x1163, 0x11B7, 0x1111,
    0x1163, 0x11B8, 0x1111,
    0x1163, 0x11B9, 0x1111,
    0x1163, 0x11BA, 0x1111,
    0x1163, 0x11BB, 0x1111,
    0x1163, 0x11BC, 0x1111,
    0x1163, 0x11BD, 0x1111,
    0x1163, 0x11BE, 0x1111,
    0x1163, 0x11BF, 0x1111,
    0x1163, 0x11C0, 0x1111,
    0x1163, 0x11C1, 0x1111,
    0x1163, 0x11C2, 0x1111,
    0x1164, 0x1111, 0x1164,
    0x11A8, 0x1111, 0x1164,
    0x11A9, 0x1111, 0x1164,
    0x11AA, 0x1111, 0x1164,
    0x11AB, 0x1111, 0x1164,
    0x11AC, 0x1111, 0x1164,
    0x11AD, 0x1111, 0x1164,
    0x11AE, 0x1111, 0x1164,
    0x11AF, 0x1111, 0x1164,
    0x11B0, 0x1111, 0x1164,
    0x11B1, 0x1111, 0x1164,
    0x11B2, 0x1111, 0x1164,
    0x11B3, 0x1111, 0x1164,
    0x11B4, 0x1111, 0x1164,
    0x11B5, 0x1111, 0x1164,
    0x11B6, 0x1111, 0x1164,
    0x11B7, 0x1111, 0x1164,
    0x11B8, 0x1111, 0x1164,
    0x11B9, 0x1111, 0x1164,
    0x11BA, 0x1111, 0x1164,
    0x11BB, 0x1111, 0x1164,
    0x11BC, 0x1111, 0x1164,
    0x11BD, 0x1111, 0x1164,
    0x11BE, 0x1111, 0x1164,
    0x11BF, 0x1111, 0x1164,
    0x11C0, 0x1111, 0x1164,
    0x11C1, 0x1111, 0x1164,
    0x11C2, 0x1111, 0x1165,
    0x1111, 0x1165, 0x11A8,
    0x1111, 0x1165, 0x11A9,
    0x1111, 0x1165, 0x11AA,
    0x1111, 0x1165, 0x11AB,
    0x1111, 0x1165, 0x11AC,
    0x1111, 0x1165, 0x11AD,
    0x1111, 0x1165, 0x11AE,
    0x1111, 0x1165, 0x11AF,
    0x1111, 0x1165, 0x11B0,
    0x1111, 0x1165, 0x11B1,
    0x1111, 0x1165, 0x11B2,
    0x1111, 0x1165, 0x11B3,
    0x1111, 0x1165, 0x11B4,
    0x1111, 0x1165, 0x11B5,
    0x1111, 0x1165, 0x11B6,
    0x1111, 0x1165, 0x11B7,
    0x1111, 0x1165, 0x11B8,
    0x1111, 0x1165, 0x11B9,
    0x1111, 0x1165, 0x11BA,
    0x1111, 0x1165, 0x11BB,
    0x1111, 0x1165, 0x11BC,
    0x1111, 0x1165, 0x11BD,
    0x1111, 0x1165, 0x11BE,
    0x1111, 0x1165, 0x11BF,
    0x1111, 0x1165, 0x11C0,
    0x1111, 0x1165, 0x11C1,
    0x1111, 0x1165, 0x11C2,
    0x1111, 0x1166, 0x1111,
    0x1166, 0x11A8, 0x1111,
    0x1166, 0x11A9, 0x1111,
    0x1166, 0x11AA, 0x1111,
    0x1166, 0x11AB, 0x1111,
    0x1166, 0x11AC, 0x1111,
    0x1166, 0x11AD, 0x1111,
    0x1166, 0x11AE, 0x1111,
    0x1166, 0x11AF, 0x1111,
    0x1166, 0x11B0, 0x1111,
    0x1166, 0x11B1, 0x1111,
    0x1166, 0x11B2, 0x1111,
    0x1166, 0x11B3, 0x1111,
    0x1166, 0x11B4, 0x1111,
    0x1166, 0x11B5, 0x1111,
    0x1166, 0x11B6, 0x1111,
    0x1166, 0x11B7, 0x1111,
    0x1166, 0x11B8, 0x1111,
    0x1166, 0x11B9, 0x1111,
    0x1166, 0x11BA, 0x1111,
    0x1166, 0x11BB, 0x1111,
    0x1166, 0x11BC, 0x1111,
    0x1166, 0x11BD, 0x1111,
    0x1166, 0x11BE, 0x1111,
    0x1166, 0x11BF, 0x1111,
    0x1166, 0x11C0, 0x1111,
    0x1166, 0x11C1, 0x1111,
    0x1166, 0x11C2, 0x1111,
    0x1167, 0x1111, 0x1167,
    0x11A8, 0x1111, 0x1167,
    0x11A9, 0x1111, 0x1167,
    0x11AA, 0x1111, 0x1167,
    0x11AB, 0x1111, 0x1167,
    0x11AC, 0x1111, 0x1167,
    0x11AD, 0x1111, 0x1167,
    0x11AE, 0x1111, 0x1167,
    0x11AF, 0x1111, 0x1167,
    0x11B0, 0x1111, 0x1167,
    0x11B1, 0x1111, 0x1167,
    0x11B2, 0x1111, 0x1167,
    0x11B3, 0x1111, 0x1167,
    0x11B4, 0x1111, 0x1167,
    0x11B5, 0x1111, 0x1167,
    0x11B6, 0x1111, 0x1167,
    0x11B7, 0x1111, 0x1167,
    0x11B8, 0x1111, 0x1167,
    0x11B9, 0x1111, 0x1167,
    0x11BA, 0x1111, 0x1167,
    0x11BB, 0x1111, 0x1167,
    0x11BC, 0x1111, 0x1167,
    0x11BD, 0x1111, 0x1167,
    0x11BE, 0x1111, 0x1167,
    0x11BF, 0x1111, 0x1167,
    0x11C0, 0x1111, 0x1167,
    0x11C1, 0x1111, 0x1167,
    0x11C2, 0x1111, 0x1168,
    0x1111, 0x1168, 0x11A8,
    0x1111, 0x1168, 0x11A9,
    0x1111, 0x1168, 0x11AA,
    0x1111, 0x1168, 0x11AB,
    0x1111, 0x1168, 0x11AC,
    0x1111, 0x1168, 0x11AD,
    0x1111, 0x1168, 0x11AE,
    0x1111, 0x1168, 0x11AF,
    0x1111, 0x1168, 0x11B0,
    0x1111, 0x1168, 0x11B1,
    0x1111, 0x1168, 0x11B2,
    0x1111, 0x1168, 0x11B3,
    0x1111, 0x1168, 0x11B4,
    0x1111, 0x1168, 0x11B5,
    0x1111, 0x1168, 0x11B6,
    0x1111, 0x1168, 0x11B7,
    0x1111, 0x1168, 0x11B8,
    0x1111, 0x1168, 0x11B9,
    0x1111, 0x1168, 0x11BA,
    0x1111, 0x1168, 0x11BB,
    0x1111, 0x1168, 0x11BC,
    0x1111, 0x1168, 0x11BD,
    0x1111, 0x1168, 0x11BE,
    0x1111, 0x1168, 0x11BF,
    0x1111, 0x1168, 0x11C0,
    0x1111, 0x1168, 0x11C1,
    0x1111, 0x1168, 0x11C2,
    0x1111, 0x1169, 0x1111,
    0x1169, 0x11A8, 0x1111,
    0x1169, 0x11A9, 0x1111,
    0x1169, 0x11AA, 0x1111,
    0x1169, 0x11AB, 0x1111,
    0x1169, 0x11AC, 0x1111,
    0x1169, 0x11AD, 0x1111,
    0x1169, 0x11AE, 0x1111,
    0x1169, 0x11AF, 0x1111,
    0x1169, 0x11B0, 0x1111,
    0x1169, 0x11B1, 0x1111,
    0x1169, 0x11B2, 0x1111,
    0x1169, 0x11B3, 0x1111,
    0x1169, 0x11B4, 0x1111,
    0x1169, 0x11B5, 0x1111,
    0x1169, 0x11B6, 0x1111,
    0x1169, 0x11B7, 0x1111,
    0x1169, 0x11B8, 0x1111,
    0x1169, 0x11B9, 0x1111,
    0x1169, 0x11BA, 0x1111,
    0x1169, 0x11BB, 0x1111,
    0x1169, 0x11BC, 0x1111,
    0x1169, 0x11BD, 0x1111,
    0x1169, 0x11BE, 0x1111,
    0x1169, 0x11BF, 0x1111,
    0x1169, 0x11C0, 0x1111,
    0x1169, 0x11C1, 0x1111,
    0x1169, 0x11C2, 0x1111,
    0x116A, 0x1111, 0x116A,
    0x11A8, 0x1111, 0x116A,
    0x11A9, 0x1111, 0x116A,
    0x11AA, 0x1111, 0x116A,
    0x11AB, 0x1111, 0x116A,
    0x11AC, 0x1111, 0x116A,
    0x11AD, 0x1111, 0x116A,
    0x11AE, 0x1111, 0x116A,
    0x11AF, 0x1111, 0x116A,
    0x11B0, 0x1111, 0x116A,
    0x11B1, 0x1111, 0x116A,
    0x11B2, 0x1111, 0x116A,
    0x11B3, 0x1111, 0x116A,
    0x11B4, 0x1111, 0x116A,
    0x11B5, 0x1111, 0x116A,
    0x11B6, 0x1111, 0x116A,
    0x11B7, 0x1111, 0x116A,
    0x11B8, 0x1111, 0x116A,
    0x11B9, 0x1111, 0x116A,
    0x11BA, 0x1111, 0x116A,
    0x11BB, 0x1111, 0x116A,
    0x11BC, 0x1111, 0x116A,
    0x11BD, 0x1111, 0x116A,
    0x11BE, 0x1111, 0x116A,
    0x11BF, 0x1111, 0x116A,
    0x11C0, 0x1111, 0x116A,
    0x11C1, 0x1111, 0x116A,
    0x11C2, 0x1111, 0x116B,
    0x1111, 0x116B, 0x11A8,
    0x1111, 0x116B, 0x11A9,
    0x1111, 0x116B, 0x11AA,
    0x1111, 0x116B, 0x11AB,
    0x1111, 0x116B, 0x11AC,
    0x1111, 0x116B, 0x11AD,
    0x1111, 0x116B, 0x11AE,
    0x1111, 0x116B, 0x11AF,
    0x1111, 0x116B, 0x11B0,
    0x1111, 0x116B, 0x11B1,
    0x1111, 0x116B, 0x11B2,
    0x1111, 0x116B, 0x11B3,
    0x1111, 0x116B, 0x11B4,
    0x1111, 0x116B, 0x11B5,
    0x1111, 0x116B, 0x11B6,
    0x1111, 0x116B, 0x11B7,
    0x1111, 0x116B, 0x11B8,
    0x1111, 0x116B, 0x11B9,
    0x1111, 0x116B, 0x11BA,
    0x1111, 0x116B, 0x11BB,
    0x1111, 0x116B, 0x11BC,
    0x1111, 0x116B, 0x11BD,
    0x1111, 0x116B, 0x11BE,
    0x1111, 0x116B, 0x11BF,
    0x1111, 0x116B, 0x11C0,
    0x1111, 0x116B, 0x11C1,
    0x1111, 0x116B, 0x11C2,
    0x1111, 0x116C, 0x1111,
    0x116C, 0x11A8, 0x1111,
    0x116C, 0x11A9, 0x1111,
    0x116C, 0x11AA, 0x1111,
    0x116C, 0x11AB, 0x1111,
    0x116C, 0x11AC, 0x1111,
    0x116C, 0x11AD, 0x1111,
    0x116C, 0x11AE, 0x1111,
    0x116C, 0x11AF, 0x1111,
    0x116C, 0x11B0, 0x1111,
    0x116C, 0x11B1, 0x1111,
    0x116C, 0x11B2, 0x1111,
    0x116C, 0x11B3, 0x1111,
    0x116C, 0x11B4, 0x1111,
    0x116C, 0x11B5, 0x1111,
    0x116C, 0x11B6, 0x1111,
    0x116C, 0x11B7, 0x1111,
    0x116C, 0x11B8, 0x1111,
    0x116C, 0x11B9, 0x1111,
    0x116C, 0x11BA, 0x1111,
    0x116C, 0x11BB, 0x1111,
    0x116C, 0x11BC, 0x1111,
    0x116C, 0x11BD, 0x1111,
    0x116C, 0x11BE, 0x1111,
    0x116C, 0x11BF, 0x1111,
    0x116C, 0x11C0, 0x1111,
    0x116C, 0x11C1, 0x1111,
    0x116C, 0x11C2, 0x1111,
    0x116D, 0x1111, 0x116D,
    0x11A8, 0x1111, 0x116D,
    0x11A9, 0x1111, 0x116D,
    0x11AA, 0x1111, 0x116D,
    0x11AB, 0x1111, 0x116D,
    0x11AC, 0x1111, 0x116D,
    0x11AD, 0x1111, 0x116D,
    0x11AE, 0x1111, 0x116D,
    0x11AF, 0x1111, 0x116D,
    0x11B0, 0x1111, 0x116D,
    0x11B1, 0x1111, 0x116D,
    0x11B2, 0x1111, 0x116D,
    0x11B3, 0x1111, 0x116D,
    0x11B4, 0x1111, 0x116D,
    0x11B5, 0x1111, 0x116D,
    0x11B6, 0x1111, 0x116D,
    0x11B7, 0x1111, 0x116D,
    0x11B8, 0x1111, 0x116D,
    0x11B9, 0x1111, 0x116D,
    0x11BA, 0x1111, 0x116D,
    0x11BB, 0x1111, 0x116D,
    0x11BC, 0x1111, 0x116D,
    0x11BD, 0x1111, 0x116D,
    0x11BE, 0x1111, 0x116D,
    0x11BF, 0x1111, 0x116D,
    0x11C0, 0x1111, 0x116D,
    0x11C1, 0x1111, 0x116D,
    0x11C2, 0x1111, 0x116E,
    0x1111, 0x116E, 0x11A8,
    0x1111, 0x116E, 0x11A9,
    0x1111, 0x116E, 0x11AA,
    0x1111, 0x116E, 0x11AB,
    0x1111, 0x116E, 0x11AC,
    0x1111, 0x116E, 0x11AD,
    0x1111, 0x116E, 0x11AE,
    0x1111, 0x116E, 0x11AF,
    0x1111, 0x116E, 0x11B0,
    0x1111, 0x116E, 0x11B1,
    0x1111, 0x116E, 0x11B2,
    0x1111, 0x116E, 0x11B3,
    0x1111, 0x116E, 0x11B4,
    0x1111, 0x116E, 0x11B5,
    0x1111, 0x116E, 0x11B6,
    0x1111, 0x116E, 0x11B7,
    0x1111, 0x116E, 0x11B8,
    0x1111, 0x116E, 0x11B9,
    0x1111, 0x116E, 0x11BA,
    0x1111, 0x116E, 0x11BB,
    0x1111, 0x116E, 0x11BC,
    0x1111, 0x116E, 0x11BD,
    0x1111, 0x116E, 0x11BE,
    0x1111, 0x116E, 0x11BF,
    0x1111, 0x116E, 0x11C0,
    0x1111, 0x116E, 0x11C1,
    0x1111, 0x116E, 0x11C2,
    0x1111, 0x116F, 0x1111,
    0x116F, 0x11A8, 0x1111,
    0x116F, 0x11A9, 0x1111,
    0x116F, 0x11AA, 0x1111,
    0x116F, 0x11AB, 0x1111,
    0x116F, 0x11AC, 0x1111,
    0x116F, 0x11AD, 0x1111,
    0x116F, 0x11AE, 0x1111,
    0x116F, 0x11AF, 0x1111,
    0x116F, 0x11B0, 0x1111,
    0x116F, 0x11B1, 0x1111,
    0x116F, 0x11B2, 0x1111,
    0x116F, 0x11B3, 0x1111,
    0x116F, 0x11B4, 0x1111,
    0x116F, 0x11B5, 0x1111,
    0x116F, 0x11B6, 0x1111,
    0x116F, 0x11B7, 0x1111,
    0x116F, 0x11B8, 0x1111,
    0x116F, 0x11B9, 0x1111,
    0x116F, 0x11BA, 0x1111,
    0x116F, 0x11BB, 0x1111,
    0x116F, 0x11BC, 0x1111,
    0x116F, 0x11BD, 0x1111,
    0x116F, 0x11BE, 0x1111,
    0x116F, 0x11BF, 0x1111,
    0x116F, 0x11C0, 0x1111,
    0x116F, 0x11C1, 0x1111,
    0x116F, 0x11C2, 0x1111,
    0x1170, 0x1111, 0x1170,
    0x11A8, 0x1111, 0x1170,
    0x11A9, 0x1111, 0x1170,
    0x11AA, 0x1111, 0x1170,
    0x11AB, 0x1111, 0x1170,
    0x11AC, 0x1111, 0x1170,
    0x11AD, 0x1111, 0x1170,
    0x11AE, 0x1111, 0x1170,
    0x11AF, 0x1111, 0x1170,
    0x11B0, 0x1111, 0x1170,
    0x11B1, 0x1111, 0x1170,
    0x11B2, 0x1111, 0x1170,
    0x11B3, 0x1111, 0x1170,
    0x11B4, 0x1111, 0x1170,
    0x11B5, 0x1111, 0x1170,
    0x11B6, 0x1111, 0x1170,
    0x11B7, 0x1111, 0x1170,
    0x11B8, 0x1111, 0x1170,
    0x11B9, 0x1111, 0x1170,
    0x11BA, 0x1111, 0x1170,
    0x11BB, 0x1111, 0x1170,
    0x11BC, 0x1111, 0x1170,
    0x11BD, 0x1111, 0x1170,
    0x11BE, 0x1111, 0x1170,
    0x11BF, 0x1111, 0x1170,
    0x11C0, 0x1111, 0x1170,
    0x11C1, 0x1111, 0x1170,
    0x11C2, 0x1111, 0x1171,
    0x1111, 0x1171, 0x11A8,
    0x1111, 0x1171, 0x11A9,
    0x1111, 0x1171, 0x11AA,
    0x1111, 0x1171, 0x11AB,
    0x1111, 0x1171, 0x11AC,
    0x1111, 0x1171, 0x11AD,
    0x1111, 0x1171, 0x11AE,
    0x1111, 0x1171, 0x11AF,
    0x1111, 0x1171, 0x11B0,
    0x1111, 0x1171, 0x11B1,
    0x1111, 0x1171, 0x11B2,
    0x1111, 0x1171, 0x11B3,
    0x1111, 0x1171, 0x11B4,
    0x1111, 0x1171, 0x11B5,
    0x1111, 0x1171, 0x11B6,
    0x1111, 0x1171, 0x11B7,
    0x1111, 0x1171, 0x11B8,
    0x1111, 0x1171, 0x11B9,
    0x1111, 0x1171, 0x11BA,
    0x1111, 0x1171, 0x11BB,
    0x1111, 0x1171, 0x11BC,
    0x1111, 0x1171, 0x11BD,
    0x1111, 0x1171, 0x11BE,
    0x1111, 0x1171, 0x11BF,
    0x1111, 0x1171, 0x11C0,
    0x1111, 0x1171, 0x11C1,
    0x1111, 0x1171, 0x11C2,
    0x1111, 0x1172, 0x1111,
    0x1172, 0x11A8, 0x1111,
    0x1172, 0x11A9, 0x1111,
    0x1172, 0x11AA, 0x1111,
    0x1172, 0x11AB, 0x1111,
    0x1172, 0x11AC, 0x1111,
    0x1172, 0x11AD, 0x1111,
    0x1172, 0x11AE, 0x1111,
    0x1172, 0x11AF, 0x1111,
    0x1172, 0x11B0, 0x1111,
    0x1172, 0x11B1, 0x1111,
    0x1172, 0x11B2, 0x1111,
    0x1172, 0x11B3, 0x1111,
    0x1172, 0x11B4, 0x1111,
    0x1172, 0x11B5, 0x1111,
    0x1172, 0x11B6, 0x1111,
    0x1172, 0x11B7, 0x1111,
    0x1172, 0x11B8, 0x1111,
    0x1172, 0x11B9, 0x1111,
    0x1172, 0x11BA, 0x1111,
    0x1172, 0x11BB, 0x1111,
    0x1172, 0x11BC, 0x1111,
    0x1172, 0x11BD, 0x1111,
    0x1172, 0x11BE, 0x1111,
    0x1172, 0x11BF, 0x1111,
    0x1172, 0x11C0, 0x1111,
    0x1172, 0x11C1, 0x1111,
    0x1172, 0x11C2, 0x1111,
    0x1173, 0x1111, 0x1173,
    0x11A8, 0x1111, 0x1173,
    0x11A9, 0x1111, 0x1173,
    0x11AA, 0x1111, 0x1173,
    0x11AB, 0x1111, 0x1173,
    0x11AC, 0x1111, 0x1173,
    0x11AD, 0x1111, 0x1173,
    0x11AE, 0x1111, 0x1173,
    0x11AF, 0x1111, 0x1173,
    0x11B0, 0x1111, 0x1173,
    0x11B1, 0x1111, 0x1173,
    0x11B2, 0x1111, 0x1173,
    0x11B3, 0x1111, 0x1173,
    0x11B4, 0x1111, 0x1173,
    0x11B5, 0x1111, 0x1173,
    0x11B6, 0x1111, 0x1173,
    0x11B7, 0x1111, 0x1173,
    0x11B8, 0x1111, 0x1173,
    0x11B9, 0x1111, 0x1173,
    0x11BA, 0x1111, 0x1173,
    0x11BB, 0x1111, 0x1173,
    0x11BC, 0x1111, 0x1173,
    0x11BD, 0x1111, 0x1173,
    0x11BE, 0x1111, 0x1173,
    0x11BF, 0x1111, 0x1173,
    0x11C0, 0x1111, 0x1173,
    0x11C1, 0x1111, 0x1173,
    0x11C2, 0x1111, 0x1174,
    0x1111, 0x1174, 0x11A8,
    0x1111, 0x1174, 0x11A9,
    0x1111, 0x1174, 0x11AA,
    0x1111, 0x1174, 0x11AB,
    0x1111, 0x1174, 0x11AC,
    0x1111, 0x1174, 0x11AD,
    0x1111, 0x1174, 0x11AE,
    0x1111, 0x1174, 0x11AF,
    0x1111, 0x1174, 0x11B0,
    0x1111, 0x1174, 0x11B1,
    0x1111, 0x1174, 0x11B2,
    0x1111, 0x1174, 0x11B3,
    0x1111, 0x1174, 0x11B4,
    0x1111, 0x1174, 0x11B5,
    0x1111, 0x1174, 0x11B6,
    0x1111, 0x1174, 0x11B7,
    0x1111, 0x1174, 0x11B8,
    0x1111, 0x1174, 0x11B9,
    0x1111, 0x1174, 0x11BA,
    0x1111, 0x1174, 0x11BB,
    0x1111, 0x1174, 0x11BC,
    0x1111, 0x1174, 0x11BD,
    0x1111, 0x1174, 0x11BE,
    0x1111, 0x1174, 0x11BF,
    0x1111, 0x1174, 0x11C0,
    0x1111, 0x1174, 0x11C1,
    0x1111, 0x1174, 0x11C2,
    0x1111, 0x1175, 0x1111,
    0x1175, 0x11A8, 0x1111,
    0x1175, 0x11A9, 0x1111,
    0x1175, 0x11AA, 0x1111,
    0x1175, 0x11AB, 0x1111,
    0x1175, 0x11AC, 0x1111,
    0x1175, 0x11AD, 0x1111,
    0x1175, 0x11AE, 0x1111,
    0x1175, 0x11AF, 0x1111,
    0x1175, 0x11B0, 0x1111,
    0x1175, 0x11B1, 0x1111,
    0x1175, 0x11B2, 0x1111,
    0x1175, 0x11B3, 0x1111,
    0x1175, 0x11B4, 0x1111,
    0x1175, 0x11B5, 0x1111,
    0x1175, 0x11B6, 0x1111,
    0x1175, 0x11B7, 0x1111,
    0x1175, 0x11B8, 0x1111,
    0x1175, 0x11B9, 0x1111,
    0x1175, 0x11BA, 0x1111,
    0x1175, 0x11BB, 0x1111,
    0x1175, 0x11BC, 0x1111,
    0x1175, 0x11BD, 0x1111,
    0x1175, 0x11BE, 0x1111,
    0x1175, 0x11BF, 0x1111,
    0x1175, 0x11C0, 0x1111,
    0x1175, 0x11C1, 0x1111,
    0x1175, 0x11C2, 0x1112,
    0x1161, 0x1112, 0x1161,
    0x11A8, 0x1112, 0x1161,
    0x11A9, 0x1112, 0x1161,
    0x11AA, 0x1112, 0x1161,
    0x11AB, 0x1112, 0x1161,
    0x11AC, 0x1112, 0x1161,
    0x11AD, 0x1112, 0x1161,
    0x11AE, 0x1112, 0x1161,
    0x11AF, 0x1112, 0x1161,
    0x11B0, 0x1112, 0x1161,
    0x11B1, 0x1112, 0x1161,
    0x11B2, 0x1112, 0x1161,
    0x11B3, 0x1112, 0x1161,
    0x11B4, 0x1112, 0x1161,
    0x11B5, 0x1112, 0x1161,
    0x11B6, 0x1112, 0x1161,
    0x11B7, 0x1112, 0x1161,
    0x11B8, 0x1112, 0x1161,
    0x11B9, 0x1112, 0x1161,
    0x11BA, 0x1112, 0x1161,
    0x11BB, 0x1112, 0x1161,
    0x11BC, 0x1112, 0x1161,
    0x11BD, 0x1112, 0x1161,
    0x11BE, 0x1112, 0x1161,
    0x11BF, 0x1112, 0x1161,
    0x11C0, 0x1112, 0x1161,
    0x11C1, 0x1112, 0x1161,
    0x11C2, 0x1112, 0x1162,
    0x1112, 0x1162, 0x11A8,
    0x1112, 0x1162, 0x11A9,
    0x1112, 0x1162, 0x11AA,
    0x1112, 0x1162, 0x11AB,
    0x1112, 0x1162, 0x11AC,
    0x1112, 0x1162, 0x11AD,
    0x1112, 0x1162, 0x11AE,
    0x1112, 0x1162, 0x11AF,
    0x1112, 0x1162, 0x11B0,
    0x1112, 0x1162, 0x11B1,
    0x1112, 0x1162, 0x11B2,
    0x1112, 0x1162, 0x11B3,
    0x1112, 0x1162, 0x11B4,
    0x1112, 0x1162, 0x11B5,
    0x1112, 0x1162, 0x11B6,
    0x1112, 0x1162, 0x11B7,
    0x1112, 0x1162, 0x11B8,
    0x1112, 0x1162, 0x11B9,
    0x1112, 0x1162, 0x11BA,
    0x1112, 0x1162, 0x11BB,
    0x1112, 0x1162, 0x11BC,
    0x1112, 0x1162, 0x11BD,
    0x1112, 0x1162, 0x11BE,
    0x1112, 0x1162, 0x11BF,
    0x1112, 0x1162, 0x11C0,
    0x1112, 0x1162, 0x11C1,
    0x1112, 0x1162, 0x11C2,
    0x1112, 0x1163, 0x1112,
    0x1163, 0x11A8, 0x1112,
    0x1163, 0x11A9, 0x1112,
    0x1163, 0x11AA, 0x1112,
    0x1163, 0x11AB, 0x1112,
    0x1163, 0x11AC, 0x1112,
    0x1163, 0x11AD, 0x1112,
    0x1163, 0x11AE, 0x1112,
    0x1163, 0x11AF, 0x1112,
    0x1163, 0x11B0, 0x1112,
    0x1163, 0x11B1, 0x1112,
    0x1163, 0x11B2, 0x1112,
    0x1163, 0x11B3, 0x1112,
    0x1163, 0x11B4, 0x1112,
    0x1163, 0x11B5, 0x1112,
    0x1163, 0x11B6, 0x1112,
    0x1163, 0x11B7, 0x1112,
    0x1163, 0x11B8, 0x1112,
    0x1163, 0x11B9, 0x1112,
    0x1163, 0x11BA, 0x1112,
    0x1163, 0x11BB, 0x1112,
    0x1163, 0x11BC, 0x1112,
    0x1163, 0x11BD, 0x1112,
    0x1163, 0x11BE, 0x1112,
    0x1163, 0x11BF, 0x1112,
    0x1163, 0x11C0, 0x1112,
    0x1163, 0x11C1, 0x1112,
    0x1163, 0x11C2, 0x1112,
    0x1164, 0x1112, 0x1164,
    0x11A8, 0x1112, 0x1164,
    0x11A9, 0x1112, 0x1164,
    0x11AA, 0x1112, 0x1164,
    0x11AB, 0x1112, 0x1164,
    0x11AC, 0x1112, 0x1164,
    0x11AD, 0x1112, 0x1164,
    0x11AE, 0x1112, 0x1164,
    0x11AF, 0x1112, 0x1164,
    0x11B0, 0x1112, 0x1164,
    0x11B1, 0x1112, 0x1164,
    0x11B2, 0x1112, 0x1164,
    0x11B3, 0x1112, 0x1164,
    0x11B4, 0x1112, 0x1164,
    0x11B5, 0x1112, 0x1164,
    0x11B6, 0x1112, 0x1164,
    0x11B7, 0x1112, 0x1164,
    0x11B8, 0x1112, 0x1164,
    0x11B9, 0x1112, 0x1164,
    0x11BA, 0x1112, 0x1164,
    0x11BB, 0x1112, 0x1164,
    0x11BC, 0x1112, 0x1164,
    0x11BD, 0x1112, 0x1164,
    0x11BE, 0x1112, 0x1164,
    0x11BF, 0x1112, 0x1164,
    0x11C0, 0x1112, 0x1164,
    0x11C1, 0x1112, 0x1164,
    0x11C2, 0x1112, 0x1165,
    0x1112, 0x1165, 0x11A8,
    0x1112, 0x1165, 0x11A9,
    0x1112, 0x1165, 0x11AA,
    0x1112, 0x1165, 0x11AB,
    0x1112, 0x1165, 0x11AC,
    0x1112, 0x1165, 0x11AD,
    0x1112, 0x1165, 0x11AE,
    0x1112, 0x1165, 0x11AF,
    0x1112, 0x1165, 0x11B0,
    0x1112, 0x1165, 0x11B1,
    0x1112, 0x1165, 0x11B2,
    0x1112, 0x1165, 0x11B3,
    0x1112, 0x1165, 0x11B4,
    0x1112, 0x1165, 0x11B5,
    0x1112, 0x1165, 0x11B6,
    0x1112, 0x1165, 0x11B7,
    0x1112, 0x1165, 0x11B8,
    0x1112, 0x1165, 0x11B9,
    0x1112, 0x1165, 0x11BA,
    0x1112, 0x1165, 0x11BB,
    0x1112, 0x1165, 0x11BC,
    0x1112, 0x1165, 0x11BD,
    0x1112, 0x1165, 0x11BE,
    0x1112, 0x1165, 0x11BF,
    0x1112, 0x1165, 0x11C0,
    0x1112, 0x1165, 0x11C1,
    0x1112, 0x1165, 0x11C2,
    0x1112, 0x1166, 0x1112,
    0x1166, 0x11A8, 0x1112,
    0x1166, 0x11A9, 0x1112,
    0x1166, 0x11AA, 0x1112,
    0x1166, 0x11AB, 0x1112,
    0x1166, 0x11AC, 0x1112,
    0x1166, 0x11AD, 0x1112,
    0x1166, 0x11AE, 0x1112,
    0x1166, 0x11AF, 0x1112,
    0x1166, 0x11B0, 0x1112,
    0x1166, 0x11B1, 0x1112,
    0x1166, 0x11B2, 0x1112,
    0x1166, 0x11B3, 0x1112,
    0x1166, 0x11B4, 0x1112,
    0x1166, 0x11B5, 0x1112,
    0x1166, 0x11B6, 0x1112,
    0x1166, 0x11B7, 0x1112,
    0x1166, 0x11B8, 0x1112,
    0x1166, 0x11B9, 0x1112,
    0x1166, 0x11BA, 0x1112,
    0x1166, 0x11BB, 0x1112,
    0x1166, 0x11BC, 0x1112,
    0x1166, 0x11BD, 0x1112,
    0x1166, 0x11BE, 0x1112,
    0x1166, 0x11BF, 0x1112,
    0x1166, 0x11C0, 0x1112,
    0x1166, 0x11C1, 0x1112,
    0x1166, 0x11C2, 0x1112,
    0x1167, 0x1112, 0x1167,
    0x11A8, 0x1112, 0x1167,
    0x11A9, 0x1112, 0x1167,
    0x11AA, 0x1112, 0x1167,
    0x11AB, 0x1112, 0x1167,
    0x11AC, 0x1112, 0x1167,
    0x11AD, 0x1112, 0x1167,
    0x11AE, 0x1112, 0x1167,
    0x11AF, 0x1112, 0x1167,
    0x11B0, 0x1112, 0x1167,
    0x11B1, 0x1112, 0x1167,
    0x11B2, 0x1112, 0x1167,
    0x11B3, 0x1112, 0x1167,
    0x11B4, 0x1112, 0x1167,
    0x11B5, 0x1112, 0x1167,
    0x11B6, 0x1112, 0x1167,
    0x11B7, 0x1112, 0x1167,
    0x11B8, 0x1112, 0x1167,
    0x11B9, 0x1112, 0x1167,
    0x11BA, 0x1112, 0x1167,
    0x11BB, 0x1112, 0x1167,
    0x11BC, 0x1112, 0x1167,
    0x11BD, 0x1112, 0x1167,
    0x11BE, 0x1112, 0x1167,
    0x11BF, 0x1112, 0x1167,
    0x11C0, 0x1112, 0x1167,
    0x11C1, 0x1112, 0x1167,
    0x11C2, 0x1112, 0x1168,
    0x1112, 0x1168, 0x11A8,
    0x1112, 0x1168, 0x11A9,
    0x1112, 0x1168, 0x11AA,
    0x1112, 0x1168, 0x11AB,
    0x1112, 0x1168, 0x11AC,
    0x1112, 0x1168, 0x11AD,
    0x1112, 0x1168, 0x11AE,
    0x1112, 0x1168, 0x11AF,
    0x1112, 0x1168, 0x11B0,
    0x1112, 0x1168, 0x11B1,
    0x1112, 0x1168, 0x11B2,
    0x1112, 0x1168, 0x11B3,
    0x1112, 0x1168, 0x11B4,
    0x1112, 0x1168, 0x11B5,
    0x1112, 0x1168, 0x11B6,
    0x1112, 0x1168, 0x11B7,
    0x1112, 0x1168, 0x11B8,
    0x1112, 0x1168, 0x11B9,
    0x1112, 0x1168, 0x11BA,
    0x1112, 0x1168, 0x11BB,
    0x1112, 0x1168, 0x11BC,
    0x1112, 0x1168, 0x11BD,
    0x1112, 0x1168, 0x11BE,
    0x1112, 0x1168, 0x11BF,
    0x1112, 0x1168, 0x11C0,
    0x1112, 0x1168, 0x11C1,
    0x1112, 0x1168, 0x11C2,
    0x1112, 0x1169, 0x1112,
    0x1169, 0x11A8, 0x1112,
    0x1169, 0x11A9, 0x1112,
    0x1169, 0x11AA, 0x1112,
    0x1169, 0x11AB, 0x1112,
    0x1169, 0x11AC, 0x1112,
    0x1169, 0x11AD, 0x1112,
    0x1169, 0x11AE, 0x1112,
    0x1169, 0x11AF, 0x1112,
    0x1169, 0x11B0, 0x1112,
    0x1169, 0x11B1, 0x1112,
    0x1169, 0x11B2, 0x1112,
    0x1169, 0x11B3, 0x1112,
    0x1169, 0x11B4, 0x1112,
    0x1169, 0x11B5, 0x1112,
    0x1169, 0x11B6, 0x1112,
    0x1169, 0x11B7, 0x1112,
    0x1169, 0x11B8, 0x1112,
    0x1169, 0x11B9, 0x1112,
    0x1169, 0x11BA, 0x1112,
    0x1169, 0x11BB, 0x1112,
    0x1169, 0x11BC, 0x1112,
    0x1169, 0x11BD, 0x1112,
    0x1169, 0x11BE, 0x1112,
    0x1169, 0x11BF, 0x1112,
    0x1169, 0x11C0, 0x1112,
    0x1169, 0x11C1, 0x1112,
    0x1169, 0x11C2, 0x1112,
    0x116A, 0x1112, 0x116A,
    0x11A8, 0x1112, 0x116A,
    0x11A9, 0x1112, 0x116A,
    0x11AA, 0x1112, 0x116A,
    0x11AB, 0x1112, 0x116A,
    0x11AC, 0x1112, 0x116A,
    0x11AD, 0x1112, 0x116A,
    0x11AE, 0x1112, 0x116A,
    0x11AF, 0x1112, 0x116A,
    0x11B0, 0x1112, 0x116A,
    0x11B1, 0x1112, 0x116A,
    0x11B2, 0x1112, 0x116A,
    0x11B3, 0x1112, 0x116A,
    0x11B4, 0x1112, 0x116A,
    0x11B5, 0x1112, 0x116A,
    0x11B6, 0x1112, 0x116A,
    0x11B7, 0x1112, 0x116A,
    0x11B8, 0x1112, 0x116A,
    0x11B9, 0x1112, 0x116A,
    0x11BA, 0x1112, 0x116A,
    0x11BB, 0x1112, 0x116A,
    0x11BC, 0x1112, 0x116A,
    0x11BD, 0x1112, 0x116A,
    0x11BE, 0x1112, 0x116A,
    0x11BF, 0x1112, 0x116A,
    0x11C0, 0x1112, 0x116A,
    0x11C1, 0x1112, 0x116A,
    0x11C2, 0x1112, 0x116B,
    0x1112, 0x116B, 0x11A8,
    0x1112, 0x116B, 0x11A9,
    0x1112, 0x116B, 0x11AA,
    0x1112, 0x116B, 0x11AB,
    0x1112, 0x116B, 0x11AC,
    0x1112, 0x116B, 0x11AD,
    0x1112, 0x116B, 0x11AE,
    0x1112, 0x116B, 0x11AF,
    0x1112, 0x116B, 0x11B0,
    0x1112, 0x116B, 0x11B1,
    0x1112, 0x116B, 0x11B2,
    0x1112, 0x116B, 0x11B3,
    0x1112, 0x116B, 0x11B4,
    0x1112, 0x116B, 0x11B5,
    0x1112, 0x116B, 0x11B6,
    0x1112, 0x116B, 0x11B7,
    0x1112, 0x116B, 0x11B8,
    0x1112, 0x116B, 0x11B9,
    0x1112, 0x116B, 0x11BA,
    0x1112, 0x116B, 0x11BB,
    0x1112, 0x116B, 0x11BC,
    0x1112, 0x116B, 0x11BD,
    0x1112, 0x116B, 0x11BE,
    0x1112, 0x116B, 0x11BF,
    0x1112, 0x116B, 0x11C0,
    0x1112, 0x116B, 0x11C1,
    0x1112, 0x116B, 0x11C2,
    0x1112, 0x116C, 0x1112,
    0x116C, 0x11A8, 0x1112,
    0x116C, 0x11A9, 0x1112,
    0x116C, 0x11AA, 0x1112,
    0x116C, 0x11AB, 0x1112,
    0x116C, 0x11AC, 0x1112,
    0x116C, 0x11AD, 0x1112,
    0x116C, 0x11AE, 0x1112,
    0x116C, 0x11AF, 0x1112,
    0x116C, 0x11B0, 0x1112,
    0x116C, 0x11B1, 0x1112,
    0x116C, 0x11B2, 0x1112,
    0x116C, 0x11B3, 0x1112,
    0x116C, 0x11B4, 0x1112,
    0x116C, 0x11B5, 0x1112,
    0x116C, 0x11B6, 0x1112,
    0x116C, 0x11B7, 0x1112,
    0x116C, 0x11B8, 0x1112,
    0x116C, 0x11B9, 0x1112,
    0x116C, 0x11BA, 0x1112,
    0x116C, 0x11BB, 0x1112,
    0x116C, 0x11BC, 0x1112,
    0x116C, 0x11BD, 0x1112,
    0x116C, 0x11BE, 0x1112,
    0x116C, 0x11BF, 0x1112,
    0x116C, 0x11C0, 0x1112,
    0x116C, 0x11C1, 0x1112,
    0x116C, 0x11C2, 0x1112,
    0x116D, 0x1112, 0x116D,
    0x11A8, 0x1112, 0x116D,
    0x11A9, 0x1112, 0x116D,
    0x11AA, 0x1112, 0x116D,
    0x11AB, 0x1112, 0x116D,
    0x11AC, 0x1112, 0x116D,
    0x11AD, 0x1112, 0x116D,
    0x11AE, 0x1112, 0x116D,
    0x11AF, 0x1112, 0x116D,
    0x11B0, 0x1112, 0x116D,
    0x11B1, 0x1112, 0x116D,
    0x11B2, 0x1112, 0x116D,
    0x11B3, 0x1112, 0x116D,
    0x11B4, 0x1112, 0x116D,
    0x11B5, 0x1112, 0x116D,
    0x11B6, 0x1112, 0x116D,
    0x11B7, 0x1112, 0x116D,
    0x11B8, 0x1112, 0x116D,
    0x11B9, 0x1112, 0x116D,
    0x11BA, 0x1112, 0x116D,
    0x11BB, 0x1112, 0x116D,
    0x11BC, 0x1112, 0x116D,
    0x11BD, 0x1112, 0x116D,
    0x11BE, 0x1112, 0x116D,
    0x11BF, 0x1112, 0x116D,
    0x11C0, 0x1112, 0x116D,
    0x11C1, 0x1112, 0x116D,
    0x11C2, 0x1112, 0x116E,
    0x1112, 0x116E, 0x11A8,
    0x1112, 0x116E, 0x11A9,
    0x1112, 0x116E, 0x11AA,
    0x1112, 0x116E, 0x11AB,
    0x1112, 0x116E, 0x11AC,
    0x1112, 0x116E, 0x11AD,
    0x1112, 0x116E, 0x11AE,
    0x1112, 0x116E, 0x11AF,
    0x1112, 0x116E, 0x11B0,
    0x1112, 0x116E, 0x11B1,
    0x1112, 0x116E, 0x11B2,
    0x1112, 0x116E, 0x11B3,
    0x1112, 0x116E, 0x11B4,
    0x1112, 0x116E, 0x11B5,
    0x1112, 0x116E, 0x11B6,
    0x1112, 0x116E, 0x11B7,
    0x1112, 0x116E, 0x11B8,
    0x1112, 0x116E, 0x11B9,
    0x1112, 0x116E, 0x11BA,
    0x1112, 0x116E, 0x11BB,
    0x1112, 0x116E, 0x11BC,
    0x1112, 0x116E, 0x11BD,
    0x1112, 0x116E, 0x11BE,
    0x1112, 0x116E, 0x11BF,
    0x1112, 0x116E, 0x11C0,
    0x1112, 0x116E, 0x11C1,
    0x1112, 0x116E, 0x11C2,
    0x1112, 0x116F, 0x1112,
    0x116F, 0x11A8, 0x1112,
    0x116F, 0x11A9, 0x1112,
    0x116F, 0x11AA, 0x1112,
    0x116F, 0x11AB, 0x1112,
    0x116F, 0x11AC, 0x1112,
    0x116F, 0x11AD, 0x1112,
    0x116F, 0x11AE, 0x1112,
    0x116F, 0x11AF, 0x1112,
    0x116F, 0x11B0, 0x1112,
    0x116F, 0x11B1, 0x1112,
    0x116F, 0x11B2, 0x1112,
    0x116F, 0x11B3, 0x1112,
    0x116F, 0x11B4, 0x1112,
    0x116F, 0x11B5, 0x1112,
    0x116F, 0x11B6, 0x1112,
    0x116F, 0x11B7, 0x1112,
    0x116F, 0x11B8, 0x1112,
    0x116F, 0x11B9, 0x1112,
    0x116F, 0x11BA, 0x1112,
    0x116F, 0x11BB, 0x1112,
    0x116F, 0x11BC, 0x1112,
    0x116F, 0x11BD, 0x1112,
    0x116F, 0x11BE, 0x1112,
    0x116F, 0x11BF, 0x1112,
    0x116F, 0x11C0, 0x1112,
    0x116F, 0x11C1, 0x1112,
    0x116F, 0x11C2, 0x1112,
    0x1170, 0x1112, 0x1170,
    0x11A8, 0x1112, 0x1170,
    0x11A9, 0x1112, 0x1170,
    0x11AA, 0x1112, 0x1170,
    0x11AB, 0x1112, 0x1170,
    0x11AC, 0x1112, 0x1170,
    0x11AD, 0x1112, 0x1170,
    0x11AE, 0x1112, 0x1170,
    0x11AF, 0x1112, 0x1170,
    0x11B0, 0x1112, 0x1170,
    0x11B1, 0x1112, 0x1170,
    0x11B2, 0x1112, 0x1170,
    0x11B3, 0x1112, 0x1170,
    0x11B4, 0x1112, 0x1170,
    0x11B5, 0x1112, 0x1170,
    0x11B6, 0x1112, 0x1170,
    0x11B7, 0x1112, 0x1170,
    0x11B8, 0x1112, 0x1170,
    0x11B9, 0x1112, 0x1170,
    0x11BA, 0x1112, 0x1170,
    0x11BB, 0x1112, 0x1170,
    0x11BC, 0x1112, 0x1170,
    0x11BD, 0x1112, 0x1170,
    0x11BE, 0x1112, 0x1170,
    0x11BF, 0x1112, 0x1170,
    0x11C0, 0x1112, 0x1170,
    0x11C1, 0x1112, 0x1170,
    0x11C2, 0x1112, 0x1171,
    0x1112, 0x1171, 0x11A8,
    0x1112, 0x1171, 0x11A9,
    0x1112, 0x1171, 0x11AA,
    0x1112, 0x1171, 0x11AB,
    0x1112, 0x1171, 0x11AC,
    0x1112, 0x1171, 0x11AD,
    0x1112, 0x1171, 0x11AE,
    0x1112, 0x1171, 0x11AF,
    0x1112, 0x1171, 0x11B0,
    0x1112, 0x1171, 0x11B1,
    0x1112, 0x1171, 0x11B2,
    0x1112, 0x1171, 0x11B3,
    0x1112, 0x1171, 0x11B4,
    0x1112, 0x1171, 0x11B5,
    0x1112, 0x1171, 0x11B6,
    0x1112, 0x1171, 0x11B7,
    0x1112, 0x1171, 0x11B8,
    0x1112, 0x1171, 0x11B9,
    0x1112, 0x1171, 0x11BA,
    0x1112, 0x1171, 0x11BB,
    0x1112, 0x1171, 0x11BC,
    0x1112, 0x1171, 0x11BD,
    0x1112, 0x1171, 0x11BE,
    0x1112, 0x1171, 0x11BF,
    0x1112, 0x1171, 0x11C0,
    0x1112, 0x1171, 0x11C1,
    0x1112, 0x1171, 0x11C2,
    0x1112, 0x1172, 0x1112,
    0x1172, 0x11A8, 0x1112,
    0x1172, 0x11A9, 0x1112,
    0x1172, 0x11AA, 0x1112,
    0x1172, 0x11AB, 0x1112,
    0x1172, 0x11AC, 0x1112,
    0x1172, 0x11AD, 0x1112,
    0x1172, 0x11AE, 0x1112,
    0x1172, 0x11AF, 0x1112,
    0x1172, 0x11B0, 0x1112,
    0x1172, 0x11B1, 0x1112,
    0x1172, 0x11B2, 0x1112,
    0x1172, 0x11B3, 0x1112,
    0x1172, 0x11B4, 0x1112,
    0x1172, 0x11B5, 0x1112,
    0x1172, 0x11B6, 0x1112,
    0x1172, 0x11B7, 0x1112,
    0x1172, 0x11B8, 0x1112,
    0x1172, 0x11B9, 0x1112,
    0x1172, 0x11BA, 0x1112,
    0x1172, 0x11BB, 0x1112,
    0x1172, 0x11BC, 0x1112,
    0x1172, 0x11BD, 0x1112,
    0x1172, 0x11BE, 0x1112,
    0x1172, 0x11BF, 0x1112,
    0x1172, 0x11C0, 0x1112,
    0x1172, 0x11C1, 0x1112,
    0x1172, 0x11C2, 0x1112,
    0x1173, 0x1112, 0x1173,
    0x11A8, 0x1112, 0x1173,
    0x11A9, 0x1112, 0x1173,
    0x11AA, 0x1112, 0x1173,
    0x11AB, 0x1112, 0x1173,
    0x11AC, 0x1112, 0x1173,
    0x11AD, 0x1112, 0x1173,
    0x11AE, 0x1112, 0x1173,
    0x11AF, 0x1112, 0x1173,
    0x11B0, 0x1112, 0x1173,
    0x11B1, 0x1112, 0x1173,
    0x11B2, 0x1112, 0x1173,
    0x11B3, 0x1112, 0x1173,
    0x11B4, 0x1112, 0x1173,
    0x11B5, 0x1112, 0x1173,
    0x11B6, 0x1112, 0x1173,
    0x11B7, 0x1112, 0x1173,
    0x11B8, 0x1112, 0x1173,
    0x11B9, 0x1112, 0x1173,
    0x11BA, 0x1112, 0x1173,
    0x11BB, 0x1112, 0x1173,
    0x11BC, 0x1112, 0x1173,
    0x11BD, 0x1112, 0x1173,
    0x11BE, 0x1112, 0x1173,
    0x11BF, 0x1112, 0x1173,
    0x11C0, 0x1112, 0x1173,
    0x11C1, 0x1112, 0x1173,
    0x11C2, 0x1112, 0x1174,
    0x1112, 0x1174, 0x11A8,
    0x1112, 0x1174, 0x11A9,
    0x1112, 0x1174, 0x11AA,
    0x1112, 0x1174, 0x11AB,
    0x1112, 0x1174, 0x11AC,
    0x1112, 0x1174, 0x11AD,
    0x1112, 0x1174, 0x11AE,
    0x1112, 0x1174, 0x11AF,
    0x1112, 0x1174, 0x11B0,
    0x1112, 0x1174, 0x11B1,
    0x1112, 0x1174, 0x11B2,
    0x1112, 0x1174, 0x11B3,
    0x1112, 0x1174, 0x11B4,
    0x1112, 0x1174, 0x11B5,
    0x1112, 0x1174, 0x11B6,
    0x1112, 0x1174, 0x11B7,
    0x1112, 0x1174, 0x11B8,
    0x1112, 0x1174, 0x11B9,
    0x1112, 0x1174, 0x11BA,
    0x1112, 0x1174, 0x11BB,
    0x1112, 0x1174, 0x11BC,
    0x1112, 0x1174, 0x11BD,
    0x1112, 0x1174, 0x11BE,
    0x1112, 0x1174, 0x11BF,
    0x1112, 0x1174, 0x11C0,
    0x1112, 0x1174, 0x11C1,
    0x1112, 0x1174, 0x11C2,
    0x1112, 0x1175, 0x1112,
    0x1175, 0x11A8, 0x1112,
    0x1175, 0x11A9, 0x1112,
    0x1175, 0x11AA, 0x1112,
    0x1175, 0x11AB, 0x1112,
    0x1175, 0x11AC, 0x1112,
    0x1175, 0x11AD, 0x1112,
    0x1175, 0x11AE, 0x1112,
    0x1175, 0x11AF, 0x1112,
    0x1175, 0x11B0, 0x1112,
    0x1175, 0x11B1, 0x1112,
    0x1175, 0x11B2, 0x1112,
    0x1175, 0x11B3, 0x1112,
    0x1175, 0x11B4, 0x1112,
    0x1175, 0x11B5, 0x1112,
    0x1175, 0x11B6, 0x1112,
    0x1175, 0x11B7, 0x1112,
    0x1175, 0x11B8, 0x1112,
    0x1175, 0x11B9, 0x1112,
    0x1175, 0x11BA, 0x1112,
    0x1175, 0x11BB, 0x1112,
    0x1175, 0x11BC, 0x1112,
    0x1175, 0x11BD, 0x1112,
    0x1175, 0x11BE, 0x1112,
    0x1175, 0x11BF, 0x1112,
    0x1175, 0x11C0, 0x1112,
    0x1175, 0x11C1, 0x1112,
    0x1175, 0x11C2, 0x8C48,
    0x66F4, 0x8ECA, 0x8CC8,
    0x6ED1, 0x4E32, 0x53E5,
    0x9F9C, 0x9F9C, 0x5951,
    0x91D1, 0x5587, 0x5948,
    0x61F6, 0x7669, 0x7F85,
    0x863F, 0x87BA, 0x88F8,
    0x908F, 0x6A02, 0x6D1B,
    0x70D9, 0x73DE, 0x843D,
    0x916A, 0x99F1, 0x4E82,
    0x5375, 0x6B04, 0x721B,
    0x862D, 0x9E1E, 0x5D50,
    0x6FEB, 0x85CD, 0x8964,
    0x62C9, 0x81D8, 0x881F,
    0x5ECA, 0x6717, 0x6D6A,
    0x72FC, 0x90CE, 0x4F86,
    0x51B7, 0x52DE, 0x64C4,
    0x6AD3, 0x7210, 0x76E7,
    0x8001, 0x8606, 0x865C,
    0x8DEF, 0x9732, 0x9B6F,
    0x9DFA, 0x788C, 0x797F,
    0x7DA0, 0x83C9, 0x9304,
    0x9E7F, 0x8AD6, 0x58DF,
    0x5F04, 0x7C60, 0x807E,
    0x7262, 0x78CA, 0x8CC2,
    0x96F7, 0x58D8, 0x5C62,
    0x6A13, 0x6DDA, 0x6F0F,
    0x7D2F, 0x7E37, 0x964B,
    0x52D2, 0x808B, 0x51DC,
    0x51CC, 0x7A1C, 0x7DBE,
    0x83F1, 0x9675, 0x8B80,
    0x62CF, 0x6A02, 0x8AFE,
    0x4E39, 0x5BE7, 0x6012,
    0x7387, 0x7570, 0x5317,
    0x78FB, 0x4FBF, 0x5FA9,
    0x4E0D, 0x6CCC, 0x6578,
    0x7D22, 0x53C3, 0x585E,
    0x7701, 0x8449, 0x8AAA,
    0x6BBA, 0x8FB0, 0x6C88,
    0x62FE, 0x82E5, 0x63A0,
    0x7565, 0x4EAE, 0x5169,
    0x51C9, 0x6881, 0x7CE7,
    0x826F, 0x8AD2, 0x91CF,
    0x52F5, 0x5442, 0x5973,
    0x5EEC, 0x65C5, 0x6FFE,
    0x792A, 0x95AD, 0x9A6A,
    0x9E97, 0x9ECE, 0x529B,
    0x66C6, 0x6B77, 0x8F62,
    0x5E74, 0x6190, 0x6200,
    0x649A, 0x6F23, 0x7149,
    0x7489, 0x79CA, 0x7DF4,
    0x806F, 0x8F26, 0x84EE,
    0x9023, 0x934A, 0x5217,
    0x52A3, 0x54BD, 0x70C8,
    0x88C2, 0x8AAA, 0x5EC9,
    0x5FF5, 0x637B, 0x6BAE,
    0x7C3E, 0x7375, 0x4EE4,
    0x56F9, 0x5BE7, 0x5DBA,
    0x601C, 0x73B2, 0x7469,
    0x7F9A, 0x8046, 0x9234,
    0x96F6, 0x9748, 0x9818,
    0x4F8B, 0x79AE, 0x91B4,
    0x96B8, 0x60E1, 0x4E86,
    0x50DA, 0x5BEE, 0x5C3F,
    0x6599, 0x6A02, 0x71CE,
    0x7642, 0x84FC, 0x907C,
    0x9F8D, 0x6688, 0x962E,
    0x5289, 0x677B, 0x67F3,
    0x6D41, 0x6E9C, 0x7409,
    0x7559, 0x786B, 0x7D10,
    0x985E, 0x516D, 0x622E,
    0x9678, 0x502B, 0x5D19,
    0x6DEA, 0x8F2A, 0x5F8B,
    0x6144, 0x6817, 0x7387,
    0x9686, 0x5229, 0x540F,
    0x5C65, 0x6613, 0x674E,
    0x68A8, 0x6CE5, 0x7406,
    0x75E2, 0x7F79, 0x88CF,
    0x88E1, 0x91CC, 0x96E2,
    0x533F, 0x6EBA, 0x541D,
    0x71D0, 0x7498, 0x85FA,
    0x96A3, 0x9C57, 0x9E9F,
    0x6797, 0x6DCB, 0x81E8,
    0x7ACB, 0x7B20, 0x7C92,
    0x72C0, 0x7099, 0x8B58,
    0x4EC0, 0x8336, 0x523A,
    0x5207, 0x5EA6, 0x62D3,
    0x7CD6, 0x5B85, 0x6D1E,
    0x66B4, 0x8F3B, 0x884C,
    0x964D, 0x898B, 0x5ED3,
    0x5140, 0x55C0, 0x585A,
    0x6674, 0x51DE, 0x732A,
    0x76CA, 0x793C, 0x795E,
    0x7965, 0x798F, 0x9756,
    0x7CBE, 0x7FBD, 0x8612,
    0x8AF8, 0x9038, 0x90FD,
    0x98EF, 0x98FC, 0x9928,
    0x9DB4, 0x90DE, 0x96B7,
    0x4FAE, 0x50E7, 0x514D,
    0x52C9, 0x52E4, 0x5351,
    0x559D, 0x5606, 0x5668,
    0x5840, 0x58A8, 0x5C64,
    0x5C6E, 0x6094, 0x6168,
    0x618E, 0x61F2, 0x654F,
    0x65E2, 0x6691, 0x6885,
    0x6D77, 0x6E1A, 0x6F22,
    0x716E, 0x722B, 0x7422,
    0x7891, 0x793E, 0x7949,
    0x7948, 0x7950, 0x7956,
    0x795D, 0x798D, 0x798E,
    0x7A40, 0x7A81, 0x7BC0,
    0x7DF4, 0x7E09, 0x7E41,
    0x7F72, 0x8005, 0x81ED,
    0x8279, 0x8279, 0x8457,
    0x8910, 0x8996, 0x8B01,
    0x8B39, 0x8CD3, 0x8D08,
    0x8FB6, 0x9038, 0x96E3,
    0x97FF, 0x983B, 0x6075,
    0x242EE, 0x8218, 0x4E26,
    0x51B5, 0x5168, 0x4F80,
    0x5145, 0x5180, 0x52C7,
    0x52FA, 0x559D, 0x5555,
    0x5599, 0x55E2, 0x585A,
    0x58B3, 0x5944, 0x5954,
    0x5A62, 0x5B28, 0x5ED2,
    0x5ED9, 0x5F69, 0x5FAD,
    0x60D8, 0x614E, 0x6108,
    0x618E, 0x6160, 0x61F2,
    0x6234, 0x63C4, 0x641C,
    0x6452, 0x6556, 0x6674,
    0x6717, 0x671B, 0x6756,
    0x6B79, 0x6BBA, 0x6D41,
    0x6EDB, 0x6ECB, 0x6F22,
    0x701E, 0x716E, 0x77A7,
    0x7235, 0x72AF, 0x732A,
    0x7471, 0x7506, 0x753B,
    0x761D, 0x761F, 0x76CA,
    0x76DB, 0x76F4, 0x774A,
    0x7740, 0x78CC, 0x7AB1,
    0x7BC0, 0x7C7B, 0x7D5B,
    0x7DF4, 0x7F3E, 0x8005,
    0x8352, 0x83EF, 0x8779,
    0x8941, 0x8986, 0x8996,
    0x8ABF, 0x8AF8, 0x8ACB,
    0x8B01, 0x8AFE, 0x8AED,
    0x8B39, 0x8B8A, 0x8D08,
    0x8F38, 0x9072, 0x9199,
    0x9276, 0x967C, 0x96E3,
    0x9756, 0x97DB, 0x97FF,
    0x980B, 0x983B, 0x9B12,
    0x9F9C, 0x2284A, 0x22844,
    0x233D5, 0x3B9D, 0x4018,
    0x4039, 0x25249, 0x25CD0,
    0x27ED3, 0x9F43, 0x9F8E,
    0x66, 0x66, 0x66,
    0x69, 0x66, 0x6C,
    0x66, 0x66, 0x69,
    0x66, 0x66, 0x6C,
    0x17F, 0x74, 0x73,
    0x74, 0x574, 0x576,
    0x574, 0x565, 0x574,
    0x56B, 0x57E, 0x576,
    0x574, 0x56D, 0x5D9,
    0x5B4, 0x5F2, 0x5B7,
    0x5E2, 0x5D0, 0x5D3,
    0x5D4, 0x5DB, 0x5DC,
    0x5DD, 0x5E8, 0x5EA,
    0x2B, 0x5E9, 0x5C1,
    0x5E9, 0x5C2, 0xFB49,
    0x5C1, 0xFB49, 0x5C2,
    0x5D0, 0x5B7, 0x5D0,
    0x5B8, 0x5D0, 0x5BC,
    0x5D1, 0x5BC, 0x5D2,
    0x5BC, 0x5D3, 0x5BC,
    0x5D4, 0x5BC, 0x5D5,
    0x5BC, 0x5D6, 0x5BC,
    0x5D8, 0x5BC, 0x5D9,
    0x5BC, 0x5DA, 0x5BC,
    0x5DB, 0x5BC, 0x5DC,
    0x5BC, 0x5DE, 0x5BC,
    0x5E0, 0x5BC, 0x5E1,
    0x5BC, 0x5E3, 0x5BC,
    0x5E4, 0x5BC, 0x5E6,
    0x5BC, 0x5E7, 0x5BC,
    0x5E8, 0x5BC, 0x5E9,
    0x5BC, 0x5EA, 0x5BC,
    0x5D5, 0x5B9, 0x5D1,
    0x5BF, 0x5DB, 0x5BF,
    0x5E4, 0x5BF, 0x5D0,
    0x5DC, 0x671, 0x671,
    0x67B, 0x67B, 0x67B,
    0x67B, 0x67E, 0x67E,
    0x67E, 0x67E, 0x680,
    0x680, 0x680, 0x680,
    0x67A, 0x67A, 0x67A,
    0x67A, 0x67F, 0x67F,
    0x67F, 0x67F, 0x679,
    0x679, 0x679, 0x679,
    0x6A4, 0x6A4, 0x6A4,
    0x6A4, 0x6A6, 0x6A6,
    0x6A6, 0x6A6, 0x684,
    0x684, 0x684, 0x684,
    0x683, 0x683, 0x683,
    0x683, 0x686, 0x686,
    0x686, 0x686, 0x687,
    0x687, 0x687, 0x687,
    0x68D, 0x68D, 0x68C,
    0x68C, 0x68E, 0x68E,
    0x688, 0x688, 0x698,
    0x698, 0x691, 0x691,
    0x6A9, 0x6A9, 0x6A9,
    0x6A9, 0x6AF, 0x6AF,
    0x6AF, 0x6AF, 0x6B3,
    0x6B3, 0x6B3, 0x6B3,
    0x6B1, 0x6B1, 0x6B1,
    0x6B1, 0x6BA, 0x6BA,
    0x6BB, 0x6BB, 0x6BB,
    0x6BB, 0x6C0, 0x6C0,
    0x6C1, 0x6C1, 0x6C1,
    0x6C1, 0x6BE, 0x6BE,
    0x6BE, 0x6BE, 0x6D2,
    0x6D2, 0x6D3, 0x6D3,
    0x6AD, 0x6AD, 0x6AD,
    0x6AD, 0x6C7, 0x6C7,
    0x6C6, 0x6C6, 0x6C8,
    0x6C8, 0x677, 0x6CB,
    0x6CB, 0x6C5, 0x6C5,
    0x6C9, 0x6C9, 0x6D0,
    0x6D0, 0x6D0, 0x6D0,
    0x649, 0x649, 0x626,
    0x627, 0x626, 0x627,
    0x626, 0x6D5, 0x626,
    0x6D5, 0x626, 0x648,
    0x626, 0x648, 0x626,
    0x6C7, 0x626, 0x6C7,
    0x626, 0x6C6, 0x626,
    0x6C6, 0x626, 0x6C8,
    0x626, 0x6C8, 0x626,
    0x6D0, 0x626, 0x6D0,
    0x626, 0x6D0, 0x626,
    0x649, 0x626, 0x649,
    0x626, 0x649, 0x6CC,
    0x6CC, 0x6CC, 0x6CC,
    0x626, 0x62C, 0x626,
    0x62D, 0x626, 0x645,
    0x626, 0x649, 0x626,
    0x64A, 0x628, 0x62C,
    0x628, 0x62D, 0x628,
    0x62E, 0x628, 0x645,
    0x628, 0x649, 0x628,
    0x64A, 0x62A, 0x62C,
    0x62A, 0x62D, 0x62A,
    0x62E, 0x62A, 0x645,
    0x62A, 0x649, 0x62A,
    0x64A, 0x62B, 0x62C,
    0x62B, 0x645, 0x62B,
    0x649, 0x62B, 0x64A,
    0x62C, 0x62D, 0x62C,
    0x645, 0x62D, 0x62C,
    0x62D, 0x645, 0x62E,
    0x62C, 0x62E, 0x62D,
    0x62E, 0x645, 0x633,
    0x62C, 0x633, 0x62D,
    0x633, 0x62E, 0x633,
    0x645, 0x635, 0x62D,
    0x635, 0x645, 0x636,
    0x62C, 0x636, 0x62D,
    0x636, 0x62E, 0x636,
    0x645, 0x637, 0x62D,
    0x637, 0x645, 0x638,
    0x645, 0x639, 0x62C,
    0x639, 0x645, 0x63A,
    0x62C, 0x63A, 0x645,
    0x641, 0x62C, 0x641,
    0x62D, 0x641, 0x62E,
    0x641, 0x645, 0x641,
    0x649, 0x641, 0x64A,
    0x642, 0x62D, 0x642,
    0x645, 0x642, 0x649,
    0x642, 0x64A, 0x643,
    0x627, 0x643, 0x62C,
    0x643, 0x62D, 0x643,
    0x62E, 0x643, 0x644,
    0x643, 0x645, 0x643,
    0x649, 0x643, 0x64A,
    0x644, 0x62C, 0x644,
    0x62D, 0x644, 0x62E,
    0x644, 0x645, 0x644,
    0x649, 0x644, 0x64A,
    0x645, 0x62C, 0x645,
    0x62D, 0x645, 0x62E,
    0x645, 0x645, 0x645,
    0x649, 0x645, 0x64A,
    0x646, 0x62C, 0x646,
    0x62D, 0x646, 0x62E,
    0x646, 0x645, 0x646,
    0x649, 0x646, 0x64A,
    0x647, 0x62C, 0x647,
    0x645, 0x647, 0x649,
    0x647, 0x64A, 0x64A,
    0x62C, 0x64A, 0x62D,
    0x64A, 0x62E, 0x64A,
    0x645, 0x64A, 0x649,
    0x64A, 0x64A, 0x630,
    0x670, 0x631, 0x670,
    0x649, 0x670, 0x20,
    0x64C, 0x651, 0x20,
    0x64D, 0x651, 0x20,
    0x64E, 0x651, 0x20,
    0x64F, 0x651, 0x20,
    0x650, 0x651, 0x20,
    0x651, 0x670, 0x626,
    0x631, 0x626, 0x632,
    0x626, 0x645, 0x626,
    0x646, 0x626, 0x649,
    0x626, 0x64A, 0x628,
    0x631, 0x628, 0x632,
    0x628, 0x645, 0x628,
    0x646, 0x628, 0x649,
    0x628, 0x64A, 0x62A,
    0x631, 0x62A, 0x632,
    0x62A, 0x645, 0x62A,
    0x646, 0x62A, 0x649,
    0x62A, 0x64A, 0x62B,
    0x631, 0x62B, 0x632,
    0x62B, 0x645, 0x62B,
    0x646, 0x62B, 0x649,
    0x62B, 0x64A, 0x641,
    0x649, 0x641, 0x64A,
    0x642, 0x649, 0x642,
    0x64A, 0x643, 0x627,
    0x643, 0x644, 0x643,
    0x645, 0x643, 0x649,
    0x643, 0x64A, 0x644,
    0x645, 0x644, 0x649,
    0x644, 0x64A, 0x645,
    0x627, 0x645, 0x645,
    0x646, 0x631, 0x646,
    0x632, 0x646, 0x645,
    0x646, 0x646, 0x646,
    0x649, 0x646, 0x64A,
    0x649, 0x670, 0x64A,
    0x631, 0x64A, 0x632,
    0x64A, 0x645, 0x64A,
    0x646, 0x64A, 0x649,
    0x64A, 0x64A, 0x626,
    0x62C, 0x626, 0x62D,
    0x626, 0x62E, 0x626,
    0x645, 0x626, 0x647,
    0x628, 0x62C, 0x628,
    0x62D, 0x628, 0x62E,
    0x628, 0x645, 0x628,
    0x647, 0x62A, 0x62C,
    0x62A, 0x62D, 0x62A,
    0x62E, 0x62A, 0x645,
    0x62A, 0x647, 0x62B,
    0x645, 0x62C, 0x62D,
    0x62C, 0x645, 0x62D,
    0x62C, 0x62D, 0x645,
    0x62E, 0x62C, 0x62E,
    0x645, 0x633, 0x62C,
    0x633, 0x62D, 0x633,
    0x62E, 0x633, 0x645,
    0x635, 0x62D, 0x635,
    0x62E, 0x635, 0x645,
    0x636, 0x62C, 0x636,
    0x62D, 0x636, 0x62E,
    0x636, 0x645, 0x637,
    0x62D, 0x638, 0x645,
    0x639, 0x62C, 0x639,
    0x645, 0x63A, 0x62C,
    0x63A, 0x645, 0x641,
    0x62C, 0x641, 0x62D,
    0x641, 0x62E, 0x641,
    0x645, 0x642, 0x62D,
    0x642, 0x645, 0x643,
    0x62C, 0x643, 0x62D,
    0x643, 0x62E, 0x643,
    0x644, 0x643, 0x645,
    0x644, 0x62C, 0x644,
    0x62D, 0x644, 0x62E,
    0x644, 0x645, 0x644,
    0x647, 0x645, 0x62C,
    0x645, 0x62D, 0x645,
    0x62E, 0x645, 0x645,
    0x646, 0x62C, 0x646,
    0x62D, 0x646, 0x62E,
    0x646, 0x645, 0x646,
    0x647, 0x647, 0x62C,
    0x647, 0x645, 0x647,
    0x670, 0x64A, 0x62C,
    0x64A, 0x62D, 0x64A,
    0x62E, 0x64A, 0x645,
    0x64A, 0x647, 0x626,
    0x645, 0x626, 0x647,
    0x628, 0x645, 0x628,
    0x647, 0x62A, 0x645,
    0x62A, 0x647, 0x62B,
    0x645, 0x62B, 0x647,
    0x633, 0x645, 0x633,
    0x647, 0x634, 0x645,
    0x634, 0x647, 0x643,
    0x644, 0x643, 0x645,
    0x644, 0x645, 0x646,
    0x645, 0x646, 0x647,
    0x64A, 0x645, 0x64A,
    0x647, 0x640, 0x64E,
    0x651, 0x640, 0x64F,
    0x651, 0x640, 0x650,
    0x651, 0x637, 0x649,
    0x637, 0x64A, 0x639,
    0x649, 0x639, 0x64A,
    0x63A, 0x649, 0x63A,
    0x64A, 0x633, 0x649,
    0x633, 0x64A, 0x634,
    0x649, 0x634, 0x64A,
    0x62D, 0x649, 0x62D,
    0x64A, 0x62C, 0x649,
    0x62C, 0x64A, 0x62E,
    0x649, 0x62E, 0x64A,
    0x635, 0x649, 0x635,
    0x64A, 0x636, 0x649,
    0x636, 0x64A, 0x634,
    0x62C, 0x634, 0x62D,
    0x634, 0x62E, 0x634,
    0x645, 0x634, 0x631,
    0x633, 0x631, 0x635,
    0x631, 0x636, 0x631,
    0x637, 0x649, 0x637,
    0x64A, 0x639, 0x649,
    0x639, 0x64A, 0x63A,
    0x649, 0x63A, 0x64A,
    0x633, 0x649, 0x633,
    0x64A, 0x634, 0x649,
    0x634, 0x64A, 0x62D,
    0x649, 0x62D, 0x64A,
    0x62C, 0x649, 0x62C,
    0x64A, 0x62E, 0x649,
    0x62E, 0x64A, 0x635,
    0x649, 0x635, 0x64A,
    0x636, 0x649, 0x636,
    0x64A, 0x634, 0x62C,
    0x634, 0x62D, 0x634,
    0x62E, 0x634, 0x645,
    0x634, 0x631, 0x633,
    0x631, 0x635, 0x631,
    0x636, 0x631, 0x634,
    0x62C, 0x634, 0x62D,
    0x634, 0x62E, 0x634,
    0x645, 0x633, 0x647,
    0x634, 0x647, 0x637,
    0x645, 0x633, 0x62C,
    0x633, 0x62D, 0x633,
    0x62E, 0x634, 0x62C,
    0x634, 0x62D, 0x634,
    0x62E, 0x637, 0x645,
    0x638, 0x645, 0x627,
    0x64B, 0x627, 0x64B,
    0x62A, 0x62C, 0x645,
    0x62A, 0x62D, 0x62C,
    0x62A, 0x62D, 0x62C,
    0x62A, 0x62D, 0x645,
    0x62A, 0x62E, 0x645,
    0x62A, 0x645, 0x62C,
    0x62A, 0x645, 0x62D,
    0x62A, 0x645, 0x62E,
    0x62C, 0x645, 0x62D,
    0x62C, 0x645, 0x62D,
    0x62D, 0x645, 0x64A,
    0x62D, 0x645, 0x649,
    0x633, 0x62D, 0x62C,
    0x633, 0x62C, 0x62D,
    0x633, 0x62C, 0x649,
    0x633, 0x645, 0x62D,
    0x633, 0x645, 0x62D,
    0x633, 0x645, 0x62C,
    0x633, 0x645, 0x645,
    0x633, 0x645, 0x645,
    0x635, 0x62D, 0x62D,
    0x635, 0x62D, 0x62D,
    0x635, 0x645, 0x645,
    0x634, 0x62D, 0x645,
    0x634, 0x62D, 0x645,
    0x634, 0x62C, 0x64A,
    0x634, 0x645, 0x62E,
    0x634, 0x645, 0x62E,
    0x634, 0x645, 0x645,
    0x634, 0x645, 0x645,
    0x636, 0x62D, 0x649,
    0x636, 0x62E, 0x645,
    0x636, 0x62E, 0x645,
    0x637, 0x645, 0x62D,
    0x637, 0x645, 0x62D,
    0x637, 0x645, 0x645,
    0x637, 0x645, 0x64A,
    0x639, 0x62C, 0x645,
    0x639, 0x645, 0x645,
    0x639, 0x645, 0x645,
    0x639, 0x645, 0x649,
    0x63A, 0x645, 0x645,
    0x63A, 0x645, 0x64A,
    0x63A, 0x645, 0x649,
    0x641, 0x62E, 0x645,
    0x641, 0x62E, 0x645,
    0x642, 0x645, 0x62D,
    0x642, 0x645, 0x645,
    0x644, 0x62D, 0x645,
    0x644, 0x62D, 0x64A,
    0x644, 0x62D, 0x649,
    0x644, 0x62C, 0x62C,
    0x644, 0x62C, 0x62C,
    0x644, 0x62E, 0x645,
    0x644, 0x62E, 0x645,
    0x644, 0x645, 0x62D,
    0x644, 0x645, 0x62D,
    0x645, 0x62D, 0x62C,
    0x645, 0x62D, 0x645,
    0x645, 0x62D, 0x64A,
    0x645, 0x62C, 0x62D,
    0x645, 0x62C, 0x645,
    0x645, 0x62E, 0x62C,
    0x645, 0x62E, 0x645,
    0x645, 0x62C, 0x62E,
    0x647, 0x645, 0x62C,
    0x647, 0x645, 0x645,
    0x646, 0x62D, 0x645,
    0x646, 0x62D, 0x649,
    0x646, 0x62C, 0x645,
    0x646, 0x62C, 0x645,
    0x646, 0x62C, 0x649,
    0x646, 0x645, 0x64A,
    0x646, 0x645, 0x649,
    0x64A, 0x645, 0x645,
    0x64A, 0x645, 0x645,
    0x628, 0x62E, 0x64A,
    0x62A, 0x62C, 0x64A,
    0x62A, 0x62C, 0x649,
    0x62A, 0x62E, 0x64A,
    0x62A, 0x62E, 0x649,
    0x62A, 0x645, 0x64A,
    0x62A, 0x645, 0x649,
    0x62C, 0x645, 0x64A,
    0x62C, 0x62D, 0x649,
    0x62C, 0x645, 0x649,
    0x633, 0x62E, 0x649,
    0x635, 0x62D, 0x64A,
    0x634, 0x62D, 0x64A,
    0x636, 0x62D, 0x64A,
    0x644, 0x62C, 0x64A,
    0x644, 0x645, 0x64A,
    0x64A, 0x62D, 0x64A,
    0x64A, 0x62C, 0x64A,
    0x64A, 0x645, 0x64A,
    0x645, 0x645, 0x64A,
    0x642, 0x645, 0x64A,
    0x646, 0x62D, 0x64A,
    0x642, 0x645, 0x62D,
    0x644, 0x62D, 0x645,
    0x639, 0x645, 0x64A,
    0x643, 0x645, 0x64A,
    0x646, 0x62C, 0x62D,
    0x645, 0x62E, 0x64A,
    0x644, 0x62C, 0x645,
    0x643, 0x645, 0x645,
    0x644, 0x62C, 0x645,
    0x646, 0x62C, 0x62D,
    0x62C, 0x62D, 0x64A,
    0x62D, 0x62C, 0x64A,
    0x645, 0x62C, 0x64A,
    0x641, 0x645, 0x64A,
    0x628, 0x62D, 0x64A,
    0x643, 0x645, 0x645,
    0x639, 0x62C, 0x645,
    0x635, 0x645, 0x645,
    0x633, 0x62E, 0x64A,
    0x646, 0x62C, 0x64A,
    0x635, 0x644, 0x6D2,
    0x642, 0x644, 0x6D2,
    0x627, 0x644, 0x644,
    0x647, 0x627, 0x643,
    0x628, 0x631, 0x645,
    0x62D, 0x645, 0x62F,
    0x635, 0x644, 0x639,
    0x645, 0x631, 0x633,
    0x648, 0x644, 0x639,
    0x644, 0x64A, 0x647,
    0x648, 0x633, 0x644,
    0x645, 0x635, 0x644,
    0x649, 0x635, 0x644,
    0x649, 0x20, 0x627,
    0x644, 0x644, 0x647,
    0x20, 0x639, 0x644,
    0x64A, 0x647, 0x20,
    0x648, 0x633, 0x644,
    0x645, 0x62C, 0x644,
    0x20, 0x62C, 0x644,
    0x627, 0x644, 0x647,
    0x631, 0x6CC, 0x627,
    0x644, 0x2C, 0x3001,
    0x3002, 0x3A, 0x3B,
    0x21, 0x3F, 0x3016,
    0x3017, 0x2026, 0x2025,
    0x2014, 0x2013, 0x5F,
    0x5F, 0x28, 0x29,
    0x7B, 0x7D, 0x3014,
    0x3015, 0x3010, 0x3011,
    0x300A, 0x300B, 0x3008,
    0x3009, 0x300C, 0x300D,
    0x300E, 0x300F, 0x5B,
    0x5D, 0x203E, 0x203E,
    0x203E, 0x203E, 0x5F,
    0x5F, 0x5F, 0x2C,
    0x3001, 0x2E, 0x3B,
    0x3A, 0x3F, 0x21,
    0x2014, 0x28, 0x29,
    0x7B, 0x7D, 0x3014,
    0x3015, 0x23, 0x26,
    0x2A, 0x2B, 0x2D,
    0x3C, 0x3E, 0x3D,
    0x5C, 0x24, 0x25,
    0x40, 0x20, 0x64B,
    0x640, 0x64B, 0x20,
    0x64C, 0x20, 0x64D,
    0x20, 0x64E, 0x640,
    0x64E, 0x20, 0x64F,
    0x640, 0x64F, 0x20,
    0x650, 0x640, 0x650,
    0x20, 0x651, 0x640,
    0x651, 0x20, 0x652,
    0x640, 0x652, 0x621,
    0x622, 0x622, 0x623,
    0x623, 0x624, 0x624,
    0x625, 0x625, 0x626,
    0x626, 0x626, 0x626,
    0x627, 0x627, 0x628,
    0x628, 0x628, 0x628,
    0x629, 0x629, 0x62A,
    0x62A, 0x62A, 0x62A,
    0x62B, 0x62B, 0x62B,
    0x62B, 0x62C, 0x62C,
    0x62C, 0x62C, 0x62D,
    0x62D, 0x62D, 0x62D,
    0x62E, 0x62E, 0x62E,
    0x62E, 0x62F, 0x62F,
    0x630, 0x630, 0x631,
    0x631, 0x632, 0x632,
    0x633, 0x633, 0x633,
    0x633, 0x634, 0x634,
    0x634, 0x634, 0x635,
    0x635, 0x635, 0x635,
    0x636, 0x636, 0x636,
    0x636, 0x637, 0x637,
    0x637, 0x637, 0x638,
    0x638, 0x638, 0x638,
    0x639, 0x639, 0x639,
    0x639, 0x63A, 0x63A,
    0x63A, 0x63A, 0x641,
    0x641, 0x641, 0x641,
    0x642, 0x642, 0x642,
    0x642, 0x643, 0x643,
    0x643, 0x643, 0x644,
    0x644, 0x644, 0x644,
    0x645, 0x645, 0x645,
    0x645, 0x646, 0x646,
    0x646, 0x646, 0x647,
    0x647, 0x647, 0x647,
    0x648, 0x648, 0x649,
    0x649, 0x64A, 0x64A,
    0x64A, 0x64A, 0x644,
    0x622, 0x644, 0x622,
    0x644, 0x623, 0x644,
    0x623, 0x644, 0x625,
    0x644, 0x625, 0x644,
    0x627, 0x644, 0x627,
    0x21, 0x22, 0x23,
    0x24, 0x25, 0x26,
    0x27, 0x28, 0x29,
    0x2A, 0x2B, 0x2C,
    0x2D, 0x2E, 0x2F,
    0x30, 0x31, 0x32,
    0x33, 0x34, 0x35,
    0x36, 0x37, 0x38,
    0x39, 0x3A, 0x3B,
    0x3C, 0x3D, 0x3E,
    0x3F, 0x40, 0x41,
    0x42, 0x43, 0x44,
    0x45, 0x46, 0x47,
    0x48, 0x49, 0x4A,
    0x4B, 0x4C, 0x4D,
    0x4E, 0x4F, 0x50,
    0x51, 0x52, 0x53,
    0x54, 0x55, 0x56,
    0x57, 0x58, 0x59,
    0x5A, 0x5B, 0x5C,
    0x5D, 0x5E, 0x5F,
    0x60, 0x61, 0x62,
    0x63, 0x64, 0x65,
    0x66, 0x67, 0x68,
    0x69, 0x6A, 0x6B,
    0x6C, 0x6D, 0x6E,
    0x6F, 0x70, 0x71,
    0x72, 0x73, 0x74,
    0x75, 0x76, 0x77,
    0x78, 0x79, 0x7A,
    0x7B, 0x7C, 0x7D,
    0x7E, 0x2985, 0x2986,
    0x3002, 0x300C, 0x300D,
    0x3001, 0x30FB, 0x30F2,
    0x30A1, 0x30A3, 0x30A5,
    0x30A7, 0x30A9, 0x30E3,
    0x30E5, 0x30E7, 0x30C3,
    0x30FC, 0x30A2, 0x30A4,
    0x30A6, 0x30A8, 0x30AA,
    0x30AB, 0x30AD, 0x30AF,
    0x30B1, 0x30B3, 0x30B5,
    0x30B7, 0x30B9, 0x30BB,
    0x30BD, 0x30BF, 0x30C1,
    0x30C4, 0x30C6, 0x30C8,
    0x30CA, 0x30CB, 0x30CC,
    0x30CD, 0x30CE, 0x30CF,
    0x30D2, 0x30D5, 0x30D8,
    0x30DB, 0x30DE, 0x30DF,
    0x30E0, 0x30E1, 0x30E2,
    0x30E4, 0x30E6, 0x30E8,
    0x30E9, 0x30EA, 0x30EB,
    0x30EC, 0x30ED, 0x30EF,
    0x30F3, 0x3099, 0x309A,
    0x3164, 0x3131, 0x3132,
    0x3133, 0x3134, 0x3135,
    0x3136, 0x3137, 0x3138,
    0x3139, 0x313A, 0x313B,
    0x313C, 0x313D, 0x313E,
    0x313F, 0x3140, 0x3141,
    0x3142, 0x3143, 0x3144,
    0x3145, 0x3146, 0x3147,
    0x3148, 0x3149, 0x314A,
    0x314B, 0x314C, 0x314D,
    0x314E, 0x314F, 0x3150,
    0x3151, 0x3152, 0x3153,
    0x3154, 0x3155, 0x3156,
    0x3157, 0x3158, 0x3159,
    0x315A, 0x315B, 0x315C,
    0x315D, 0x315E, 0x315F,
    0x3160, 0x3161, 0x3162,
    0x3163, 0xA2, 0xA3,
    0xAC, 0xAF, 0xA6,
    0xA5, 0x20A9, 0x2502,
    0x2190, 0x2191, 0x2192,
    0x2193, 0x25A0, 0x25CB,
    0x105D2, 0x307, 0x105DA,
    0x307, 0x2D0, 0x2D1,
    0xE6, 0x299, 0x253,
    0x2A3, 0xAB66, 0x2A5,
    0x2A4, 0x256, 0x257,
    0x1D91, 0x258, 0x25E,
    0x2A9, 0x264, 0x262,
    0x260, 0x29B, 0x127,
    0x29C, 0x267, 0x284,
    0x2AA, 0x2AB, 0x26C,
    0x1DF04, 0xA78E, 0x26E,
    0x1DF05, 0x28E, 0x1DF06,
    0xF8, 0x276, 0x277,
    0x71, 0x27A, 0x1DF08,
    0x27D, 0x27E, 0x280,
    0x2A8, 0x2A6, 0xAB67,
    0x2A7, 0x288, 0x2C71,
    0x28F, 0x2A1, 0x2A2,
    0x298, 0x1C0, 0x1C1,
    0x1C2, 0x1DF0A, 0x1DF1E,
    0x11099, 0x110BA, 0x1109B,
    0x110BA, 0x110A5, 0x110BA,
    0x11131, 0x11127, 0x11132,
    0x11127, 0x11347, 0x1133E,
    0x11347, 0x11357, 0x11382,
    0x113C9, 0x11384, 0x113BB,
    0x1138B, 0x113C2, 0x11390,
    0x113C9, 0x113C2, 0x113C2,
    0x113C2, 0x113B8, 0x113C2,
    0x113C9, 0x114B9, 0x114BA,
    0x114B9, 0x114B0, 0x114B9,
    0x114BD, 0x115B8, 0x115AF,
    0x115B9, 0x115AF, 0x11935,
    0x11930, 0x1611E, 0x1611E,
    0x1611E, 0x16129, 0x1611E,
    0x1611F, 0x16129, 0x1611F,
    0x1611E, 0x16120, 0x16121,
    0x1611F, 0x16122, 0x1611F,
    0x16121, 0x16120, 0x16D67,
    0x16D67, 0x16D63, 0x16D67,
    0x16D69, 0x16D67, 0x41,
    0x42, 0x43, 0x44,
    0x45, 0x46, 0x47,
    0x48, 0x49, 0x4A,
    0x4B, 0x4C, 0x4D,
    0x4E, 0x4F, 0x50,
    0x51, 0x52, 0x53,
    0x54, 0x55, 0x56,
    0x57, 0x58, 0x59,
    0x5A, 0x30, 0x31,
    0x32, 0x33, 0x34,
    0x35, 0x36, 0x37,
    0x38, 0x39, 0x1D157,
    0x1D165, 0x1D158, 0x1D165,
    0x1D15F, 0x1D16E, 0x1D15F,
    0x1D16F, 0x1D15F, 0x1D170,
    0x1D15F, 0x1D171, 0x1D15F,
    0x1D172, 0x1D1B9, 0x1D165,
    0x1D1BA, 0x1D165, 0x1D1BB,
    0x1D16E, 0x1D1BC, 0x1D16E,
    0x1D1BB, 0x1D16F, 0x1D1BC,
    0x1D16F, 0x41, 0x42,
    0x43, 0x44, 0x45,
    0x46, 0x47, 0x48,
    0x49, 0x4A, 0x4B,
    0x4C, 0x4D, 0x4E,
    0x4F, 0x50, 0x51,
    0x52, 0x53, 0x54,
    0x55, 0x56, 0x57,
    0x58, 0x59, 0x5A,
    0x61, 0x62, 0x63,
    0x64, 0x65, 0x66,
    0x67, 0x68, 0x69,
    0x6A, 0x6B, 0x6C,
    0x6D, 0x6E, 0x6F,
    0x70, 0x71, 0x72,
    0x73, 0x74, 0x75,
    0x76, 0x77, 0x78,
    0x79, 0x7A, 0x41,
    0x42, 0x43, 0x44,
    0x45, 0x46, 0x47,
    0x48, 0x49, 0x4A,
    0x4B, 0x4C, 0x4D,
    0x4E, 0x4F, 0x50,
    0x51, 0x52, 0x53,
    0x54, 0x55, 0x56,
    0x57, 0x58, 0x59,
    0x5A, 0x61, 0x62,
    0x63, 0x64, 0x65,
    0x66, 0x67, 0x69,
    0x6A, 0x6B, 0x6C,
    0x6D, 0x6E, 0x6F,
    0x70, 0x71, 0x72,
    0x73, 0x74, 0x75,
    0x76, 0x77, 0x78,
    0x79, 0x7A, 0x41,
    0x42, 0x43, 0x44,
    0x45, 0x46, 0x47,
    0x48, 0x49, 0x4A,
    0x4B, 0x4C, 0x4D,
    0x4E, 0x4F, 0x50,
    0x51, 0x52, 0x53,
    0x54, 0x55, 0x56,
    0x57, 0x58, 0x59,
    0x5A, 0x61, 0x62,
    0x63, 0x64, 0x65,
    0x66, 0x67, 0x68,
    0x69, 0x6A, 0x6B,
    0x6C, 0x6D, 0x6E,
    0x6F, 0x70, 0x71,
    0x72, 0x73, 0x74,
    0x75, 0x76, 0x77,
    0x78, 0x79, 0x7A,
    0x41, 0x43, 0x44,
    0x47, 0x4A, 0x4B,
    0x4E, 0x4F, 0x50,
    0x51, 0x53, 0x54,
    0x55, 0x56, 0x57,
    0x58, 0x59, 0x5A,
    0x61, 0x62, 0x63,
    0x64, 0x66, 0x68,
    0x69, 0x6A, 0x6B,
    0x6C, 0x6D, 0x6E,
    0x70, 0x71, 0x72,
    0x73, 0x74, 0x75,
    0x76, 0x77, 0x78,
    0x79, 0x7A, 0x41,
    0x42, 0x43, 0x44,
    0x45, 0x46, 0x47,
    0x48, 0x49, 0x4A,
    0x4B, 0x4C, 0x4D,
    0x4E, 0x4F, 0x50,
    0x51, 0x52, 0x53,
    0x54, 0x55, 0x56,
    0x57, 0x58, 0x59,
    0x5A, 0x61, 0x62,
    0x63, 0x64, 0x65,
    0x66, 0x67, 0x68,
    0x69, 0x6A, 0x6B,
    0x6C, 0x6D, 0x6E,
    0x6F, 0x70, 0x71,
    0x72, 0x73, 0x74,
    0x75, 0x76, 0x77,
    0x78, 0x79, 0x7A,
    0x41, 0x42, 0x44,
    0x45, 0x46, 0x47,
    0x4A, 0x4B, 0x4C,
    0x4D, 0x4E, 0x4F,
    0x50, 0x51, 0x53,
    0x54, 0x55, 0x56,
    0x57, 0x58, 0x59,
    0x61, 0x62, 0x63,
    0x64, 0x65, 0x66,
    0x67, 0x68, 0x69,
    0x6A, 0x6B, 0x6C,
    0x6D, 0x6E, 0x6F,
    0x70, 0x71, 0x72,
    0x73, 0x74, 0x75,
    0x76, 0x77, 0x78,
    0x79, 0x7A, 0x41,
    0x42, 0x44, 0x45,
    0x46, 0x47, 0x49,
    0x4A, 0x4B, 0x4C,
    0x4D, 0x4F, 0x53,
    0x54, 0x55, 0x56,
    0x57, 0x58, 0x59,
    0x61, 0x62, 0x63,
    0x64, 0x65, 0x66,
    0x67, 0x68, 0x69,
    0x6A, 0x6B, 0x6C,
    0x6D, 0x6E, 0x6F,
    0x70, 0x71, 0x72,
    0x73, 0x74, 0x75,
    0x76, 0x77, 0x78,
    0x79, 0x7A, 0x41,
    0x42, 0x43, 0x44,
    0x45, 0x46, 0x47,
    0x48, 0x49, 0x4A,
    0x4B, 0x4C, 0x4D,
    0x4E, 0x4F, 0x50,
    0x51, 0x52, 0x53,
    0x54, 0x55, 0x56,
    0x57, 0x58, 0x59,
    0x5A, 0x61, 0x62,
    0x63, 0x64, 0x65,
    0x66, 0x67, 0x68,
    0x69, 0x6A, 0x6B,
    0x6C, 0x6D, 0x6E,
    0x6F, 0x70, 0x71,
    0x72, 0x73, 0x74,
    0x75, 0x76, 0x77,
    0x78, 0x79, 0x7A,
    0x41, 0x42, 0x43,
    0x44, 0x45, 0x46,
    0x47, 0x48, 0x49,
    0x4A, 0x4B, 0x4C,
    0x4D, 0x4E, 0x4F,
    0x50, 0x51, 0x52,
    0x53, 0x54, 0x55,
    0x56, 0x57, 0x58,
    0x59, 0x5A, 0x61,
    0x62, 0x63, 0x64,
    0x65, 0x66, 0x67,
    0x68, 0x69, 0x6A,
    0x6B, 0x6C, 0x6D,
    0x6E, 0x6F, 0x70,
    0x71, 0x72, 0x73,
    0x74, 0x75, 0x76,
    0x77, 0x78, 0x79,
    0x7A, 0x41, 0x42,
    0x43, 0x44, 0x45,
    0x46, 0x47, 0x48,
    0x49, 0x4A, 0x4B,
    0x4C, 0x4D, 0x4E,
    0x4F, 0x50, 0x51,
    0x52, 0x53, 0x54,
    0x55, 0x56, 0x57,
    0x58, 0x59, 0x5A,
    0x61, 0x62, 0x63,
    0x64, 0x65, 0x66,
    0x67, 0x68, 0x69,
    0x6A, 0x6B, 0x6C,
    0x6D, 0x6E, 0x6F,
    0x70, 0x71, 0x72,
    0x73, 0x74, 0x75,
    0x76, 0x77, 0x78,
    0x79, 0x7A, 0x41,
    0x42, 0x43, 0x44,
    0x45, 0x46, 0x47,
    0x48, 0x49, 0x4A,
    0x4B, 0x4C, 0x4D,
    0x4E, 0x4F, 0x50,
    0x51, 0x52, 0x53,
    0x54, 0x55, 0x56,
    0x57, 0x58, 0x59,
    0x5A, 0x61, 0x62,
    0x63, 0x64, 0x65,
    0x66, 0x67, 0x68,
    0x69, 0x6A, 0x6B,
    0x6C, 0x6D, 0x6E,
    0x6F, 0x70, 0x71,
    0x72, 0x73, 0x74,
    0x75, 0x76, 0x77,
    0x78, 0x79, 0x7A,
    0x41, 0x42, 0x43,
    0x44, 0x45, 0x46,
    0x47, 0x48, 0x49,
    0x4A, 0x4B, 0x4C,
    0x4D, 0x4E, 0x4F,
    0x50, 0x51, 0x52,
    0x53, 0x54, 0x55,
    0x56, 0x57, 0x58,
    0x59, 0x5A, 0x61,
    0x62, 0x63, 0x64,
    0x65, 0x66, 0x67,
    0x68, 0x69, 0x6A,
    0x6B, 0x6C, 0x6D,
    0x6E, 0x6F, 0x70,
    0x71, 0x72, 0x73,
    0x74, 0x75, 0x76,
    0x77, 0x78, 0x79,
    0x7A, 0x41, 0x42,
    0x43, 0x44, 0x45,
    0x46, 0x47, 0x48,
    0x49, 0x4A, 0x4B,
    0x4C, 0x4D, 0x4E,
    0x4F, 0x50, 0x51,
    0x52, 0x53, 0x54,
    0x55, 0x56, 0x57,
    0x58, 0x59, 0x5A,
    0x61, 0x62, 0x63,
    0x64, 0x65, 0x66,
    0x67, 0x68, 0x69,
    0x6A, 0x6B, 0x6C,
    0x6D, 0x6E, 0x6F,
    0x70, 0x71, 0x72,
    0x73, 0x74, 0x75,
    0x76, 0x77, 0x78,
    0x79, 0x7A, 0x131,
    0x237, 0x391, 0x392,
    0x393, 0x394, 0x395,
    0x396, 0x397, 0x398,
    0x399, 0x39A, 0x39B,
    0x39C, 0x39D, 0x39E,
    0x39F, 0x3A0, 0x3A1,
    0x3F4, 0x3A3, 0x3A4,
    0x3A5, 0x3A6, 0x3A7,
    0x3A8, 0x3A9, 0x2207,
    0x3B1, 0x3B2, 0x3B3,
    0x3B4, 0x3B5, 0x3B6,
    0x3B7, 0x3B8, 0x3B9,
    0x3BA, 0x3BB, 0x3BC,
    0x3BD, 0x3BE, 0x3BF,
    0x3C0, 0x3C1, 0x3C2,
    0x3C3, 0x3C4, 0x3C5,
    0x3C6, 0x3C7, 0x3C8,
    0x3C9, 0x2202, 0x3F5,
    0x3D1, 0x3F0, 0x3D5,
    0x3F1, 0x3D6, 0x391,
    0x392, 0x393, 0x394,
    0x395, 0x396, 0x397,
    0x398, 0x399, 0x39A,
    0x39B, 0x39C, 0x39D,
    0x39E, 0x39F, 0x3A0,
    0x3A1, 0x3F4, 0x3A3,
    0x3A4, 0x3A5, 0x3A6,
    0x3A7, 0x3A8, 0x3A9,
    0x2207, 0x3B1, 0x3B2,
    0x3B3, 0x3B4, 0x3B5,
    0x3B6, 0x3B7, 0x3B8,
    0x3B9, 0x3BA, 0x3BB,
    0x3BC, 0x3BD, 0x3BE,
    0x3BF, 0x3C0, 0x3C1,
    0x3C2, 0x3C3, 0x3C4,
    0x3C5, 0x3C6, 0x3C7,
    0x3C8, 0x3C9, 0x2202,
    0x3F5, 0x3D1, 0x3F0,
    0x3D5, 0x3F1, 0x3D6,
    0x391, 0x392, 0x393,
    0x394, 0x395, 0x396,
    0x397, 0x398, 0x399,
    0x39A, 0x39B, 0x39C,
    0x39D, 0x39E, 0x39F,
    0x3A0, 0x3A1, 0x3F4,
    0x3A3, 0x3A4, 0x3A5,
    0x3A6, 0x3A7, 0x3A8,
    0x3A9, 0x2207, 0x3B1,
    0x3B2, 0x3B3, 0x3B4,
    0x3B5, 0x3B6, 0x3B7,
    0x3B8, 0x3B9, 0x3BA,
    0x3BB, 0x3BC, 0x3BD,
    0x3BE, 0x3BF, 0x3C0,
    0x3C1, 0x3C2, 0x3C3,
    0x3C4, 0x3C5, 0x3C6,
    0x3C7, 0x3C8, 0x3C9,
    0x2202, 0x3F5, 0x3D1,
    0x3F0, 0x3D5, 0x3F1,
    0x3D6, 0x391, 0x392,
    0x393, 0x394, 0x395,
    0x396, 0x397, 0x398,
    0x399, 0x39A, 0x39B,
    0x39C, 0x39D, 0x39E,
    0x39F, 0x3A0, 0x3A1,
    0x3F4, 0x3A3, 0x3A4,
    0x3A5, 0x3A6, 0x3A7,
    0x3A8, 0x3A9, 0x2207,
    0x3B1, 0x3B2, 0x3B3,
    0x3B4, 0x3B5, 0x3B6,
    0x3B7, 0x3B8, 0x3B9,
    0x3BA, 0x3BB, 0x3BC,
    0x3BD, 0x3BE, 0x3BF,
    0x3C0, 0x3C1, 0x3C2,
    0x3C3, 0x3C4, 0x3C5,
    0x3C6, 0x3C7, 0x3C8,
    0x3C9, 0x2202, 0x3F5,
    0x3D1, 0x3F0, 0x3D5,
    0x3F1, 0x3D6, 0x391,
    0x392, 0x393, 0x394,
    0x395, 0x396, 0x397,
    0x398, 0x399, 0x39A,
    0x39B, 0x39C, 0x39D,
    0x39E, 0x39F, 0x3A0,
    0x3A1, 0x3F4, 0x3A3,
    0x3A4, 0x3A5, 0x3A6,
    0x3A7, 0x3A8, 0x3A9,
    0x2207, 0x3B1, 0x3B2,
    0x3B3, 0x3B4, 0x3B5,
    0x3B6, 0x3B7, 0x3B8,
    0x3B9, 0x3BA, 0x3BB,
    0x3BC, 0x3BD, 0x3BE,
    0x3BF, 0x3C0, 0x3C1,
    0x3C2, 0x3C3, 0x3C4,
    0x3C5, 0x3C6, 0x3C7,
    0x3C8, 0x3C9, 0x2202,
    0x3F5, 0x3D1, 0x3F0,
    0x3D5, 0x3F1, 0x3D6,
    0x3DC, 0x3DD, 0x30,
    0x31, 0x32, 0x33,
    0x34, 0x35, 0x36,
    0x37, 0x38, 0x39,
    0x30, 0x31, 0x32,
    0x33, 0x34, 0x35,
    0x36, 0x37, 0x38,
    0x39, 0x30, 0x31,
    0x32, 0x33, 0x34,
    0x35, 0x36, 0x37,
    0x38, 0x39, 0x30,
    0x31, 0x32, 0x33,
    0x34, 0x35, 0x36,
    0x37, 0x38, 0x39,
    0x30, 0x31, 0x32,
    0x33, 0x34, 0x35,
    0x36, 0x37, 0x38,
    0x39, 0x430, 0x431,
    0x432, 0x433, 0x434,
    0x435, 0x436, 0x437,
    0x438, 0x43A, 0x43B,
    0x43C, 0x43E, 0x43F,
    0x440, 0x441, 0x442,
    0x443, 0x444, 0x445,
    0x446, 0x447, 0x448,
    0x44B, 0x44D, 0x44E,
    0xA689, 0x4D9, 0x456,
    0x458, 0x4E9, 0x4AF,
    0x4CF, 0x430, 0x431,
    0x432, 0x433, 0x434,
    0x435, 0x436, 0x437,
    0x438, 0x43A, 0x43B,
    0x43E, 0x43F, 0x441,
    0x443, 0x444, 0x445,
    0x446, 0x447, 0x448,
    0x44A, 0x44B, 0x491,
    0x456, 0x455, 0x45F,
    0x4AB, 0xA651, 0x4B1,
    0x627, 0x628, 0x62C,
    0x62F, 0x648, 0x632,
    0x62D, 0x637, 0x64A,
    0x643, 0x644, 0x645,
    0x646, 0x633, 0x639,
    0x641, 0x635, 0x642,
    0x631, 0x634, 0x62A,
    0x62B, 0x62E, 0x630,
    0x636, 0x638, 0x63A,
    0x66E, 0x6BA, 0x6A1,
    0x66F, 0x628, 0x62C,
    0x647, 0x62D, 0x64A,
    0x643, 0x644, 0x645,
    0x646, 0x633, 0x639,
    0x641, 0x635, 0x642,
    0x634, 0x62A, 0x62B,
    0x62E, 0x636, 0x63A,
    0x62C, 0x62D, 0x64A,
    0x644, 0x646, 0x633,
    0x639, 0x635, 0x642,
    0x634, 0x62E, 0x636,
    0x63A, 0x6BA, 0x66F,
    0x628, 0x62C, 0x647,
    0x62D, 0x637, 0x64A,
    0x643, 0x645, 0x646,
    0x633, 0x639, 0x641,
    0x635, 0x642, 0x634,
    0x62A, 0x62B, 0x62E,
    0x636, 0x638, 0x63A,
    0x66E, 0x6A1, 0x627,
    0x628, 0x62C, 0x62F,
    0x647, 0x648, 0x632,
    0x62D, 0x637, 0x64A,
    0x644, 0x645, 0x646,
    0x633, 0x639, 0x641,
    0x635, 0x642, 0x631,
    0x634, 0x62A, 0x62B,
    0x62E, 0x630, 0x636,
    0x638, 0x63A, 0x628,
    0x62C, 0x62F, 0x648,
    0x632, 0x62D, 0x637,
    0x64A, 0x644, 0x645,
    0x646, 0x633, 0x639,
    0x641, 0x635, 0x642,
    0x631, 0x634, 0x62A,
    0x62B, 0x62E, 0x630,
    0x636, 0x638, 0x63A,
    0x30, 0x2E, 0x30,
    0x2C, 0x31, 0x2C,
    0x32, 0x2C, 0x33,
    0x2C, 0x34, 0x2C,
    0x35, 0x2C, 0x36,
    0x2C, 0x37, 0x2C,
    0x38, 0x2C, 0x39,
    0x2C, 0x28, 0x41,
    0x29, 0x28, 0x42,
    0x29, 0x28, 0x43,
    0x29, 0x28, 0x44,
    0x29, 0x28, 0x45,
    0x29, 0x28, 0x46,
    0x29, 0x28, 0x47,
    0x29, 0x28, 0x48,
    0x29, 0x28, 0x49,
    0x29, 0x28, 0x4A,
    0x29, 0x28, 0x4B,
    0x29, 0x28, 0x4C,
    0x29, 0x28, 0x4D,
    0x29, 0x28, 0x4E,
    0x29, 0x28, 0x4F,
    0x29, 0x28, 0x50,
    0x29, 0x28, 0x51,
    0x29, 0x28, 0x52,
    0x29, 0x28, 0x53,
    0x29, 0x28, 0x54,
    0x29, 0x28, 0x55,
    0x29, 0x28, 0x56,
    0x29, 0x28, 0x57,
    0x29, 0x28, 0x58,
    0x29, 0x28, 0x59,
    0x29, 0x28, 0x5A,
    0x29, 0x3014, 0x53,
    0x3015, 0x43, 0x52,
    0x43, 0x44, 0x57,
    0x5A, 0x41, 0x42,
    0x43, 0x44, 0x45,
    0x46, 0x47, 0x48,
    0x49, 0x4A, 0x4B,
    0x4C, 0x4D, 0x4E,
    0x4F, 0x50, 0x51,
    0x52, 0x53, 0x54,
    0x55, 0x56, 0x57,
    0x58, 0x59, 0x5A,
    0x48, 0x56, 0x4D,
    0x56, 0x53, 0x44,
    0x53, 0x53, 0x50,
    0x50, 0x56, 0x57,
    0x43, 0x4D, 0x43,
    0x4D, 0x44, 0x4D,
    0x52, 0x44, 0x4A,
    0x307B, 0x304B, 0x30B3,
    0x30B3, 0x30B5, 0x624B,
    0x5B57, 0x53CC, 0x30C7,
    0x4E8C, 0x591A, 0x89E3,
    0x5929, 0x4EA4, 0x6620,
    0x7121, 0x6599, 0x524D,
    0x5F8C, 0x518D, 0x65B0,
    0x521D, 0x7D42, 0x751F,
    0x8CA9, 0x58F0, 0x5439,
    0x6F14, 0x6295, 0x6355,
    0x4E00, 0x4E09, 0x904A,
    0x5DE6, 0x4E2D, 0x53F3,
    0x6307, 0x8D70, 0x6253,
    0x7981, 0x7A7A, 0x5408,
    0x6E80, 0x6709, 0x6708,
    0x7533, 0x5272, 0x55B6,
    0x914D, 0x3014, 0x672C,
    0x3015, 0x3014, 0x4E09,
    0x3015, 0x3014, 0x4E8C,
    0x3015, 0x3014, 0x5B89,
    0x3015, 0x3014, 0x70B9,
    0x3015, 0x3014, 0x6253,
    0x3015, 0x3014, 0x76D7,
    0x3015, 0x3014, 0x52DD,
    0x3015, 0x3014, 0x6557,
    0x3015, 0x5F97, 0x53EF,
    0x30, 0x31, 0x32,
    0x33, 0x34, 0x35,
    0x36, 0x37, 0x38,
    0x39, 0x4E3D, 0x4E38,
    0x4E41, 0x20122, 0x4F60,
    0x4FAE, 0x4FBB, 0x5002,
    0x507A, 0x5099, 0x50E7,
    0x50CF, 0x349E, 0x2063A,
    0x514D, 0x5154, 0x5164,
    0x5177, 0x2051C, 0x34B9,
    0x5167, 0x518D, 0x2054B,
    0x5197, 0x51A4, 0x4ECC,
    0x51AC, 0x51B5, 0x291DF,
    0x51F5, 0x5203, 0x34DF,
    0x523B, 0x5246, 0x5272,
    0x5277, 0x3515, 0x52C7,
    0x52C9, 0x52E4, 0x52FA,
    0x5305, 0x5306, 0x5317,
    0x5349, 0x5351, 0x535A,
    0x5373, 0x537D, 0x537F,
    0x537F, 0x537F, 0x20A2C,
    0x7070, 0x53CA, 0x53DF,
    0x20B63, 0x53EB, 0x53F1,
    0x5406, 0x549E, 0x5438,
    0x5448, 0x5468, 0x54A2,
    0x54F6, 0x5510, 0x5553,
    0x5563, 0x5584, 0x5584,
    0x5599, 0x55AB, 0x55B3,
    0x55C2, 0x5716, 0x5606,
    0x5717, 0x5651, 0x5674,
    0x5207, 0x58EE, 0x57CE,
    0x57F4, 0x580D, 0x578B,
    0x5832, 0x5831, 0x58AC,
    0x214E4, 0x58F2, 0x58F7,
    0x5906, 0x591A, 0x5922,
    0x5962, 0x216A8, 0x216EA,
    0x59EC, 0x5A1B, 0x5A27,
    0x59D8, 0x5A66, 0x36EE,
    0x36FC, 0x5B08, 0x5B3E,
    0x5B3E, 0x219C8, 0x5BC3,
    0x5BD8, 0x5BE7, 0x5BF3,
    0x21B18, 0x5BFF, 0x5C06,
    0x5F53, 0x5C22, 0x3781,
    0x5C60, 0x5C6E, 0x5CC0,
    0x5C8D, 0x21DE4, 0x5D43,
    0x21DE6, 0x5D6E, 0x5D6B,
    0x5D7C, 0x5DE1, 0x5DE2,
    0x382F, 0x5DFD, 0x5E28,
    0x5E3D, 0x5E69, 0x3862,
    0x22183, 0x387C, 0x5EB0,
    0x5EB3, 0x5EB6, 0x5ECA,
    0x2A392, 0x5EFE, 0x22331,
    0x22331, 0x8201, 0x5F22,
    0x5F22, 0x38C7, 0x232B8,
    0x261DA, 0x5F62, 0x5F6B,
    0x38E3, 0x5F9A, 0x5FCD,
    0x5FD7, 0x5FF9, 0x6081,
    0x393A, 0x391C, 0x6094,
    0x226D4, 0x60C7, 0x6148,
    0x614C, 0x614E, 0x614C,
    0x617A, 0x618E, 0x61B2,
    0x61A4, 0x61AF, 0x61DE,
    0x61F2, 0x61F6, 0x6210,
    0x621B, 0x625D, 0x62B1,
    0x62D4, 0x6350, 0x22B0C,
    0x633D, 0x62FC, 0x6368,
    0x6383, 0x63E4, 0x22BF1,
    0x6422, 0x63C5, 0x63A9,
    0x3A2E, 0x6469, 0x647E,
    0x649D, 0x6477, 0x3A6C,
    0x654F, 0x656C, 0x2300A,
    0x65E3, 0x66F8, 0x6649,
    0x3B19, 0x6691, 0x3B08,
    0x3AE4, 0x5192, 0x5195,
    0x6700, 0x669C, 0x80AD,
    0x43D9, 0x6717, 0x671B,
    0x6721, 0x675E, 0x6753,
    0x233C3, 0x3B49, 0x67FA,
    0x6785, 0x6852, 0x6885,
    0x2346D, 0x688E, 0x681F,
    0x6914, 0x3B9D, 0x6942,
    0x69A3, 0x69EA, 0x6AA8,
    0x236A3, 0x6ADB, 0x3C18,
    0x6B21, 0x238A7, 0x6B54,
    0x3C4E, 0x6B72, 0x6B9F,
    0x6BBA, 0x6BBB, 0x23A8D,
    0x21D0B, 0x23AFA, 0x6C4E,
    0x23CBC, 0x6CBF, 0x6CCD,
    0x6C67, 0x6D16, 0x6D3E,
    0x6D77, 0x6D41, 0x6D69,
    0x6D78, 0x6D85, 0x23D1E,
    0x6D34, 0x6E2F, 0x6E6E,
    0x3D33, 0x6ECB, 0x6EC7,
    0x23ED1, 0x6DF9, 0x6F6E,
    0x23F5E, 0x23F8E, 0x6FC6,
    0x7039, 0x701E, 0x701B,
    0x3D96, 0x704A, 0x707D,
    0x7077, 0x70AD, 0x20525,
    0x7145, 0x24263, 0x719C,
    0x243AB, 0x7228, 0x7235,
    0x7250, 0x24608, 0x7280,
    0x7295, 0x24735, 0x24814,
    0x737A, 0x738B, 0x3EAC,
    0x73A5, 0x3EB8, 0x3EB8,
    0x7447, 0x745C, 0x7471,
    0x7485, 0x74CA, 0x3F1B,
    0x7524, 0x24C36, 0x753E,
    0x24C92, 0x7570, 0x2219F,
    0x7610, 0x24FA1, 0x24FB8,
    0x25044, 0x3FFC, 0x4008,
    0x76F4, 0x250F3, 0x250F2,
    0x25119, 0x25133, 0x771E,
    0x771F, 0x771F, 0x774A,
    0x4039, 0x778B, 0x4046,
    0x4096, 0x2541D, 0x784E,
    0x788C, 0x78CC, 0x40E3,
    0x25626, 0x7956, 0x2569A,
    0x256C5, 0x798F, 0x79EB,
    0x412F, 0x7A40, 0x7A4A,
    0x7A4F, 0x2597C, 0x25AA7,
    0x25AA7, 0x7AEE, 0x4202,
    0x25BAB, 0x7BC6, 0x7BC9,
    0x4227, 0x25C80, 0x7CD2,
    0x42A0, 0x7CE8, 0x7CE3,
    0x7D00, 0x25F86, 0x7D63,
    0x4301, 0x7DC7, 0x7E02,
    0x7E45, 0x4334, 0x26228,
    0x26247, 0x4359, 0x262D9,
    0x7F7A, 0x2633E, 0x7F95,
    0x7FFA, 0x8005, 0x264DA,
    0x26523, 0x8060, 0x265A8,
    0x8070, 0x2335F, 0x43D5,
    0x80B2, 0x8103, 0x440B,
    0x813E, 0x5AB5, 0x267A7,
    0x267B5, 0x23393, 0x2339C,
    0x8201, 0x8204, 0x8F9E,
    0x446B, 0x8291, 0x828B,
    0x829D, 0x52B3, 0x82B1,
    0x82B3, 0x82BD, 0x82E6,
    0x26B3C, 0x82E5, 0x831D,
    0x8363, 0x83AD, 0x8323,
    0x83BD, 0x83E7, 0x8457,
    0x8353, 0x83CA, 0x83CC,
    0x83DC, 0x26C36, 0x26D6B,
    0x26CD5, 0x452B, 0x84F1,
    0x84F3, 0x8516, 0x273CA,
    0x8564, 0x26F2C, 0x455D,
    0x4561, 0x26FB1, 0x270D2,
    0x456B, 0x8650, 0x865C,
    0x8667, 0x8669, 0x86A9,
    0x8688, 0x870E, 0x86E2,
    0x8779, 0x8728, 0x876B,
    0x8786, 0x45D7, 0x87E1,
    0x8801, 0x45F9, 0x8860,
    0x8863, 0x27667, 0x88D7,
    0x88DE, 0x4635, 0x88FA,
    0x34BB, 0x278AE, 0x27966,
    0x46BE, 0x46C7, 0x8AA0,
    0x8AED, 0x8B8A, 0x8C55,
    0x27CA8, 0x8CAB, 0x8CC1,
    0x8D1B, 0x8D77, 0x27F2F,
    0x20804, 0x8DCB, 0x8DBC,
    0x8DF0, 0x208DE, 0x8ED4,
    0x8F38, 0x285D2, 0x285ED,
    0x9094, 0x90F1, 0x9111,
    0x2872E, 0x911B, 0x9238,
    0x92D7, 0x92D8, 0x927C,
    0x93F9, 0x9415, 0x28BFA,
    0x958B, 0x4995, 0x95B7,
    0x28D77, 0x49E6, 0x96C3,
    0x5DB2, 0x9723, 0x29145,
    0x2921A, 0x4A6E, 0x4A76,
    0x97E0, 0x2940A, 0x4AB2,
    0x29496, 0x980B, 0x980B,
    0x9829, 0x295B6, 0x98E2,
    0x4B33, 0x9929, 0x99A7,
    0x99C2, 0x99FE, 0x4BCE,
    0x29B30, 0x9B12, 0x9C40,
    0x9CFD, 0x4CCE, 0x4CED,
    0x9D67, 0x2A0CE, 0x4CF8,
    0x2A105, 0x2A20E, 0x2A291,
    0x9EBB, 0x4D56, 0x9EF9,
    0x9EFE, 0x9F05, 0x9F0F,
    0x9F16, 0x9F3B, 0x2A600,
};

inline constexpr CombiningClass combiningClasses[] = {
    {0x300, 230}, {0x301, 230}, {0x302, 230},
    {0x303, 230}, {0x304, 230}, {0x305, 230},
    {0x306, 230}, {0x307, 230}, {0x308, 230},
    {0x309, 230}, {0x30A, 230}, {0x30B, 230},
    {0x30C, 230}, {0x30D, 230}, {0x30E, 230},
    {0x30F, 230}, {0x310, 230}, {0x311, 230},
    {0x312, 230}, {0x313, 230}, {0x314, 230},
    {0x315, 232}, {0x316, 220}, {0x317, 220},
    {0x318, 220}, {0x319, 220}, {0x31A, 232},
    {0x31B, 216}, {0x31C, 220}, {0x31D, 220},
    {0x31E, 220}, {0x31F, 220}, {0x320, 220},
    {0x321, 202}, {0x322, 202}, {0x323, 220},
    {0x324, 220}, {0x325, 220}, {0x326, 220},
    {0x327, 202}, {0x328, 202}, {0x329, 220},
    {0x32A, 220}, {0x32B, 220}, {0x32C, 220},
    {0x32D, 220}, {0x32E, 220}, {0x32F, 220},
    {0x330, 220}, {0x331, 220}, {0x332, 220},
    {0x333, 220}, {0x334, 1}, {0x335, 1},
    {0x336, 1}, {0x337, 1}, {0x338, 1},
    {0x339, 220}, {0x33A, 220}, {0x33B, 220},
    {0x33C, 220}, {0x33D, 230}, {0x33E, 230},
    {0x33F, 230}, {0x340, 230}, {0x341, 230},
    {0x342, 230}, {0x343, 230}, {0x344, 230},
    {0x345, 240}, {0x346, 230}, {0x347, 220},
    {0x348, 220}, {0x349, 220}, {0x34A, 230},
    {0x34B, 230}, {0x34C, 230}, {0x34D, 220},
    {0x34E, 220}, {0x350, 230}, {0x351, 230},
    {0x352, 230}, {0x353, 220}, {0x354, 220},
    {0x355, 220}, {0x356, 220}, {0x357, 230},
    {0x358, 232}, {0x359, 220}, {0x35A, 220},
    {0x35B, 230}, {0x35C, 233}, {0x35D, 234},
    {0x35E, 234}, {0x35F, 233}, {0x360, 234},
    {0x361, 234}, {0x362, 233}, {0x363, 230},
    {0x364, 230}, {0x365, 230}, {0x366, 230},
    {0x367, 230}, {0x368, 230}, {0x369, 230},
    {0x36A, 230}, {0x36B, 230}, {0x36C, 230},
    {0x36D, 230}, {0x36E, 230}, {0x36F, 230},
    {0x483, 230}, {0x484, 230}, {0x485, 230},
    {0x486, 230}, {0x487, 230}, {0x591, 220},
    {0x592, 230}, {0x593, 230}, {0x594, 230},
    {0x595, 230}, {0x596, 220}, {0x597, 230},
    {0x598, 230}, {0x599, 230}, {0x59A, 222},
    {0x59B, 220}, {0x59C, 230}, {0x59D, 230},
    {0x59E, 230}, {0x59F, 230}, {0x5A0, 230},
    {0x5A1, 230}, {0x5A2, 220}, {0x5A3, 220},
    {0x5A4, 220}, {0x5A5, 220}, {0x5A6, 220},
    {0x5A7, 220}, {0x5A8, 230}, {0x5A9, 230},
    {0x5AA, 220}, {0x5AB, 230}, {0x5AC, 230},
    {0x5AD, 222}, {0x5AE, 228}, {0x5AF, 230},
    {0x5B0, 10}, {0x5B1, 11}, {0x5B2, 12},
    {0x5B3, 13}, {0x5B4, 14}, {0x5B5, 15},
    {0x5B6, 16}, {0x5B7, 17}, {0x5B8, 18},
    {0x5B9, 19}, {0x5BA, 19}, {0x5BB, 20},
    {0x5BC, 21}, {0x5BD, 22}, {0x5BF, 23},
    {0x5C1, 24}, {0x5C2, 25}, {0x5C4, 230},
    {0x5C5, 220}, {0x5C7, 18}, {0x610, 230},
    {0x611, 230}, {0x612, 230}, {0x613, 230},
    {0x614, 230}, {0x615, 230}, {0x616, 230},
    {0x617, 230}, {0x618, 30}, {0x619, 31},
    {0x61A, 32}, {0x64B, 27}, {0x64C, 28},
    {0x64D, 29}, {0x64E, 30}, {0x64F, 31},
    {0x650, 32}, {0x651, 33}, {0x652, 34},
    {0x653, 230}, {0x654, 230}, {0x655, 220},
    {0x656, 220}, {0x657, 230}, {0x658, 230},
    {0x659, 230}, {0x65A, 230}, {0x65B, 230},
    {0x65C, 220}, {0x65D, 230}, {0x65E, 230},
    {0x65F, 220}, {0x670, 35}, {0x6D6, 230},
    {0x6D7, 230}, {0x6D8, 230}, {0x6D9, 230},
    {0x6DA, 230}, {0x6DB, 230}, {0x6DC, 230},
    {0x6DF, 230}, {0x6E0, 230}, {0x6E1, 230},
    {0x6E2, 230}, {0x6E3, 220}, {0x6E4, 230},
    {0x6E7, 230}, {0x6E8, 230}, {0x6EA, 220},
    {0x6EB, 230}, {0x6EC, 230}, {0x6ED, 220},
    {0x711, 36}, {0x730, 230}, {0x731, 220},
    {0x732, 230}, {0x733, 230}, {0x734, 220},
    {0x735, 230}, {0x736, 230}, {0x737, 220},
    {0x738, 220}, {0x739, 220}, {0x73A, 230},
    {0x73B, 220}, {0x73C, 220}, {0x73D, 230},
    {0x73E, 220}, {0x73F, 230}, {0x740, 230},
    {0x741, 230}, {0x742, 220}, {0x743, 230},
    {0x744, 220}, {0x745, 230}, {0x746, 220},
    {0x747, 230}, {0x748, 220}, {0x749, 230},
    {0x74A, 230}, {0x7EB, 230}, {0x7EC, 230},
    {0x7ED, 230}, {0x7EE, 230}, {0x7EF, 230},
    {0x7F0, 230}, {0x7F1, 230}, {0x7F2, 220},
    {0x7F3, 230}, {0x7FD, 220}, {0x816, 230},
    {0x817, 230}, {0x818, 230}, {0x819, 230},
    {0x81B, 230}, {0x81C, 230}, {0x81D, 230},
    {0x81E, 230}, {0x81F, 230}, {0x820, 230},
    {0x821, 230}, {0x822, 230}, {0x823, 230},
    {0x825, 230}, {0x826, 230}, {0x827, 230},
    {0x829, 230}, {0x82A, 230}, {0x82B, 230},
    {0x82C, 230}, {0x82D, 230}, {0x859, 220},
    {0x85A, 220}, {0x85B, 220}, {0x897, 230},
    {0x898, 230}, {0x899, 220}, {0x89A, 220},
    {0x89B, 220}, {0x89C, 230}, {0x89D, 230},
    {0x89E, 230}, {0x89F, 230}, {0x8CA, 230},
    {0x8CB, 230}, {0x8CC, 230}, {0x8CD, 230},
    {0x8CE, 230}, {0x8CF, 220}, {0x8D0, 220},
    {0x8D1, 220}, {0x8D2, 220}, {0x8D3, 220},
    {0x8D4, 230}, {0x8D5, 230}, {0x8D6, 230},
    {0x8D7, 230}, {0x8D8, 230}, {0x8D9, 230},
    {0x8DA, 230}, {0x8DB, 230}, {0x8DC, 230},
    {0x8DD, 230}, {0x8DE, 230}, {0x8DF, 230},
    {0x8E0, 230}, {0x8E1, 230}, {0x8E3, 220},
    {0x8E4, 230}, {0x8E5, 230}, {0x8E6, 220},
    {0x8E7, 230}, {0x8E8, 230}, {0x8E9, 220},
    {0x8EA, 230}, {0x8EB, 230}, {0x8EC, 230},
    {0x8ED, 220}, {0x8EE, 220}, {0x8EF, 220},
    {0x8F0, 27}, {0x8F1, 28}, {0x8F2, 29},
    {0x8F3, 230}, {0x8F4, 230}, {0x8F5, 230},
    {0x8F6, 220}, {0x8F7, 230}, {0x8F8, 230},
    {0x8F9, 220}, {0x8FA, 220}, {0x8FB, 230},
    {0x8FC, 230}, {0x8FD, 230}, {0x8FE, 230},
    {0x8FF, 230}, {0x93C, 7}, {0x94D, 9},
    {0x951, 230}, {0x952, 220}, {0x953, 230},
    {0x954, 230}, {0x9BC, 7}, {0x9CD, 9},
    {0x9FE, 230}, {0xA3C, 7}, {0xA4D, 9},
    {0xABC, 7}, {0xACD, 9}, {0xB3C, 7},
    {0xB4D, 9}, {0xBCD, 9}, {0xC3C, 7},
    {0xC4D, 9}, {0xC55, 84}, {0xC56, 91},
    {0xCBC, 7}, {0xCCD, 9}, {0xD3B, 9},
    {0xD3C, 9}, {0xD4D, 9}, {0xDCA, 9},
    {0xE38, 103}, {0xE39, 103}, {0xE3A, 9},
    {0xE48, 107}, {0xE49, 107}, {0xE4A, 107},
    {0xE4B, 107}, {0xEB8, 118}, {0xEB9, 118},
    {0xEBA, 9}, {0xEC8, 122}, {0xEC9, 122},
    {0xECA, 122}, {0xECB, 122}, {0xF18, 220},
    {0xF19, 220}, {0xF35, 220}, {0xF37, 220},
    {0xF39, 216}, {0xF71, 129}, {0xF72, 130},
    {0xF74, 132}, {0xF7A, 130}, {0xF7B, 130},
    {0xF7C, 130}, {0xF7D, 130}, {0xF80, 130},
    {0xF82, 230}, {0xF83, 230}, {0xF84, 9},
    {0xF86, 230}, {0xF87, 230}, {0xFC6, 220},
    {0x1037, 7}, {0x1039, 9}, {0x103A, 9},
    {0x108D, 220}, {0x135D, 230}, {0x135E, 230},
    {0x135F, 230}, {0x1714, 9}, {0x1715, 9},
    {0x1734, 9}, {0x17D2, 9}, {0x17DD, 230},
    {0x18A9, 228}, {0x1939, 222}, {0x193A, 230},
    {0x193B, 220}, {0x1A17, 230}, {0x1A18, 220},
    {0x1A60, 9}, {0x1A75, 230}, {0x1A76, 230},
    {0x1A77, 230}, {0x1A78, 230}, {0x1A79, 230},
    {0x1A7A, 230}, {0x1A7B, 230}, {0x1A7C, 230},
    {0x1A7F, 220}, {0x1AB0, 230}, {0x1AB1, 230},
    {0x1AB2, 230}, {0x1AB3, 230}, {0x1AB4, 230},
    {0x1AB5, 220}, {0x1AB6, 220}, {0x1AB7, 220},
    {0x1AB8, 220}, {0x1AB9, 220}, {0x1ABA, 220},
    {0x1ABB, 230}, {0x1ABC, 230}, {0x1ABD, 220},
    {0x1ABF, 220}, {0x1AC0, 220}, {0x1AC1, 230},
    {0x1AC2, 230}, {0x1AC3, 220}, {0x1AC4, 220},
    {0x1AC5, 230}, {0x1AC6, 230}, {0x1AC7, 230},
    {0x1AC8, 230}, {0x1AC9, 230}, {0x1ACA, 220},
    {0x1ACB, 230}, {0x1ACC, 230}, {0x1ACD, 230},
    {0x1ACE, 230}, {0x1B34, 7}, {0x1B44, 9},
    {0x1B6B, 230}, {0x1B6C, 220}, {0x1B6D, 230},
    {0x1B6E, 230}, {0x1B6F, 230}, {0x1B70, 230},
    {0x1B71, 230}, {0x1B72, 230}, {0x1B73, 230},
    {0x1BAA, 9}, {0x1BAB, 9}, {0x1BE6, 7},
    {0x1BF2, 9}, {0x1BF3, 9}, {0x1C37, 7},
    {0x1CD0, 230}, {0x1CD1, 230}, {0x1CD2, 230},
    {0x1CD4, 1}, {0x1CD5, 220}, {0x1CD6, 220},
    {0x1CD7, 220}, {0x1CD8, 220}, {0x1CD9, 220},
    {0x1CDA, 230}, {0x1CDB, 230}, {0x1CDC, 220},
    {0x1CDD, 220}, {0x1CDE, 220}, {0x1CDF, 220},
    {0x1CE0, 230}, {0x1CE2, 1}, {0x1CE3, 1},
    {0x1CE4, 1}, {0x1CE5, 1}, {0x1CE6, 1},
    {0x1CE7, 1}, {0x1CE8, 1}, {0x1CED, 220},
    {0x1CF4, 230}, {0x1CF8, 230}, {0x1CF9, 230},
    {0x1DC0, 230}, {0x1DC1, 230}, {0x1DC2, 220},
    {0x1DC3, 230}, {0x1DC4, 230}, {0x1DC5, 230},
    {0x1DC6, 230}, {0x1DC7, 230}, {0x1DC8, 230},
    {0x1DC9, 230}, {0x1DCA, 220}, {0x1DCB, 230},
    {0x1DCC, 230}, {0x1DCD, 234}, {0x1DCE, 214},
    {0x1DCF, 220}, {0x1DD0, 202}, {0x1DD1, 230},
    {0x1DD2, 230}, {0x1DD3, 230}, {0x1DD4, 230},
    {0x1DD5, 230}, {0x1DD6, 230}, {0x1DD7, 230},
    {0x1DD8, 230}, {0x1DD9, 230}, {0x1DDA, 230},
    {0x1DDB, 230}, {0x1DDC, 230}, {0x1DDD, 230},
    {0x1DDE, 230}, {0x1DDF, 230}, {0x1DE0, 230},
    {0x1DE1, 230}, {0x1DE2, 230}, {0x1DE3, 230},
    {0x1DE4, 230}, {0x1DE5, 230}, {0x1DE6, 230},
    {0x1DE7, 230}, {0x1DE8, 230}, {0x1DE9, 230},
    {0x1DEA, 230}, {0x1DEB, 230}, {0x1DEC, 230},
    {0x1DED, 230}, {0x1DEE, 230}, {0x1DEF, 230},
    {0x1DF0, 230}, {0x1DF1, 230}, {0x1DF2, 230},
    {0x1DF3, 230}, {0x1DF4, 230}, {0x1DF5, 230},
    {0x1DF6, 232}, {0x1DF7, 228}, {0x1DF8, 228},
    {0x1DF9, 220}, {0x1DFA, 218}, {0x1DFB, 230},
    {0x1DFC, 233}, {0x1DFD, 220}, {0x1DFE, 230},
    {0x1DFF, 220}, {0x20D0, 230}, {0x20D1, 230},
    {0x20D2, 1}, {0x20D3, 1}, {0x20D4, 230},
    {0x20D5, 230}, {0x20D6, 230}, {0x20D7, 230},
    {0x20D8, 1}, {0x20D9, 1}, {0x20DA, 1},
    {0x20DB, 230}, {0x20DC, 230}, {0x20E1, 230},
    {0x20E5, 1}, {0x20E6, 1}, {0x20E7, 230},
    {0x20E8, 220}, {0x20E9, 230}, {0x20EA, 1},
    {0x20EB, 1}, {0x20EC, 220}, {0x20ED, 220},
    {0x20EE, 220}, {0x20EF, 220}, {0x20F0, 230},
    {0x2CEF, 230}, {0x2CF0, 230}, {0x2CF1, 230},
    {0x2D7F, 9}, {0x2DE0, 230}, {0x2DE1, 230},
    {0x2DE2, 230}, {0x2DE3, 230}, {0x2DE4, 230},
    {0x2DE5, 230}, {0x2DE6, 230}, {0x2DE7, 230},
    {0x2DE8, 230}, {0x2DE9, 230}, {0x2DEA, 230},
    {0x2DEB, 230}, {0x2DEC, 230}, {0x2DED, 230},
    {0x2DEE, 230}, {0x2DEF, 230}, {0x2DF0, 230},
    {0x2DF1, 230}, {0x2DF2, 230}, {0x2DF3, 230},
    {0x2DF4, 230}, {0x2DF5, 230}, {0x2DF6, 230},
    {0x2DF7, 230}, {0x2DF8, 230}, {0x2DF9, 230},
    {0x2DFA, 230}, {0x2DFB, 230}, {0x2DFC, 230},
    {0x2DFD, 230}, {0x2DFE, 230}, {0x2DFF, 230},
    {0x302A, 218}, {0x302B, 228}, {0x302C, 232},
    {0x302D, 222}, {0x302E, 224}, {0x302F, 224},
    {0x3099, 8}, {0x309A, 8}, {0xA66F, 230},
    {0xA674, 230}, {0xA675, 230}, {0xA676, 230},
    {0xA677, 230}, {0xA678, 230}, {0xA679, 230},
    {0xA67A, 230}, {0xA67B, 230}, {0xA67C, 230},
    {0xA67D, 230}, {0xA69E, 230}, {0xA69F, 230},
    {0xA6F0, 230}, {0xA6F1, 230}, {0xA806, 9},
    {0xA82C, 9}, {0xA8C4, 9}, {0xA8E0, 230},
    {0xA8E1, 230}, {0xA8E2, 230}, {0xA8E3, 230},
    {0xA8E4, 230}, {0xA8E5, 230}, {0xA8E6, 230},
    {0xA8E7, 230}, {0xA8E8, 230}, {0xA8E9, 230},
    {0xA8EA, 230}, {0xA8EB, 230}, {0xA8EC, 230},
    {0xA8ED, 230}, {0xA8EE, 230}, {0xA8EF, 230},
    {0xA8F0, 230}, {0xA8F1, 230}, {0xA92B, 220},
    {0xA92C, 220}, {0xA92D, 220}, {0xA953, 9},
    {0xA9B3, 7}, {0xA9C0, 9}, {0xAAB0, 230},
    {0xAAB2, 230}, {0xAAB3, 230}, {0xAAB4, 220},
    {0xAAB7, 230}, {0xAAB8, 230}, {0xAABE, 230},
    {0xAABF, 230}, {0xAAC1, 230}, {0xAAF6, 9},
    {0xABED, 9}, {0xFB1E, 26}, {0xFE20, 230},
    {0xFE21, 230}, {0xFE22, 230}, {0xFE23, 230},
    {0xFE24, 230}, {0xFE25, 230}, {0xFE26, 230},
    {0xFE27, 220}, {0xFE28, 220}, {0xFE29, 220},
    {0xFE2A, 220}, {0xFE2B, 220}, {0xFE2C, 220},
    {0xFE2D, 220}, {0xFE2E, 230}, {0xFE2F, 230},
    {0x101FD, 220}, {0x102E0, 220}, {0x10376, 230},
    {0x10377, 230}, {0x10378, 230}, {0x10379, 230},
    {0x1037A, 230}, {0x10A0D, 220}, {0x10A0F, 230},
    {0x10A38, 230}, {0x10A39, 1}, {0x10A3A, 220},
    {0x10A3F, 9}, {0x10AE5, 230}, {0x10AE6, 220},
    {0x10D24, 230}, {0x10D25, 230}, {0x10D26, 230},
    {0x10D27, 230}, {0x10D69, 230}, {0x10D6A, 230},
    {0x10D6B, 230}, {0x10D6C, 230}, {0x10D6D, 230},
    {0x10EAB, 230}, {0x10EAC, 230}, {0x10EFD, 220},
    {0x10EFE, 220}, {0x10EFF, 220}, {0x10F46, 220},
    {0x10F47, 220}, {0x10F48, 230}, {0x10F49, 230},
    {0x10F4A, 230}, {0x10F4B, 220}, {0x10F4C, 230},
    {0x10F4D, 220}, {0x10F4E, 220}, {0x10F4F, 220},
    {0x10F50, 220}, {0x10F82, 230}, {0x10F83, 220},
    {0x10F84, 230}, {0x10F85, 220}, {0x11046, 9},
    {0x11070, 9}, {0x1107F, 9}, {0x110B9, 9},
    {0x110BA, 7}, {0x11100, 230}, {0x11101, 230},
    {0x11102, 230}, {0x11133, 9}, {0x11134, 9},
    {0x11173, 7}, {0x111C0, 9}, {0x111CA, 7},
    {0x11235, 9}, {0x11236, 7}, {0x112E9, 7},
    {0x112EA, 9}, {0x1133B, 7}, {0x1133C, 7},
    {0x1134D, 9}, {0x11366, 230}, {0x11367, 230},
    {0x11368, 230}, {0x11369, 230}, {0x1136A, 230},
    {0x1136B, 230}, {0x1136C, 230}, {0x11370, 230},
    {0x11371, 230}, {0x11372, 230}, {0x11373, 230},
    {0x11374, 230}, {0x113CE, 9}, {0x113CF, 9},
    {0x113D0, 9}, {0x11442, 9}, {0x11446, 7},
    {0x1145E, 230}, {0x114C2, 9}, {0x114C3, 7},
    {0x115BF, 9}, {0x115C0, 7}, {0x1163F, 9},
    {0x116B6, 9}, {0x116B7, 7}, {0x1172B, 9},
    {0x11839, 9}, {0x1183A, 7}, {0x1193D, 9},
    {0x1193E, 9}, {0x11943, 7}, {0x119E0, 9},
    {0x11A34, 9}, {0x11A47, 9}, {0x11A99, 9},
    {0x11C3F, 9}, {0x11D42, 7}, {0x11D44, 9},
    {0x11D45, 9}, {0x11D97, 9}, {0x11F41, 9},
    {0x11F42, 9}, {0x1612F, 9}, {0x16AF0, 1},
    {0x16AF1, 1}, {0x16AF2, 1}, {0x16AF3, 1},
    {0x16AF4, 1}, {0x16B30, 230}, {0x16B31, 230},
    {0x16B32, 230}, {0x16B33, 230}, {0x16B34, 230},
    {0x16B35, 230}, {0x16B36, 230}, {0x16FF0, 6},
    {0x16FF1, 6}, {0x1BC9E, 1}, {0x1D165, 216},
    {0x1D166, 216}, {0x1D167, 1}, {0x1D168, 1},
    {0x1D169, 1}, {0x1D16D, 226}, {0x1D16E, 216},
    {0x1D16F, 216}, {0x1D170, 216}, {0x1D171, 216},
    {0x1D172, 216}, {0x1D17B, 220}, {0x1D17C, 220},
    {0x1D17D, 220}, {0x1D17E, 220}, {0x1D17F, 220},
    {0x1D180, 220}, {0x1D181, 220}, {0x1D182, 220},
    {0x1D185, 230}, {0x1D186, 230}, {0x1D187, 230},
    {0x1D188, 230}, {0x1D189, 230}, {0x1D18A, 220},
    {0x1D18B, 220}, {0x1D1AA, 230}, {0x1D1AB, 230},
    {0x1D1AC, 230}, {0x1D1AD, 230}, {0x1D242, 230},
    {0x1D243, 230}, {0x1D244, 230}, {0x1E000, 230},
    {0x1E001, 230}, {0x1E002, 230}, {0x1E003, 230},
    {0x1E004, 230}, {0x1E005, 230}, {0x1E006, 230},
    {0x1E008, 230}, {0x1E009, 230}, {0x1E00A, 230},
    {0x1E00B, 230}, {0x1E00C, 230}, {0x1E00D, 230},
    {0x1E00E, 230}, {0x1E00F, 230}, {0x1E010, 230},
    {0x1E011, 230}, {0x1E012, 230}, {0x1E013, 230},
    {0x1E014, 230}, {0x1E015, 230}, {0x1E016, 230},
    {0x1E017, 230}, {0x1E018, 230}, {0x1E01B, 230},
    {0x1E01C, 230}, {0x1E01D, 230}, {0x1E01E, 230},
    {0x1E01F, 230}, {0x1E020, 230}, {0x1E021, 230},
    {0x1E023, 230}, {0x1E024, 230}, {0x1E026, 230},
    {0x1E027, 230}, {0x1E028, 230}, {0x1E029, 230},
    {0x1E02A, 230}, {0x1E08F, 230}, {0x1E130, 230},
    {0x1E131, 230}, {0x1E132, 230}, {0x1E133, 230},
    {0x1E134, 230}, {0x1E135, 230}, {0x1E136, 230},
    {0x1E2AE, 230}, {0x1E2EC, 230}, {0x1E2ED, 230},
    {0x1E2EE, 230}, {0x1E2EF, 230}, {0x1E4EC, 232},
    {0x1E4ED, 232}, {0x1E4EE, 220}, {0x1E4EF, 230},
    {0x1E5EE, 230}, {0x1E5EF, 220}, {0x1E8D0, 220},
    {0x1E8D1, 220}, {0x1E8D2, 220}, {0x1E8D3, 220},
    {0x1E8D4, 220}, {0x1E8D5, 220}, {0x1E8D6, 220},
    {0x1E944, 230}, {0x1E945, 230}, {0x1E946, 230},
    {0x1E947, 230}, {0x1E948, 230}, {0x1E949, 230},
    {0x1E94A, 7},
};

inline constexpr Composition compositions[] = {
    {0x3C, 0x338, 0x226E}, {0x3D, 0x338, 0x2260}, {0x3E, 0x338, 0x226F},
    {0x41, 0x300, 0xC0}, {0x41, 0x301, 0xC1}, {0x41, 0x302, 0xC2},
    {0x41, 0x303, 0xC3}, {0x41, 0x304, 0x100}, {0x41, 0x306, 0x102},
    {0x41, 0x307, 0x226}, {0x41, 0x308, 0xC4}, {0x41, 0x309, 0x1EA2},
    {0x41, 0x30A, 0xC5}, {0x41, 0x30C, 0x1CD}, {0x41, 0x30F, 0x200},
    {0x41, 0x311, 0x202}, {0x41, 0x323, 0x1EA0}, {0x41, 0x325, 0x1E00},
    {0x41, 0x328, 0x104}, {0x42, 0x307, 0x1E02}, {0x42, 0x323, 0x1E04},
    {0x42, 0x331, 0x1E06}, {0x43, 0x301, 0x106}, {0x43, 0x302, 0x108},
    {0x43, 0x307, 0x10A}, {0x43, 0x30C, 0x10C}, {0x43, 0x327, 0xC7},
    {0x44, 0x307, 0x1E0A}, {0x44, 0x30C, 0x10E}, {0x44, 0x323, 0x1E0C},
    {0x44, 0x327, 0x1E10}, {0x44, 0x32D, 0x1E12}, {0x44, 0x331, 0x1E0E},
    {0x45, 0x300, 0xC8}, {0x45, 0x301, 0xC9}, {0x45, 0x302, 0xCA},
    {0x45, 0x303, 0x1EBC}, {0x45, 0x304, 0x112}, {0x45, 0x306, 0x114},
    {0x45, 0x307, 0x116}, {0x45, 0x308, 0xCB}, {0x45, 0x309, 0x1EBA},
    {0x45, 0x30C, 0x11A}, {0x45, 0x30F, 0x204}, {0x45, 0x311, 0x206},
    {0x45, 0x323, 0x1EB8}, {0x45, 0x327, 0x228}, {0x45, 0x328, 0x118},
    {0x45, 0x32D, 0x1E18}, {0x45, 0x330, 0x1E1A}, {0x46, 0x307, 0x1E1E},
    {0x47, 0x301, 0x1F4}, {0x47, 0x302, 0x11C}, {0x47, 0x304, 0x1E20},
    {0x47, 0x306, 0x11E}, {0x47, 0x307, 0x120}, {0x47, 0x30C, 0x1E6},
    {0x47, 0x327, 0x122}, {0x48, 0x302, 0x124}, {0x48, 0x307, 0x1E22},
    {0x48, 0x308, 0x1E26}, {0x48, 0x30C, 0x21E}, {0x48, 0x323, 0x1E24},
    {0x48, 0x327, 0x1E28}, {0x48, 0x32E, 0x1E2A}, {0x49, 0x300, 0xCC},
    {0x49, 0x301, 0xCD}, {0x49, 0x302, 0xCE}, {0x49, 0x303, 0x128},
    {0x49, 0x304, 0x12A}, {0x49, 0x306, 0x12C}, {0x49, 0x307, 0x130},
    {0x49, 0x308, 0xCF}, {0x49, 0x309, 0x1EC8}, {0x49, 0x30C, 0x1CF},
    {0x49, 0x30F, 0x208}, {0x49, 0x311, 0x20A}, {0x49, 0x323, 0x1ECA},
    {0x49, 0x328, 0x12E}, {0x49, 0x330, 0x1E2C}, {0x4A, 0x302, 0x134},
    {0x4B, 0x301, 0x1E30}, {0x4B, 0x30C, 0x1E8}, {0x4B, 0x323, 0x1E32},
    {0x4B, 0x327, 0x136}, {0x4B, 0x331, 0x1E34}, {0x4C, 0x301, 0x139},
    {0x4C, 0x30C, 0x13D}, {0x4C, 0x323, 0x1E36}, {0x4C, 0x327, 0x13B},
    {0x4C, 0x32D, 0x1E3C}, {0x4C, 0x331, 0x1E3A}, {0x4D, 0x301, 0x1E3E},
    {0x4D, 0x307, 0x1E40}, {0x4D, 0x323, 0x1E42}, {0x4E, 0x300, 0x1F8},
    {0x4E, 0x301, 0x143}, {0x4E, 0x303, 0xD1}, {0x4E, 0x307, 0x1E44},
    {0x4E, 0x30C, 0x147}, {0x4E, 0x323, 0x1E46}, {0x4E, 0x327, 0x145},
    {0x4E, 0x32D, 0x1E4A}, {0x4E, 0x331, 0x1E48}, {0x4F, 0x300, 0xD2},
    {0x4F, 0x301, 0xD3}, {0x4F, 0x302, 0xD4}, {0x4F, 0x303, 0xD5},
    {0x4F, 0x304, 0x14C}, {0x4F, 0x306, 0x14E}, {0x4F, 0x307, 0x22E},
    {0x4F, 0x308, 0xD6}, {0x4F, 0x309, 0x1ECE}, {0x4F, 0x30B, 0x150},
    {0x4F, 0x30C, 0x1D1}, {0x4F, 0x30F, 0x20C}, {0x4F, 0x311, 0x20E},
    {0x4F, 0x31B, 0x1A0}, {0x4F, 0x323, 0x1ECC}, {0x4F, 0x328, 0x1EA},
    {0x50, 0x301, 0x1E54}, {0x50, 0x307, 0x1E56}, {0x52, 0x301, 0x154},
    {0x52, 0x307, 0x1E58}, {0x52, 0x30C, 0x158}, {0x52, 0x30F, 0x210},
    {0x52, 0x311, 0x212}, {0x52, 0x323, 0x1E5A}, {0x52, 0x327, 0x156},
    {0x52, 0x331, 0x1E5E}, {0x53, 0x301, 0x15A}, {0x53, 0x302, 0x15C},
    {0x53, 0x307, 0x1E60}, {0x53, 0x30C, 0x160}, {0x53, 0x323, 0x1E62},
    {0x53, 0x326, 0x218}, {0x53, 0x327, 0x15E}, {0x54, 0x307, 0x1E6A},
    {0x54, 0x30C, 0x164}, {0x54, 0x323, 0x1E6C}, {0x54, 0x326, 0x21A},
    {0x54, 0x327, 0x162}, {0x54, 0x32D, 0x1E70}, {0x54, 0x331, 0x1E6E},
    {0x55, 0x300, 0xD9}, {0x55, 0x301, 0xDA}, {0x55, 0x302, 0xDB},
    {0x55, 0x303, 0x168}, {0x55, 0x304, 0x16A}, {0x55, 0x306, 0x16C},
    {0x55, 0x308, 0xDC}, {0x55, 0x309, 0x1EE6}, {0x55, 0x30A, 0x16E},
    {0x55, 0x30B, 0x170}, {0x55, 0x30C, 0x1D3}, {0x55, 0x30F, 0x214},
    {0x55, 0x311, 0x216}, {0x55, 0x31B, 0x1AF}, {0x55, 0x323, 0x1EE4},
    {0x55, 0x324, 0x1E72}, {0x55, 0x328, 0x172}, {0x55, 0x32D, 0x1E76},
    {0x55, 0x330, 0x1E74}, {0x56, 0x303, 0x1E7C}, {0x56, 0x323, 0x1E7E},
    {0x57, 0x300, 0x1E80}, {0x57, 0x301, 0x1E82}, {0x57, 0x302, 0x174},
    {0x57, 0x307, 0x1E86}, {0x57, 0x308, 0x1E84}, {0x57, 0x323, 0x1E88},
    {0x58, 0x307, 0x1E8A}, {0x58, 0x308, 0x1E8C}, {0x59, 0x300, 0x1EF2},
    {0x59, 0x301, 0xDD}, {0x59, 0x302, 0x176}, {0x59, 0x303, 0x1EF8},
    {0x59, 0x304, 0x232}, {0x59, 0x307, 0x1E8E}, {0x59, 0x308, 0x178},
    {0x59, 0x309, 0x1EF6}, {0x59, 0x323, 0x1EF4}, {0x5A, 0x301, 0x179},
    {0x5A, 0x302, 0x1E90}, {0x5A, 0x307, 0x17B}, {0x5A, 0x30C, 0x17D},
    {0x5A, 0x323, 0x1E92}, {0x5A, 0x331, 0x1E94}, {0x61, 0x300, 0xE0},
    {0x61, 0x301, 0xE1}, {0x61, 0x302, 0xE2}, {0x61, 0x303, 0xE3},
    {0x61, 0x304, 0x101}, {0x61, 0x306, 0x103}, {0x61, 0x307, 0x227},
    {0x61, 0x308, 0xE4}, {0x61, 0x309, 0x1EA3}, {0x61, 0x30A, 0xE5},
    {0x61, 0x30C, 0x1CE}, {0x61, 0x30F, 0x201}, {0x61, 0x311, 0x203},
    {0x61, 0x323, 0x1EA1}, {0x61, 0x325, 0x1E01}, {0x61, 0x328, 0x105},
    {0x62, 0x307, 0x1E03}, {0x62, 0x323, 0x1E05}, {0x62, 0x331, 0x1E07},
    {0x63, 0x301, 0x107}, {0x63, 0x302, 0x109}, {0x63, 0x307, 0x10B},
    {0x63, 0x30C, 0x10D}, {0x63, 0x327, 0xE7}, {0x64, 0x307, 0x1E0B},
    {0x64, 0x30C, 0x10F}, {0x64, 0x323, 0x1E0D}, {0x64, 0x327, 0x1E11},
    {0x64, 0x32D, 0x1E13}, {0x64, 0x331, 0x1E0F}, {0x65, 0x300, 0xE8},
    {0x65, 0x301, 0xE9}, {0x65, 0x302, 0xEA}, {0x65, 0x303, 0x1EBD},
    {0x65, 0x304, 0x113}, {0x65, 0x306, 0x115}, {0x65, 0x307, 0x117},
    {0x65, 0x308, 0xEB}, {0x65, 0x309, 0x1EBB}, {0x65, 0x30C, 0x11B},
    {0x65, 0x30F, 0x205}, {0x65, 0x311, 0x207}, {0x65, 0x323, 0x1EB9},
    {0x65, 0x327, 0x229}, {0x65, 0x328, 0x119}, {0x65, 0x32D, 0x1E19},
    {0x65, 0x330, 0x1E1B}, {0x66, 0x307, 0x1E1F}, {0x67, 0x301, 0x1F5},
    {0x67, 0x302, 0x11D}, {0x67, 0x304, 0x1E21}, {0x67, 0x306, 0x11F},
    {0x67, 0x307, 0x121}, {0x67, 0x30C, 0x1E7}, {0x67, 0x327, 0x123},
    {0x68, 0x302, 0x125}, {0x68, 0x307, 0x1E23}, {0x68, 0x308, 0x1E27},
    {0x68, 0x30C, 0x21F}, {0x68, 0x323, 0x1E25}, {0x68, 0x327, 0x1E29},
    {0x68, 0x32E, 0x1E2B}, {0x68, 0x331, 0x1E96}, {0x69, 0x300, 0xEC},
    {0x69, 0x301, 0xED}, {0x69, 0x302, 0xEE}, {0x69, 0x303, 0x129},
    {0x69, 0x304, 0x12B}, {0x69, 0x306, 0x12D}, {0x69, 0x308, 0xEF},
    {0x69, 0x309, 0x1EC9}, {0x69, 0x30C, 0x1D0}, {0x69, 0x30F, 0x209},
    {0x69, 0x311, 0x20B}, {0x69, 0x323, 0x1ECB}, {0x69, 0x328, 0x12F},
    {0x69, 0x330, 0x1E2D}, {0x6A, 0x302, 0x135}, {0x6A, 0x30C, 0x1F0},
    {0x6B, 0x301, 0x1E31}, {0x6B, 0x30C, 0x1E9}, {0x6B, 0x323, 0x1E33},
    {0x6B, 0x327, 0x137}, {0x6B, 0x331, 0x1E35}, {0x6C, 0x301, 0x13A},
    {0x6C, 0x30C, 0x13E}, {0x6C, 0x323, 0x1E37}, {0x6C, 0x327, 0x13C},
    {0x6C, 0x32D, 0x1E3D}, {0x6C, 0x331, 0x1E3B}, {0x6D, 0x301, 0x1E3F},
    {0x6D, 0x307, 0x1E41}, {0x6D, 0x323, 0x1E43}, {0x6E, 0x300, 0x1F9},
    {0x6E, 0x301, 0x144}, {0x6E, 0x303, 0xF1}, {0x6E, 0x307, 0x1E45},
    {0x6E, 0x30C, 0x148}, {0x6E, 0x323, 0x1E47}, {0x6E, 0x327, 0x146},
    {0x6E, 0x32D, 0x1E4B}, {0x6E, 0x331, 0x1E49}, {0x6F, 0x300, 0xF2},
    {0x6F, 0x301, 0xF3}, {0x6F, 0x302, 0xF4}, {0x6F, 0x303, 0xF5},
    {0x6F, 0x304, 0x14D}, {0x6F, 0x306, 0x14F}, {0x6F, 0x307, 0x22F},
    {0x6F, 0x308, 0xF6}, {0x6F, 0x309, 0x1ECF}, {0x6F, 0x30B, 0x151},
    {0x6F, 0x30C, 0x1D2}, {0x6F, 0x30F, 0x20D}, {0x6F, 0x311, 0x20F},
    {0x6F, 0x31B, 0x1A1}, {0x6F, 0x323, 0x1ECD}, {0x6F, 0x328, 0x1EB},
    {0x70, 0x301, 0x1E55}, {0x70, 0x307, 0x1E57}, {0x72, 0x301, 0x155},
    {0x72, 0x307, 0x1E59}, {0x72, 0x30C, 0x159}, {0x72, 0x30F, 0x211},
    {0x72, 0x311, 0x213}, {0x72, 0x323, 0x1E5B}, {0x72, 0x327, 0x157},
    {0x72, 0x331, 0x1E5F}, {0x73, 0x301, 0x15B}, {0x73, 0x302, 0x15D},
    {0x73, 0x307, 0x1E61}, {0x73, 0x30C, 0x161}, {0x73, 0x323, 0x1E63},
    {0x73, 0x326, 0x219}, {0x73, 0x327, 0x15F}, {0x74, 0x307, 0x1E6B},
    {0x74, 0x308, 0x1E97}, {0x74, 0x30C, 0x165}, {0x74, 0x323, 0x1E6D},
    {0x74, 0x326, 0x21B}, {0x74, 0x327, 0x163}, {0x74, 0x32D, 0x1E71},
    {0x74, 0x331, 0x1E6F}, {0x75, 0x300, 0xF9}, {0x75, 0x301, 0xFA},
    {0x75, 0x302, 0xFB}, {0x75, 0x303, 0x169}, {0x75, 0x304, 0x16B},
    {0x75, 0x306, 0x16D}, {0x75, 0x308, 0xFC}, {0x75, 0x309, 0x1EE7},
    {0x75, 0x30A, 0x16F}, {0x75, 0x30B, 0x171}, {0x75, 0x30C, 0x1D4},
    {0x75, 0x30F, 0x215}, {0x75, 0x311, 0x217}, {0x75, 0x31B, 0x1B0},
    {0x75, 0x323, 0x1EE5}, {0x75, 0x324, 0x1E73}, {0x75, 0x328, 0x173},
    {0x75, 0x32D, 0x1E77}, {0x75, 0x330, 0x1E75}, {0x76, 0x303, 0x1E7D},
    {0x76, 0x323, 0x1E7F}, {0x77, 0x300, 0x1E81}, {0x77, 0x301, 0x1E83},
    {0x77, 0x302, 0x175}, {0x77, 0x307, 0x1E87}, {0x77, 0x308, 0x1E85},
    {0x77, 0x30A, 0x1E98}, {0x77, 0x323, 0x1E89}, {0x78, 0x307, 0x1E8B},
    {0x78, 0x308, 0x1E8D}, {0x79, 0x300, 0x1EF3}, {0x79, 0x301, 0xFD},
    {0x79, 0x302, 0x177}, {0x79, 0x303, 0x1EF9}, {0x79, 0x304, 0x233},
    {0x79, 0x307, 0x1E8F}, {0x79, 0x308, 0xFF}, {0x79, 0x309, 0x1EF7},
    {0x79, 0x30A, 0x1E99}, {0x79, 0x323, 0x1EF5}, {0x7A, 0x301, 0x17A},
    {0x7A, 0x302, 0x1E91}, {0x7A, 0x307, 0x17C}, {0x7A, 0x30C, 0x17E},
    {0x7A, 0x323, 0x1E93}, {0x7A, 0x331, 0x1E95}, {0xA8, 0x300, 0x1FED},
    {0xA8, 0x301, 0x385}, {0xA8, 0x342, 0x1FC1}, {0xC2, 0x300, 0x1EA6},
    {0xC2, 0x301, 0x1EA4}, {0xC2, 0x303, 0x1EAA}, {0xC2, 0x309, 0x1EA8},
    {0xC4, 0x304, 0x1DE}, {0xC5, 0x301, 0x1FA}, {0xC6, 0x301, 0x1FC},
    {0xC6, 0x304, 0x1E2}, {0xC7, 0x301, 0x1E08}, {0xCA, 0x300, 0x1EC0},
    {0xCA, 0x301, 0x1EBE}, {0xCA, 0x303, 0x1EC4}, {0xCA, 0x309, 0x1EC2},
    {0xCF, 0x301, 0x1E2E}, {0xD4, 0x300, 0x1ED2}, {0xD4, 0x301, 0x1ED0},
    {0xD4, 0x303, 0x1ED6}, {0xD4, 0x309, 0x1ED4}, {0xD5, 0x301, 0x1E4C},
    {0xD5, 0x304, 0x22C}, {0xD5, 0x308, 0x1E4E}, {0xD6, 0x304, 0x22A},
    {0xD8, 0x301, 0x1FE}, {0xDC, 0x300, 0x1DB}, {0xDC, 0x301, 0x1D7},
    {0xDC, 0x304, 0x1D5}, {0xDC, 0x30C, 0x1D9}, {0xE2, 0x300, 0x1EA7},
    {0xE2, 0x301, 0x1EA5}, {0xE2, 0x303, 0x1EAB}, {0xE2, 0x309, 0x1EA9},
    {0xE4, 0x304, 0x1DF}, {0xE5, 0x301, 0x1FB}, {0xE6, 0x301, 0x1FD},
    {0xE6, 0x304, 0x1E3}, {0xE7, 0x301, 0x1E09}, {0xEA, 0x300, 0x1EC1},
    {0xEA, 0x301, 0x1EBF}, {0xEA, 0x303, 0x1EC5}, {0xEA, 0x309, 0x1EC3},
    {0xEF, 0x301, 0x1E2F}, {0xF4, 0x300, 0x1ED3}, {0xF4, 0x301, 0x1ED1},
    {0xF4, 0x303, 0x1ED7}, {0xF4, 0x309, 0x1ED5}, {0xF5, 0x301, 0x1E4D},
    {0xF5, 0x304, 0x22D}, {0xF5, 0x308, 0x1E4F}, {0xF6, 0x304, 0x22B},
    {0xF8, 0x301, 0x1FF}, {0xFC, 0x300, 0x1DC}, {0xFC, 0x301, 0x1D8},
    {0xFC, 0x304, 0x1D6}, {0xFC, 0x30C, 0x1DA}, {0x102, 0x300, 0x1EB0},
    {0x102, 0x301, 0x1EAE}, {0x102, 0x303, 0x1EB4}, {0x102, 0x309, 0x1EB2},
    {0x103, 0x300, 0x1EB1}, {0x103, 0x301, 0x1EAF}, {0x103, 0x303, 0x1EB5},
    {0x103, 0x309, 0x1EB3}, {0x112, 0x300, 0x1E14}, {0x112, 0x301, 0x1E16},
    {0x113, 0x300, 0x1E15}, {0x113, 0x301, 0x1E17}, {0x14C, 0x300, 0x1E50},
    {0x14C, 0x301, 0x1E52}, {0x14D, 0x300, 0x1E51}, {0x14D, 0x301, 0x1E53},
    {0x15A, 0x307, 0x1E64}, {0x15B, 0x307, 0x1E65}, {0x160, 0x307, 0x1E66},
    {0x161, 0x307, 0x1E67}, {0x168, 0x301, 0x1E78}, {0x169, 0x301, 0x1E79},
    {0x16A, 0x308, 0x1E7A}, {0x16B, 0x308, 0x1E7B}, {0x17F, 0x307, 0x1E9B},
    {0x1A0, 0x300, 0x1EDC}, {0x1A0, 0x301, 0x1EDA}, {0x1A0, 0x303, 0x1EE0},
    {0x1A0, 0x309, 0x1EDE}, {0x1A0, 0x323, 0x1EE2}, {0x1A1, 0x300, 0x1EDD},
    {0x1A1, 0x301, 0x1EDB}, {0x1A1, 0x303, 0x1EE1}, {0x1A1, 0x309, 0x1EDF},
    {0x1A1, 0x323, 0x1EE3}, {0x1AF, 0x300, 0x1EEA}, {0x1AF, 0x301, 0x1EE8},
    {0x1AF, 0x303, 0x1EEE}, {0x1AF, 0x309, 0x1EEC}, {0x1AF, 0x323, 0x1EF0},
    {0x1B0, 0x300, 0x1EEB}, {0x1B0, 0x301, 0x1EE9}, {0x1B0, 0x303, 0x1EEF},
    {0x1B0, 0x309, 0x1EED}, {0x1B0, 0x323, 0x1EF1}, {0x1B7, 0x30C, 0x1EE},
    {0x1EA, 0x304, 0x1EC}, {0x1EB, 0x304, 0x1ED}, {0x226, 0x304, 0x1E0},
    {0x227, 0x304, 0x1E1}, {0x228, 0x306, 0x1E1C}, {0x229, 0x306, 0x1E1D},
    {0x22E, 0x304, 0x230}, {0x22F, 0x304, 0x231}, {0x292, 0x30C, 0x1EF},
    {0x391, 0x300, 0x1FBA}, {0x391, 0x301, 0x386}, {0x391, 0x304, 0x1FB9},
    {0x391, 0x306, 0x1FB8}, {0x391, 0x313, 0x1F08}, {0x391, 0x314, 0x1F09},
    {0x391, 0x345, 0x1FBC}, {0x395, 0x300, 0x1FC8}, {0x395, 0x301, 0x388},
    {0x395, 0x313, 0x1F18}, {0x395, 0x314, 0x1F19}, {0x397, 0x300, 0x1FCA},
    {0x397, 0x301, 0x389}, {0x397, 0x313, 0x1F28}, {0x397, 0x314, 0x1F29},
    {0x397, 0x345, 0x1FCC}, {0x399, 0x300, 0x1FDA}, {0x399, 0x301, 0x38A},
    {0x399, 0x304, 0x1FD9}, {0x399, 0x306, 0x1FD8}, {0x399, 0x308, 0x3AA},
    {0x399, 0x313, 0x1F38}, {0x399, 0x314, 0x1F39}, {0x39F, 0x300, 0x1FF8},
    {0x39F, 0x301, 0x38C}, {0x39F, 0x313, 0x1F48}, {0x39F, 0x314, 0x1F49},
    {0x3A1, 0x314, 0x1FEC}, {0x3A5, 0x300, 0x1FEA}, {0x3A5, 0x301, 0x38E},
    {0x3A5, 0x304, 0x1FE9}, {0x3A5, 0x306, 0x1FE8}, {0x3A5, 0x308, 0x3AB},
    {0x3A5, 0x314, 0x1F59}, {0x3A9, 0x300, 0x1FFA}, {0x3A9, 0x301, 0x38F},
    {0x3A9, 0x313, 0x1F68}, {0x3A9, 0x314, 0x1F69}, {0x3A9, 0x345, 0x1FFC},
    {0x3AC, 0x345, 0x1FB4}, {0x3AE, 0x345, 0x1FC4}, {0x3B1, 0x300, 0x1F70},
    {0x3B1, 0x301, 0x3AC}, {0x3B1, 0x304, 0x1FB1}, {0x3B1, 0x306, 0x1FB0},
    {0x3B1, 0x313, 0x1F00}, {0x3B1, 0x314, 0x1F01}, {0x3B1, 0x342, 0x1FB6},
    {0x3B1, 0x345, 0x1FB3}, {0x3B5, 0x300, 0x1F72}, {0x3B5, 0x301, 0x3AD},
    {0x3B5, 0x313, 0x1F10}, {0x3B5, 0x314, 0x1F11}, {0x3B7, 0x300, 0x1F74},
    {0x3B7, 0x301, 0x3AE}, {0x3B7, 0x313, 0x1F20}, {0x3B7, 0x314, 0x1F21},
    {0x3B7, 0x342, 0x1FC6}, {0x3B7, 0x345, 0x1FC3}, {0x3B9, 0x300, 0x1F76},
    {0x3B9, 0x301, 0x3AF}, {0x3B9, 0x304, 0x1FD1}, {0x3B9, 0x306, 0x1FD0},
    {0x3B9, 0x308, 0x3CA}, {0x3B9, 0x313, 0x1F30}, {0x3B9, 0x314, 0x1F31},
    {0x3B9, 0x342, 0x1FD6}, {0x3BF, 0x300, 0x1F78}, {0x3BF, 0x301, 0x3CC},
    {0x3BF, 0x313, 0x1F40}, {0x3BF, 0x314, 0x1F41}, {0x3C1, 0x313, 0x1FE4},
    {0x3C1, 0x314, 0x1FE5}, {0x3C5, 0x300, 0x1F7A}, {0x3C5, 0x301, 0x3CD},
    {0x3C5, 0x304, 0x1FE1}, {0x3C5, 0x306, 0x1FE0}, {0x3C5, 0x308, 0x3CB},
    {0x3C5, 0x313, 0x1F50}, {0x3C5, 0x314, 0x1F51}, {0x3C5, 0x342, 0x1FE6},
    {0x3C9, 0x300, 0x1F7C}, {0x3C9, 0x301, 0x3CE}, {0x3C9, 0x313, 0x1F60},
    {0x3C9, 0x314, 0x1F61}, {0x3C9, 0x342, 0x1FF6}, {0x3C9, 0x345, 0x1FF3},
    {0x3CA, 0x300, 0x1FD2}, {0x3CA, 0x301, 0x390}, {0x3CA, 0x342, 0x1FD7},
    {0x3CB, 0x300, 0x1FE2}, {0x3CB, 0x301, 0x3B0}, {0x3CB, 0x342, 0x1FE7},
    {0x3CE, 0x345, 0x1FF4}, {0x3D2, 0x301, 0x3D3}, {0x3D2, 0x308, 0x3D4},
    {0x406, 0x308, 0x407}, {0x410, 0x306, 0x4D0}, {0x410, 0x308, 0x4D2},
    {0x413, 0x301, 0x403}, {0x415, 0x300, 0x400}, {0x415, 0x306, 0x4D6},
    {0x415, 0x308, 0x401}, {0x416, 0x306, 0x4C1}, {0x416, 0x308, 0x4DC},
    {0x417, 0x308, 0x4DE}, {0x418, 0x300, 0x40D}, {0x418, 0x304, 0x4E2},
    {0x418, 0x306, 0x419}, {0x418, 0x308, 0x4E4}, {0x41A, 0x301, 0x40C},
    {0x41E, 0x308, 0x4E6}, {0x423, 0x304, 0x4EE}, {0x423, 0x306, 0x40E},
    {0x423, 0x308, 0x4F0}, {0x423, 0x30B, 0x4F2}, {0x427, 0x308, 0x4F4},
    {0x42B, 0x308, 0x4F8}, {0x42D, 0x308, 0x4EC}, {0x430, 0x306, 0x4D1},
    {0x430, 0x308, 0x4D3}, {0x433, 0x301, 0x453}, {0x435, 0x300, 0x450},
    {0x435, 0x306, 0x4D7}, {0x435, 0x308, 0x451}, {0x436, 0x306, 0x4C2},
    {0x436, 0x308, 0x4DD}, {0x437, 0x308, 0x4DF}, {0x438, 0x300, 0x45D},
    {0x438, 0x304, 0x4E3}, {0x438, 0x306, 0x439}, {0x438, 0x308, 0x4E5},
    {0x43A, 0x301, 0x45C}, {0x43E, 0x308, 0x4E7}, {0x443, 0x304, 0x4EF},
    {0x443, 0x306, 0x45E}, {0x443, 0x308, 0x4F1}, {0x443, 0x30B, 0x4F3},
    {0x447, 0x308, 0x4F5}, {0x44B, 0x308, 0x4F9}, {0x44D, 0x308, 0x4ED},
    {0x456, 0x308, 0x457}, {0x474, 0x30F, 0x476}, {0x475, 0x30F, 0x477},
    {0x4D8, 0x308, 0x4DA}, {0x4D9, 0x308, 0x4DB}, {0x4E8, 0x308, 0x4EA},
    {0x4E9, 0x308, 0x4EB}, {0x627, 0x653, 0x622}, {0x627, 0x654, 0x623},
    {0x627, 0x655, 0x625}, {0x648, 0x654, 0x624}, {0x64A, 0x654, 0x626},
    {0x6C1, 0x654, 0x6C2}, {0x6D2, 0x654, 0x6D3}, {0x6D5, 0x654, 0x6C0},
    {0x928, 0x93C, 0x929}, {0x930, 0x93C, 0x931}, {0x933, 0x93C, 0x934},
    {0x9C7, 0x9BE, 0x9CB}, {0x9C7, 0x9D7, 0x9CC}, {0xB47, 0xB3E, 0xB4B},
    {0xB47, 0xB56, 0xB48}, {0xB47, 0xB57, 0xB4C}, {0xB92, 0xBD7, 0xB94},
    {0xBC6, 0xBBE, 0xBCA}, {0xBC6, 0xBD7, 0xBCC}, {0xBC7, 0xBBE, 0xBCB},
    {0xC46, 0xC56, 0xC48}, {0xCBF, 0xCD5, 0xCC0}, {0xCC6, 0xCC2, 0xCCA},
    {0xCC6, 0xCD5, 0xCC7}, {0xCC6, 0xCD6, 0xCC8}, {0xCCA, 0xCD5, 0xCCB},
    {0xD46, 0xD3E, 0xD4A}, {0xD46, 0xD57, 0xD4C}, {0xD47, 0xD3E, 0xD4B},
    {0xDD9, 0xDCA, 0xDDA}, {0xDD9, 0xDCF, 0xDDC}, {0xDD9, 0xDDF, 0xDDE},
    {0xDDC, 0xDCA, 0xDDD}, {0x1025, 0x102E, 0x1026}, {0x1100, 0x1161, 0xAC00},
    {0x1100, 0x1162, 0xAC1C}, {0x1100, 0x1163, 0xAC38}, {0x1100, 0x1164, 0xAC54},
    {0x1100, 0x1165, 0xAC70}, {0x1100, 0x1166, 0xAC8C}, {0x1100, 0x1167, 0xACA8},
    {0x1100, 0x1168, 0xACC4}, {0x1100, 0x1169, 0xACE0}, {0x1100, 0x116A, 0xACFC},
    {0x1100, 0x116B, 0xAD18}, {0x1100, 0x116C, 0xAD34}, {0x1100, 0x116D, 0xAD50},
    {0x1100, 0x116E, 0xAD6C}, {0x1100, 0x116F, 0xAD88}, {0x1100, 0x1170, 0xADA4},
    {0x1100, 0x1171, 0xADC0}, {0x1100, 0x1172, 0xADDC}, {0x1100, 0x1173, 0xADF8},
    {0x1100, 0x1174, 0xAE14}, {0x1100, 0x1175, 0xAE30}, {0x1101, 0x1161, 0xAE4C},
    {0x1101, 0x1162, 0xAE68}, {0x1101, 0x1163, 0xAE84}, {0x1101, 0x1164, 0xAEA0},
    {0x1101, 0x1165, 0xAEBC}, {0x1101, 0x1166, 0xAED8}, {0x1101, 0x1167, 0xAEF4},
    {0x1101, 0x1168, 0xAF10}, {0x1101, 0x1169, 0xAF2C}, {0x1101, 0x116A, 0xAF48},
    {0x1101, 0x116B, 0xAF64}, {0x1101, 0x116C, 0xAF80}, {0x1101, 0x116D, 0xAF9C},
    {0x1101, 0x116E, 0xAFB8}, {0x1101, 0x116F, 0xAFD4}, {0x1101, 0x1170, 0xAFF0},
    {0x1101, 0x1171, 0xB00C}, {0x1101, 0x1172, 0xB028}, {0x1101, 0x1173, 0xB044},
    {0x1101, 0x1174, 0xB060}, {0x1101, 0x1175, 0xB07C}, {0x1102, 0x1161, 0xB098},
    {0x1102, 0x1162, 0xB0B4}, {0x1102, 0x1163, 0xB0D0}, {0x1102, 0x1164, 0xB0EC},
    {0x1102, 0x1165, 0xB108}, {0x1102, 0x1166, 0xB124}, {0x1102, 0x1167, 0xB140},
    {0x1102, 0x1168, 0xB15C}, {0x1102, 0x1169, 0xB178}, {0x1102, 0x116A, 0xB194},
    {0x1102, 0x116B, 0xB1B0}, {0x1102, 0x116C, 0xB1CC}, {0x1102, 0x116D, 0xB1E8},
    {0x1102, 0x116E, 0xB204}, {0x1102, 0x116F, 0xB220}, {0x1102, 0x1170, 0xB23C},
    {0x1102, 0x1171, 0xB258}, {0x1102, 0x1172, 0xB274}, {0x1102, 0x1173, 0xB290},
    {0x1102, 0x1174, 0xB2AC}, {0x1102, 0x1175, 0xB2C8}, {0x1103, 0x1161, 0xB2E4},
    {0x1103, 0x1162, 0xB300}, {0x1103, 0x1163, 0xB31C}, {0x1103, 0x1164, 0xB338},
    {0x1103, 0x1165, 0xB354}, {0x1103, 0x1166, 0xB370}, {0x1103, 0x1167, 0xB38C},
    {0x1103, 0x1168, 0xB3A8}, {0x1103, 0x1169, 0xB3C4}, {0x1103, 0x116A, 0xB3E0},
    {0x1103, 0x116B, 0xB3FC}, {0x1103, 0x116C, 0xB418}, {0x1103, 0x116D, 0xB434},
    {0x1103, 0x116E, 0xB450}, {0x1103, 0x116F, 0xB46C}, {0x1103, 0x1170, 0xB488},
    {0x1103, 0x1171, 0xB4A4}, {0x1103, 0x1172, 0xB4C0}, {0x1103, 0x1173, 0xB4DC},
    {0x1103, 0x1174, 0xB4F8}, {0x1103, 0x1175, 0xB514}, {0x1104, 0x1161, 0xB530},
    {0x1104, 0x1162, 0xB54C}, {0x1104, 0x1163, 0xB568}, {0x1104, 0x1164, 0xB584},
    {0x1104, 0x1165, 0xB5A0}, {0x1104, 0x1166, 0xB5BC}, {0x1104, 0x1167, 0xB5D8},
    {0x1104, 0x1168, 0xB5F4}, {0x1104, 0x1169, 0xB610}, {0x1104, 0x116A, 0xB62C},
    {0x1104, 0x116B, 0xB648}, {0x1104, 0x116C, 0xB664}, {0x1104, 0x116D, 0xB680},
    {0x1104, 0x116E, 0xB69C}, {0x1104, 0x116F, 0xB6B8}, {0x1104, 0x1170, 0xB6D4},
    {0x1104, 0x1171, 0xB6F0}, {0x1104, 0x1172, 0xB70C}, {0x1104, 0x1173, 0xB728},
    {0x1104, 0x1174, 0xB744}, {0x1104, 0x1175, 0xB760}, {0x1105, 0x1161, 0xB77C},
    {0x1105, 0x1162, 0xB798}, {0x1105, 0x1163, 0xB7B4}, {0x1105, 0x1164, 0xB7D0},
    {0x1105, 0x1165, 0xB7EC}, {0x1105, 0x1166, 0xB808}, {0x1105, 0x1167, 0xB824},
    {0x1105, 0x1168, 0xB840}, {0x1105, 0x1169, 0xB85C}, {0x1105, 0x116A, 0xB878},
    {0x1105, 0x116B, 0xB894}, {0x1105, 0x116C, 0xB8B0}, {0x1105, 0x116D, 0xB8CC},
    {0x1105, 0x116E, 0xB8E8}, {0x1105, 0x116F, 0xB904}, {0x1105, 0x1170, 0xB920},
    {0x1105, 0x1171, 0xB93C}, {0x1105, 0x1172, 0xB958}, {0x1105, 0x1173, 0xB974},
    {0x1105, 0x1174, 0xB990}, {0x1105, 0x1175, 0xB9AC}, {0x1106, 0x1161, 0xB9C8},
    {0x1106, 0x1162, 0xB9E4}, {0x1106, 0x1163, 0xBA00}, {0x1106, 0x1164, 0xBA1C},
    {0x1106, 0x1165, 0xBA38}, {0x1106, 0x1166, 0xBA54}, {0x1106, 0x1167, 0xBA70},
    {0x1106, 0x1168, 0xBA8C}, {0x1106, 0x1169, 0xBAA8}, {0x1106, 0x116A, 0xBAC4},
    {0x1106, 0x116B, 0xBAE0}, {0x1106, 0x116C, 0xBAFC}, {0x1106, 0x116D, 0xBB18},
    {0x1106, 0x116E, 0xBB34}, {0x1106, 0x116F, 0xBB50}, {0x1106, 0x1170, 0xBB6C},
    {0x1106, 0x1171, 0xBB88}, {0x1106, 0x1172, 0xBBA4}, {0x1106, 0x1173, 0xBBC0},
    {0x1106, 0x1174, 0xBBDC}, {0x1106, 0x1175, 0xBBF8}, {0x1107, 0x1161, 0xBC14},
    {0x1107, 0x1162, 0xBC30}, {0x1107, 0x1163, 0xBC4C}, {0x1107, 0x1164, 0xBC68},
    {0x1107, 0x1165, 0xBC84}, {0x1107, 0x1166, 0xBCA0}, {0x1107, 0x1167, 0xBCBC},
    {0x1107, 0x1168, 0xBCD8}, {0x1107, 0x1169, 0xBCF4}, {0x1107, 0x116A, 0xBD10},
    {0x1107, 0x116B, 0xBD2C}, {0x1107, 0x116C, 0xBD48}, {0x1107, 0x116D, 0xBD64},
    {0x1107, 0x116E, 0xBD80}, {0x1107, 0x116F, 0xBD9C}, {0x1107, 0x1170, 0xBDB8},
    {0x1107, 0x1171, 0xBDD4}, {0x1107, 0x1172, 0xBDF0}, {0x1107, 0x1173, 0xBE0C},
    {0x1107, 0x1174, 0xBE28}, {0x1107, 0x1175, 0xBE44}, {0x1108, 0x1161, 0xBE60},
    {0x1108, 0x1162, 0xBE7C}, {0x1108, 0x1163, 0xBE98}, {0x1108, 0x1164, 0xBEB4},
    {0x1108, 0x1165, 0xBED0}, {0x1108, 0x1166, 0xBEEC}, {0x1108, 0x1167, 0xBF08},
    {0x1108, 0x1168, 0xBF24}, {0x1108, 0x1169, 0xBF40}, {0x1108, 0x116A, 0xBF5C},
    {0x1108, 0x116B, 0xBF78}, {0x1108, 0x116C, 0xBF94}, {0x1108, 0x116D, 0xBFB0},
    {0x1108, 0x116E, 0xBFCC}, {0x1108, 0x116F, 0xBFE8}, {0x1108, 0x1170, 0xC004},
    {0x1108, 0x1171, 0xC020}, {0x1108, 0x1172, 0xC03C}, {0x1108, 0x1173, 0xC058},
    {0x1108, 0x1174, 0xC074}, {0x1108, 0x1175, 0xC090}, {0x1109, 0x1161, 0xC0AC},
    {0x1109, 0x1162, 0xC0C8}, {0x1109, 0x1163, 0xC0E4}, {0x1109, 0x1164, 0xC100},
    {0x1109, 0x1165, 0xC11C}, {0x1109, 0x1166, 0xC138}, {0x1109, 0x1167, 0xC154},
    {0x1109, 0x1168, 0xC170}, {0x1109, 0x1169, 0xC18C}, {0x1109, 0x116A, 0xC1A8},
    {0x1109, 0x116B, 0xC1C4}, {0x1109, 0x116C, 0xC1E0}, {0x1109, 0x116D, 0xC1FC},
    {0x1109, 0x116E, 0xC218}, {0x1109, 0x116F, 0xC234}, {0x1109, 0x1170, 0xC250},
    {0x1109, 0x1171, 0xC26C}, {0x1109, 0x1172, 0xC288}, {0x1109, 0x1173, 0xC2A4},
    {0x1109, 0x1174, 0xC2C0}, {0x1109, 0x1175, 0xC2DC}, {0x110A, 0x1161, 0xC2F8},
    {0x110A, 0x1162, 0xC314}, {0x110A, 0x1163, 0xC330}, {0x110A, 0x1164, 0xC34C},
    {0x110A, 0x1165, 0xC368}, {0x110A, 0x1166, 0xC384}, {0x110A, 0x1167, 0xC3A0},
    {0x110A, 0x1168, 0xC3BC}, {0x110A, 0x1169, 0xC3D8}, {0x110A, 0x116A, 0xC3F4},
    {0x110A, 0x116B, 0xC410}, {0x110A, 0x116C, 0xC42C}, {0x110A, 0x116D, 0xC448},
    {0x110A, 0x116E, 0xC464}, {0x110A, 0x116F, 0xC480}, {0x110A, 0x1170, 0xC49C},
    {0x110A, 0x1171, 0xC4B8}, {0x110A, 0x1172, 0xC4D4}, {0x110A, 0x1173, 0xC4F0},
    {0x110A, 0x1174, 0xC50C}, {0x110A, 0x1175, 0xC528}, {0x110B, 0x1161, 0xC544},
    {0x110B, 0x1162, 0xC560}, {0x110B, 0x1163, 0xC57C}, {0x110B, 0x1164, 0xC598},
    {0x110B, 0x1165, 0xC5B4}, {0x110B, 0x1166, 0xC5D0}, {0x110B, 0x1167, 0xC5EC},
    {0x110B, 0x1168, 0xC608}, {0x110B, 0x1169, 0xC624}, {0x110B, 0x116A, 0xC640},
    {0x110B, 0x116B, 0xC65C}, {0x110B, 0x116C, 0xC678}, {0x110B, 0x116D, 0xC694},
    {0x110B, 0x116E, 0xC6B0}, {0x110B, 0x116F, 0xC6CC}, {0x110B, 0x1170, 0xC6E8},
    {0x110B, 0x1171, 0xC704}, {0x110B, 0x1172, 0xC720}, {0x110B, 0x1173, 0xC73C},
    {0x110B, 0x1174, 0xC758}, {0x110B, 0x1175, 0xC774}, {0x110C, 0x1161, 0xC790},
    {0x110C, 0x1162, 0xC7AC}, {0x110C, 0x1163, 0xC7C8}, {0x110C, 0x1164, 0xC7E4},
    {0x110C, 0x1165, 0xC800}, {0x110C, 0x1166, 0xC81C}, {0x110C, 0x1167, 0xC838},
    {0x110C, 0x1168, 0xC854}, {0x110C, 0x1169, 0xC870}, {0x110C, 0x116A, 0xC88C},
    {0x110C, 0x116B, 0xC8A8}, {0x110C, 0x116C, 0xC8C4}, {0x110C, 0x116D, 0xC8E0},
    {0x110C, 0x116E, 0xC8FC}, {0x110C, 0x116F, 0xC918}, {0x110C, 0x1170, 0xC934},
    {0x110C, 0x1171, 0xC950}, {0x110C, 0x1172, 0xC96C}, {0x110C, 0x1173, 0xC988},
    {0x110C, 0x1174, 0xC9A4}, {0x110C, 0x1175, 0xC9C0}, {0x110D, 0x1161, 0xC9DC},
    {0x110D, 0x1162, 0xC9F8}, {0x110D, 0x1163, 0xCA14}, {0x110D, 0x1164, 0xCA30},
    {0x110D, 0x1165, 0xCA4C}, {0x110D, 0x1166, 0xCA68}, {0x110D, 0x1167, 0xCA84},
    {0x110D, 0x1168, 0xCAA0}, {0x110D, 0x1169, 0xCABC}, {0x110D, 0x116A, 0xCAD8},
    {0x110D, 0x116B, 0xCAF4}, {0x110D, 0x116C, 0xCB10}, {0x110D, 0x116D, 0xCB2C},
    {0x110D, 0x116E, 0xCB48}, {0x110D, 0x116F, 0xCB64}, {0x110D, 0x1170, 0xCB80},
    {0x110D, 0x1171, 0xCB9C}, {0x110D, 0x1172, 0xCBB8}, {0x110D, 0x1173, 0xCBD4},
    {0x110D, 0x1174, 0xCBF0}, {0x110D, 0x1175, 0xCC0C}, {0x110E, 0x1161, 0xCC28},
    {0x110E, 0x1162, 0xCC44}, {0x110E, 0x1163, 0xCC60}, {0x110E, 0x1164, 0xCC7C},
    {0x110E, 0x1165, 0xCC98}, {0x110E, 0x1166, 0xCCB4}, {0x110E, 0x1167, 0xCCD0},
    {0x110E, 0x1168, 0xCCEC}, {0x110E, 0x1169, 0xCD08}, {0x110E, 0x116A, 0xCD24},
    {0x110E, 0x116B, 0xCD40}, {0x110E, 0x116C, 0xCD5C}, {0x110E, 0x116D, 0xCD78},
    {0x110E, 0x116E, 0xCD94}, {0x110E, 0x116F, 0xCDB0}, {0x110E, 0x1170, 0xCDCC},
    {0x110E, 0x1171, 0xCDE8}, {0x110E, 0x1172, 0xCE04}, {0x110E, 0x1173, 0xCE20},
    {0x110E, 0x1174, 0xCE3C}, {0x110E, 0x1175, 0xCE58}, {0x110F, 0x1161, 0xCE74},
    {0x110F, 0x1162, 0xCE90}, {0x110F, 0x1163, 0xCEAC}, {0x110F, 0x1164, 0xCEC8},
    {0x110F, 0x1165, 0xCEE4}, {0x110F, 0x1166, 0xCF00}, {0x110F, 0x1167, 0xCF1C},
    {0x110F, 0x1168, 0xCF38}, {0x110F, 0x1169, 0xCF54}, {0x110F, 0x116A, 0xCF70},
    {0x110F, 0x116B, 0xCF8C}, {0x110F, 0x116C, 0xCFA8}, {0x110F, 0x116D, 0xCFC4},
    {0x110F, 0x116E, 0xCFE0}, {0x110F, 0x116F, 0xCFFC}, {0x110F, 0x1170, 0xD018},
    {0x110F, 0x1171, 0xD034}, {0x110F, 0x1172, 0xD050}, {0x110F, 0x1173, 0xD06C},
    {0x110F, 0x1174, 0xD088}, {0x110F, 0x1175, 0xD0A4}, {0x1110, 0x1161, 0xD0C0},
    {0x1110, 0x1162, 0xD0DC}, {0x1110, 0x1163, 0xD0F8}, {0x1110, 0x1164, 0xD114},
    {0x1110, 0x1165, 0xD130}, {0x1110, 0x1166, 0xD14C}, {0x1110, 0x1167, 0xD168},
    {0x1110, 0x1168, 0xD184}, {0x1110, 0x1169, 0xD1A0}, {0x1110, 0x116A, 0xD1BC},
    {0x1110, 0x116B, 0xD1D8}, {0x1110, 0x116C, 0xD1F4}, {0x1110, 0x116D, 0xD210},
    {0x1110, 0x116E, 0xD22C}, {0x1110, 0x116F, 0xD248}, {0x1110, 0x1170, 0xD264},
    {0x1110, 0x1171, 0xD280}, {0x1110, 0x1172, 0xD29C}, {0x1110, 0x1173, 0xD2B8},
    {0x1110, 0x1174, 0xD2D4}, {0x1110, 0x1175, 0xD2F0}, {0x1111, 0x1161, 0xD30C},
    {0x1111, 0x1162, 0xD328}, {0x1111, 0x1163, 0xD344}, {0x1111, 0x1164, 0xD360},
    {0x1111, 0x1165, 0xD37C}, {0x1111, 0x1166, 0xD398}, {0x1111, 0x1167, 0xD3B4},
    {0x1111, 0x1168, 0xD3D0}, {0x1111, 0x1169, 0xD3EC}, {0x1111, 0x116A, 0xD408},
    {0x1111, 0x116B, 0xD424}, {0x1111, 0x116C, 0xD440}, {0x1111, 0x116D, 0xD45C},
    {0x1111, 0x116E, 0xD478}, {0x1111, 0x116F, 0xD494}, {0x1111, 0x1170, 0xD4B0},
    {0x1111, 0x1171, 0xD4CC}, {0x1111, 0x1172, 0xD4E8}, {0x1111, 0x1173, 0xD504},
    {0x1111, 0x1174, 0xD520}, {0x1111, 0x1175, 0xD53C}, {0x1112, 0x1161, 0xD558},
    {0x1112, 0x1162, 0xD574}, {0x1112, 0x1163, 0xD590}, {0x1112, 0x1164, 0xD5AC},
    {0x1112, 0x1165, 0xD5C8}, {0x1112, 0x1166, 0xD5E4}, {0x1112, 0x1167, 0xD600},
    {0x1112, 0x1168, 0xD61C}, {0x1112, 0x1169, 0xD638}, {0x1112, 0x116A, 0xD654},
    {0x1112, 0x116B, 0xD670}, {0x1112, 0x116C, 0xD68C}, {0x1112, 0x116D, 0xD6A8},
    {0x1112, 0x116E, 0xD6C4}, {0x1112, 0x116F, 0xD6E0}, {0x1112, 0x1170, 0xD6FC},
    {0x1112, 0x1171, 0xD718}, {0x1112, 0x1172, 0xD734}, {0x1112, 0x1173, 0xD750},
    {0x1112, 0x1174, 0xD76C}, {0x1112, 0x1175, 0xD788}, {0x1B05, 0x1B35, 0x1B06},
    {0x1B07, 0x1B35, 0x1B08}, {0x1B09, 0x1B35, 0x1B0A}, {0x1B0B, 0x1B35, 0x1B0C},
    {0x1B0D, 0x1B35, 0x1B0E}, {0x1B11, 0x1B35, 0x1B12}, {0x1B3A, 0x1B35, 0x1B3B},
    {0x1B3C, 0x1B35, 0x1B3D}, {0x1B3E, 0x1B35, 0x1B40}, {0x1B3F, 0x1B35, 0x1B41},
    {0x1B42, 0x1B35, 0x1B43}, {0x1E36, 0x304, 0x1E38}, {0x1E37, 0x304, 0x1E39},
    {0x1E5A, 0x304, 0x1E5C}, {0x1E5B, 0x304, 0x1E5D}, {0x1E62, 0x307, 0x1E68},
    {0x1E63, 0x307, 0x1E69}, {0x1EA0, 0x302, 0x1EAC}, {0x1EA0, 0x306, 0x1EB6},
    {0x1EA1, 0x302, 0x1EAD}, {0x1EA1, 0x306, 0x1EB7}, {0x1EB8, 0x302, 0x1EC6},
    {0x1EB9, 0x302, 0x1EC7}, {0x1ECC, 0x302, 0x1ED8}, {0x1ECD, 0x302, 0x1ED9},
    {0x1F00, 0x300, 0x1F02}, {0x1F00, 0x301, 0x1F04}, {0x1F00, 0x342, 0x1F06},
    {0x1F00, 0x345, 0x1F80}, {0x1F01, 0x300, 0x1F03}, {0x1F01, 0x301, 0x1F05},
    {0x1F01, 0x342, 0x1F07}, {0x1F01, 0x345, 0x1F81}, {0x1F02, 0x345, 0x1F82},
    {0x1F03, 0x345, 0x1F83}, {0x1F04, 0x345, 0x1F84}, {0x1F05, 0x345, 0x1F85},
    {0x1F06, 0x345, 0x1F86}, {0x1F07, 0x345, 0x1F87}, {0x1F08, 0x300, 0x1F0A},
    {0x1F08, 0x301, 0x1F0C}, {0x1F08, 0x342, 0x1F0E}, {0x1F08, 0x345, 0x1F88},
    {0x1F09, 0x300, 0x1F0B}, {0x1F09, 0x301, 0x1F0D}, {0x1F09, 0x342, 0x1F0F},
    {0x1F09, 0x345, 0x1F89}, {0x1F0A, 0x345, 0x1F8A}, {0x1F0B, 0x345, 0x1F8B},
    {0x1F0C, 0x345, 0x1F8C}, {0x1F0D, 0x345, 0x1F8D}, {0x1F0E, 0x345, 0x1F8E},
    {0x1F0F, 0x345, 0x1F8F}, {0x1F10, 0x300, 0x1F12}, {0x1F10, 0x301, 0x1F14},
    {0x1F11, 0x300, 0x1F13}, {0x1F11, 0x301, 0x1F15}, {0x1F18, 0x300, 0x1F1A},
    {0x1F18, 0x301, 0x1F1C}, {0x1F19, 0x300, 0x1F1B}, {0x1F19, 0x301, 0x1F1D},
    {0x1F20, 0x300, 0x1F22}, {0x1F20, 0x301, 0x1F24}, {0x1F20, 0x342, 0x1F26},
    {0x1F20, 0x345, 0x1F90}, {0x1F21, 0x300, 0x1F23}, {0x1F21, 0x301, 0x1F25},
    {0x1F21, 0x342, 0x1F27}, {0x1F21, 0x345, 0x1F91}, {0x1F22, 0x345, 0x1F92},
    {0x1F23, 0x345, 0x1F93}, {0x1F24, 0x345, 0x1F94}, {0x1F25, 0x345, 0x1F95},
    {0x1F26, 0x345, 0x1F96}, {0x1F27, 0x345, 0x1F97}, {0x1F28, 0x300, 0x1F2A},
    {0x1F28, 0x301, 0x1F2C}, {0x1F28, 0x342, 0x1F2E}, {0x1F28, 0x345, 0x1F98},
    {0x1F29, 0x300, 0x1F2B}, {0x1F29, 0x301, 0x1F2D}, {0x1F29, 0x342, 0x1F2F},
    {0x1F29, 0x345, 0x1F99}, {0x1F2A, 0x345, 0x1F9A}, {0x1F2B, 0x345, 0x1F9B},
    {0x1F2C, 0x345, 0x1F9C}, {0x1F2D, 0x345, 0x1F9D}, {0x1F2E, 0x345, 0x1F9E},
    {0x1F2F, 0x345, 0x1F9F}, {0x1F30, 0x300, 0x1F32}, {0x1F30, 0x301, 0x1F34},
    {0x1F30, 0x342, 0x1F36}, {0x1F31, 0x300, 0x1F33}, {0x1F31, 0x301, 0x1F35},
    {0x1F31, 0x342, 0x1F37}, {0x1F38, 0x300, 0x1F3A}, {0x1F38, 0x301, 0x1F3C},
    {0x1F38, 0x342, 0x1F3E}, {0x1F39, 0x300, 0x1F3B}, {0x1F39, 0x301, 0x1F3D},
    {0x1F39, 0x342, 0x1F3F}, {0x1F40, 0x300, 0x1F42}, {0x1F40, 0x301, 0x1F44},
    {0x1F41, 0x300, 0x1F43}, {0x1F41, 0x301, 0x1F45}, {0x1F48, 0x300, 0x1F4A},
    {0x1F48, 0x301, 0x1F4C}, {0x1F49, 0x300, 0x1F4B}, {0x1F49, 0x301, 0x1F4D},
    {0x1F50, 0x300, 0x1F52}, {0x1F50, 0x301, 0x1F54}, {0x1F50, 0x342, 0x1F56},
    {0x1F51, 0x300, 0x1F53}, {0x1F51, 0x301, 0x1F55}, {0x1F51, 0x342, 0x1F57},
    {0x1F59, 0x300, 0x1F5B}, {0x1F59, 0x301, 0x1F5D}, {0x1F59, 0x342, 0x1F5F},
    {0x1F60, 0x300, 0x1F62}, {0x1F60, 0x301, 0x1F64}, {0x1F60, 0x342, 0x1F66},
    {0x1F60, 0x345, 0x1FA0}, {0x1F61, 0x300, 0x1F63}, {0x1F61, 0x301, 0x1F65},
    {0x1F61, 0x342, 0x1F67}, {0x1F61, 0x345, 0x1FA1}, {0x1F62, 0x345, 0x1FA2},
    {0x1F63, 0x345, 0x1FA3}, {0x1F64, 0x345, 0x1FA4}, {0x1F65, 0x345, 0x1FA5},
    {0x1F66, 0x345, 0x1FA6}, {0x1F67, 0x345, 0x1FA7}, {0x1F68, 0x300, 0x1F6A},
    {0x1F68, 0x301, 0x1F6C}, {0x1F68, 0x342, 0x1F6E}, {0x1F68, 0x345, 0x1FA8},
    {0x1F69, 0x300, 0x1F6B}, {0x1F69, 0x301, 0x1F6D}, {0x1F69, 0x342, 0x1F6F},
    {0x1F69, 0x345, 0x1FA9}, {0x1F6A, 0x345, 0x1FAA}, {0x1F6B, 0x345, 0x1FAB},
    {0x1F6C, 0x345, 0x1FAC}, {0x1F6D, 0x345, 0x1FAD}, {0x1F6E, 0x345, 0x1FAE},
    {0x1F6F, 0x345, 0x1FAF}, {0x1F70, 0x345, 0x1FB2}, {0x1F74, 0x345, 0x1FC2},
    {0x1F7C, 0x345, 0x1FF2}, {0x1FB6, 0x345, 0x1FB7}, {0x1FBF, 0x300, 0x1FCD},
    {0x1FBF, 0x301, 0x1FCE}, {0x1FBF, 0x342, 0x1FCF}, {0x1FC6, 0x345, 0x1FC7},
    {0x1FF6, 0x345, 0x1FF7}, {0x1FFE, 0x300, 0x1FDD}, {0x1FFE, 0x301, 0x1FDE},
    {0x1FFE, 0x342, 0x1FDF}, {0x2190, 0x338, 0x219A}, {0x2192, 0x338, 0x219B},
    {0x2194, 0x338, 0x21AE}, {0x21D0, 0x338, 0x21CD}, {0x21D2, 0x338, 0x21CF},
    {0x21D4, 0x338, 0x21CE}, {0x2203, 0x338, 0x2204}, {0x2208, 0x338, 0x2209},
    {0x220B, 0x338, 0x220C}, {0x2223, 0x338, 0x2224}, {0x2225, 0x338, 0x2226},
    {0x223C, 0x338, 0x2241}, {0x2243, 0x338, 0x2244}, {0x2245, 0x338, 0x2247},
    {0x2248, 0x338, 0x2249}, {0x224D, 0x338, 0x226D}, {0x2261, 0x338, 0x2262},
    {0x2264, 0x338, 0x2270}, {0x2265, 0x338, 0x2271}, {0x2272, 0x338, 0x2274},
    {0x2273, 0x338, 0x2275}, {0x2276, 0x338, 0x2278}, {0x2277, 0x338, 0x2279},
    {0x227A, 0x338, 0x2280}, {0x227B, 0x338, 0x2281}, {0x227C, 0x338, 0x22E0},
    {0x227D, 0x338, 0x22E1}, {0x2282, 0x338, 0x2284}, {0x2283, 0x338, 0x2285},
    {0x2286, 0x338, 0x2288}, {0x2287, 0x338, 0x2289}, {0x2291, 0x338, 0x22E2},
    {0x2292, 0x338, 0x22E3}, {0x22A2, 0x338, 0x22AC}, {0x22A8, 0x338, 0x22AD},
    {0x22A9, 0x338, 0x22AE}, {0x22AB, 0x338, 0x22AF}, {0x22B2, 0x338, 0x22EA},
    {0x22B3, 0x338, 0x22EB}, {0x22B4, 0x338, 0x22EC}, {0x22B5, 0x338, 0x22ED},
    {0x3046, 0x3099, 0x3094}, {0x304B, 0x3099, 0x304C}, {0x304D, 0x3099, 0x304E},
    {0x304F, 0x3099, 0x3050}, {0x3051, 0x3099, 0x3052}, {0x3053, 0x3099, 0x3054},
    {0x3055, 0x3099, 0x3056}, {0x3057, 0x3099, 0x3058}, {0x3059, 0x3099, 0x305A},
    {0x305B, 0x3099, 0x305C}, {0x305D, 0x3099, 0x305E}, {0x305F, 0x3099, 0x3060},
    {0x3061, 0x3099, 0x3062}, {0x3064, 0x3099, 0x3065}, {0x3066, 0x3099, 0x3067},
    {0x3068, 0x3099, 0x3069}, {0x306F, 0x3099, 0x3070}, {0x306F, 0x309A, 0x3071},
    {0x3072, 0x3099, 0x3073}, {0x3072, 0x309A, 0x3074}, {0x3075, 0x3099, 0x3076},
    {0x3075, 0x309A, 0x3077}, {0x3078, 0x3099, 0x3079}, {0x3078, 0x309A, 0x307A},
    {0x307B, 0x3099, 0x307C}, {0x307B, 0x309A, 0x307D}, {0x309D, 0x3099, 0x309E},
    {0x30A6, 0x3099, 0x30F4}, {0x30AB, 0x3099, 0x30AC}, {0x30AD, 0x3099, 0x30AE},
    {0x30AF, 0x3099, 0x30B0}, {0x30B1, 0x3099, 0x30B2}, {0x30B3, 0x3099, 0x30B4},
    {0x30B5, 0x3099, 0x30B6}, {0x30B7, 0x3099, 0x30B8}, {0x30B9, 0x3099, 0x30BA},
    {0x30BB, 0x3099, 0x30BC}, {0x30BD, 0x3099, 0x30BE}, {0x30BF, 0x3099, 0x30C0},
    {0x30C1, 0x3099, 0x30C2}, {0x30C4, 0x3099, 0x30C5}, {0x30C6, 0x3099, 0x30C7},
    {0x30C8, 0x3099, 0x30C9}, {0x30CF, 0x3099, 0x30D0}, {0x30CF, 0x309A, 0x30D1},
    {0x30D2, 0x3099, 0x30D3}, {0x30D2, 0x309A, 0x30D4}, {0x30D5, 0x3099, 0x30D6},
    {0x30D5, 0x309A, 0x30D7}, {0x30D8, 0x3099, 0x30D9}, {0x30D8, 0x309A, 0x30DA},
    {0x30DB, 0x3099, 0x30DC}, {0x30DB, 0x309A, 0x30DD}, {0x30EF, 0x3099, 0x30F7},
    {0x30F0, 0x3099, 0x30F8}, {0x30F1, 0x3099, 0x30F9}, {0x30F2, 0x3099, 0x30FA},
    {0x30FD, 0x3099, 0x30FE}, {0x105D2, 0x307, 0x105C9}, {0x105DA, 0x307, 0x105E4},
    {0x11099, 0x110BA, 0x1109A}, {0x1109B, 0x110BA, 0x1109C}, {0x110A5, 0x110BA, 0x110AB},
    {0x11131, 0x11127, 0x1112E}, {0x11132, 0x11127, 0x1112F}, {0x11347, 0x1133E, 0x1134B},
    {0x11347, 0x11357, 0x1134C}, {0x11382, 0x113C9, 0x11383}, {0x11384, 0x113BB, 0x11385},
    {0x1138B, 0x113C2, 0x1138E}, {0x11390, 0x113C9, 0x11391}, {0x113C2, 0x113B8, 0x113C7},
    {0x113C2, 0x113C2, 0x113C5}, {0x113C2, 0x113C9, 0x113C8}, {0x114B9, 0x114B0, 0x114BC},
    {0x114B9, 0x114BA, 0x114BB}, {0x114B9, 0x114BD, 0x114BE}, {0x115B8, 0x115AF, 0x115BA},
    {0x115B9, 0x115AF, 0x115BB}, {0x11935, 0x11930, 0x11938}, {0x1611E, 0x1611E, 0x16121},
    {0x1611E, 0x1611F, 0x16123}, {0x1611E, 0x16120, 0x16125}, {0x1611E, 0x16129, 0x16122},
    {0x16121, 0x1611F, 0x16126}, {0x16121, 0x16120, 0x16128}, {0x16122, 0x1611F, 0x16127},
    {0x16129, 0x1611F, 0x16124}, {0x16D63, 0x16D67, 0x16D69}, {0x16D67, 0x16D67, 0x16D68},
    {0x16D69, 0x16D67, 0x16D6A},
};

} // namespace acir::compiler::detail::unicode_data

#endif
