[pyc] Agentic Circuit closure run-id=20260903-ac-table-stack-closure-r5
Obtaining file:///Users/zhoubot/linx-isa/tools/pyCircuit/components/agentic-circuit
  Installing build dependencies: started
  Installing build dependencies: finished with status 'done'
  Checking if build backend supports build_editable: started
  Checking if build backend supports build_editable: finished with status 'done'
  Getting requirements to build editable: started
  Getting requirements to build editable: finished with status 'done'
  Preparing editable metadata (pyproject.toml): started
  Preparing editable metadata (pyproject.toml): finished with status 'done'
Requirement already satisfied: jsonschema>=4.18 in ./.pycircuit_out/agentic-circuit/venv/lib/python3.14/site-packages (from agentic-circuit==0.1.0) (4.26.0)
Requirement already satisfied: lit<19,>=18 in ./.pycircuit_out/agentic-circuit/venv/lib/python3.14/site-packages (from agentic-circuit==0.1.0) (18.1.8)
Requirement already satisfied: attrs>=22.2.0 in ./.pycircuit_out/agentic-circuit/venv/lib/python3.14/site-packages (from jsonschema>=4.18->agentic-circuit==0.1.0) (26.1.0)
Requirement already satisfied: jsonschema-specifications>=2023.03.6 in ./.pycircuit_out/agentic-circuit/venv/lib/python3.14/site-packages (from jsonschema>=4.18->agentic-circuit==0.1.0) (2025.9.1)
Requirement already satisfied: referencing>=0.28.4 in ./.pycircuit_out/agentic-circuit/venv/lib/python3.14/site-packages (from jsonschema>=4.18->agentic-circuit==0.1.0) (0.37.0)
Requirement already satisfied: rpds-py>=0.25.0 in ./.pycircuit_out/agentic-circuit/venv/lib/python3.14/site-packages (from jsonschema>=4.18->agentic-circuit==0.1.0) (2026.6.3)
Building wheels for collected packages: agentic-circuit
  Building editable for agentic-circuit (pyproject.toml): started
  Building editable for agentic-circuit (pyproject.toml): finished with status 'done'
  Created wheel for agentic-circuit: filename=agentic_circuit-0.1.0-0.editable-py3-none-any.whl size=4148 sha256=f69182c25f2c1a9ecfbbeb9d64629fa5da967c816d7a1fbc1e13e51441c55e41
  Stored in directory: /private/var/folders/dw/zd1zl_y14dndg0ydz1mdt25h0000gn/T/pip-ephem-wheel-cache-w44hofhj/wheels/48/00/1e/ae8b4b8e629977599fac074643bbdedc481b879ad7a985a541
Successfully built agentic-circuit
Installing collected packages: agentic-circuit
  Attempting uninstall: agentic-circuit
    Found existing installation: agentic-circuit 0.1.0
    Uninstalling agentic-circuit-0.1.0:
      Successfully uninstalled agentic-circuit-0.1.0
Successfully installed agentic-circuit-0.1.0
[pyc] AC G0/G1: configure standalone AC component
-- Using LLVM 22.1.8 from /opt/homebrew/opt/llvm/lib/cmake/llvm
-- Using MLIR 22.1.8 from /opt/homebrew/opt/llvm/lib/cmake/mlir
-- Found Python3: /opt/homebrew/Frameworks/Python.framework/Versions/3.14/bin/python3.14 (found suitable version "3.14.6", minimum required is "3.11") found components: Interpreter
-- Found Python3: /opt/homebrew/Frameworks/Python.framework/Versions/3.14/bin/python3.14 (found suitable version "3.14.6", minimum required is "3.11") found components: Interpreter Development.Module
-- Standalone Agentic Circuit build: ACIR-to-PYC toolchain target is disabled
-- Configuring done (0.3s)
-- Generating done (0.1s)
-- Build files have been written to: /Users/zhoubot/linx-isa/tools/pyCircuit/components/agentic-circuit/build/dev-llvm22
[1/1] Synchronizing gfsim runtime headers
[0/1] Running Agentic Circuit lit tests
-- Testing: 134 tests, 10 workers --
PASS: AgenticCircuit :: ACIR/hierarchy-invalid.mlir (1 of 134)
PASS: AgenticCircuit :: ACIR/resources-invalid.mlir (2 of 134)
PASS: AgenticCircuit :: CodeGen/multidimensional-array.mlir (3 of 134)
PASS: AgenticCircuit :: ACIR/address-time-invalid.mlir (4 of 134)
PASS: AgenticCircuit :: CodeGen/full-structured-model.mlir (5 of 134)
PASS: AgenticCircuit :: CodeGen/extension-provider.mlir (6 of 134)
PASS: AgenticCircuit :: CodeGen/driver-stages.mlir (7 of 134)
PASS: AgenticCircuit :: CodeGen/nested-modules.mlir (8 of 134)
PASS: AgenticCircuit :: ACSim/ops-invalid.mlir (9 of 134)
PASS: AgenticCircuit :: ACIR/protocols-invalid.mlir (10 of 134)
PASS: AgenticCircuit :: CodeGen/emit-cxx-current.mlir (11 of 134)
PASS: AgenticCircuit :: ACIR/interfaces-invalid.mlir (12 of 134)
PASS: AgenticCircuit :: ACIR/review-r1-invalid.mlir (13 of 134)
PASS: AgenticCircuit :: ACIR/table-invalid.mlir (14 of 134)
PASS: AgenticCircuit :: ACIR/types-invalid.mlir (15 of 134)
PASS: AgenticCircuit :: ACIR/review-r2-invalid.mlir (16 of 134)
PASS: AgenticCircuit :: ACIR/process-invalid.mlir (17 of 134)
PASS: AgenticCircuit :: ACSim/generated-call-contract.mlir (18 of 134)
PASS: AgenticCircuit :: CodeGen/table-slot-multiple-tables.mlir (19 of 134)
PASS: AgenticCircuit :: ACIR/trace-invalid.mlir (20 of 134)
PASS: AgenticCircuit :: ACIR/protocols-review-r1-invalid.mlir (21 of 134)
PASS: AgenticCircuit :: Transforms/verify-model.mlir (22 of 134)
PASS: AgenticCircuit :: ACIR/collections-invalid.mlir (23 of 134)
PASS: AgenticCircuit :: Analysis/raw-structure-preflight.mlir (24 of 134)
PASS: AgenticCircuit :: Conversion/bindings-invalid.mlir (25 of 134)
PASS: AgenticCircuit :: ACIR/queue-var-types-invalid.mlir (26 of 134)
PASS: AgenticCircuit :: ACIR/interfaces-review-r1-invalid.mlir (27 of 134)
PASS: AgenticCircuit :: ACIR/var-expressions-invalid.mlir (28 of 134)
PASS: AgenticCircuit :: ACIR/canonical-entrypoint.mlir (29 of 134)
PASS: AgenticCircuit :: ACIR/view-provenance.mlir (30 of 134)
PASS: AgenticCircuit :: ACIR/runtime-references-invalid.mlir (31 of 134)
PASS: AgenticCircuit :: Transforms/freeze-topology.mlir (32 of 134)
PASS: AgenticCircuit :: Analysis/process-state-verifier.mlir (33 of 134)
PASS: AgenticCircuit :: ACIR/declarations-invalid.mlir (34 of 134)
PASS: AgenticCircuit :: ACIR/contracts-invalid.mlir (35 of 134)
PASS: AgenticCircuit :: ACIR/firing-invalid.mlir (36 of 134)
PASS: AgenticCircuit :: ACIR/memory-invalid.mlir (37 of 134)
PASS: AgenticCircuit :: ACIR/records-invalid.mlir (38 of 134)
PASS: AgenticCircuit :: ACIR/topology-review-r1-invalid.mlir (39 of 134)
PASS: AgenticCircuit :: ACSim/types-invalid.mlir (40 of 134)
PASS: AgenticCircuit :: Conversion/atomic-failure.mlir (41 of 134)
PASS: AgenticCircuit :: ACIR/transform-invalid.mlir (42 of 134)
PASS: AgenticCircuit :: ACIR/dependency-invalid.mlir (43 of 134)
PASS: AgenticCircuit :: Transforms/deterministic-canonicalization.mlir (44 of 134)
PASS: AgenticCircuit :: Conversion/structure.mlir (45 of 134)
PASS: AgenticCircuit :: ACSim/ops-valid.mlir (46 of 134)
PASS: AgenticCircuit :: CodeGen/atomic-transform.mlir (47 of 134)
PASS: AgenticCircuit :: ACIR/control-feedback-invalid.mlir (48 of 134)
PASS: AgenticCircuit :: CodeGen/determinism.mlir (49 of 134)
PASS: AgenticCircuit :: Conversion/hierarchy.mlir (50 of 134)
PASS: AgenticCircuit :: Bindings/resolve-valid.mlir (51 of 134)
PASS: AgenticCircuit :: ACIR/ownership-order-review-r2.mlir (52 of 134)
PASS: AgenticCircuit :: ACIR/dialect-smoke.mlir (53 of 134)
PASS: AgenticCircuit :: Bindings/resolve-empty.mlir (54 of 134)
PASS: AgenticCircuit :: ACIR/source-sink.mlir (55 of 134)
PASS: AgenticCircuit :: ACIR/guarantees-review-r1-invalid.mlir (56 of 134)
PASS: AgenticCircuit :: ACIR/reorder-invalid.mlir (57 of 134)
PASS: AgenticCircuit :: ACIR/port-mapping-review-r2.mlir (58 of 134)
PASS: AgenticCircuit :: Conversion/bindings.mlir (59 of 134)
PASS: AgenticCircuit :: ACIR/barrier.mlir (60 of 134)
PASS: AgenticCircuit :: ACIR/dependency.mlir (61 of 134)
PASS: AgenticCircuit :: ACIR/types-valid.mlir (62 of 134)
PASS: AgenticCircuit :: ACSim/types-valid.mlir (63 of 134)
PASS: AgenticCircuit :: ACSim/dialect-smoke.mlir (64 of 134)
PASS: AgenticCircuit :: ACIR/memory.mlir (65 of 134)
PASS: AgenticCircuit :: ACIR/queue-var-types.mlir (66 of 134)
PASS: AgenticCircuit :: ACIR/scope-invalid.mlir (67 of 134)
PASS: AgenticCircuit :: ACIR/select.mlir (68 of 134)
PASS: AgenticCircuit :: Transforms/zero-delay-cycles.mlir (69 of 134)
PASS: AgenticCircuit :: ACIR/broadcast-invalid.mlir (70 of 134)
PASS: AgenticCircuit :: ACIR/reorder.mlir (71 of 134)
PASS: AgenticCircuit :: ACIR/barrier-invalid.mlir (72 of 134)
PASS: AgenticCircuit :: ACIR/contracts-valid.mlir (73 of 134)
PASS: AgenticCircuit :: ACIR/var-expressions.mlir (74 of 134)
PASS: AgenticCircuit :: ACIR/transform.mlir (75 of 134)
PASS: AgenticCircuit :: ACIR/trace-valid.mlir (76 of 134)
PASS: AgenticCircuit :: Conversion/collections.mlir (77 of 134)
PASS: AgenticCircuit :: ACIR/credit.mlir (78 of 134)
PASS: AgenticCircuit :: ACSim/reusable-modules.mlir (79 of 134)
PASS: AgenticCircuit :: Python/cli-compile.mlir (80 of 134)
PASS: AgenticCircuit :: ACIR/process-valid.mlir (81 of 134)
PASS: AgenticCircuit :: Conversion/whole-model.mlir (82 of 134)
PASS: AgenticCircuit :: ACIR/route-invalid.mlir (83 of 134)
PASS: AgenticCircuit :: ACIR/select-invalid.mlir (84 of 134)
PASS: AgenticCircuit :: ACIR/firing.mlir (85 of 134)
PASS: AgenticCircuit :: ACIR/credit-invalid.mlir (86 of 134)
PASS: AgenticCircuit :: Bindings/resolve-missing.mlir (87 of 134)
PASS: AgenticCircuit :: Conversion/process-control-flow.mlir (88 of 134)
PASS: AgenticCircuit :: ACIR/hierarchy-valid.mlir (89 of 134)
PASS: AgenticCircuit :: ACIR/review-r1-valid.mlir (90 of 134)
PASS: AgenticCircuit :: ACIR/address-map-canonical-order.mlir (91 of 134)
PASS: AgenticCircuit :: ACIR/protocols-valid.mlir (92 of 134)
PASS: AgenticCircuit :: ACIR/broadcast.mlir (93 of 134)
PASS: AgenticCircuit :: ACIR/address-time-valid.mlir (94 of 134)
PASS: AgenticCircuit :: ACIR/address-selectors-valid.mlir (95 of 134)
PASS: AgenticCircuit :: ACIR/observe.mlir (96 of 134)
PASS: AgenticCircuit :: ACIR/contract-epoch.mlir (97 of 134)
PASS: AgenticCircuit :: Conversion/pure-results.mlir (98 of 134)
PASS: AgenticCircuit :: ACIR/resources-valid.mlir (99 of 134)
PASS: AgenticCircuit :: ACIR/records-valid.mlir (100 of 134)
PASS: AgenticCircuit :: ACIR/scope.mlir (101 of 134)
PASS: AgenticCircuit :: ACIR/resources-forward-malformed-invalid.mlir (102 of 134)
PASS: AgenticCircuit :: Conversion/process-missing-mapping.mlir (103 of 134)
PASS: AgenticCircuit :: ACIR/expect-invalid.mlir (104 of 134)
PASS: AgenticCircuit :: Conversion/process-invalid.mlir (105 of 134)
PASS: AgenticCircuit :: Conversion/process-live-values.mlir (106 of 134)
PASS: AgenticCircuit :: ACIR/fork-invalid.mlir (107 of 134)
PASS: AgenticCircuit :: ACIR/declarations-valid.mlir (108 of 134)
PASS: AgenticCircuit :: ACIR/expect.mlir (109 of 134)
PASS: AgenticCircuit :: Conversion/process-basic.mlir (110 of 134)
PASS: AgenticCircuit :: ACIR/interfaces-valid.mlir (111 of 134)
PASS: AgenticCircuit :: CodeGen/popcount-verilog.mlir (112 of 134)
PASS: AgenticCircuit :: Python/frontend-lowering.mlir (113 of 134)
PASS: AgenticCircuit :: ACIR/control-feedback.mlir (114 of 134)
PASS: AgenticCircuit :: ACIR/table.mlir (115 of 134)
PASS: AgenticCircuit :: CodeGen/arbiter-verilog.mlir (116 of 134)
PASS: AgenticCircuit :: CodeGen/driver-errors.mlir (117 of 134)
PASS: AgenticCircuit :: Conversion/time-domains.mlir (118 of 134)
PASS: AgenticCircuit :: Conversion/typed-graph.mlir (119 of 134)
PASS: AgenticCircuit :: ACIR/source-sink-invalid.mlir (120 of 134)
PASS: AgenticCircuit :: CodeGen/process-control-flow.mlir (121 of 134)
PASS: AgenticCircuit :: Analysis/process-state-pass.mlir (122 of 134)
PASS: AgenticCircuit :: ACSim/generated-wrapper-activation.mlir (123 of 134)
PASS: AgenticCircuit :: CodeGen/acir-build-input-contract.mlir (124 of 134)
PASS: AgenticCircuit :: ACIR/collections-valid.mlir (125 of 134)
PASS: AgenticCircuit :: ACIR/route.mlir (126 of 134)
PASS: AgenticCircuit :: Bindings/resolve-ambiguous.mlir (127 of 134)
PASS: AgenticCircuit :: Transforms/queue-var-cse.mlir (128 of 134)
PASS: AgenticCircuit :: ACIR/observe-invalid.mlir (129 of 134)
PASS: AgenticCircuit :: ACIR/fork.mlir (130 of 134)
PASS: AgenticCircuit :: CodeGen/opcode-catalog.mlir (131 of 134)
PASS: AgenticCircuit :: CodeGen/arbiter.mlir (132 of 134)
PASS: AgenticCircuit :: CodeGen/forbidden-generated-dependencies.mlir (133 of 134)
PASS: AgenticCircuit :: CodeGen/popcount.mlir (134 of 134)

Testing Time: 19.50s

Total Discovered Tests: 134
  Passed: 134 (100.00%)
Test project /Users/zhoubot/linx-isa/tools/pyCircuit/components/agentic-circuit/build/dev-llvm22
      Start 13: CodeGenTests
      Start  9: ACIRModelAnalysisTests
      Start  1: WorkspaceE2ETests
      Start 10: ACIRProcessStatePlanTests
      Start  6: ACIROpsTests
      Start  3: PycVerilogBackendTests
 1/14 Test  #3: PycVerilogBackendTests ...........   Passed    6.40 sec
      Start  8: ACSimOpsTests
 2/14 Test  #8: ACSimOpsTests ....................   Passed    0.65 sec
      Start 11: ACIRBindingTests
 3/14 Test #11: ACIRBindingTests .................   Passed    0.19 sec
      Start 14: CompilerTests
 4/14 Test #14: CompilerTests ....................   Passed    0.14 sec
      Start  7: ACSimTypesTests
 5/14 Test  #7: ACSimTypesTests ..................   Passed    0.03 sec
      Start 12: ACIRToACSimTests
 6/14 Test #12: ACIRToACSimTests .................   Passed    0.16 sec
      Start  5: ACIRTypesTests
 7/14 Test  #5: ACIRTypesTests ...................   Passed    0.09 sec
      Start  4: GfsimTests
 8/14 Test  #4: GfsimTests .......................   Passed    0.05 sec
      Start  2: DavinciOOTraceTests
 9/14 Test  #2: DavinciOOTraceTests ..............   Passed    2.05 sec
10/14 Test #10: ACIRProcessStatePlanTests ........   Passed   10.95 sec
11/14 Test  #6: ACIROpsTests .....................   Passed   10.98 sec
12/14 Test  #9: ACIRModelAnalysisTests ...........   Passed   15.88 sec
13/14 Test #13: CodeGenTests .....................   Passed   31.66 sec
14/14 Test  #1: WorkspaceE2ETests ................   Passed   91.68 sec

100% tests passed, 0 tests failed out of 14

Label Time Summary:
davincioo    =   2.05 sec*proc (1 test)
e2e          =  93.72 sec*proc (2 tests)
pyc          =   6.40 sec*proc (1 test)
verilog      =   6.40 sec*proc (1 test)
workspace    =  91.68 sec*proc (1 test)

Total Test time (real) =  91.68 sec
[pyc] AC G2: build and install the repo-local pyc6 + AC toolchain
[pyc] configure (/Users/zhoubot/linx-isa/tools/pyCircuit/.pycircuit_out/gates/20260903-ac-table-stack-closure-r5/agentic-circuit/toolchain/build)
-- The C compiler identification is AppleClang 21.0.0.21000101
-- The CXX compiler identification is AppleClang 21.0.0.21000101
-- Detecting C compiler ABI info
-- Detecting C compiler ABI info - done
-- Check for working C compiler: /usr/bin/cc - skipped
-- Detecting C compile features
-- Detecting C compile features - done
-- Detecting CXX compiler ABI info
-- Detecting CXX compiler ABI info - done
-- Check for working CXX compiler: /usr/bin/c++ - skipped
-- Detecting CXX compile features
-- Detecting CXX compile features - done
-- Performing Test HAVE_FFI_CALL
-- Performing Test HAVE_FFI_CALL - Success
-- Found FFI: /Applications/Xcode.app/Contents/Developer/Platforms/MacOSX.platform/Developer/SDKs/MacOSX.sdk/usr/lib/libffi.tbd
-- Looking for histedit.h
-- Looking for histedit.h - found
-- Found LibEdit: /Applications/Xcode.app/Contents/Developer/Platforms/MacOSX.platform/Developer/SDKs/MacOSX.sdk/usr/include (found version "2.11")
-- Found ZLIB: /Applications/Xcode.app/Contents/Developer/Platforms/MacOSX.platform/Developer/SDKs/MacOSX.sdk/usr/lib/libz.tbd (found version "1.2.12")
-- Found zstd: /opt/homebrew/lib/libzstd.dylib
-- Found LibXml2: /Applications/Xcode.app/Contents/Developer/Platforms/MacOSX.platform/Developer/SDKs/MacOSX.sdk/usr/lib/libxml2.tbd (found version "2.9.13")
-- Using LLVMConfig.cmake in: /opt/homebrew/Cellar/llvm/22.1.8/lib/cmake/llvm
-- Using MLIRConfig.cmake in: /opt/homebrew/Cellar/llvm/22.1.8/lib/cmake/mlir
-- Linker detection: Apple
-- Performing Test LLVM_LINKER_SUPPORTS_NO_EXPORTED_SYMBOLS
-- Performing Test LLVM_LINKER_SUPPORTS_NO_EXPORTED_SYMBOLS - Success
-- Performing Test LLVM_LINKER_SUPPORTS_NO_WARN_DUPLICATE_LIBRARIES
-- Performing Test LLVM_LINKER_SUPPORTS_NO_WARN_DUPLICATE_LIBRARIES - Success
-- Performing Test LLVM_USES_LIBSTDCXX
-- Performing Test LLVM_USES_LIBSTDCXX - Failed
-- Performing Test LLVM_DEFAULT_TO_GLIBCXX_USE_CXX11_ABI
-- Performing Test LLVM_DEFAULT_TO_GLIBCXX_USE_CXX11_ABI - Failed
-- Performing Test C_SUPPORTS_FPIC
-- Performing Test C_SUPPORTS_FPIC - Success
-- Performing Test CXX_SUPPORTS_FPIC
-- Performing Test CXX_SUPPORTS_FPIC - Success
-- Building with -fPIC
-- Performing Test C_SUPPORTS_FNO_SEMANTIC_INTERPOSITION
-- Performing Test C_SUPPORTS_FNO_SEMANTIC_INTERPOSITION - Failed
-- Performing Test CXX_SUPPORTS_FNO_SEMANTIC_INTERPOSITION
-- Performing Test CXX_SUPPORTS_FNO_SEMANTIC_INTERPOSITION - Failed
-- Performing Test SUPPORTS_FVISIBILITY_INLINES_HIDDEN_FLAG
-- Performing Test SUPPORTS_FVISIBILITY_INLINES_HIDDEN_FLAG - Success
-- Performing Test CXX_SUPPORTS_SUGGEST_OVERRIDE_FLAG
-- Performing Test CXX_SUPPORTS_SUGGEST_OVERRIDE_FLAG - Success
-- Performing Test CXX_WSUGGEST_OVERRIDE_ALLOWS_ONLY_FINAL
-- Performing Test CXX_WSUGGEST_OVERRIDE_ALLOWS_ONLY_FINAL - Success
-- Performing Test C_WCOMMENT_ALLOWS_LINE_WRAP
-- Performing Test C_WCOMMENT_ALLOWS_LINE_WRAP - Success
-- Performing Test C_SUPPORTS_MISLEADING_INDENTATION_FLAG
-- Performing Test C_SUPPORTS_MISLEADING_INDENTATION_FLAG - Success
-- Performing Test CXX_SUPPORTS_MISLEADING_INDENTATION_FLAG
-- Performing Test CXX_SUPPORTS_MISLEADING_INDENTATION_FLAG - Success
-- Performing Test C_SUPPORTS_CTAD_MAYBE_UNSPPORTED_FLAG
-- Performing Test C_SUPPORTS_CTAD_MAYBE_UNSPPORTED_FLAG - Success
-- Performing Test CXX_SUPPORTS_CTAD_MAYBE_UNSPPORTED_FLAG
-- Performing Test CXX_SUPPORTS_CTAD_MAYBE_UNSPPORTED_FLAG - Success
-- Performing Test LINKER_SUPPORTS_COLOR_DIAGNOSTICS
-- Performing Test LINKER_SUPPORTS_COLOR_DIAGNOSTICS - Failed
-- Looking for os_signpost_interval_begin
-- Looking for os_signpost_interval_begin - found
-- Performing Test macos_signposts_usable
-- Performing Test macos_signposts_usable - Success
-- Looking for flock
-- Looking for flock - found
-- Reusing parent LLVM/MLIR 22.1.8 targets for Agentic Circuit
-- Using LLVM 22.1.8 from /opt/homebrew/Cellar/llvm/22.1.8/lib/cmake/llvm
-- Using MLIR 22.1.8 from /opt/homebrew/Cellar/llvm/22.1.8/lib/cmake/mlir
-- Found Python3: /opt/homebrew/Frameworks/Python.framework/Versions/3.14/bin/python3.14 (found suitable version "3.14.6", minimum required is "3.11") found components: Interpreter Development.Module
-- Configuring done (3.4s)
-- Generating done (0.1s)
-- Build files have been written to: /Users/zhoubot/linx-isa/tools/pyCircuit/.pycircuit_out/gates/20260903-ac-table-stack-closure-r5/agentic-circuit/toolchain/build
[pyc] build pycc + runtime (/Users/zhoubot/linx-isa/tools/pyCircuit/.pycircuit_out/gates/20260903-ac-table-stack-closure-r5/agentic-circuit/toolchain/build)
ninja: Entering directory `/Users/zhoubot/linx-isa/tools/pyCircuit/.pycircuit_out/gates/20260903-ac-table-stack-closure-r5/agentic-circuit/toolchain/build'
[1/36] Building CXX object runtime/cpp/CMakeFiles/pyc6_runtime.dir/pyc_runtime.cpp.o
[2/36] Building include/pyc/Dialect/PYC/PYCTypes.cpp.inc...
[3/36] Building include/pyc/Dialect/PYC/PYCTypes.h.inc...
[4/36] Building include/pyc/Dialect/PYC/PYCOps.h.inc...
[5/36] Building include/pyc/Dialect/PYC/PYCOps.cpp.inc...
[6/36] Linking CXX static library lib/libpyc6_runtime.a
[7/36] Building CXX object compiler/mlir/CMakeFiles/pyc_dialect.dir/lib/Dialect/PYC/PYCTypes.cpp.o
In file included from /Users/zhoubot/linx-isa/tools/pyCircuit/compiler/mlir/lib/Dialect/PYC/PYCTypes.cpp:9:
/Users/zhoubot/linx-isa/tools/pyCircuit/.pycircuit_out/gates/20260903-ac-table-stack-closure-r5/agentic-circuit/toolchain/build/compiler/mlir/include/pyc/Dialect/PYC/PYCTypes.cpp.inc:20:36: warning: unused function 'generatedTypeParser' [-Wunused-function]
   20 | static ::mlir::OptionalParseResult generatedTypeParser(::mlir::AsmParser &parser, ::llvm::StringRef *mnemonic, ::mlir::Type &value) {
      |                                    ^~~~~~~~~~~~~~~~~~~
/Users/zhoubot/linx-isa/tools/pyCircuit/.pycircuit_out/gates/20260903-ac-table-stack-closure-r5/agentic-circuit/toolchain/build/compiler/mlir/include/pyc/Dialect/PYC/PYCTypes.cpp.inc:36:30: warning: unused function 'generatedTypePrinter' [-Wunused-function]
   36 | static ::llvm::LogicalResult generatedTypePrinter(::mlir::Type def, ::mlir::AsmPrinter &printer) {
      |                              ^~~~~~~~~~~~~~~~~~~~
2 warnings generated.
[8/36] Building CXX object compiler/mlir/CMakeFiles/pyc_transforms.dir/lib/Transforms/CheckFlatTypesPass.cpp.o
[9/36] Building CXX object compiler/mlir/CMakeFiles/pyc_transforms.dir/lib/Transforms/CheckHierarchyDisciplinePass.cpp.o
[10/36] Building CXX object compiler/mlir/CMakeFiles/pyc_transforms.dir/lib/Transforms/CheckNoDynamicPass.cpp.o
[11/36] Building CXX object compiler/mlir/CMakeFiles/pyc_transforms.dir/lib/Transforms/CheckCombCyclesPass.cpp.o
[12/36] Building CXX object compiler/mlir/CMakeFiles/pyc_transforms.dir/lib/Transforms/CheckLogicDepthPass.cpp.o
/Users/zhoubot/linx-isa/tools/pyCircuit/compiler/mlir/lib/Transforms/CheckLogicDepthPass.cpp:53:26: warning: comparison of integers of different signs: 'value_type' (aka 'unsigned long long') and 'int64_t' (aka 'long long') [-Wsign-compare]
   53 |     if (*dim < 0 || *dim >= vecTy.getRank())
      |                     ~~~~ ^  ~~~~~~~~~~~~~~~
/Users/zhoubot/linx-isa/tools/pyCircuit/compiler/mlir/lib/Transforms/CheckLogicDepthPass.cpp:78:12: note: in instantiation of function template specialization 'pyc::(anonymous namespace)::vectorReduceCost<pyc::VOrReduceOp>' requested here
   78 |     return vectorReduceCost(vr);
      |            ^
/Users/zhoubot/linx-isa/tools/pyCircuit/compiler/mlir/lib/Transforms/CheckLogicDepthPass.cpp:53:26: warning: comparison of integers of different signs: 'value_type' (aka 'unsigned long long') and 'int64_t' (aka 'long long') [-Wsign-compare]
   53 |     if (*dim < 0 || *dim >= vecTy.getRank())
      |                     ~~~~ ^  ~~~~~~~~~~~~~~~
/Users/zhoubot/linx-isa/tools/pyCircuit/compiler/mlir/lib/Transforms/CheckLogicDepthPass.cpp:80:12: note: in instantiation of function template specialization 'pyc::(anonymous namespace)::vectorReduceCost<pyc::VAndReduceOp>' requested here
   80 |     return vectorReduceCost(vr);
      |            ^
/Users/zhoubot/linx-isa/tools/pyCircuit/compiler/mlir/lib/Transforms/CheckLogicDepthPass.cpp:53:26: warning: comparison of integers of different signs: 'value_type' (aka 'unsigned long long') and 'int64_t' (aka 'long long') [-Wsign-compare]
   53 |     if (*dim < 0 || *dim >= vecTy.getRank())
      |                     ~~~~ ^  ~~~~~~~~~~~~~~~
/Users/zhoubot/linx-isa/tools/pyCircuit/compiler/mlir/lib/Transforms/CheckLogicDepthPass.cpp:82:12: note: in instantiation of function template specialization 'pyc::(anonymous namespace)::vectorReduceCost<pyc::VAddReduceOp>' requested here
   82 |     return vectorReduceCost(vr);
      |            ^
3 warnings generated.
[13/36] Building CXX object compiler/mlir/CMakeFiles/pyc_transforms.dir/lib/Transforms/CheckFrontendContractPass.cpp.o
/Users/zhoubot/linx-isa/tools/pyCircuit/compiler/mlir/lib/Transforms/CheckFrontendContractPass.cpp:176:12: warning: unused variable 'checkBoolAttr' [-Wunused-variable]
  176 |       auto checkBoolAttr = [&](StringRef name, llvm::StringRef code, llvm::StringRef hint) -> BoolAttr {
      |            ^~~~~~~~~~~~~
1 warning generated.
[14/36] Building CXX object compiler/mlir/CMakeFiles/pyc_transforms.dir/lib/Transforms/CombDepGraph.cpp.o
/Users/zhoubot/linx-isa/tools/pyCircuit/compiler/mlir/lib/Transforms/CombDepGraph.cpp:40:26: warning: comparison of integers of different signs: 'value_type' (aka 'unsigned long long') and 'int64_t' (aka 'long long') [-Wsign-compare]
   40 |     if (*dim < 0 || *dim >= vecTy.getRank())
      |                     ~~~~ ^  ~~~~~~~~~~~~~~~
/Users/zhoubot/linx-isa/tools/pyCircuit/compiler/mlir/lib/Transforms/CombDepGraph.cpp:65:12: note: in instantiation of function template specialization 'pyc::(anonymous namespace)::vectorReduceCost<pyc::VOrReduceOp>' requested here
   65 |     return vectorReduceCost(vr);
      |            ^
/Users/zhoubot/linx-isa/tools/pyCircuit/compiler/mlir/lib/Transforms/CombDepGraph.cpp:40:26: warning: comparison of integers of different signs: 'value_type' (aka 'unsigned long long') and 'int64_t' (aka 'long long') [-Wsign-compare]
   40 |     if (*dim < 0 || *dim >= vecTy.getRank())
      |                     ~~~~ ^  ~~~~~~~~~~~~~~~
/Users/zhoubot/linx-isa/tools/pyCircuit/compiler/mlir/lib/Transforms/CombDepGraph.cpp:67:12: note: in instantiation of function template specialization 'pyc::(anonymous namespace)::vectorReduceCost<pyc::VAndReduceOp>' requested here
   67 |     return vectorReduceCost(vr);
      |            ^
/Users/zhoubot/linx-isa/tools/pyCircuit/compiler/mlir/lib/Transforms/CombDepGraph.cpp:40:26: warning: comparison of integers of different signs: 'value_type' (aka 'unsigned long long') and 'int64_t' (aka 'long long') [-Wsign-compare]
   40 |     if (*dim < 0 || *dim >= vecTy.getRank())
      |                     ~~~~ ^  ~~~~~~~~~~~~~~~
/Users/zhoubot/linx-isa/tools/pyCircuit/compiler/mlir/lib/Transforms/CombDepGraph.cpp:69:12: note: in instantiation of function template specialization 'pyc::(anonymous namespace)::vectorReduceCost<pyc::VAddReduceOp>' requested here
   69 |     return vectorReduceCost(vr);
      |            ^
3 warnings generated.
[15/36] Building CXX object compiler/mlir/CMakeFiles/pyc_transforms.dir/lib/Transforms/CollectCompileStatsPass.cpp.o
[16/36] Building CXX object compiler/mlir/CMakeFiles/pyc_transforms.dir/lib/Transforms/CheckClockDomainsPass.cpp.o
[17/36] Building CXX object compiler/mlir/CMakeFiles/pyc_transforms.dir/lib/Transforms/EliminateDeadInstancesPass.cpp.o
[18/36] Building CXX object compiler/mlir/CMakeFiles/pyc_transforms.dir/lib/Transforms/CombCanonicalizePass.cpp.o
/Users/zhoubot/linx-isa/tools/pyCircuit/compiler/mlir/lib/Transforms/CombCanonicalizePass.cpp:64:21: warning: 'create' is deprecated: Use OpTy::create instead [-Wdeprecated-declarations]
   64 |     return rewriter.create<pyc::ConstantOp>(loc, intTy, IntegerAttr::get(intTy, vv));
      |                     ^
/opt/homebrew/Cellar/llvm/22.1.8/include/mlir/IR/Builders.h:506:8: note: 'create' has been explicitly marked deprecated here
  506 |   OpTy create(Location location, Args &&...args) {
      |        ^
/Users/zhoubot/linx-isa/tools/pyCircuit/compiler/mlir/lib/Transforms/CombCanonicalizePass.cpp:64:21: warning: 'create<pyc::ConstantOp, mlir::IntegerType &, mlir::IntegerAttr>' is deprecated: Use OpTy::create instead [-Wdeprecated-declarations]
   64 |     return rewriter.create<pyc::ConstantOp>(loc, intTy, IntegerAttr::get(intTy, vv));
      |                     ^
/opt/homebrew/Cellar/llvm/22.1.8/include/mlir/IR/Builders.h:505:5: note: 'create<pyc::ConstantOp, mlir::IntegerType &, mlir::IntegerAttr>' has been explicitly marked deprecated here
  505 |   [[deprecated("Use OpTy::create instead")]]
      |     ^
/Users/zhoubot/linx-isa/tools/pyCircuit/compiler/mlir/lib/Transforms/CombCanonicalizePass.cpp:74:29: warning: 'create' is deprecated: Use OpTy::create instead [-Wdeprecated-declarations]
   74 |     Value scalar = rewriter.create<pyc::ConstantOp>(loc, elemTy, IntegerAttr::get(elemTy, vv));
      |                             ^
/opt/homebrew/Cellar/llvm/22.1.8/include/mlir/IR/Builders.h:506:8: note: 'create' has been explicitly marked deprecated here
  506 |   OpTy create(Location location, Args &&...args) {
      |        ^
/Users/zhoubot/linx-isa/tools/pyCircuit/compiler/mlir/lib/Transforms/CombCanonicalizePass.cpp:74:29: warning: 'create<pyc::ConstantOp, mlir::IntegerType &, mlir::IntegerAttr>' is deprecated: Use OpTy::create instead [-Wdeprecated-declarations]
   74 |     Value scalar = rewriter.create<pyc::ConstantOp>(loc, elemTy, IntegerAttr::get(elemTy, vv));
      |                             ^
/opt/homebrew/Cellar/llvm/22.1.8/include/mlir/IR/Builders.h:505:5: note: 'create<pyc::ConstantOp, mlir::IntegerType &, mlir::IntegerAttr>' has been explicitly marked deprecated here
  505 |   [[deprecated("Use OpTy::create instead")]]
      |     ^
/Users/zhoubot/linx-isa/tools/pyCircuit/compiler/mlir/lib/Transforms/CombCanonicalizePass.cpp:75:21: warning: 'create' is deprecated: Use OpTy::create instead [-Wdeprecated-declarations]
   75 |     return rewriter.create<pyc::VBroadcastOp>(loc, vt, scalar, vt.getShape()[0]);
      |                     ^
/opt/homebrew/Cellar/llvm/22.1.8/include/mlir/IR/Builders.h:506:8: note: 'create' has been explicitly marked deprecated here
  506 |   OpTy create(Location location, Args &&...args) {
      |        ^
/Users/zhoubot/linx-isa/tools/pyCircuit/compiler/mlir/lib/Transforms/CombCanonicalizePass.cpp:75:21: warning: 'create<pyc::VBroadcastOp, mlir::VectorType &, mlir::Value &, const long long &>' is deprecated: Use OpTy::create instead [-Wdeprecated-declarations]
   75 |     return rewriter.create<pyc::VBroadcastOp>(loc, vt, scalar, vt.getShape()[0]);
      |                     ^
/opt/homebrew/Cellar/llvm/22.1.8/include/mlir/IR/Builders.h:505:5: note: 'create<pyc::VBroadcastOp, mlir::VectorType &, mlir::Value &, const long long &>' has been explicitly marked deprecated here
  505 |   [[deprecated("Use OpTy::create instead")]]
      |     ^
/Users/zhoubot/linx-isa/tools/pyCircuit/compiler/mlir/lib/Transforms/CombCanonicalizePass.cpp:309:29: warning: 'create' is deprecated: Use OpTy::create instead [-Wdeprecated-declarations]
  309 |       Value nsel = rewriter.create<pyc::NotOp>(op.getLoc(), op.getSel());
      |                             ^
/opt/homebrew/Cellar/llvm/22.1.8/include/mlir/IR/Builders.h:506:8: note: 'create' has been explicitly marked deprecated here
  506 |   OpTy create(Location location, Args &&...args) {
      |        ^
/Users/zhoubot/linx-isa/tools/pyCircuit/compiler/mlir/lib/Transforms/CombCanonicalizePass.cpp:309:29: warning: 'create<pyc::NotOp, mlir::Value>' is deprecated: Use OpTy::create instead [-Wdeprecated-declarations]
  309 |       Value nsel = rewriter.create<pyc::NotOp>(op.getLoc(), op.getSel());
      |                             ^
/opt/homebrew/Cellar/llvm/22.1.8/include/mlir/IR/Builders.h:505:5: note: 'create<pyc::NotOp, mlir::Value>' has been explicitly marked deprecated here
  505 |   [[deprecated("Use OpTy::create instead")]]
      |     ^
/Users/zhoubot/linx-isa/tools/pyCircuit/compiler/mlir/lib/Transforms/CombCanonicalizePass.cpp:315:29: warning: 'create' is deprecated: Use OpTy::create instead [-Wdeprecated-declarations]
  315 |       Value nsel = rewriter.create<pyc::NotOp>(op.getLoc(), op.getSel());
      |                             ^
/opt/homebrew/Cellar/llvm/22.1.8/include/mlir/IR/Builders.h:506:8: note: 'create' has been explicitly marked deprecated here
  506 |   OpTy create(Location location, Args &&...args) {
      |        ^
/Users/zhoubot/linx-isa/tools/pyCircuit/compiler/mlir/lib/Transforms/CombCanonicalizePass.cpp:315:29: warning: 'create<pyc::NotOp, mlir::Value>' is deprecated: Use OpTy::create instead [-Wdeprecated-declarations]
  315 |       Value nsel = rewriter.create<pyc::NotOp>(op.getLoc(), op.getSel());
      |                             ^
/opt/homebrew/Cellar/llvm/22.1.8/include/mlir/IR/Builders.h:505:5: note: 'create<pyc::NotOp, mlir::Value>' has been explicitly marked deprecated here
  505 |   [[deprecated("Use OpTy::create instead")]]
      |     ^
/Users/zhoubot/linx-isa/tools/pyCircuit/compiler/mlir/lib/Transforms/CombCanonicalizePass.cpp:413:28: warning: 'create' is deprecated: Use OpTy::create instead [-Wdeprecated-declarations]
  413 |         Value x = rewriter.create<pyc::XorOp>(op.getLoc(), op.getType(), A, B);
      |                            ^
/opt/homebrew/Cellar/llvm/22.1.8/include/mlir/IR/Builders.h:506:8: note: 'create' has been explicitly marked deprecated here
  506 |   OpTy create(Location location, Args &&...args) {
      |        ^
/Users/zhoubot/linx-isa/tools/pyCircuit/compiler/mlir/lib/Transforms/CombCanonicalizePass.cpp:413:28: warning: 'create<pyc::XorOp, mlir::Type, mlir::Value &, mlir::Value &>' is deprecated: Use OpTy::create instead [-Wdeprecated-declarations]
  413 |         Value x = rewriter.create<pyc::XorOp>(op.getLoc(), op.getType(), A, B);
      |                            ^
/opt/homebrew/Cellar/llvm/22.1.8/include/mlir/IR/Builders.h:505:5: note: 'create<pyc::XorOp, mlir::Type, mlir::Value &, mlir::Value &>' has been explicitly marked deprecated here
  505 |   [[deprecated("Use OpTy::create instead")]]
      |     ^
/Users/zhoubot/linx-isa/tools/pyCircuit/compiler/mlir/lib/Transforms/CombCanonicalizePass.cpp:418:28: warning: 'create' is deprecated: Use OpTy::create instead [-Wdeprecated-declarations]
  418 |         Value x = rewriter.create<pyc::XorOp>(op.getLoc(), op.getType(), A, B);
      |                            ^
/opt/homebrew/Cellar/llvm/22.1.8/include/mlir/IR/Builders.h:506:8: note: 'create' has been explicitly marked deprecated here
  506 |   OpTy create(Location location, Args &&...args) {
      |        ^
/Users/zhoubot/linx-isa/tools/pyCircuit/compiler/mlir/lib/Transforms/CombCanonicalizePass.cpp:418:28: warning: 'create<pyc::XorOp, mlir::Type, mlir::Value &, mlir::Value &>' is deprecated: Use OpTy::create instead [-Wdeprecated-declarations]
  418 |         Value x = rewriter.create<pyc::XorOp>(op.getLoc(), op.getType(), A, B);
      |                            ^
/opt/homebrew/Cellar/llvm/22.1.8/include/mlir/IR/Builders.h:505:5: note: 'create<pyc::XorOp, mlir::Type, mlir::Value &, mlir::Value &>' has been explicitly marked deprecated here
  505 |   [[deprecated("Use OpTy::create instead")]]
      |     ^
/Users/zhoubot/linx-isa/tools/pyCircuit/compiler/mlir/lib/Transforms/CombCanonicalizePass.cpp:478:22: warning: 'create' is deprecated: Use OpTy::create instead [-Wdeprecated-declarations]
  478 |       sel = rewriter.create<pyc::VGetOp>(op.getLoc(), selLaneTy, sel, idx);
      |                      ^
/opt/homebrew/Cellar/llvm/22.1.8/include/mlir/IR/Builders.h:506:8: note: 'create' has been explicitly marked deprecated here
  506 |   OpTy create(Location location, Args &&...args) {
      |        ^
/Users/zhoubot/linx-isa/tools/pyCircuit/compiler/mlir/lib/Transforms/CombCanonicalizePass.cpp:478:22: warning: 'create<pyc::VGetOp, mlir::Type &, mlir::Value &, unsigned long long &>' is deprecated: Use OpTy::create instead [-Wdeprecated-declarations]
  478 |       sel = rewriter.create<pyc::VGetOp>(op.getLoc(), selLaneTy, sel, idx);
      |                      ^
/opt/homebrew/Cellar/llvm/22.1.8/include/mlir/IR/Builders.h:505:5: note: 'create<pyc::VGetOp, mlir::Type &, mlir::Value &, unsigned long long &>' has been explicitly marked deprecated here
  505 |   [[deprecated("Use OpTy::create instead")]]
      |     ^
/Users/zhoubot/linx-isa/tools/pyCircuit/compiler/mlir/lib/Transforms/CombCanonicalizePass.cpp:482:24: warning: 'create' is deprecated: Use OpTy::create instead [-Wdeprecated-declarations]
  482 |     Value a = rewriter.create<pyc::VGetOp>(op.getLoc(), laneTy, mux.getA(), idx);
      |                        ^
/opt/homebrew/Cellar/llvm/22.1.8/include/mlir/IR/Builders.h:506:8: note: 'create' has been explicitly marked deprecated here
  506 |   OpTy create(Location location, Args &&...args) {
      |        ^
/Users/zhoubot/linx-isa/tools/pyCircuit/compiler/mlir/lib/Transforms/CombCanonicalizePass.cpp:482:24: warning: 'create<pyc::VGetOp, mlir::Type &, mlir::Value, unsigned long long &>' is deprecated: Use OpTy::create instead [-Wdeprecated-declarations]
  482 |     Value a = rewriter.create<pyc::VGetOp>(op.getLoc(), laneTy, mux.getA(), idx);
      |                        ^
/opt/homebrew/Cellar/llvm/22.1.8/include/mlir/IR/Builders.h:505:5: note: 'create<pyc::VGetOp, mlir::Type &, mlir::Value, unsigned long long &>' has been explicitly marked deprecated here
  505 |   [[deprecated("Use OpTy::create instead")]]
      |     ^
/Users/zhoubot/linx-isa/tools/pyCircuit/compiler/mlir/lib/Transforms/CombCanonicalizePass.cpp:483:24: warning: 'create' is deprecated: Use OpTy::create instead [-Wdeprecated-declarations]
  483 |     Value b = rewriter.create<pyc::VGetOp>(op.getLoc(), laneTy, mux.getB(), idx);
      |                        ^
/opt/homebrew/Cellar/llvm/22.1.8/include/mlir/IR/Builders.h:506:8: note: 'create' has been explicitly marked deprecated here
  506 |   OpTy create(Location location, Args &&...args) {
      |        ^
/Users/zhoubot/linx-isa/tools/pyCircuit/compiler/mlir/lib/Transforms/CombCanonicalizePass.cpp:483:24: warning: 'create<pyc::VGetOp, mlir::Type &, mlir::Value, unsigned long long &>' is deprecated: Use OpTy::create instead [-Wdeprecated-declarations]
  483 |     Value b = rewriter.create<pyc::VGetOp>(op.getLoc(), laneTy, mux.getB(), idx);
      |                        ^
/opt/homebrew/Cellar/llvm/22.1.8/include/mlir/IR/Builders.h:505:5: note: 'create<pyc::VGetOp, mlir::Type &, mlir::Value, unsigned long long &>' has been explicitly marked deprecated here
  505 |   [[deprecated("Use OpTy::create instead")]]
      |     ^
/Users/zhoubot/linx-isa/tools/pyCircuit/compiler/mlir/lib/Transforms/CombCanonicalizePass.cpp:626:16: warning: 'applyPatternsAndFoldGreedily' is deprecated: Use applyPatternsGreedily() instead [-Wdeprecated-declarations]
  626 |     if (failed(applyPatternsAndFoldGreedily(f, std::move(patterns), cfg)))
      |                ^~~~~~~~~~~~~~~~~~~~~~~~~~~~
      |                applyPatternsGreedily
/opt/homebrew/Cellar/llvm/22.1.8/include/mlir/Transforms/GreedyPatternRewriteDriver.h:234:1: note: 'applyPatternsAndFoldGreedily' has been explicitly marked deprecated here
  234 | LLVM_DEPRECATED("Use applyPatternsGreedily() instead", "applyPatternsGreedily")
      | ^
/opt/homebrew/Cellar/llvm/22.1.8/include/llvm/Support/Compiler.h:250:50: note: expanded from macro 'LLVM_DEPRECATED'
  250 | #define LLVM_DEPRECATED(MSG, FIX) __attribute__((deprecated(MSG, FIX)))
      |                                                  ^
/Users/zhoubot/linx-isa/tools/pyCircuit/compiler/mlir/lib/Transforms/CombCanonicalizePass.cpp:552:27: warning: 'create' is deprecated: Use OpTy::create instead [-Wdeprecated-declarations]
  552 |       auto row = rewriter.create<pyc::VGetOp>(op.getLoc(), rowTy, op.getVec(), 0);
      |                           ^
/Applications/Xcode.app/Contents/Developer/Platforms/MacOSX.platform/Developer/SDKs/MacOSX.sdk/usr/include/c++/v1/__memory/unique_ptr.h:759:30: note: in instantiation of member function 'pyc::(anonymous namespace)::VReduceSingleLaneDim<pyc::VAddReduceOp>::matchAndRewrite' requested here
  759 |   return unique_ptr<_Tp>(new _Tp(std::forward<_Args>(__args)...));
      |                              ^
/opt/homebrew/Cellar/llvm/22.1.8/include/mlir/IR/PatternMatch.h:256:14: note: in instantiation of function template specialization 'std::make_unique<pyc::(anonymous namespace)::VReduceSingleLaneDim<pyc::VAddReduceOp>, mlir::MLIRContext *, 0>' requested here
  256 |         std::make_unique<T>(std::forward<Args>(args)...);
      |              ^
/opt/homebrew/Cellar/llvm/22.1.8/include/mlir/IR/PatternMatch.h:1007:25: note: in instantiation of function template specialization 'mlir::RewritePattern::create<pyc::(anonymous namespace)::VReduceSingleLaneDim<pyc::VAddReduceOp>, mlir::MLIRContext *>' requested here
 1007 |         RewritePattern::create<T>(std::forward<Args>(args)...);
      |                         ^
/opt/homebrew/Cellar/llvm/22.1.8/include/mlir/IR/PatternMatch.h:864:6: note: in instantiation of function template specialization 'mlir::RewritePatternSet::addImpl<pyc::(anonymous namespace)::VReduceSingleLaneDim<pyc::VAddReduceOp>, mlir::MLIRContext *>' requested here
  864 |     (addImpl<Ts>(/*debugLabels=*/{}, std::forward<ConstructorArg>(arg),
      |      ^
/Users/zhoubot/linx-isa/tools/pyCircuit/compiler/mlir/lib/Transforms/CombCanonicalizePass.cpp:594:14: note: in instantiation of function template specialization 'mlir::RewritePatternSet::add<pyc::(anonymous namespace)::MuxSameSelSimplify, pyc::(anonymous namespace)::MuxI1ToLogic, pyc::(anonymous namespace)::AndBasicSimplify, pyc::(anonymous namespace)::OrBasicSimplify, pyc::(anonymous namespace)::OrAndXorFactor, pyc::(anonymous namespace)::VGetOfVCreate, pyc::(anonymous namespace)::VGetOfVBroadcast, pyc::(anonymous namespace)::VGetOfVectorMux, pyc::(anonymous namespace)::VCreateOfConsecutiveVGets, pyc::(anonymous namespace)::FoldVectorConstantLanes<pyc::AddOp>, pyc::(anonymous namespace)::FoldVectorConstantLanes<pyc::SubOp>, pyc::(anonymous namespace)::FoldVectorConstantLanes<pyc::MulOp>, pyc::(anonymous namespace)::FoldVectorConstantLanes<pyc::UdivOp>, pyc::(anonymous namespace)::FoldVectorConstantLanes<pyc::UremOp>, pyc::(anonymous namespace)::FoldVectorConstantLanes<pyc::SdivOp>, pyc::(anonymous namespace)::FoldVectorConstantLanes<pyc::SremOp>, pyc::(anonymous namespace)::FoldVectorConstantLanes<pyc::AndOp>, pyc::(anonymous namespace)::FoldVectorConstantLanes<pyc::OrOp>, pyc::(anonymous namespace)::FoldVectorConstantLanes<pyc::XorOp>, pyc::(anonymous namespace)::FoldVectorConstantLanes<pyc::EqOp>, pyc::(anonymous namespace)::FoldVectorConstantLanes<pyc::UltOp>, pyc::(anonymous namespace)::FoldVectorConstantLanes<pyc::SltOp>, pyc::(anonymous namespace)::FoldRank2ReduceLanes<pyc::VOrReduceOp>, pyc::(anonymous namespace)::FoldRank2ReduceLanes<pyc::VAndReduceOp>, pyc::(anonymous namespace)::FoldRank2ReduceLanes<pyc::VAddReduceOp>, pyc::(anonymous namespace)::VReduceOfVBroadcast<pyc::VOrReduceOp>, pyc::(anonymous namespace)::VReduceOfVBroadcast<pyc::VAndReduceOp>, pyc::(anonymous namespace)::VReduceSingleLaneDim<pyc::VOrReduceOp>, pyc::(anonymous namespace)::VReduceSingleLaneDim<pyc::VAndReduceOp>, pyc::(anonymous namespace)::VReduceSingleLaneDim<pyc::VAddReduceOp>, mlir::MLIRContext *, void>' requested here
  594 |     patterns.add<MuxSameSelSimplify,
      |              ^
/opt/homebrew/Cellar/llvm/22.1.8/include/mlir/IR/Builders.h:506:8: note: 'create' has been explicitly marked deprecated here
  506 |   OpTy create(Location location, Args &&...args) {
      |        ^
/Users/zhoubot/linx-isa/tools/pyCircuit/compiler/mlir/lib/Transforms/CombCanonicalizePass.cpp:552:27: warning: 'create<pyc::VGetOp, mlir::VectorType &, mlir::Value, int>' is deprecated: Use OpTy::create instead [-Wdeprecated-declarations]
  552 |       auto row = rewriter.create<pyc::VGetOp>(op.getLoc(), rowTy, op.getVec(), 0);
      |                           ^
/opt/homebrew/Cellar/llvm/22.1.8/include/mlir/IR/Builders.h:505:5: note: 'create<pyc::VGetOp, mlir::VectorType &, mlir::Value, int>' has been explicitly marked deprecated here
  505 |   [[deprecated("Use OpTy::create instead")]]
      |     ^
/Users/zhoubot/linx-isa/tools/pyCircuit/compiler/mlir/lib/Transforms/CombCanonicalizePass.cpp:576:32: warning: 'create' is deprecated: Use OpTy::create instead [-Wdeprecated-declarations]
  576 |       elems.push_back(rewriter.create<pyc::VGetOp>(op.getLoc(), rowTy.getElementType(), row, 0));
      |                                ^
/opt/homebrew/Cellar/llvm/22.1.8/include/mlir/IR/Builders.h:506:8: note: 'create' has been explicitly marked deprecated here
  506 |   OpTy create(Location location, Args &&...args) {
      |        ^
/Users/zhoubot/linx-isa/tools/pyCircuit/compiler/mlir/lib/Transforms/CombCanonicalizePass.cpp:576:32: warning: 'create<pyc::VGetOp, mlir::Type, mlir::Value &, int>' is deprecated: Use OpTy::create instead [-Wdeprecated-declarations]
  576 |       elems.push_back(rewriter.create<pyc::VGetOp>(op.getLoc(), rowTy.getElementType(), row, 0));
      |                                ^
/opt/homebrew/Cellar/llvm/22.1.8/include/mlir/IR/Builders.h:505:5: note: 'create<pyc::VGetOp, mlir::Type, mlir::Value &, int>' has been explicitly marked deprecated here
  505 |   [[deprecated("Use OpTy::create instead")]]
      |     ^
/Users/zhoubot/linx-isa/tools/pyCircuit/compiler/mlir/lib/Transforms/CombCanonicalizePass.cpp:552:27: warning: 'create' is deprecated: Use OpTy::create instead [-Wdeprecated-declarations]
  552 |       auto row = rewriter.create<pyc::VGetOp>(op.getLoc(), rowTy, op.getVec(), 0);
      |                           ^
/Applications/Xcode.app/Contents/Developer/Platforms/MacOSX.platform/Developer/SDKs/MacOSX.sdk/usr/include/c++/v1/__memory/unique_ptr.h:759:30: note: in instantiation of member function 'pyc::(anonymous namespace)::VReduceSingleLaneDim<pyc::VAndReduceOp>::matchAndRewrite' requested here
  759 |   return unique_ptr<_Tp>(new _Tp(std::forward<_Args>(__args)...));
      |                              ^
/opt/homebrew/Cellar/llvm/22.1.8/include/mlir/IR/PatternMatch.h:256:14: note: in instantiation of function template specialization 'std::make_unique<pyc::(anonymous namespace)::VReduceSingleLaneDim<pyc::VAndReduceOp>, mlir::MLIRContext *, 0>' requested here
  256 |         std::make_unique<T>(std::forward<Args>(args)...);
      |              ^
/opt/homebrew/Cellar/llvm/22.1.8/include/mlir/IR/PatternMatch.h:1007:25: note: in instantiation of function template specialization 'mlir::RewritePattern::create<pyc::(anonymous namespace)::VReduceSingleLaneDim<pyc::VAndReduceOp>, mlir::MLIRContext *>' requested here
 1007 |         RewritePattern::create<T>(std::forward<Args>(args)...);
      |                         ^
/opt/homebrew/Cellar/llvm/22.1.8/include/mlir/IR/PatternMatch.h:864:6: note: in instantiation of function template specialization 'mlir::RewritePatternSet::addImpl<pyc::(anonymous namespace)::VReduceSingleLaneDim<pyc::VAndReduceOp>, mlir::MLIRContext *>' requested here
  864 |     (addImpl<Ts>(/*debugLabels=*/{}, std::forward<ConstructorArg>(arg),
      |      ^
/Users/zhoubot/linx-isa/tools/pyCircuit/compiler/mlir/lib/Transforms/CombCanonicalizePass.cpp:594:14: note: in instantiation of function template specialization 'mlir::RewritePatternSet::add<pyc::(anonymous namespace)::MuxSameSelSimplify, pyc::(anonymous namespace)::MuxI1ToLogic, pyc::(anonymous namespace)::AndBasicSimplify, pyc::(anonymous namespace)::OrBasicSimplify, pyc::(anonymous namespace)::OrAndXorFactor, pyc::(anonymous namespace)::VGetOfVCreate, pyc::(anonymous namespace)::VGetOfVBroadcast, pyc::(anonymous namespace)::VGetOfVectorMux, pyc::(anonymous namespace)::VCreateOfConsecutiveVGets, pyc::(anonymous namespace)::FoldVectorConstantLanes<pyc::AddOp>, pyc::(anonymous namespace)::FoldVectorConstantLanes<pyc::SubOp>, pyc::(anonymous namespace)::FoldVectorConstantLanes<pyc::MulOp>, pyc::(anonymous namespace)::FoldVectorConstantLanes<pyc::UdivOp>, pyc::(anonymous namespace)::FoldVectorConstantLanes<pyc::UremOp>, pyc::(anonymous namespace)::FoldVectorConstantLanes<pyc::SdivOp>, pyc::(anonymous namespace)::FoldVectorConstantLanes<pyc::SremOp>, pyc::(anonymous namespace)::FoldVectorConstantLanes<pyc::AndOp>, pyc::(anonymous namespace)::FoldVectorConstantLanes<pyc::OrOp>, pyc::(anonymous namespace)::FoldVectorConstantLanes<pyc::XorOp>, pyc::(anonymous namespace)::FoldVectorConstantLanes<pyc::EqOp>, pyc::(anonymous namespace)::FoldVectorConstantLanes<pyc::UltOp>, pyc::(anonymous namespace)::FoldVectorConstantLanes<pyc::SltOp>, pyc::(anonymous namespace)::FoldRank2ReduceLanes<pyc::VOrReduceOp>, pyc::(anonymous namespace)::FoldRank2ReduceLanes<pyc::VAndReduceOp>, pyc::(anonymous namespace)::FoldRank2ReduceLanes<pyc::VAddReduceOp>, pyc::(anonymous namespace)::VReduceOfVBroadcast<pyc::VOrReduceOp>, pyc::(anonymous namespace)::VReduceOfVBroadcast<pyc::VAndReduceOp>, pyc::(anonymous namespace)::VReduceSingleLaneDim<pyc::VOrReduceOp>, pyc::(anonymous namespace)::VReduceSingleLaneDim<pyc::VAndReduceOp>, pyc::(anonymous namespace)::VReduceSingleLaneDim<pyc::VAddReduceOp>, mlir::MLIRContext *, void>' requested here
  594 |     patterns.add<MuxSameSelSimplify,
      |              ^
/opt/homebrew/Cellar/llvm/22.1.8/include/mlir/IR/Builders.h:506:8: note: 'create' has been explicitly marked deprecated here
  506 |   OpTy create(Location location, Args &&...args) {
      |        ^
/Users/zhoubot/linx-isa/tools/pyCircuit/compiler/mlir/lib/Transforms/CombCanonicalizePass.cpp:552:27: warning: 'create<pyc::VGetOp, mlir::VectorType &, mlir::Value, int>' is deprecated: Use OpTy::create instead [-Wdeprecated-declarations]
  552 |       auto row = rewriter.create<pyc::VGetOp>(op.getLoc(), rowTy, op.getVec(), 0);
      |                           ^
/opt/homebrew/Cellar/llvm/22.1.8/include/mlir/IR/Builders.h:505:5: note: 'create<pyc::VGetOp, mlir::VectorType &, mlir::Value, int>' has been explicitly marked deprecated here
  505 |   [[deprecated("Use OpTy::create instead")]]
      |     ^
/Users/zhoubot/linx-isa/tools/pyCircuit/compiler/mlir/lib/Transforms/CombCanonicalizePass.cpp:576:32: warning: 'create' is deprecated: Use OpTy::create instead [-Wdeprecated-declarations]
  576 |       elems.push_back(rewriter.create<pyc::VGetOp>(op.getLoc(), rowTy.getElementType(), row, 0));
      |                                ^
/opt/homebrew/Cellar/llvm/22.1.8/include/mlir/IR/Builders.h:506:8: note: 'create' has been explicitly marked deprecated here
  506 |   OpTy create(Location location, Args &&...args) {
      |        ^
/Users/zhoubot/linx-isa/tools/pyCircuit/compiler/mlir/lib/Transforms/CombCanonicalizePass.cpp:576:32: warning: 'create<pyc::VGetOp, mlir::Type, mlir::Value &, int>' is deprecated: Use OpTy::create instead [-Wdeprecated-declarations]
  576 |       elems.push_back(rewriter.create<pyc::VGetOp>(op.getLoc(), rowTy.getElementType(), row, 0));
      |                                ^
/opt/homebrew/Cellar/llvm/22.1.8/include/mlir/IR/Builders.h:505:5: note: 'create<pyc::VGetOp, mlir::Type, mlir::Value &, int>' has been explicitly marked deprecated here
  505 |   [[deprecated("Use OpTy::create instead")]]
      |     ^
/Users/zhoubot/linx-isa/tools/pyCircuit/compiler/mlir/lib/Transforms/CombCanonicalizePass.cpp:552:27: warning: 'create' is deprecated: Use OpTy::create instead [-Wdeprecated-declarations]
  552 |       auto row = rewriter.create<pyc::VGetOp>(op.getLoc(), rowTy, op.getVec(), 0);
      |                           ^
/Applications/Xcode.app/Contents/Developer/Platforms/MacOSX.platform/Developer/SDKs/MacOSX.sdk/usr/include/c++/v1/__memory/unique_ptr.h:759:30: note: in instantiation of member function 'pyc::(anonymous namespace)::VReduceSingleLaneDim<pyc::VOrReduceOp>::matchAndRewrite' requested here
  759 |   return unique_ptr<_Tp>(new _Tp(std::forward<_Args>(__args)...));
      |                              ^
/opt/homebrew/Cellar/llvm/22.1.8/include/mlir/IR/PatternMatch.h:256:14: note: in instantiation of function template specialization 'std::make_unique<pyc::(anonymous namespace)::VReduceSingleLaneDim<pyc::VOrReduceOp>, mlir::MLIRContext *, 0>' requested here
  256 |         std::make_unique<T>(std::forward<Args>(args)...);
      |              ^
/opt/homebrew/Cellar/llvm/22.1.8/include/mlir/IR/PatternMatch.h:1007:25: note: in instantiation of function template specialization 'mlir::RewritePattern::create<pyc::(anonymous namespace)::VReduceSingleLaneDim<pyc::VOrReduceOp>, mlir::MLIRContext *>' requested here
 1007 |         RewritePattern::create<T>(std::forward<Args>(args)...);
      |                         ^
/opt/homebrew/Cellar/llvm/22.1.8/include/mlir/IR/PatternMatch.h:864:6: note: in instantiation of function template specialization 'mlir::RewritePatternSet::addImpl<pyc::(anonymous namespace)::VReduceSingleLaneDim<pyc::VOrReduceOp>, mlir::MLIRContext *>' requested here
  864 |     (addImpl<Ts>(/*debugLabels=*/{}, std::forward<ConstructorArg>(arg),
      |      ^
/Users/zhoubot/linx-isa/tools/pyCircuit/compiler/mlir/lib/Transforms/CombCanonicalizePass.cpp:594:14: note: in instantiation of function template specialization 'mlir::RewritePatternSet::add<pyc::(anonymous namespace)::MuxSameSelSimplify, pyc::(anonymous namespace)::MuxI1ToLogic, pyc::(anonymous namespace)::AndBasicSimplify, pyc::(anonymous namespace)::OrBasicSimplify, pyc::(anonymous namespace)::OrAndXorFactor, pyc::(anonymous namespace)::VGetOfVCreate, pyc::(anonymous namespace)::VGetOfVBroadcast, pyc::(anonymous namespace)::VGetOfVectorMux, pyc::(anonymous namespace)::VCreateOfConsecutiveVGets, pyc::(anonymous namespace)::FoldVectorConstantLanes<pyc::AddOp>, pyc::(anonymous namespace)::FoldVectorConstantLanes<pyc::SubOp>, pyc::(anonymous namespace)::FoldVectorConstantLanes<pyc::MulOp>, pyc::(anonymous namespace)::FoldVectorConstantLanes<pyc::UdivOp>, pyc::(anonymous namespace)::FoldVectorConstantLanes<pyc::UremOp>, pyc::(anonymous namespace)::FoldVectorConstantLanes<pyc::SdivOp>, pyc::(anonymous namespace)::FoldVectorConstantLanes<pyc::SremOp>, pyc::(anonymous namespace)::FoldVectorConstantLanes<pyc::AndOp>, pyc::(anonymous namespace)::FoldVectorConstantLanes<pyc::OrOp>, pyc::(anonymous namespace)::FoldVectorConstantLanes<pyc::XorOp>, pyc::(anonymous namespace)::FoldVectorConstantLanes<pyc::EqOp>, pyc::(anonymous namespace)::FoldVectorConstantLanes<pyc::UltOp>, pyc::(anonymous namespace)::FoldVectorConstantLanes<pyc::SltOp>, pyc::(anonymous namespace)::FoldRank2ReduceLanes<pyc::VOrReduceOp>, pyc::(anonymous namespace)::FoldRank2ReduceLanes<pyc::VAndReduceOp>, pyc::(anonymous namespace)::FoldRank2ReduceLanes<pyc::VAddReduceOp>, pyc::(anonymous namespace)::VReduceOfVBroadcast<pyc::VOrReduceOp>, pyc::(anonymous namespace)::VReduceOfVBroadcast<pyc::VAndReduceOp>, pyc::(anonymous namespace)::VReduceSingleLaneDim<pyc::VOrReduceOp>, pyc::(anonymous namespace)::VReduceSingleLaneDim<pyc::VAndReduceOp>, pyc::(anonymous namespace)::VReduceSingleLaneDim<pyc::VAddReduceOp>, mlir::MLIRContext *, void>' requested here
  594 |     patterns.add<MuxSameSelSimplify,
      |              ^
/opt/homebrew/Cellar/llvm/22.1.8/include/mlir/IR/Builders.h:506:8: note: 'create' has been explicitly marked deprecated here
  506 |   OpTy create(Location location, Args &&...args) {
      |        ^
/Users/zhoubot/linx-isa/tools/pyCircuit/compiler/mlir/lib/Transforms/CombCanonicalizePass.cpp:552:27: warning: 'create<pyc::VGetOp, mlir::VectorType &, mlir::Value, int>' is deprecated: Use OpTy::create instead [-Wdeprecated-declarations]
  552 |       auto row = rewriter.create<pyc::VGetOp>(op.getLoc(), rowTy, op.getVec(), 0);
      |                           ^
/opt/homebrew/Cellar/llvm/22.1.8/include/mlir/IR/Builders.h:505:5: note: 'create<pyc::VGetOp, mlir::VectorType &, mlir::Value, int>' has been explicitly marked deprecated here
  505 |   [[deprecated("Use OpTy::create instead")]]
      |     ^
/Users/zhoubot/linx-isa/tools/pyCircuit/compiler/mlir/lib/Transforms/CombCanonicalizePass.cpp:576:32: warning: 'create' is deprecated: Use OpTy::create instead [-Wdeprecated-declarations]
  576 |       elems.push_back(rewriter.create<pyc::VGetOp>(op.getLoc(), rowTy.getElementType(), row, 0));
      |                                ^
/opt/homebrew/Cellar/llvm/22.1.8/include/mlir/IR/Builders.h:506:8: note: 'create' has been explicitly marked deprecated here
  506 |   OpTy create(Location location, Args &&...args) {
      |        ^
/Users/zhoubot/linx-isa/tools/pyCircuit/compiler/mlir/lib/Transforms/CombCanonicalizePass.cpp:576:32: warning: 'create<pyc::VGetOp, mlir::Type, mlir::Value &, int>' is deprecated: Use OpTy::create instead [-Wdeprecated-declarations]
  576 |       elems.push_back(rewriter.create<pyc::VGetOp>(op.getLoc(), rowTy.getElementType(), row, 0));
      |                                ^
/opt/homebrew/Cellar/llvm/22.1.8/include/mlir/IR/Builders.h:505:5: note: 'create<pyc::VGetOp, mlir::Type, mlir::Value &, int>' has been explicitly marked deprecated here
  505 |   [[deprecated("Use OpTy::create instead")]]
      |     ^
/Users/zhoubot/linx-isa/tools/pyCircuit/compiler/mlir/lib/Transforms/CombCanonicalizePass.cpp:180:21: warning: 'create' is deprecated: Use OpTy::create instead [-Wdeprecated-declarations]
  180 |     return rewriter.create<pyc::AddOp>(op.getLoc(), laneTy, lhs, rhs);
      |                     ^
/Users/zhoubot/linx-isa/tools/pyCircuit/compiler/mlir/lib/Transforms/CombCanonicalizePass.cpp:228:23: note: in instantiation of member function 'pyc::(anonymous namespace)::FoldRank2ReduceLanes<pyc::VAddReduceOp>::combine' requested here
  228 |         accumulator = combine(op, laneTy, accumulator, value, rewriter);
      |                       ^
/Applications/Xcode.app/Contents/Developer/Platforms/MacOSX.platform/Developer/SDKs/MacOSX.sdk/usr/include/c++/v1/__memory/unique_ptr.h:759:30: note: in instantiation of member function 'pyc::(anonymous namespace)::FoldRank2ReduceLanes<pyc::VAddReduceOp>::matchAndRewrite' requested here
  759 |   return unique_ptr<_Tp>(new _Tp(std::forward<_Args>(__args)...));
      |                              ^
/opt/homebrew/Cellar/llvm/22.1.8/include/mlir/IR/PatternMatch.h:256:14: note: in instantiation of function template specialization 'std::make_unique<pyc::(anonymous namespace)::FoldRank2ReduceLanes<pyc::VAddReduceOp>, mlir::MLIRContext *, 0>' requested here
  256 |         std::make_unique<T>(std::forward<Args>(args)...);
      |              ^
/opt/homebrew/Cellar/llvm/22.1.8/include/mlir/IR/PatternMatch.h:1007:25: note: in instantiation of function template specialization 'mlir::RewritePattern::create<pyc::(anonymous namespace)::FoldRank2ReduceLanes<pyc::VAddReduceOp>, mlir::MLIRContext *>' requested here
 1007 |         RewritePattern::create<T>(std::forward<Args>(args)...);
      |                         ^
/opt/homebrew/Cellar/llvm/22.1.8/include/mlir/IR/PatternMatch.h:864:6: note: in instantiation of function template specialization 'mlir::RewritePatternSet::addImpl<pyc::(anonymous namespace)::FoldRank2ReduceLanes<pyc::VAddReduceOp>, mlir::MLIRContext *>' requested here
  864 |     (addImpl<Ts>(/*debugLabels=*/{}, std::forward<ConstructorArg>(arg),
      |      ^
/Users/zhoubot/linx-isa/tools/pyCircuit/compiler/mlir/lib/Transforms/CombCanonicalizePass.cpp:594:14: note: in instantiation of function template specialization 'mlir::RewritePatternSet::add<pyc::(anonymous namespace)::MuxSameSelSimplify, pyc::(anonymous namespace)::MuxI1ToLogic, pyc::(anonymous namespace)::AndBasicSimplify, pyc::(anonymous namespace)::OrBasicSimplify, pyc::(anonymous namespace)::OrAndXorFactor, pyc::(anonymous namespace)::VGetOfVCreate, pyc::(anonymous namespace)::VGetOfVBroadcast, pyc::(anonymous namespace)::VGetOfVectorMux, pyc::(anonymous namespace)::VCreateOfConsecutiveVGets, pyc::(anonymous namespace)::FoldVectorConstantLanes<pyc::AddOp>, pyc::(anonymous namespace)::FoldVectorConstantLanes<pyc::SubOp>, pyc::(anonymous namespace)::FoldVectorConstantLanes<pyc::MulOp>, pyc::(anonymous namespace)::FoldVectorConstantLanes<pyc::UdivOp>, pyc::(anonymous namespace)::FoldVectorConstantLanes<pyc::UremOp>, pyc::(anonymous namespace)::FoldVectorConstantLanes<pyc::SdivOp>, pyc::(anonymous namespace)::FoldVectorConstantLanes<pyc::SremOp>, pyc::(anonymous namespace)::FoldVectorConstantLanes<pyc::AndOp>, pyc::(anonymous namespace)::FoldVectorConstantLanes<pyc::OrOp>, pyc::(anonymous namespace)::FoldVectorConstantLanes<pyc::XorOp>, pyc::(anonymous namespace)::FoldVectorConstantLanes<pyc::EqOp>, pyc::(anonymous namespace)::FoldVectorConstantLanes<pyc::UltOp>, pyc::(anonymous namespace)::FoldVectorConstantLanes<pyc::SltOp>, pyc::(anonymous namespace)::FoldRank2ReduceLanes<pyc::VOrReduceOp>, pyc::(anonymous namespace)::FoldRank2ReduceLanes<pyc::VAndReduceOp>, pyc::(anonymous namespace)::FoldRank2ReduceLanes<pyc::VAddReduceOp>, pyc::(anonymous namespace)::VReduceOfVBroadcast<pyc::VOrReduceOp>, pyc::(anonymous namespace)::VReduceOfVBroadcast<pyc::VAndReduceOp>, pyc::(anonymous namespace)::VReduceSingleLaneDim<pyc::VOrReduceOp>, pyc::(anonymous namespace)::VReduceSingleLaneDim<pyc::VAndReduceOp>, pyc::(anonymous namespace)::VReduceSingleLaneDim<pyc::VAddReduceOp>, mlir::MLIRContext *, void>' requested here
  594 |     patterns.add<MuxSameSelSimplify,
      |              ^
/opt/homebrew/Cellar/llvm/22.1.8/include/mlir/IR/Builders.h:506:8: note: 'create' has been explicitly marked deprecated here
  506 |   OpTy create(Location location, Args &&...args) {
      |        ^
/Users/zhoubot/linx-isa/tools/pyCircuit/compiler/mlir/lib/Transforms/CombCanonicalizePass.cpp:180:21: warning: 'create<pyc::AddOp, mlir::Type &, mlir::Value &, mlir::Value &>' is deprecated: Use OpTy::create instead [-Wdeprecated-declarations]
  180 |     return rewriter.create<pyc::AddOp>(op.getLoc(), laneTy, lhs, rhs);
      |                     ^
/opt/homebrew/Cellar/llvm/22.1.8/include/mlir/IR/Builders.h:505:5: note: 'create<pyc::AddOp, mlir::Type &, mlir::Value &, mlir::Value &>' has been explicitly marked deprecated here
  505 |   [[deprecated("Use OpTy::create instead")]]
      |     ^
/Users/zhoubot/linx-isa/tools/pyCircuit/compiler/mlir/lib/Transforms/CombCanonicalizePass.cpp:179:23: warning: 'create' is deprecated: Use OpTy::create instead [-Wdeprecated-declarations]
  179 |       return rewriter.create<pyc::AndOp>(op.getLoc(), laneTy, lhs, rhs);
      |                       ^
/Users/zhoubot/linx-isa/tools/pyCircuit/compiler/mlir/lib/Transforms/CombCanonicalizePass.cpp:228:23: note: in instantiation of member function 'pyc::(anonymous namespace)::FoldRank2ReduceLanes<pyc::VAndReduceOp>::combine' requested here
  228 |         accumulator = combine(op, laneTy, accumulator, value, rewriter);
      |                       ^
/Applications/Xcode.app/Contents/Developer/Platforms/MacOSX.platform/Developer/SDKs/MacOSX.sdk/usr/include/c++/v1/__memory/unique_ptr.h:759:30: note: in instantiation of member function 'pyc::(anonymous namespace)::FoldRank2ReduceLanes<pyc::VAndReduceOp>::matchAndRewrite' requested here
  759 |   return unique_ptr<_Tp>(new _Tp(std::forward<_Args>(__args)...));
      |                              ^
/opt/homebrew/Cellar/llvm/22.1.8/include/mlir/IR/PatternMatch.h:256:14: note: in instantiation of function template specialization 'std::make_unique<pyc::(anonymous namespace)::FoldRank2ReduceLanes<pyc::VAndReduceOp>, mlir::MLIRContext *, 0>' requested here
  256 |         std::make_unique<T>(std::forward<Args>(args)...);
      |              ^
/opt/homebrew/Cellar/llvm/22.1.8/include/mlir/IR/PatternMatch.h:1007:25: note: in instantiation of function template specialization 'mlir::RewritePattern::create<pyc::(anonymous namespace)::FoldRank2ReduceLanes<pyc::VAndReduceOp>, mlir::MLIRContext *>' requested here
 1007 |         RewritePattern::create<T>(std::forward<Args>(args)...);
      |                         ^
/opt/homebrew/Cellar/llvm/22.1.8/include/mlir/IR/PatternMatch.h:864:6: note: in instantiation of function template specialization 'mlir::RewritePatternSet::addImpl<pyc::(anonymous namespace)::FoldRank2ReduceLanes<pyc::VAndReduceOp>, mlir::MLIRContext *>' requested here
  864 |     (addImpl<Ts>(/*debugLabels=*/{}, std::forward<ConstructorArg>(arg),
      |      ^
/Users/zhoubot/linx-isa/tools/pyCircuit/compiler/mlir/lib/Transforms/CombCanonicalizePass.cpp:594:14: note: in instantiation of function template specialization 'mlir::RewritePatternSet::add<pyc::(anonymous namespace)::MuxSameSelSimplify, pyc::(anonymous namespace)::MuxI1ToLogic, pyc::(anonymous namespace)::AndBasicSimplify, pyc::(anonymous namespace)::OrBasicSimplify, pyc::(anonymous namespace)::OrAndXorFactor, pyc::(anonymous namespace)::VGetOfVCreate, pyc::(anonymous namespace)::VGetOfVBroadcast, pyc::(anonymous namespace)::VGetOfVectorMux, pyc::(anonymous namespace)::VCreateOfConsecutiveVGets, pyc::(anonymous namespace)::FoldVectorConstantLanes<pyc::AddOp>, pyc::(anonymous namespace)::FoldVectorConstantLanes<pyc::SubOp>, pyc::(anonymous namespace)::FoldVectorConstantLanes<pyc::MulOp>, pyc::(anonymous namespace)::FoldVectorConstantLanes<pyc::UdivOp>, pyc::(anonymous namespace)::FoldVectorConstantLanes<pyc::UremOp>, pyc::(anonymous namespace)::FoldVectorConstantLanes<pyc::SdivOp>, pyc::(anonymous namespace)::FoldVectorConstantLanes<pyc::SremOp>, pyc::(anonymous namespace)::FoldVectorConstantLanes<pyc::AndOp>, pyc::(anonymous namespace)::FoldVectorConstantLanes<pyc::OrOp>, pyc::(anonymous namespace)::FoldVectorConstantLanes<pyc::XorOp>, pyc::(anonymous namespace)::FoldVectorConstantLanes<pyc::EqOp>, pyc::(anonymous namespace)::FoldVectorConstantLanes<pyc::UltOp>, pyc::(anonymous namespace)::FoldVectorConstantLanes<pyc::SltOp>, pyc::(anonymous namespace)::FoldRank2ReduceLanes<pyc::VOrReduceOp>, pyc::(anonymous namespace)::FoldRank2ReduceLanes<pyc::VAndReduceOp>, pyc::(anonymous namespace)::FoldRank2ReduceLanes<pyc::VAddReduceOp>, pyc::(anonymous namespace)::VReduceOfVBroadcast<pyc::VOrReduceOp>, pyc::(anonymous namespace)::VReduceOfVBroadcast<pyc::VAndReduceOp>, pyc::(anonymous namespace)::VReduceSingleLaneDim<pyc::VOrReduceOp>, pyc::(anonymous namespace)::VReduceSingleLaneDim<pyc::VAndReduceOp>, pyc::(anonymous namespace)::VReduceSingleLaneDim<pyc::VAddReduceOp>, mlir::MLIRContext *, void>' requested here
  594 |     patterns.add<MuxSameSelSimplify,
      |              ^
/opt/homebrew/Cellar/llvm/22.1.8/include/mlir/IR/Builders.h:506:8: note: 'create' has been explicitly marked deprecated here
  506 |   OpTy create(Location location, Args &&...args) {
      |        ^
/Users/zhoubot/linx-isa/tools/pyCircuit/compiler/mlir/lib/Transforms/CombCanonicalizePass.cpp:179:23: warning: 'create<pyc::AndOp, mlir::Type &, mlir::Value &, mlir::Value &>' is deprecated: Use OpTy::create instead [-Wdeprecated-declarations]
  179 |       return rewriter.create<pyc::AndOp>(op.getLoc(), laneTy, lhs, rhs);
      |                       ^
/opt/homebrew/Cellar/llvm/22.1.8/include/mlir/IR/Builders.h:505:5: note: 'create<pyc::AndOp, mlir::Type &, mlir::Value &, mlir::Value &>' has been explicitly marked deprecated here
  505 |   [[deprecated("Use OpTy::create instead")]]
      |     ^
/Users/zhoubot/linx-isa/tools/pyCircuit/compiler/mlir/lib/Transforms/CombCanonicalizePass.cpp:180:21: warning: 'create' is deprecated: Use OpTy::create instead [-Wdeprecated-declarations]
  180 |     return rewriter.create<pyc::AddOp>(op.getLoc(), laneTy, lhs, rhs);
      |                     ^
/opt/homebrew/Cellar/llvm/22.1.8/include/mlir/IR/Builders.h:506:8: note: 'create' has been explicitly marked deprecated here
  506 |   OpTy create(Location location, Args &&...args) {
      |        ^
/Users/zhoubot/linx-isa/tools/pyCircuit/compiler/mlir/lib/Transforms/CombCanonicalizePass.cpp:180:21: warning: 'create<pyc::AddOp, mlir::Type &, mlir::Value &, mlir::Value &>' is deprecated: Use OpTy::create instead [-Wdeprecated-declarations]
  180 |     return rewriter.create<pyc::AddOp>(op.getLoc(), laneTy, lhs, rhs);
      |                     ^
/opt/homebrew/Cellar/llvm/22.1.8/include/mlir/IR/Builders.h:505:5: note: 'create<pyc::AddOp, mlir::Type &, mlir::Value &, mlir::Value &>' has been explicitly marked deprecated here
  505 |   [[deprecated("Use OpTy::create instead")]]
      |     ^
/Users/zhoubot/linx-isa/tools/pyCircuit/compiler/mlir/lib/Transforms/CombCanonicalizePass.cpp:177:23: warning: 'create' is deprecated: Use OpTy::create instead [-Wdeprecated-declarations]
  177 |       return rewriter.create<pyc::OrOp>(op.getLoc(), laneTy, lhs, rhs);
      |                       ^
/Users/zhoubot/linx-isa/tools/pyCircuit/compiler/mlir/lib/Transforms/CombCanonicalizePass.cpp:228:23: note: in instantiation of member function 'pyc::(anonymous namespace)::FoldRank2ReduceLanes<pyc::VOrReduceOp>::combine' requested here
  228 |         accumulator = combine(op, laneTy, accumulator, value, rewriter);
      |                       ^
/Applications/Xcode.app/Contents/Developer/Platforms/MacOSX.platform/Developer/SDKs/MacOSX.sdk/usr/include/c++/v1/__memory/unique_ptr.h:759:30: note: in instantiation of member function 'pyc::(anonymous namespace)::FoldRank2ReduceLanes<pyc::VOrReduceOp>::matchAndRewrite' requested here
  759 |   return unique_ptr<_Tp>(new _Tp(std::forward<_Args>(__args)...));
      |                              ^
/opt/homebrew/Cellar/llvm/22.1.8/include/mlir/IR/PatternMatch.h:256:14: note: in instantiation of function template specialization 'std::make_unique<pyc::(anonymous namespace)::FoldRank2ReduceLanes<pyc::VOrReduceOp>, mlir::MLIRContext *, 0>' requested here
  256 |         std::make_unique<T>(std::forward<Args>(args)...);
      |              ^
/opt/homebrew/Cellar/llvm/22.1.8/include/mlir/IR/PatternMatch.h:1007:25: note: in instantiation of function template specialization 'mlir::RewritePattern::create<pyc::(anonymous namespace)::FoldRank2ReduceLanes<pyc::VOrReduceOp>, mlir::MLIRContext *>' requested here
 1007 |         RewritePattern::create<T>(std::forward<Args>(args)...);
      |                         ^
/opt/homebrew/Cellar/llvm/22.1.8/include/mlir/IR/PatternMatch.h:864:6: note: in instantiation of function template specialization 'mlir::RewritePatternSet::addImpl<pyc::(anonymous namespace)::FoldRank2ReduceLanes<pyc::VOrReduceOp>, mlir::MLIRContext *>' requested here
  864 |     (addImpl<Ts>(/*debugLabels=*/{}, std::forward<ConstructorArg>(arg),
      |      ^
/Users/zhoubot/linx-isa/tools/pyCircuit/compiler/mlir/lib/Transforms/CombCanonicalizePass.cpp:594:14: note: in instantiation of function template specialization 'mlir::RewritePatternSet::add<pyc::(anonymous namespace)::MuxSameSelSimplify, pyc::(anonymous namespace)::MuxI1ToLogic, pyc::(anonymous namespace)::AndBasicSimplify, pyc::(anonymous namespace)::OrBasicSimplify, pyc::(anonymous namespace)::OrAndXorFactor, pyc::(anonymous namespace)::VGetOfVCreate, pyc::(anonymous namespace)::VGetOfVBroadcast, pyc::(anonymous namespace)::VGetOfVectorMux, pyc::(anonymous namespace)::VCreateOfConsecutiveVGets, pyc::(anonymous namespace)::FoldVectorConstantLanes<pyc::AddOp>, pyc::(anonymous namespace)::FoldVectorConstantLanes<pyc::SubOp>, pyc::(anonymous namespace)::FoldVectorConstantLanes<pyc::MulOp>, pyc::(anonymous namespace)::FoldVectorConstantLanes<pyc::UdivOp>, pyc::(anonymous namespace)::FoldVectorConstantLanes<pyc::UremOp>, pyc::(anonymous namespace)::FoldVectorConstantLanes<pyc::SdivOp>, pyc::(anonymous namespace)::FoldVectorConstantLanes<pyc::SremOp>, pyc::(anonymous namespace)::FoldVectorConstantLanes<pyc::AndOp>, pyc::(anonymous namespace)::FoldVectorConstantLanes<pyc::OrOp>, pyc::(anonymous namespace)::FoldVectorConstantLanes<pyc::XorOp>, pyc::(anonymous namespace)::FoldVectorConstantLanes<pyc::EqOp>, pyc::(anonymous namespace)::FoldVectorConstantLanes<pyc::UltOp>, pyc::(anonymous namespace)::FoldVectorConstantLanes<pyc::SltOp>, pyc::(anonymous namespace)::FoldRank2ReduceLanes<pyc::VOrReduceOp>, pyc::(anonymous namespace)::FoldRank2ReduceLanes<pyc::VAndReduceOp>, pyc::(anonymous namespace)::FoldRank2ReduceLanes<pyc::VAddReduceOp>, pyc::(anonymous namespace)::VReduceOfVBroadcast<pyc::VOrReduceOp>, pyc::(anonymous namespace)::VReduceOfVBroadcast<pyc::VAndReduceOp>, pyc::(anonymous namespace)::VReduceSingleLaneDim<pyc::VOrReduceOp>, pyc::(anonymous namespace)::VReduceSingleLaneDim<pyc::VAndReduceOp>, pyc::(anonymous namespace)::VReduceSingleLaneDim<pyc::VAddReduceOp>, mlir::MLIRContext *, void>' requested here
  594 |     patterns.add<MuxSameSelSimplify,
      |              ^
/opt/homebrew/Cellar/llvm/22.1.8/include/mlir/IR/Builders.h:506:8: note: 'create' has been explicitly marked deprecated here
  506 |   OpTy create(Location location, Args &&...args) {
      |        ^
/Users/zhoubot/linx-isa/tools/pyCircuit/compiler/mlir/lib/Transforms/CombCanonicalizePass.cpp:177:23: warning: 'create<pyc::OrOp, mlir::Type &, mlir::Value &, mlir::Value &>' is deprecated: Use OpTy::create instead [-Wdeprecated-declarations]
  177 |       return rewriter.create<pyc::OrOp>(op.getLoc(), laneTy, lhs, rhs);
      |                       ^
/opt/homebrew/Cellar/llvm/22.1.8/include/mlir/IR/Builders.h:505:5: note: 'create<pyc::OrOp, mlir::Type &, mlir::Value &, mlir::Value &>' has been explicitly marked deprecated here
  505 |   [[deprecated("Use OpTy::create instead")]]
      |     ^
/Users/zhoubot/linx-isa/tools/pyCircuit/compiler/mlir/lib/Transforms/CombCanonicalizePass.cpp:180:21: warning: 'create' is deprecated: Use OpTy::create instead [-Wdeprecated-declarations]
  180 |     return rewriter.create<pyc::AddOp>(op.getLoc(), laneTy, lhs, rhs);
      |                     ^
/opt/homebrew/Cellar/llvm/22.1.8/include/mlir/IR/Builders.h:506:8: note: 'create' has been explicitly marked deprecated here
  506 |   OpTy create(Location location, Args &&...args) {
      |        ^
/Users/zhoubot/linx-isa/tools/pyCircuit/compiler/mlir/lib/Transforms/CombCanonicalizePass.cpp:180:21: warning: 'create<pyc::AddOp, mlir::Type &, mlir::Value &, mlir::Value &>' is deprecated: Use OpTy::create instead [-Wdeprecated-declarations]
  180 |     return rewriter.create<pyc::AddOp>(op.getLoc(), laneTy, lhs, rhs);
      |                     ^
/opt/homebrew/Cellar/llvm/22.1.8/include/mlir/IR/Builders.h:505:5: note: 'create<pyc::AddOp, mlir::Type &, mlir::Value &, mlir::Value &>' has been explicitly marked deprecated here
  505 |   [[deprecated("Use OpTy::create instead")]]
      |     ^
/Users/zhoubot/linx-isa/tools/pyCircuit/compiler/mlir/lib/Transforms/CombCanonicalizePass.cpp:163:32: warning: 'create' is deprecated: Use OpTy::create instead [-Wdeprecated-declarations]
  163 |       lanes.push_back(rewriter.create<OpT>(op.getLoc(), laneTy, lhs, rhs));
      |                                ^
/Applications/Xcode.app/Contents/Developer/Platforms/MacOSX.platform/Developer/SDKs/MacOSX.sdk/usr/include/c++/v1/__memory/unique_ptr.h:759:30: note: in instantiation of member function 'pyc::(anonymous namespace)::FoldVectorConstantLanes<pyc::SltOp>::matchAndRewrite' requested here
  759 |   return unique_ptr<_Tp>(new _Tp(std::forward<_Args>(__args)...));
      |                              ^
/opt/homebrew/Cellar/llvm/22.1.8/include/mlir/IR/PatternMatch.h:256:14: note: in instantiation of function template specialization 'std::make_unique<pyc::(anonymous namespace)::FoldVectorConstantLanes<pyc::SltOp>, mlir::MLIRContext *, 0>' requested here
  256 |         std::make_unique<T>(std::forward<Args>(args)...);
      |              ^
/opt/homebrew/Cellar/llvm/22.1.8/include/mlir/IR/PatternMatch.h:1007:25: note: in instantiation of function template specialization 'mlir::RewritePattern::create<pyc::(anonymous namespace)::FoldVectorConstantLanes<pyc::SltOp>, mlir::MLIRContext *>' requested here
 1007 |         RewritePattern::create<T>(std::forward<Args>(args)...);
      |                         ^
/opt/homebrew/Cellar/llvm/22.1.8/include/mlir/IR/PatternMatch.h:864:6: note: in instantiation of function template specialization 'mlir::RewritePatternSet::addImpl<pyc::(anonymous namespace)::FoldVectorConstantLanes<pyc::SltOp>, mlir::MLIRContext *>' requested here
  864 |     (addImpl<Ts>(/*debugLabels=*/{}, std::forward<ConstructorArg>(arg),
      |      ^
/Users/zhoubot/linx-isa/tools/pyCircuit/compiler/mlir/lib/Transforms/CombCanonicalizePass.cpp:594:14: note: in instantiation of function template specialization 'mlir::RewritePatternSet::add<pyc::(anonymous namespace)::MuxSameSelSimplify, pyc::(anonymous namespace)::MuxI1ToLogic, pyc::(anonymous namespace)::AndBasicSimplify, pyc::(anonymous namespace)::OrBasicSimplify, pyc::(anonymous namespace)::OrAndXorFactor, pyc::(anonymous namespace)::VGetOfVCreate, pyc::(anonymous namespace)::VGetOfVBroadcast, pyc::(anonymous namespace)::VGetOfVectorMux, pyc::(anonymous namespace)::VCreateOfConsecutiveVGets, pyc::(anonymous namespace)::FoldVectorConstantLanes<pyc::AddOp>, pyc::(anonymous namespace)::FoldVectorConstantLanes<pyc::SubOp>, pyc::(anonymous namespace)::FoldVectorConstantLanes<pyc::MulOp>, pyc::(anonymous namespace)::FoldVectorConstantLanes<pyc::UdivOp>, pyc::(anonymous namespace)::FoldVectorConstantLanes<pyc::UremOp>, pyc::(anonymous namespace)::FoldVectorConstantLanes<pyc::SdivOp>, pyc::(anonymous namespace)::FoldVectorConstantLanes<pyc::SremOp>, pyc::(anonymous namespace)::FoldVectorConstantLanes<pyc::AndOp>, pyc::(anonymous namespace)::FoldVectorConstantLanes<pyc::OrOp>, pyc::(anonymous namespace)::FoldVectorConstantLanes<pyc::XorOp>, pyc::(anonymous namespace)::FoldVectorConstantLanes<pyc::EqOp>, pyc::(anonymous namespace)::FoldVectorConstantLanes<pyc::UltOp>, pyc::(anonymous namespace)::FoldVectorConstantLanes<pyc::SltOp>, pyc::(anonymous namespace)::FoldRank2ReduceLanes<pyc::VOrReduceOp>, pyc::(anonymous namespace)::FoldRank2ReduceLanes<pyc::VAndReduceOp>, pyc::(anonymous namespace)::FoldRank2ReduceLanes<pyc::VAddReduceOp>, pyc::(anonymous namespace)::VReduceOfVBroadcast<pyc::VOrReduceOp>, pyc::(anonymous namespace)::VReduceOfVBroadcast<pyc::VAndReduceOp>, pyc::(anonymous namespace)::VReduceSingleLaneDim<pyc::VOrReduceOp>, pyc::(anonymous namespace)::VReduceSingleLaneDim<pyc::VAndReduceOp>, pyc::(anonymous namespace)::VReduceSingleLaneDim<pyc::VAddReduceOp>, mlir::MLIRContext *, void>' requested here
  594 |     patterns.add<MuxSameSelSimplify,
      |              ^
/opt/homebrew/Cellar/llvm/22.1.8/include/mlir/IR/Builders.h:506:8: note: 'create' has been explicitly marked deprecated here
  506 |   OpTy create(Location location, Args &&...args) {
      |        ^
/Users/zhoubot/linx-isa/tools/pyCircuit/compiler/mlir/lib/Transforms/CombCanonicalizePass.cpp:163:32: warning: 'create<pyc::SltOp, mlir::Type &, mlir::Value &, mlir::Value &>' is deprecated: Use OpTy::create instead [-Wdeprecated-declarations]
  163 |       lanes.push_back(rewriter.create<OpT>(op.getLoc(), laneTy, lhs, rhs));
      |                                ^
/opt/homebrew/Cellar/llvm/22.1.8/include/mlir/IR/Builders.h:505:5: note: 'create<pyc::SltOp, mlir::Type &, mlir::Value &, mlir::Value &>' has been explicitly marked deprecated here
  505 |   [[deprecated("Use OpTy::create instead")]]
      |     ^
/Users/zhoubot/linx-isa/tools/pyCircuit/compiler/mlir/lib/Transforms/CombCanonicalizePass.cpp:163:32: warning: 'create' is deprecated: Use OpTy::create instead [-Wdeprecated-declarations]
  163 |       lanes.push_back(rewriter.create<OpT>(op.getLoc(), laneTy, lhs, rhs));
      |                                ^
/Applications/Xcode.app/Contents/Developer/Platforms/MacOSX.platform/Developer/SDKs/MacOSX.sdk/usr/include/c++/v1/__memory/unique_ptr.h:759:30: note: in instantiation of member function 'pyc::(anonymous namespace)::FoldVectorConstantLanes<pyc::UltOp>::matchAndRewrite' requested here
  759 |   return unique_ptr<_Tp>(new _Tp(std::forward<_Args>(__args)...));
      |                              ^
/opt/homebrew/Cellar/llvm/22.1.8/include/mlir/IR/PatternMatch.h:256:14: note: in instantiation of function template specialization 'std::make_unique<pyc::(anonymous namespace)::FoldVectorConstantLanes<pyc::UltOp>, mlir::MLIRContext *, 0>' requested here
  256 |         std::make_unique<T>(std::forward<Args>(args)...);
      |              ^
/opt/homebrew/Cellar/llvm/22.1.8/include/mlir/IR/PatternMatch.h:1007:25: note: in instantiation of function template specialization 'mlir::RewritePattern::create<pyc::(anonymous namespace)::FoldVectorConstantLanes<pyc::UltOp>, mlir::MLIRContext *>' requested here
 1007 |         RewritePattern::create<T>(std::forward<Args>(args)...);
      |                         ^
/opt/homebrew/Cellar/llvm/22.1.8/include/mlir/IR/PatternMatch.h:864:6: note: in instantiation of function template specialization 'mlir::RewritePatternSet::addImpl<pyc::(anonymous namespace)::FoldVectorConstantLanes<pyc::UltOp>, mlir::MLIRContext *>' requested here
  864 |     (addImpl<Ts>(/*debugLabels=*/{}, std::forward<ConstructorArg>(arg),
      |      ^
/Users/zhoubot/linx-isa/tools/pyCircuit/compiler/mlir/lib/Transforms/CombCanonicalizePass.cpp:594:14: note: in instantiation of function template specialization 'mlir::RewritePatternSet::add<pyc::(anonymous namespace)::MuxSameSelSimplify, pyc::(anonymous namespace)::MuxI1ToLogic, pyc::(anonymous namespace)::AndBasicSimplify, pyc::(anonymous namespace)::OrBasicSimplify, pyc::(anonymous namespace)::OrAndXorFactor, pyc::(anonymous namespace)::VGetOfVCreate, pyc::(anonymous namespace)::VGetOfVBroadcast, pyc::(anonymous namespace)::VGetOfVectorMux, pyc::(anonymous namespace)::VCreateOfConsecutiveVGets, pyc::(anonymous namespace)::FoldVectorConstantLanes<pyc::AddOp>, pyc::(anonymous namespace)::FoldVectorConstantLanes<pyc::SubOp>, pyc::(anonymous namespace)::FoldVectorConstantLanes<pyc::MulOp>, pyc::(anonymous namespace)::FoldVectorConstantLanes<pyc::UdivOp>, pyc::(anonymous namespace)::FoldVectorConstantLanes<pyc::UremOp>, pyc::(anonymous namespace)::FoldVectorConstantLanes<pyc::SdivOp>, pyc::(anonymous namespace)::FoldVectorConstantLanes<pyc::SremOp>, pyc::(anonymous namespace)::FoldVectorConstantLanes<pyc::AndOp>, pyc::(anonymous namespace)::FoldVectorConstantLanes<pyc::OrOp>, pyc::(anonymous namespace)::FoldVectorConstantLanes<pyc::XorOp>, pyc::(anonymous namespace)::FoldVectorConstantLanes<pyc::EqOp>, pyc::(anonymous namespace)::FoldVectorConstantLanes<pyc::UltOp>, pyc::(anonymous namespace)::FoldVectorConstantLanes<pyc::SltOp>, pyc::(anonymous namespace)::FoldRank2ReduceLanes<pyc::VOrReduceOp>, pyc::(anonymous namespace)::FoldRank2ReduceLanes<pyc::VAndReduceOp>, pyc::(anonymous namespace)::FoldRank2ReduceLanes<pyc::VAddReduceOp>, pyc::(anonymous namespace)::VReduceOfVBroadcast<pyc::VOrReduceOp>, pyc::(anonymous namespace)::VReduceOfVBroadcast<pyc::VAndReduceOp>, pyc::(anonymous namespace)::VReduceSingleLaneDim<pyc::VOrReduceOp>, pyc::(anonymous namespace)::VReduceSingleLaneDim<pyc::VAndReduceOp>, pyc::(anonymous namespace)::VReduceSingleLaneDim<pyc::VAddReduceOp>, mlir::MLIRContext *, void>' requested here
  594 |     patterns.add<MuxSameSelSimplify,
      |              ^
/opt/homebrew/Cellar/llvm/22.1.8/include/mlir/IR/Builders.h:506:8: note: 'create' has been explicitly marked deprecated here
  506 |   OpTy create(Location location, Args &&...args) {
      |        ^
/Users/zhoubot/linx-isa/tools/pyCircuit/compiler/mlir/lib/Transforms/CombCanonicalizePass.cpp:163:32: warning: 'create<pyc::UltOp, mlir::Type &, mlir::Value &, mlir::Value &>' is deprecated: Use OpTy::create instead [-Wdeprecated-declarations]
  163 |       lanes.push_back(rewriter.create<OpT>(op.getLoc(), laneTy, lhs, rhs));
      |                                ^
/opt/homebrew/Cellar/llvm/22.1.8/include/mlir/IR/Builders.h:505:5: note: 'create<pyc::UltOp, mlir::Type &, mlir::Value &, mlir::Value &>' has been explicitly marked deprecated here
  505 |   [[deprecated("Use OpTy::create instead")]]
      |     ^
/Users/zhoubot/linx-isa/tools/pyCircuit/compiler/mlir/lib/Transforms/CombCanonicalizePass.cpp:163:32: warning: 'create' is deprecated: Use OpTy::create instead [-Wdeprecated-declarations]
  163 |       lanes.push_back(rewriter.create<OpT>(op.getLoc(), laneTy, lhs, rhs));
      |                                ^
/Applications/Xcode.app/Contents/Developer/Platforms/MacOSX.platform/Developer/SDKs/MacOSX.sdk/usr/include/c++/v1/__memory/unique_ptr.h:759:30: note: in instantiation of member function 'pyc::(anonymous namespace)::FoldVectorConstantLanes<pyc::EqOp>::matchAndRewrite' requested here
  759 |   return unique_ptr<_Tp>(new _Tp(std::forward<_Args>(__args)...));
      |                              ^
/opt/homebrew/Cellar/llvm/22.1.8/include/mlir/IR/PatternMatch.h:256:14: note: in instantiation of function template specialization 'std::make_unique<pyc::(anonymous namespace)::FoldVectorConstantLanes<pyc::EqOp>, mlir::MLIRContext *, 0>' requested here
  256 |         std::make_unique<T>(std::forward<Args>(args)...);
      |              ^
/opt/homebrew/Cellar/llvm/22.1.8/include/mlir/IR/PatternMatch.h:1007:25: note: in instantiation of function template specialization 'mlir::RewritePattern::create<pyc::(anonymous namespace)::FoldVectorConstantLanes<pyc::EqOp>, mlir::MLIRContext *>' requested here
 1007 |         RewritePattern::create<T>(std::forward<Args>(args)...);
      |                         ^
/opt/homebrew/Cellar/llvm/22.1.8/include/mlir/IR/PatternMatch.h:864:6: note: in instantiation of function template specialization 'mlir::RewritePatternSet::addImpl<pyc::(anonymous namespace)::FoldVectorConstantLanes<pyc::EqOp>, mlir::MLIRContext *>' requested here
  864 |     (addImpl<Ts>(/*debugLabels=*/{}, std::forward<ConstructorArg>(arg),
      |      ^
/Users/zhoubot/linx-isa/tools/pyCircuit/compiler/mlir/lib/Transforms/CombCanonicalizePass.cpp:594:14: note: in instantiation of function template specialization 'mlir::RewritePatternSet::add<pyc::(anonymous namespace)::MuxSameSelSimplify, pyc::(anonymous namespace)::MuxI1ToLogic, pyc::(anonymous namespace)::AndBasicSimplify, pyc::(anonymous namespace)::OrBasicSimplify, pyc::(anonymous namespace)::OrAndXorFactor, pyc::(anonymous namespace)::VGetOfVCreate, pyc::(anonymous namespace)::VGetOfVBroadcast, pyc::(anonymous namespace)::VGetOfVectorMux, pyc::(anonymous namespace)::VCreateOfConsecutiveVGets, pyc::(anonymous namespace)::FoldVectorConstantLanes<pyc::AddOp>, pyc::(anonymous namespace)::FoldVectorConstantLanes<pyc::SubOp>, pyc::(anonymous namespace)::FoldVectorConstantLanes<pyc::MulOp>, pyc::(anonymous namespace)::FoldVectorConstantLanes<pyc::UdivOp>, pyc::(anonymous namespace)::FoldVectorConstantLanes<pyc::UremOp>, pyc::(anonymous namespace)::FoldVectorConstantLanes<pyc::SdivOp>, pyc::(anonymous namespace)::FoldVectorConstantLanes<pyc::SremOp>, pyc::(anonymous namespace)::FoldVectorConstantLanes<pyc::AndOp>, pyc::(anonymous namespace)::FoldVectorConstantLanes<pyc::OrOp>, pyc::(anonymous namespace)::FoldVectorConstantLanes<pyc::XorOp>, pyc::(anonymous namespace)::FoldVectorConstantLanes<pyc::EqOp>, pyc::(anonymous namespace)::FoldVectorConstantLanes<pyc::UltOp>, pyc::(anonymous namespace)::FoldVectorConstantLanes<pyc::SltOp>, pyc::(anonymous namespace)::FoldRank2ReduceLanes<pyc::VOrReduceOp>, pyc::(anonymous namespace)::FoldRank2ReduceLanes<pyc::VAndReduceOp>, pyc::(anonymous namespace)::FoldRank2ReduceLanes<pyc::VAddReduceOp>, pyc::(anonymous namespace)::VReduceOfVBroadcast<pyc::VOrReduceOp>, pyc::(anonymous namespace)::VReduceOfVBroadcast<pyc::VAndReduceOp>, pyc::(anonymous namespace)::VReduceSingleLaneDim<pyc::VOrReduceOp>, pyc::(anonymous namespace)::VReduceSingleLaneDim<pyc::VAndReduceOp>, pyc::(anonymous namespace)::VReduceSingleLaneDim<pyc::VAddReduceOp>, mlir::MLIRContext *, void>' requested here
  594 |     patterns.add<MuxSameSelSimplify,
      |              ^
/opt/homebrew/Cellar/llvm/22.1.8/include/mlir/IR/Builders.h:506:8: note: 'create' has been explicitly marked deprecated here
  506 |   OpTy create(Location location, Args &&...args) {
      |        ^
/Users/zhoubot/linx-isa/tools/pyCircuit/compiler/mlir/lib/Transforms/CombCanonicalizePass.cpp:163:32: warning: 'create<pyc::EqOp, mlir::Type &, mlir::Value &, mlir::Value &>' is deprecated: Use OpTy::create instead [-Wdeprecated-declarations]
  163 |       lanes.push_back(rewriter.create<OpT>(op.getLoc(), laneTy, lhs, rhs));
      |                                ^
/opt/homebrew/Cellar/llvm/22.1.8/include/mlir/IR/Builders.h:505:5: note: 'create<pyc::EqOp, mlir::Type &, mlir::Value &, mlir::Value &>' has been explicitly marked deprecated here
  505 |   [[deprecated("Use OpTy::create instead")]]
      |     ^
/Users/zhoubot/linx-isa/tools/pyCircuit/compiler/mlir/lib/Transforms/CombCanonicalizePass.cpp:163:32: warning: 'create' is deprecated: Use OpTy::create instead [-Wdeprecated-declarations]
  163 |       lanes.push_back(rewriter.create<OpT>(op.getLoc(), laneTy, lhs, rhs));
      |                                ^
/Applications/Xcode.app/Contents/Developer/Platforms/MacOSX.platform/Developer/SDKs/MacOSX.sdk/usr/include/c++/v1/__memory/unique_ptr.h:759:30: note: in instantiation of member function 'pyc::(anonymous namespace)::FoldVectorConstantLanes<pyc::XorOp>::matchAndRewrite' requested here
  759 |   return unique_ptr<_Tp>(new _Tp(std::forward<_Args>(__args)...));
      |                              ^
/opt/homebrew/Cellar/llvm/22.1.8/include/mlir/IR/PatternMatch.h:256:14: note: in instantiation of function template specialization 'std::make_unique<pyc::(anonymous namespace)::FoldVectorConstantLanes<pyc::XorOp>, mlir::MLIRContext *, 0>' requested here
  256 |         std::make_unique<T>(std::forward<Args>(args)...);
      |              ^
/opt/homebrew/Cellar/llvm/22.1.8/include/mlir/IR/PatternMatch.h:1007:25: note: in instantiation of function template specialization 'mlir::RewritePattern::create<pyc::(anonymous namespace)::FoldVectorConstantLanes<pyc::XorOp>, mlir::MLIRContext *>' requested here
 1007 |         RewritePattern::create<T>(std::forward<Args>(args)...);
      |                         ^
/opt/homebrew/Cellar/llvm/22.1.8/include/mlir/IR/PatternMatch.h:864:6: note: in instantiation of function template specialization 'mlir::RewritePatternSet::addImpl<pyc::(anonymous namespace)::FoldVectorConstantLanes<pyc::XorOp>, mlir::MLIRContext *>' requested here
  864 |     (addImpl<Ts>(/*debugLabels=*/{}, std::forward<ConstructorArg>(arg),
      |      ^
/Users/zhoubot/linx-isa/tools/pyCircuit/compiler/mlir/lib/Transforms/CombCanonicalizePass.cpp:594:14: note: in instantiation of function template specialization 'mlir::RewritePatternSet::add<pyc::(anonymous namespace)::MuxSameSelSimplify, pyc::(anonymous namespace)::MuxI1ToLogic, pyc::(anonymous namespace)::AndBasicSimplify, pyc::(anonymous namespace)::OrBasicSimplify, pyc::(anonymous namespace)::OrAndXorFactor, pyc::(anonymous namespace)::VGetOfVCreate, pyc::(anonymous namespace)::VGetOfVBroadcast, pyc::(anonymous namespace)::VGetOfVectorMux, pyc::(anonymous namespace)::VCreateOfConsecutiveVGets, pyc::(anonymous namespace)::FoldVectorConstantLanes<pyc::AddOp>, pyc::(anonymous namespace)::FoldVectorConstantLanes<pyc::SubOp>, pyc::(anonymous namespace)::FoldVectorConstantLanes<pyc::MulOp>, pyc::(anonymous namespace)::FoldVectorConstantLanes<pyc::UdivOp>, pyc::(anonymous namespace)::FoldVectorConstantLanes<pyc::UremOp>, pyc::(anonymous namespace)::FoldVectorConstantLanes<pyc::SdivOp>, pyc::(anonymous namespace)::FoldVectorConstantLanes<pyc::SremOp>, pyc::(anonymous namespace)::FoldVectorConstantLanes<pyc::AndOp>, pyc::(anonymous namespace)::FoldVectorConstantLanes<pyc::OrOp>, pyc::(anonymous namespace)::FoldVectorConstantLanes<pyc::XorOp>, pyc::(anonymous namespace)::FoldVectorConstantLanes<pyc::EqOp>, pyc::(anonymous namespace)::FoldVectorConstantLanes<pyc::UltOp>, pyc::(anonymous namespace)::FoldVectorConstantLanes<pyc::SltOp>, pyc::(anonymous namespace)::FoldRank2ReduceLanes<pyc::VOrReduceOp>, pyc::(anonymous namespace)::FoldRank2ReduceLanes<pyc::VAndReduceOp>, pyc::(anonymous namespace)::FoldRank2ReduceLanes<pyc::VAddReduceOp>, pyc::(anonymous namespace)::VReduceOfVBroadcast<pyc::VOrReduceOp>, pyc::(anonymous namespace)::VReduceOfVBroadcast<pyc::VAndReduceOp>, pyc::(anonymous namespace)::VReduceSingleLaneDim<pyc::VOrReduceOp>, pyc::(anonymous namespace)::VReduceSingleLaneDim<pyc::VAndReduceOp>, pyc::(anonymous namespace)::VReduceSingleLaneDim<pyc::VAddReduceOp>, mlir::MLIRContext *, void>' requested here
  594 |     patterns.add<MuxSameSelSimplify,
      |              ^
/opt/homebrew/Cellar/llvm/22.1.8/include/mlir/IR/Builders.h:506:8: note: 'create' has been explicitly marked deprecated here
  506 |   OpTy create(Location location, Args &&...args) {
      |        ^
/Users/zhoubot/linx-isa/tools/pyCircuit/compiler/mlir/lib/Transforms/CombCanonicalizePass.cpp:163:32: warning: 'create<pyc::XorOp, mlir::Type &, mlir::Value &, mlir::Value &>' is deprecated: Use OpTy::create instead [-Wdeprecated-declarations]
  163 |       lanes.push_back(rewriter.create<OpT>(op.getLoc(), laneTy, lhs, rhs));
      |                                ^
/opt/homebrew/Cellar/llvm/22.1.8/include/mlir/IR/Builders.h:505:5: note: 'create<pyc::XorOp, mlir::Type &, mlir::Value &, mlir::Value &>' has been explicitly marked deprecated here
  505 |   [[deprecated("Use OpTy::create instead")]]
      |     ^
/Users/zhoubot/linx-isa/tools/pyCircuit/compiler/mlir/lib/Transforms/CombCanonicalizePass.cpp:163:32: warning: 'create' is deprecated: Use OpTy::create instead [-Wdeprecated-declarations]
  163 |       lanes.push_back(rewriter.create<OpT>(op.getLoc(), laneTy, lhs, rhs));
      |                                ^
/Applications/Xcode.app/Contents/Developer/Platforms/MacOSX.platform/Developer/SDKs/MacOSX.sdk/usr/include/c++/v1/__memory/unique_ptr.h:759:30: note: in instantiation of member function 'pyc::(anonymous namespace)::FoldVectorConstantLanes<pyc::OrOp>::matchAndRewrite' requested here
  759 |   return unique_ptr<_Tp>(new _Tp(std::forward<_Args>(__args)...));
      |                              ^
/opt/homebrew/Cellar/llvm/22.1.8/include/mlir/IR/PatternMatch.h:256:14: note: in instantiation of function template specialization 'std::make_unique<pyc::(anonymous namespace)::FoldVectorConstantLanes<pyc::OrOp>, mlir::MLIRContext *, 0>' requested here
  256 |         std::make_unique<T>(std::forward<Args>(args)...);
      |              ^
/opt/homebrew/Cellar/llvm/22.1.8/include/mlir/IR/PatternMatch.h:1007:25: note: in instantiation of function template specialization 'mlir::RewritePattern::create<pyc::(anonymous namespace)::FoldVectorConstantLanes<pyc::OrOp>, mlir::MLIRContext *>' requested here
 1007 |         RewritePattern::create<T>(std::forward<Args>(args)...);
      |                         ^
/opt/homebrew/Cellar/llvm/22.1.8/include/mlir/IR/PatternMatch.h:864:6: note: in instantiation of function template specialization 'mlir::RewritePatternSet::addImpl<pyc::(anonymous namespace)::FoldVectorConstantLanes<pyc::OrOp>, mlir::MLIRContext *>' requested here
  864 |     (addImpl<Ts>(/*debugLabels=*/{}, std::forward<ConstructorArg>(arg),
      |      ^
/Users/zhoubot/linx-isa/tools/pyCircuit/compiler/mlir/lib/Transforms/CombCanonicalizePass.cpp:594:14: note: in instantiation of function template specialization 'mlir::RewritePatternSet::add<pyc::(anonymous namespace)::MuxSameSelSimplify, pyc::(anonymous namespace)::MuxI1ToLogic, pyc::(anonymous namespace)::AndBasicSimplify, pyc::(anonymous namespace)::OrBasicSimplify, pyc::(anonymous namespace)::OrAndXorFactor, pyc::(anonymous namespace)::VGetOfVCreate, pyc::(anonymous namespace)::VGetOfVBroadcast, pyc::(anonymous namespace)::VGetOfVectorMux, pyc::(anonymous namespace)::VCreateOfConsecutiveVGets, pyc::(anonymous namespace)::FoldVectorConstantLanes<pyc::AddOp>, pyc::(anonymous namespace)::FoldVectorConstantLanes<pyc::SubOp>, pyc::(anonymous namespace)::FoldVectorConstantLanes<pyc::MulOp>, pyc::(anonymous namespace)::FoldVectorConstantLanes<pyc::UdivOp>, pyc::(anonymous namespace)::FoldVectorConstantLanes<pyc::UremOp>, pyc::(anonymous namespace)::FoldVectorConstantLanes<pyc::SdivOp>, pyc::(anonymous namespace)::FoldVectorConstantLanes<pyc::SremOp>, pyc::(anonymous namespace)::FoldVectorConstantLanes<pyc::AndOp>, pyc::(anonymous namespace)::FoldVectorConstantLanes<pyc::OrOp>, pyc::(anonymous namespace)::FoldVectorConstantLanes<pyc::XorOp>, pyc::(anonymous namespace)::FoldVectorConstantLanes<pyc::EqOp>, pyc::(anonymous namespace)::FoldVectorConstantLanes<pyc::UltOp>, pyc::(anonymous namespace)::FoldVectorConstantLanes<pyc::SltOp>, pyc::(anonymous namespace)::FoldRank2ReduceLanes<pyc::VOrReduceOp>, pyc::(anonymous namespace)::FoldRank2ReduceLanes<pyc::VAndReduceOp>, pyc::(anonymous namespace)::FoldRank2ReduceLanes<pyc::VAddReduceOp>, pyc::(anonymous namespace)::VReduceOfVBroadcast<pyc::VOrReduceOp>, pyc::(anonymous namespace)::VReduceOfVBroadcast<pyc::VAndReduceOp>, pyc::(anonymous namespace)::VReduceSingleLaneDim<pyc::VOrReduceOp>, pyc::(anonymous namespace)::VReduceSingleLaneDim<pyc::VAndReduceOp>, pyc::(anonymous namespace)::VReduceSingleLaneDim<pyc::VAddReduceOp>, mlir::MLIRContext *, void>' requested here
  594 |     patterns.add<MuxSameSelSimplify,
      |              ^
/opt/homebrew/Cellar/llvm/22.1.8/include/mlir/IR/Builders.h:506:8: note: 'create' has been explicitly marked deprecated here
  506 |   OpTy create(Location location, Args &&...args) {
      |        ^
/Users/zhoubot/linx-isa/tools/pyCircuit/compiler/mlir/lib/Transforms/CombCanonicalizePass.cpp:163:32: warning: 'create<pyc::OrOp, mlir::Type &, mlir::Value &, mlir::Value &>' is deprecated: Use OpTy::create instead [-Wdeprecated-declarations]
  163 |       lanes.push_back(rewriter.create<OpT>(op.getLoc(), laneTy, lhs, rhs));
      |                                ^
/opt/homebrew/Cellar/llvm/22.1.8/include/mlir/IR/Builders.h:505:5: note: 'create<pyc::OrOp, mlir::Type &, mlir::Value &, mlir::Value &>' has been explicitly marked deprecated here
  505 |   [[deprecated("Use OpTy::create instead")]]
      |     ^
/Users/zhoubot/linx-isa/tools/pyCircuit/compiler/mlir/lib/Transforms/CombCanonicalizePass.cpp:163:32: warning: 'create' is deprecated: Use OpTy::create instead [-Wdeprecated-declarations]
  163 |       lanes.push_back(rewriter.create<OpT>(op.getLoc(), laneTy, lhs, rhs));
      |                                ^
/Applications/Xcode.app/Contents/Developer/Platforms/MacOSX.platform/Developer/SDKs/MacOSX.sdk/usr/include/c++/v1/__memory/unique_ptr.h:759:30: note: in instantiation of member function 'pyc::(anonymous namespace)::FoldVectorConstantLanes<pyc::AndOp>::matchAndRewrite' requested here
  759 |   return unique_ptr<_Tp>(new _Tp(std::forward<_Args>(__args)...));
      |                              ^
/opt/homebrew/Cellar/llvm/22.1.8/include/mlir/IR/PatternMatch.h:256:14: note: in instantiation of function template specialization 'std::make_unique<pyc::(anonymous namespace)::FoldVectorConstantLanes<pyc::AndOp>, mlir::MLIRContext *, 0>' requested here
  256 |         std::make_unique<T>(std::forward<Args>(args)...);
      |              ^
/opt/homebrew/Cellar/llvm/22.1.8/include/mlir/IR/PatternMatch.h:1007:25: note: in instantiation of function template specialization 'mlir::RewritePattern::create<pyc::(anonymous namespace)::FoldVectorConstantLanes<pyc::AndOp>, mlir::MLIRContext *>' requested here
 1007 |         RewritePattern::create<T>(std::forward<Args>(args)...);
      |                         ^
/opt/homebrew/Cellar/llvm/22.1.8/include/mlir/IR/PatternMatch.h:864:6: note: in instantiation of function template specialization 'mlir::RewritePatternSet::addImpl<pyc::(anonymous namespace)::FoldVectorConstantLanes<pyc::AndOp>, mlir::MLIRContext *>' requested here
  864 |     (addImpl<Ts>(/*debugLabels=*/{}, std::forward<ConstructorArg>(arg),
      |      ^
/Users/zhoubot/linx-isa/tools/pyCircuit/compiler/mlir/lib/Transforms/CombCanonicalizePass.cpp:594:14: note: in instantiation of function template specialization 'mlir::RewritePatternSet::add<pyc::(anonymous namespace)::MuxSameSelSimplify, pyc::(anonymous namespace)::MuxI1ToLogic, pyc::(anonymous namespace)::AndBasicSimplify, pyc::(anonymous namespace)::OrBasicSimplify, pyc::(anonymous namespace)::OrAndXorFactor, pyc::(anonymous namespace)::VGetOfVCreate, pyc::(anonymous namespace)::VGetOfVBroadcast, pyc::(anonymous namespace)::VGetOfVectorMux, pyc::(anonymous namespace)::VCreateOfConsecutiveVGets, pyc::(anonymous namespace)::FoldVectorConstantLanes<pyc::AddOp>, pyc::(anonymous namespace)::FoldVectorConstantLanes<pyc::SubOp>, pyc::(anonymous namespace)::FoldVectorConstantLanes<pyc::MulOp>, pyc::(anonymous namespace)::FoldVectorConstantLanes<pyc::UdivOp>, pyc::(anonymous namespace)::FoldVectorConstantLanes<pyc::UremOp>, pyc::(anonymous namespace)::FoldVectorConstantLanes<pyc::SdivOp>, pyc::(anonymous namespace)::FoldVectorConstantLanes<pyc::SremOp>, pyc::(anonymous namespace)::FoldVectorConstantLanes<pyc::AndOp>, pyc::(anonymous namespace)::FoldVectorConstantLanes<pyc::OrOp>, pyc::(anonymous namespace)::FoldVectorConstantLanes<pyc::XorOp>, pyc::(anonymous namespace)::FoldVectorConstantLanes<pyc::EqOp>, pyc::(anonymous namespace)::FoldVectorConstantLanes<pyc::UltOp>, pyc::(anonymous namespace)::FoldVectorConstantLanes<pyc::SltOp>, pyc::(anonymous namespace)::FoldRank2ReduceLanes<pyc::VOrReduceOp>, pyc::(anonymous namespace)::FoldRank2ReduceLanes<pyc::VAndReduceOp>, pyc::(anonymous namespace)::FoldRank2ReduceLanes<pyc::VAddReduceOp>, pyc::(anonymous namespace)::VReduceOfVBroadcast<pyc::VOrReduceOp>, pyc::(anonymous namespace)::VReduceOfVBroadcast<pyc::VAndReduceOp>, pyc::(anonymous namespace)::VReduceSingleLaneDim<pyc::VOrReduceOp>, pyc::(anonymous namespace)::VReduceSingleLaneDim<pyc::VAndReduceOp>, pyc::(anonymous namespace)::VReduceSingleLaneDim<pyc::VAddReduceOp>, mlir::MLIRContext *, void>' requested here
  594 |     patterns.add<MuxSameSelSimplify,
      |              ^
/opt/homebrew/Cellar/llvm/22.1.8/include/mlir/IR/Builders.h:506:8: note: 'create' has been explicitly marked deprecated here
  506 |   OpTy create(Location location, Args &&...args) {
      |        ^
/Users/zhoubot/linx-isa/tools/pyCircuit/compiler/mlir/lib/Transforms/CombCanonicalizePass.cpp:163:32: warning: 'create<pyc::AndOp, mlir::Type &, mlir::Value &, mlir::Value &>' is deprecated: Use OpTy::create instead [-Wdeprecated-declarations]
  163 |       lanes.push_back(rewriter.create<OpT>(op.getLoc(), laneTy, lhs, rhs));
      |                                ^
/opt/homebrew/Cellar/llvm/22.1.8/include/mlir/IR/Builders.h:505:5: note: 'create<pyc::AndOp, mlir::Type &, mlir::Value &, mlir::Value &>' has been explicitly marked deprecated here
  505 |   [[deprecated("Use OpTy::create instead")]]
      |     ^
/Users/zhoubot/linx-isa/tools/pyCircuit/compiler/mlir/lib/Transforms/CombCanonicalizePass.cpp:163:32: warning: 'create' is deprecated: Use OpTy::create instead [-Wdeprecated-declarations]
  163 |       lanes.push_back(rewriter.create<OpT>(op.getLoc(), laneTy, lhs, rhs));
      |                                ^
/Applications/Xcode.app/Contents/Developer/Platforms/MacOSX.platform/Developer/SDKs/MacOSX.sdk/usr/include/c++/v1/__memory/unique_ptr.h:759:30: note: in instantiation of member function 'pyc::(anonymous namespace)::FoldVectorConstantLanes<pyc::SremOp>::matchAndRewrite' requested here
  759 |   return unique_ptr<_Tp>(new _Tp(std::forward<_Args>(__args)...));
      |                              ^
/opt/homebrew/Cellar/llvm/22.1.8/include/mlir/IR/PatternMatch.h:256:14: note: in instantiation of function template specialization 'std::make_unique<pyc::(anonymous namespace)::FoldVectorConstantLanes<pyc::SremOp>, mlir::MLIRContext *, 0>' requested here
  256 |         std::make_unique<T>(std::forward<Args>(args)...);
      |              ^
/opt/homebrew/Cellar/llvm/22.1.8/include/mlir/IR/PatternMatch.h:1007:25: note: in instantiation of function template specialization 'mlir::RewritePattern::create<pyc::(anonymous namespace)::FoldVectorConstantLanes<pyc::SremOp>, mlir::MLIRContext *>' requested here
 1007 |         RewritePattern::create<T>(std::forward<Args>(args)...);
      |                         ^
/opt/homebrew/Cellar/llvm/22.1.8/include/mlir/IR/PatternMatch.h:864:6: note: in instantiation of function template specialization 'mlir::RewritePatternSet::addImpl<pyc::(anonymous namespace)::FoldVectorConstantLanes<pyc::SremOp>, mlir::MLIRContext *>' requested here
  864 |     (addImpl<Ts>(/*debugLabels=*/{}, std::forward<ConstructorArg>(arg),
      |      ^
/Users/zhoubot/linx-isa/tools/pyCircuit/compiler/mlir/lib/Transforms/CombCanonicalizePass.cpp:594:14: note: in instantiation of function template specialization 'mlir::RewritePatternSet::add<pyc::(anonymous namespace)::MuxSameSelSimplify, pyc::(anonymous namespace)::MuxI1ToLogic, pyc::(anonymous namespace)::AndBasicSimplify, pyc::(anonymous namespace)::OrBasicSimplify, pyc::(anonymous namespace)::OrAndXorFactor, pyc::(anonymous namespace)::VGetOfVCreate, pyc::(anonymous namespace)::VGetOfVBroadcast, pyc::(anonymous namespace)::VGetOfVectorMux, pyc::(anonymous namespace)::VCreateOfConsecutiveVGets, pyc::(anonymous namespace)::FoldVectorConstantLanes<pyc::AddOp>, pyc::(anonymous namespace)::FoldVectorConstantLanes<pyc::SubOp>, pyc::(anonymous namespace)::FoldVectorConstantLanes<pyc::MulOp>, pyc::(anonymous namespace)::FoldVectorConstantLanes<pyc::UdivOp>, pyc::(anonymous namespace)::FoldVectorConstantLanes<pyc::UremOp>, pyc::(anonymous namespace)::FoldVectorConstantLanes<pyc::SdivOp>, pyc::(anonymous namespace)::FoldVectorConstantLanes<pyc::SremOp>, pyc::(anonymous namespace)::FoldVectorConstantLanes<pyc::AndOp>, pyc::(anonymous namespace)::FoldVectorConstantLanes<pyc::OrOp>, pyc::(anonymous namespace)::FoldVectorConstantLanes<pyc::XorOp>, pyc::(anonymous namespace)::FoldVectorConstantLanes<pyc::EqOp>, pyc::(anonymous namespace)::FoldVectorConstantLanes<pyc::UltOp>, pyc::(anonymous namespace)::FoldVectorConstantLanes<pyc::SltOp>, pyc::(anonymous namespace)::FoldRank2ReduceLanes<pyc::VOrReduceOp>, pyc::(anonymous namespace)::FoldRank2ReduceLanes<pyc::VAndReduceOp>, pyc::(anonymous namespace)::FoldRank2ReduceLanes<pyc::VAddReduceOp>, pyc::(anonymous namespace)::VReduceOfVBroadcast<pyc::VOrReduceOp>, pyc::(anonymous namespace)::VReduceOfVBroadcast<pyc::VAndReduceOp>, pyc::(anonymous namespace)::VReduceSingleLaneDim<pyc::VOrReduceOp>, pyc::(anonymous namespace)::VReduceSingleLaneDim<pyc::VAndReduceOp>, pyc::(anonymous namespace)::VReduceSingleLaneDim<pyc::VAddReduceOp>, mlir::MLIRContext *, void>' requested here
  594 |     patterns.add<MuxSameSelSimplify,
      |              ^
/opt/homebrew/Cellar/llvm/22.1.8/include/mlir/IR/Builders.h:506:8: note: 'create' has been explicitly marked deprecated here
  506 |   OpTy create(Location location, Args &&...args) {
      |        ^
/Users/zhoubot/linx-isa/tools/pyCircuit/compiler/mlir/lib/Transforms/CombCanonicalizePass.cpp:163:32: warning: 'create<pyc::SremOp, mlir::Type &, mlir::Value &, mlir::Value &>' is deprecated: Use OpTy::create instead [-Wdeprecated-declarations]
  163 |       lanes.push_back(rewriter.create<OpT>(op.getLoc(), laneTy, lhs, rhs));
      |                                ^
/opt/homebrew/Cellar/llvm/22.1.8/include/mlir/IR/Builders.h:505:5: note: 'create<pyc::SremOp, mlir::Type &, mlir::Value &, mlir::Value &>' has been explicitly marked deprecated here
  505 |   [[deprecated("Use OpTy::create instead")]]
      |     ^
/Users/zhoubot/linx-isa/tools/pyCircuit/compiler/mlir/lib/Transforms/CombCanonicalizePass.cpp:163:32: warning: 'create' is deprecated: Use OpTy::create instead [-Wdeprecated-declarations]
  163 |       lanes.push_back(rewriter.create<OpT>(op.getLoc(), laneTy, lhs, rhs));
      |                                ^
/Applications/Xcode.app/Contents/Developer/Platforms/MacOSX.platform/Developer/SDKs/MacOSX.sdk/usr/include/c++/v1/__memory/unique_ptr.h:759:30: note: in instantiation of member function 'pyc::(anonymous namespace)::FoldVectorConstantLanes<pyc::SdivOp>::matchAndRewrite' requested here
  759 |   return unique_ptr<_Tp>(new _Tp(std::forward<_Args>(__args)...));
      |                              ^
/opt/homebrew/Cellar/llvm/22.1.8/include/mlir/IR/PatternMatch.h:256:14: note: in instantiation of function template specialization 'std::make_unique<pyc::(anonymous namespace)::FoldVectorConstantLanes<pyc::SdivOp>, mlir::MLIRContext *, 0>' requested here
  256 |         std::make_unique<T>(std::forward<Args>(args)...);
      |              ^
/opt/homebrew/Cellar/llvm/22.1.8/include/mlir/IR/PatternMatch.h:1007:25: note: in instantiation of function template specialization 'mlir::RewritePattern::create<pyc::(anonymous namespace)::FoldVectorConstantLanes<pyc::SdivOp>, mlir::MLIRContext *>' requested here
 1007 |         RewritePattern::create<T>(std::forward<Args>(args)...);
      |                         ^
/opt/homebrew/Cellar/llvm/22.1.8/include/mlir/IR/PatternMatch.h:864:6: note: in instantiation of function template specialization 'mlir::RewritePatternSet::addImpl<pyc::(anonymous namespace)::FoldVectorConstantLanes<pyc::SdivOp>, mlir::MLIRContext *>' requested here
  864 |     (addImpl<Ts>(/*debugLabels=*/{}, std::forward<ConstructorArg>(arg),
      |      ^
/Users/zhoubot/linx-isa/tools/pyCircuit/compiler/mlir/lib/Transforms/CombCanonicalizePass.cpp:594:14: note: in instantiation of function template specialization 'mlir::RewritePatternSet::add<pyc::(anonymous namespace)::MuxSameSelSimplify, pyc::(anonymous namespace)::MuxI1ToLogic, pyc::(anonymous namespace)::AndBasicSimplify, pyc::(anonymous namespace)::OrBasicSimplify, pyc::(anonymous namespace)::OrAndXorFactor, pyc::(anonymous namespace)::VGetOfVCreate, pyc::(anonymous namespace)::VGetOfVBroadcast, pyc::(anonymous namespace)::VGetOfVectorMux, pyc::(anonymous namespace)::VCreateOfConsecutiveVGets, pyc::(anonymous namespace)::FoldVectorConstantLanes<pyc::AddOp>, pyc::(anonymous namespace)::FoldVectorConstantLanes<pyc::SubOp>, pyc::(anonymous namespace)::FoldVectorConstantLanes<pyc::MulOp>, pyc::(anonymous namespace)::FoldVectorConstantLanes<pyc::UdivOp>, pyc::(anonymous namespace)::FoldVectorConstantLanes<pyc::UremOp>, pyc::(anonymous namespace)::FoldVectorConstantLanes<pyc::SdivOp>, pyc::(anonymous namespace)::FoldVectorConstantLanes<pyc::SremOp>, pyc::(anonymous namespace)::FoldVectorConstantLanes<pyc::AndOp>, pyc::(anonymous namespace)::FoldVectorConstantLanes<pyc::OrOp>, pyc::(anonymous namespace)::FoldVectorConstantLanes<pyc::XorOp>, pyc::(anonymous namespace)::FoldVectorConstantLanes<pyc::EqOp>, pyc::(anonymous namespace)::FoldVectorConstantLanes<pyc::UltOp>, pyc::(anonymous namespace)::FoldVectorConstantLanes<pyc::SltOp>, pyc::(anonymous namespace)::FoldRank2ReduceLanes<pyc::VOrReduceOp>, pyc::(anonymous namespace)::FoldRank2ReduceLanes<pyc::VAndReduceOp>, pyc::(anonymous namespace)::FoldRank2ReduceLanes<pyc::VAddReduceOp>, pyc::(anonymous namespace)::VReduceOfVBroadcast<pyc::VOrReduceOp>, pyc::(anonymous namespace)::VReduceOfVBroadcast<pyc::VAndReduceOp>, pyc::(anonymous namespace)::VReduceSingleLaneDim<pyc::VOrReduceOp>, pyc::(anonymous namespace)::VReduceSingleLaneDim<pyc::VAndReduceOp>, pyc::(anonymous namespace)::VReduceSingleLaneDim<pyc::VAddReduceOp>, mlir::MLIRContext *, void>' requested here
  594 |     patterns.add<MuxSameSelSimplify,
      |              ^
/opt/homebrew/Cellar/llvm/22.1.8/include/mlir/IR/Builders.h:506:8: note: 'create' has been explicitly marked deprecated here
  506 |   OpTy create(Location location, Args &&...args) {
      |        ^
/Users/zhoubot/linx-isa/tools/pyCircuit/compiler/mlir/lib/Transforms/CombCanonicalizePass.cpp:163:32: warning: 'create<pyc::SdivOp, mlir::Type &, mlir::Value &, mlir::Value &>' is deprecated: Use OpTy::create instead [-Wdeprecated-declarations]
  163 |       lanes.push_back(rewriter.create<OpT>(op.getLoc(), laneTy, lhs, rhs));
      |                                ^
/opt/homebrew/Cellar/llvm/22.1.8/include/mlir/IR/Builders.h:505:5: note: 'create<pyc::SdivOp, mlir::Type &, mlir::Value &, mlir::Value &>' has been explicitly marked deprecated here
  505 |   [[deprecated("Use OpTy::create instead")]]
      |     ^
/Users/zhoubot/linx-isa/tools/pyCircuit/compiler/mlir/lib/Transforms/CombCanonicalizePass.cpp:163:32: warning: 'create' is deprecated: Use OpTy::create instead [-Wdeprecated-declarations]
  163 |       lanes.push_back(rewriter.create<OpT>(op.getLoc(), laneTy, lhs, rhs));
      |                                ^
/Applications/Xcode.app/Contents/Developer/Platforms/MacOSX.platform/Developer/SDKs/MacOSX.sdk/usr/include/c++/v1/__memory/unique_ptr.h:759:30: note: in instantiation of member function 'pyc::(anonymous namespace)::FoldVectorConstantLanes<pyc::UremOp>::matchAndRewrite' requested here
  759 |   return unique_ptr<_Tp>(new _Tp(std::forward<_Args>(__args)...));
      |                              ^
/opt/homebrew/Cellar/llvm/22.1.8/include/mlir/IR/PatternMatch.h:256:14: note: in instantiation of function template specialization 'std::make_unique<pyc::(anonymous namespace)::FoldVectorConstantLanes<pyc::UremOp>, mlir::MLIRContext *, 0>' requested here
  256 |         std::make_unique<T>(std::forward<Args>(args)...);
      |              ^
/opt/homebrew/Cellar/llvm/22.1.8/include/mlir/IR/PatternMatch.h:1007:25: note: in instantiation of function template specialization 'mlir::RewritePattern::create<pyc::(anonymous namespace)::FoldVectorConstantLanes<pyc::UremOp>, mlir::MLIRContext *>' requested here
 1007 |         RewritePattern::create<T>(std::forward<Args>(args)...);
      |                         ^
/opt/homebrew/Cellar/llvm/22.1.8/include/mlir/IR/PatternMatch.h:864:6: note: in instantiation of function template specialization 'mlir::RewritePatternSet::addImpl<pyc::(anonymous namespace)::FoldVectorConstantLanes<pyc::UremOp>, mlir::MLIRContext *>' requested here
  864 |     (addImpl<Ts>(/*debugLabels=*/{}, std::forward<ConstructorArg>(arg),
      |      ^
/Users/zhoubot/linx-isa/tools/pyCircuit/compiler/mlir/lib/Transforms/CombCanonicalizePass.cpp:594:14: note: in instantiation of function template specialization 'mlir::RewritePatternSet::add<pyc::(anonymous namespace)::MuxSameSelSimplify, pyc::(anonymous namespace)::MuxI1ToLogic, pyc::(anonymous namespace)::AndBasicSimplify, pyc::(anonymous namespace)::OrBasicSimplify, pyc::(anonymous namespace)::OrAndXorFactor, pyc::(anonymous namespace)::VGetOfVCreate, pyc::(anonymous namespace)::VGetOfVBroadcast, pyc::(anonymous namespace)::VGetOfVectorMux, pyc::(anonymous namespace)::VCreateOfConsecutiveVGets, pyc::(anonymous namespace)::FoldVectorConstantLanes<pyc::AddOp>, pyc::(anonymous namespace)::FoldVectorConstantLanes<pyc::SubOp>, pyc::(anonymous namespace)::FoldVectorConstantLanes<pyc::MulOp>, pyc::(anonymous namespace)::FoldVectorConstantLanes<pyc::UdivOp>, pyc::(anonymous namespace)::FoldVectorConstantLanes<pyc::UremOp>, pyc::(anonymous namespace)::FoldVectorConstantLanes<pyc::SdivOp>, pyc::(anonymous namespace)::FoldVectorConstantLanes<pyc::SremOp>, pyc::(anonymous namespace)::FoldVectorConstantLanes<pyc::AndOp>, pyc::(anonymous namespace)::FoldVectorConstantLanes<pyc::OrOp>, pyc::(anonymous namespace)::FoldVectorConstantLanes<pyc::XorOp>, pyc::(anonymous namespace)::FoldVectorConstantLanes<pyc::EqOp>, pyc::(anonymous namespace)::FoldVectorConstantLanes<pyc::UltOp>, pyc::(anonymous namespace)::FoldVectorConstantLanes<pyc::SltOp>, pyc::(anonymous namespace)::FoldRank2ReduceLanes<pyc::VOrReduceOp>, pyc::(anonymous namespace)::FoldRank2ReduceLanes<pyc::VAndReduceOp>, pyc::(anonymous namespace)::FoldRank2ReduceLanes<pyc::VAddReduceOp>, pyc::(anonymous namespace)::VReduceOfVBroadcast<pyc::VOrReduceOp>, pyc::(anonymous namespace)::VReduceOfVBroadcast<pyc::VAndReduceOp>, pyc::(anonymous namespace)::VReduceSingleLaneDim<pyc::VOrReduceOp>, pyc::(anonymous namespace)::VReduceSingleLaneDim<pyc::VAndReduceOp>, pyc::(anonymous namespace)::VReduceSingleLaneDim<pyc::VAddReduceOp>, mlir::MLIRContext *, void>' requested here
  594 |     patterns.add<MuxSameSelSimplify,
      |              ^
/opt/homebrew/Cellar/llvm/22.1.8/include/mlir/IR/Builders.h:506:8: note: 'create' has been explicitly marked deprecated here
  506 |   OpTy create(Location location, Args &&...args) {
      |        ^
/Users/zhoubot/linx-isa/tools/pyCircuit/compiler/mlir/lib/Transforms/CombCanonicalizePass.cpp:163:32: warning: 'create<pyc::UremOp, mlir::Type &, mlir::Value &, mlir::Value &>' is deprecated: Use OpTy::create instead [-Wdeprecated-declarations]
  163 |       lanes.push_back(rewriter.create<OpT>(op.getLoc(), laneTy, lhs, rhs));
      |                                ^
/opt/homebrew/Cellar/llvm/22.1.8/include/mlir/IR/Builders.h:505:5: note: 'create<pyc::UremOp, mlir::Type &, mlir::Value &, mlir::Value &>' has been explicitly marked deprecated here
  505 |   [[deprecated("Use OpTy::create instead")]]
      |     ^
/Users/zhoubot/linx-isa/tools/pyCircuit/compiler/mlir/lib/Transforms/CombCanonicalizePass.cpp:163:32: warning: 'create' is deprecated: Use OpTy::create instead [-Wdeprecated-declarations]
  163 |       lanes.push_back(rewriter.create<OpT>(op.getLoc(), laneTy, lhs, rhs));
      |                                ^
/Applications/Xcode.app/Contents/Developer/Platforms/MacOSX.platform/Developer/SDKs/MacOSX.sdk/usr/include/c++/v1/__memory/unique_ptr.h:759:30: note: in instantiation of member function 'pyc::(anonymous namespace)::FoldVectorConstantLanes<pyc::UdivOp>::matchAndRewrite' requested here
  759 |   return unique_ptr<_Tp>(new _Tp(std::forward<_Args>(__args)...));
      |                              ^
/opt/homebrew/Cellar/llvm/22.1.8/include/mlir/IR/PatternMatch.h:256:14: note: in instantiation of function template specialization 'std::make_unique<pyc::(anonymous namespace)::FoldVectorConstantLanes<pyc::UdivOp>, mlir::MLIRContext *, 0>' requested here
  256 |         std::make_unique<T>(std::forward<Args>(args)...);
      |              ^
/opt/homebrew/Cellar/llvm/22.1.8/include/mlir/IR/PatternMatch.h:1007:25: note: in instantiation of function template specialization 'mlir::RewritePattern::create<pyc::(anonymous namespace)::FoldVectorConstantLanes<pyc::UdivOp>, mlir::MLIRContext *>' requested here
 1007 |         RewritePattern::create<T>(std::forward<Args>(args)...);
      |                         ^
/opt/homebrew/Cellar/llvm/22.1.8/include/mlir/IR/PatternMatch.h:864:6: note: in instantiation of function template specialization 'mlir::RewritePatternSet::addImpl<pyc::(anonymous namespace)::FoldVectorConstantLanes<pyc::UdivOp>, mlir::MLIRContext *>' requested here
  864 |     (addImpl<Ts>(/*debugLabels=*/{}, std::forward<ConstructorArg>(arg),
      |      ^
/Users/zhoubot/linx-isa/tools/pyCircuit/compiler/mlir/lib/Transforms/CombCanonicalizePass.cpp:594:14: note: in instantiation of function template specialization 'mlir::RewritePatternSet::add<pyc::(anonymous namespace)::MuxSameSelSimplify, pyc::(anonymous namespace)::MuxI1ToLogic, pyc::(anonymous namespace)::AndBasicSimplify, pyc::(anonymous namespace)::OrBasicSimplify, pyc::(anonymous namespace)::OrAndXorFactor, pyc::(anonymous namespace)::VGetOfVCreate, pyc::(anonymous namespace)::VGetOfVBroadcast, pyc::(anonymous namespace)::VGetOfVectorMux, pyc::(anonymous namespace)::VCreateOfConsecutiveVGets, pyc::(anonymous namespace)::FoldVectorConstantLanes<pyc::AddOp>, pyc::(anonymous namespace)::FoldVectorConstantLanes<pyc::SubOp>, pyc::(anonymous namespace)::FoldVectorConstantLanes<pyc::MulOp>, pyc::(anonymous namespace)::FoldVectorConstantLanes<pyc::UdivOp>, pyc::(anonymous namespace)::FoldVectorConstantLanes<pyc::UremOp>, pyc::(anonymous namespace)::FoldVectorConstantLanes<pyc::SdivOp>, pyc::(anonymous namespace)::FoldVectorConstantLanes<pyc::SremOp>, pyc::(anonymous namespace)::FoldVectorConstantLanes<pyc::AndOp>, pyc::(anonymous namespace)::FoldVectorConstantLanes<pyc::OrOp>, pyc::(anonymous namespace)::FoldVectorConstantLanes<pyc::XorOp>, pyc::(anonymous namespace)::FoldVectorConstantLanes<pyc::EqOp>, pyc::(anonymous namespace)::FoldVectorConstantLanes<pyc::UltOp>, pyc::(anonymous namespace)::FoldVectorConstantLanes<pyc::SltOp>, pyc::(anonymous namespace)::FoldRank2ReduceLanes<pyc::VOrReduceOp>, pyc::(anonymous namespace)::FoldRank2ReduceLanes<pyc::VAndReduceOp>, pyc::(anonymous namespace)::FoldRank2ReduceLanes<pyc::VAddReduceOp>, pyc::(anonymous namespace)::VReduceOfVBroadcast<pyc::VOrReduceOp>, pyc::(anonymous namespace)::VReduceOfVBroadcast<pyc::VAndReduceOp>, pyc::(anonymous namespace)::VReduceSingleLaneDim<pyc::VOrReduceOp>, pyc::(anonymous namespace)::VReduceSingleLaneDim<pyc::VAndReduceOp>, pyc::(anonymous namespace)::VReduceSingleLaneDim<pyc::VAddReduceOp>, mlir::MLIRContext *, void>' requested here
  594 |     patterns.add<MuxSameSelSimplify,
      |              ^
/opt/homebrew/Cellar/llvm/22.1.8/include/mlir/IR/Builders.h:506:8: note: 'create' has been explicitly marked deprecated here
  506 |   OpTy create(Location location, Args &&...args) {
      |        ^
/Users/zhoubot/linx-isa/tools/pyCircuit/compiler/mlir/lib/Transforms/CombCanonicalizePass.cpp:163:32: warning: 'create<pyc::UdivOp, mlir::Type &, mlir::Value &, mlir::Value &>' is deprecated: Use OpTy::create instead [-Wdeprecated-declarations]
  163 |       lanes.push_back(rewriter.create<OpT>(op.getLoc(), laneTy, lhs, rhs));
      |                                ^
/opt/homebrew/Cellar/llvm/22.1.8/include/mlir/IR/Builders.h:505:5: note: 'create<pyc::UdivOp, mlir::Type &, mlir::Value &, mlir::Value &>' has been explicitly marked deprecated here
  505 |   [[deprecated("Use OpTy::create instead")]]
      |     ^
/Users/zhoubot/linx-isa/tools/pyCircuit/compiler/mlir/lib/Transforms/CombCanonicalizePass.cpp:163:32: warning: 'create' is deprecated: Use OpTy::create instead [-Wdeprecated-declarations]
  163 |       lanes.push_back(rewriter.create<OpT>(op.getLoc(), laneTy, lhs, rhs));
      |                                ^
/Applications/Xcode.app/Contents/Developer/Platforms/MacOSX.platform/Developer/SDKs/MacOSX.sdk/usr/include/c++/v1/__memory/unique_ptr.h:759:30: note: in instantiation of member function 'pyc::(anonymous namespace)::FoldVectorConstantLanes<pyc::MulOp>::matchAndRewrite' requested here
  759 |   return unique_ptr<_Tp>(new _Tp(std::forward<_Args>(__args)...));
      |                              ^
/opt/homebrew/Cellar/llvm/22.1.8/include/mlir/IR/PatternMatch.h:256:14: note: in instantiation of function template specialization 'std::make_unique<pyc::(anonymous namespace)::FoldVectorConstantLanes<pyc::MulOp>, mlir::MLIRContext *, 0>' requested here
  256 |         std::make_unique<T>(std::forward<Args>(args)...);
      |              ^
/opt/homebrew/Cellar/llvm/22.1.8/include/mlir/IR/PatternMatch.h:1007:25: note: in instantiation of function template specialization 'mlir::RewritePattern::create<pyc::(anonymous namespace)::FoldVectorConstantLanes<pyc::MulOp>, mlir::MLIRContext *>' requested here
 1007 |         RewritePattern::create<T>(std::forward<Args>(args)...);
      |                         ^
/opt/homebrew/Cellar/llvm/22.1.8/include/mlir/IR/PatternMatch.h:864:6: note: in instantiation of function template specialization 'mlir::RewritePatternSet::addImpl<pyc::(anonymous namespace)::FoldVectorConstantLanes<pyc::MulOp>, mlir::MLIRContext *>' requested here
  864 |     (addImpl<Ts>(/*debugLabels=*/{}, std::forward<ConstructorArg>(arg),
      |      ^
/Users/zhoubot/linx-isa/tools/pyCircuit/compiler/mlir/lib/Transforms/CombCanonicalizePass.cpp:594:14: note: in instantiation of function template specialization 'mlir::RewritePatternSet::add<pyc::(anonymous namespace)::MuxSameSelSimplify, pyc::(anonymous namespace)::MuxI1ToLogic, pyc::(anonymous namespace)::AndBasicSimplify, pyc::(anonymous namespace)::OrBasicSimplify, pyc::(anonymous namespace)::OrAndXorFactor, pyc::(anonymous namespace)::VGetOfVCreate, pyc::(anonymous namespace)::VGetOfVBroadcast, pyc::(anonymous namespace)::VGetOfVectorMux, pyc::(anonymous namespace)::VCreateOfConsecutiveVGets, pyc::(anonymous namespace)::FoldVectorConstantLanes<pyc::AddOp>, pyc::(anonymous namespace)::FoldVectorConstantLanes<pyc::SubOp>, pyc::(anonymous namespace)::FoldVectorConstantLanes<pyc::MulOp>, pyc::(anonymous namespace)::FoldVectorConstantLanes<pyc::UdivOp>, pyc::(anonymous namespace)::FoldVectorConstantLanes<pyc::UremOp>, pyc::(anonymous namespace)::FoldVectorConstantLanes<pyc::SdivOp>, pyc::(anonymous namespace)::FoldVectorConstantLanes<pyc::SremOp>, pyc::(anonymous namespace)::FoldVectorConstantLanes<pyc::AndOp>, pyc::(anonymous namespace)::FoldVectorConstantLanes<pyc::OrOp>, pyc::(anonymous namespace)::FoldVectorConstantLanes<pyc::XorOp>, pyc::(anonymous namespace)::FoldVectorConstantLanes<pyc::EqOp>, pyc::(anonymous namespace)::FoldVectorConstantLanes<pyc::UltOp>, pyc::(anonymous namespace)::FoldVectorConstantLanes<pyc::SltOp>, pyc::(anonymous namespace)::FoldRank2ReduceLanes<pyc::VOrReduceOp>, pyc::(anonymous namespace)::FoldRank2ReduceLanes<pyc::VAndReduceOp>, pyc::(anonymous namespace)::FoldRank2ReduceLanes<pyc::VAddReduceOp>, pyc::(anonymous namespace)::VReduceOfVBroadcast<pyc::VOrReduceOp>, pyc::(anonymous namespace)::VReduceOfVBroadcast<pyc::VAndReduceOp>, pyc::(anonymous namespace)::VReduceSingleLaneDim<pyc::VOrReduceOp>, pyc::(anonymous namespace)::VReduceSingleLaneDim<pyc::VAndReduceOp>, pyc::(anonymous namespace)::VReduceSingleLaneDim<pyc::VAddReduceOp>, mlir::MLIRContext *, void>' requested here
  594 |     patterns.add<MuxSameSelSimplify,
      |              ^
/opt/homebrew/Cellar/llvm/22.1.8/include/mlir/IR/Builders.h:506:8: note: 'create' has been explicitly marked deprecated here
  506 |   OpTy create(Location location, Args &&...args) {
      |        ^
/Users/zhoubot/linx-isa/tools/pyCircuit/compiler/mlir/lib/Transforms/CombCanonicalizePass.cpp:163:32: warning: 'create<pyc::MulOp, mlir::Type &, mlir::Value &, mlir::Value &>' is deprecated: Use OpTy::create instead [-Wdeprecated-declarations]
  163 |       lanes.push_back(rewriter.create<OpT>(op.getLoc(), laneTy, lhs, rhs));
      |                                ^
/opt/homebrew/Cellar/llvm/22.1.8/include/mlir/IR/Builders.h:505:5: note: 'create<pyc::MulOp, mlir::Type &, mlir::Value &, mlir::Value &>' has been explicitly marked deprecated here
  505 |   [[deprecated("Use OpTy::create instead")]]
      |     ^
/Users/zhoubot/linx-isa/tools/pyCircuit/compiler/mlir/lib/Transforms/CombCanonicalizePass.cpp:163:32: warning: 'create' is deprecated: Use OpTy::create instead [-Wdeprecated-declarations]
  163 |       lanes.push_back(rewriter.create<OpT>(op.getLoc(), laneTy, lhs, rhs));
      |                                ^
/Applications/Xcode.app/Contents/Developer/Platforms/MacOSX.platform/Developer/SDKs/MacOSX.sdk/usr/include/c++/v1/__memory/unique_ptr.h:759:30: note: in instantiation of member function 'pyc::(anonymous namespace)::FoldVectorConstantLanes<pyc::SubOp>::matchAndRewrite' requested here
  759 |   return unique_ptr<_Tp>(new _Tp(std::forward<_Args>(__args)...));
      |                              ^
/opt/homebrew/Cellar/llvm/22.1.8/include/mlir/IR/PatternMatch.h:256:14: note: in instantiation of function template specialization 'std::make_unique<pyc::(anonymous namespace)::FoldVectorConstantLanes<pyc::SubOp>, mlir::MLIRContext *, 0>' requested here
  256 |         std::make_unique<T>(std::forward<Args>(args)...);
      |              ^
/opt/homebrew/Cellar/llvm/22.1.8/include/mlir/IR/PatternMatch.h:1007:25: note: in instantiation of function template specialization 'mlir::RewritePattern::create<pyc::(anonymous namespace)::FoldVectorConstantLanes<pyc::SubOp>, mlir::MLIRContext *>' requested here
 1007 |         RewritePattern::create<T>(std::forward<Args>(args)...);
      |                         ^
/opt/homebrew/Cellar/llvm/22.1.8/include/mlir/IR/PatternMatch.h:864:6: note: in instantiation of function template specialization 'mlir::RewritePatternSet::addImpl<pyc::(anonymous namespace)::FoldVectorConstantLanes<pyc::SubOp>, mlir::MLIRContext *>' requested here
  864 |     (addImpl<Ts>(/*debugLabels=*/{}, std::forward<ConstructorArg>(arg),
      |      ^
/Users/zhoubot/linx-isa/tools/pyCircuit/compiler/mlir/lib/Transforms/CombCanonicalizePass.cpp:594:14: note: in instantiation of function template specialization 'mlir::RewritePatternSet::add<pyc::(anonymous namespace)::MuxSameSelSimplify, pyc::(anonymous namespace)::MuxI1ToLogic, pyc::(anonymous namespace)::AndBasicSimplify, pyc::(anonymous namespace)::OrBasicSimplify, pyc::(anonymous namespace)::OrAndXorFactor, pyc::(anonymous namespace)::VGetOfVCreate, pyc::(anonymous namespace)::VGetOfVBroadcast, pyc::(anonymous namespace)::VGetOfVectorMux, pyc::(anonymous namespace)::VCreateOfConsecutiveVGets, pyc::(anonymous namespace)::FoldVectorConstantLanes<pyc::AddOp>, pyc::(anonymous namespace)::FoldVectorConstantLanes<pyc::SubOp>, pyc::(anonymous namespace)::FoldVectorConstantLanes<pyc::MulOp>, pyc::(anonymous namespace)::FoldVectorConstantLanes<pyc::UdivOp>, pyc::(anonymous namespace)::FoldVectorConstantLanes<pyc::UremOp>, pyc::(anonymous namespace)::FoldVectorConstantLanes<pyc::SdivOp>, pyc::(anonymous namespace)::FoldVectorConstantLanes<pyc::SremOp>, pyc::(anonymous namespace)::FoldVectorConstantLanes<pyc::AndOp>, pyc::(anonymous namespace)::FoldVectorConstantLanes<pyc::OrOp>, pyc::(anonymous namespace)::FoldVectorConstantLanes<pyc::XorOp>, pyc::(anonymous namespace)::FoldVectorConstantLanes<pyc::EqOp>, pyc::(anonymous namespace)::FoldVectorConstantLanes<pyc::UltOp>, pyc::(anonymous namespace)::FoldVectorConstantLanes<pyc::SltOp>, pyc::(anonymous namespace)::FoldRank2ReduceLanes<pyc::VOrReduceOp>, pyc::(anonymous namespace)::FoldRank2ReduceLanes<pyc::VAndReduceOp>, pyc::(anonymous namespace)::FoldRank2ReduceLanes<pyc::VAddReduceOp>, pyc::(anonymous namespace)::VReduceOfVBroadcast<pyc::VOrReduceOp>, pyc::(anonymous namespace)::VReduceOfVBroadcast<pyc::VAndReduceOp>, pyc::(anonymous namespace)::VReduceSingleLaneDim<pyc::VOrReduceOp>, pyc::(anonymous namespace)::VReduceSingleLaneDim<pyc::VAndReduceOp>, pyc::(anonymous namespace)::VReduceSingleLaneDim<pyc::VAddReduceOp>, mlir::MLIRContext *, void>' requested here
  594 |     patterns.add<MuxSameSelSimplify,
      |              ^
/opt/homebrew/Cellar/llvm/22.1.8/include/mlir/IR/Builders.h:506:8: note: 'create' has been explicitly marked deprecated here
  506 |   OpTy create(Location location, Args &&...args) {
      |        ^
/Users/zhoubot/linx-isa/tools/pyCircuit/compiler/mlir/lib/Transforms/CombCanonicalizePass.cpp:163:32: warning: 'create<pyc::SubOp, mlir::Type &, mlir::Value &, mlir::Value &>' is deprecated: Use OpTy::create instead [-Wdeprecated-declarations]
  163 |       lanes.push_back(rewriter.create<OpT>(op.getLoc(), laneTy, lhs, rhs));
      |                                ^
/opt/homebrew/Cellar/llvm/22.1.8/include/mlir/IR/Builders.h:505:5: note: 'create<pyc::SubOp, mlir::Type &, mlir::Value &, mlir::Value &>' has been explicitly marked deprecated here
  505 |   [[deprecated("Use OpTy::create instead")]]
      |     ^
/Users/zhoubot/linx-isa/tools/pyCircuit/compiler/mlir/lib/Transforms/CombCanonicalizePass.cpp:163:32: warning: 'create' is deprecated: Use OpTy::create instead [-Wdeprecated-declarations]
  163 |       lanes.push_back(rewriter.create<OpT>(op.getLoc(), laneTy, lhs, rhs));
      |                                ^
/Applications/Xcode.app/Contents/Developer/Platforms/MacOSX.platform/Developer/SDKs/MacOSX.sdk/usr/include/c++/v1/__memory/unique_ptr.h:759:30: note: in instantiation of member function 'pyc::(anonymous namespace)::FoldVectorConstantLanes<pyc::AddOp>::matchAndRewrite' requested here
  759 |   return unique_ptr<_Tp>(new _Tp(std::forward<_Args>(__args)...));
      |                              ^
/opt/homebrew/Cellar/llvm/22.1.8/include/mlir/IR/PatternMatch.h:256:14: note: in instantiation of function template specialization 'std::make_unique<pyc::(anonymous namespace)::FoldVectorConstantLanes<pyc::AddOp>, mlir::MLIRContext *, 0>' requested here
  256 |         std::make_unique<T>(std::forward<Args>(args)...);
      |              ^
/opt/homebrew/Cellar/llvm/22.1.8/include/mlir/IR/PatternMatch.h:1007:25: note: in instantiation of function template specialization 'mlir::RewritePattern::create<pyc::(anonymous namespace)::FoldVectorConstantLanes<pyc::AddOp>, mlir::MLIRContext *>' requested here
 1007 |         RewritePattern::create<T>(std::forward<Args>(args)...);
      |                         ^
/opt/homebrew/Cellar/llvm/22.1.8/include/mlir/IR/PatternMatch.h:864:6: note: in instantiation of function template specialization 'mlir::RewritePatternSet::addImpl<pyc::(anonymous namespace)::FoldVectorConstantLanes<pyc::AddOp>, mlir::MLIRContext *>' requested here
  864 |     (addImpl<Ts>(/*debugLabels=*/{}, std::forward<ConstructorArg>(arg),
      |      ^
/Users/zhoubot/linx-isa/tools/pyCircuit/compiler/mlir/lib/Transforms/CombCanonicalizePass.cpp:594:14: note: in instantiation of function template specialization 'mlir::RewritePatternSet::add<pyc::(anonymous namespace)::MuxSameSelSimplify, pyc::(anonymous namespace)::MuxI1ToLogic, pyc::(anonymous namespace)::AndBasicSimplify, pyc::(anonymous namespace)::OrBasicSimplify, pyc::(anonymous namespace)::OrAndXorFactor, pyc::(anonymous namespace)::VGetOfVCreate, pyc::(anonymous namespace)::VGetOfVBroadcast, pyc::(anonymous namespace)::VGetOfVectorMux, pyc::(anonymous namespace)::VCreateOfConsecutiveVGets, pyc::(anonymous namespace)::FoldVectorConstantLanes<pyc::AddOp>, pyc::(anonymous namespace)::FoldVectorConstantLanes<pyc::SubOp>, pyc::(anonymous namespace)::FoldVectorConstantLanes<pyc::MulOp>, pyc::(anonymous namespace)::FoldVectorConstantLanes<pyc::UdivOp>, pyc::(anonymous namespace)::FoldVectorConstantLanes<pyc::UremOp>, pyc::(anonymous namespace)::FoldVectorConstantLanes<pyc::SdivOp>, pyc::(anonymous namespace)::FoldVectorConstantLanes<pyc::SremOp>, pyc::(anonymous namespace)::FoldVectorConstantLanes<pyc::AndOp>, pyc::(anonymous namespace)::FoldVectorConstantLanes<pyc::OrOp>, pyc::(anonymous namespace)::FoldVectorConstantLanes<pyc::XorOp>, pyc::(anonymous namespace)::FoldVectorConstantLanes<pyc::EqOp>, pyc::(anonymous namespace)::FoldVectorConstantLanes<pyc::UltOp>, pyc::(anonymous namespace)::FoldVectorConstantLanes<pyc::SltOp>, pyc::(anonymous namespace)::FoldRank2ReduceLanes<pyc::VOrReduceOp>, pyc::(anonymous namespace)::FoldRank2ReduceLanes<pyc::VAndReduceOp>, pyc::(anonymous namespace)::FoldRank2ReduceLanes<pyc::VAddReduceOp>, pyc::(anonymous namespace)::VReduceOfVBroadcast<pyc::VOrReduceOp>, pyc::(anonymous namespace)::VReduceOfVBroadcast<pyc::VAndReduceOp>, pyc::(anonymous namespace)::VReduceSingleLaneDim<pyc::VOrReduceOp>, pyc::(anonymous namespace)::VReduceSingleLaneDim<pyc::VAndReduceOp>, pyc::(anonymous namespace)::VReduceSingleLaneDim<pyc::VAddReduceOp>, mlir::MLIRContext *, void>' requested here
  594 |     patterns.add<MuxSameSelSimplify,
      |              ^
/opt/homebrew/Cellar/llvm/22.1.8/include/mlir/IR/Builders.h:506:8: note: 'create' has been explicitly marked deprecated here
  506 |   OpTy create(Location location, Args &&...args) {
      |        ^
/Users/zhoubot/linx-isa/tools/pyCircuit/compiler/mlir/lib/Transforms/CombCanonicalizePass.cpp:163:32: warning: 'create<pyc::AddOp, mlir::Type &, mlir::Value &, mlir::Value &>' is deprecated: Use OpTy::create instead [-Wdeprecated-declarations]
  163 |       lanes.push_back(rewriter.create<OpT>(op.getLoc(), laneTy, lhs, rhs));
      |                                ^
/opt/homebrew/Cellar/llvm/22.1.8/include/mlir/IR/Builders.h:505:5: note: 'create<pyc::AddOp, mlir::Type &, mlir::Value &, mlir::Value &>' has been explicitly marked deprecated here
  505 |   [[deprecated("Use OpTy::create instead")]]
      |     ^
69 warnings generated.
[19/36] Building CXX object compiler/mlir/CMakeFiles/pyc_transforms.dir/lib/Transforms/EliminateDeadStatePass.cpp.o
[20/36] Building CXX object compiler/mlir/CMakeFiles/pyc_transforms.dir/lib/Transforms/EliminateWiresPass.cpp.o
/Users/zhoubot/linx-isa/tools/pyCircuit/compiler/mlir/lib/Transforms/EliminateWiresPass.cpp:115:28: warning: 'create' is deprecated: Use OpTy::create instead [-Wdeprecated-declarations]
  115 |       auto alias = builder.create<pyc::AliasOp>(w.getLoc(), src.getType(), src);
      |                            ^
/opt/homebrew/Cellar/llvm/22.1.8/include/mlir/IR/Builders.h:506:8: note: 'create' has been explicitly marked deprecated here
  506 |   OpTy create(Location location, Args &&...args) {
      |        ^
/Users/zhoubot/linx-isa/tools/pyCircuit/compiler/mlir/lib/Transforms/EliminateWiresPass.cpp:115:28: warning: 'create<pyc::AliasOp, mlir::Type, mlir::Value &>' is deprecated: Use OpTy::create instead [-Wdeprecated-declarations]
  115 |       auto alias = builder.create<pyc::AliasOp>(w.getLoc(), src.getType(), src);
      |                            ^
/opt/homebrew/Cellar/llvm/22.1.8/include/mlir/IR/Builders.h:505:5: note: 'create<pyc::AliasOp, mlir::Type, mlir::Value &>' has been explicitly marked deprecated here
  505 |   [[deprecated("Use OpTy::create instead")]]
      |     ^
2 warnings generated.
[21/36] Building CXX object compiler/mlir/CMakeFiles/pyc_transforms.dir/lib/Transforms/FlattenInstancesPass.cpp.o
[22/36] Building CXX object compiler/mlir/CMakeFiles/pyc_transforms.dir/lib/Transforms/InlineFunctionsPass.cpp.o
[23/36] Building CXX object compiler/mlir/CMakeFiles/pyc_transforms.dir/lib/Transforms/PackI1RegsPass.cpp.o
/Users/zhoubot/linx-isa/tools/pyCircuit/compiler/mlir/lib/Transforms/PackI1RegsPass.cpp:153:32: warning: 'create' is deprecated: Use OpTy::create instead [-Wdeprecated-declarations]
  153 |     Value nextPacked = builder.create<pyc::ConcatOp>(loc, packedTy, nextInputs).getResult();
      |                                ^
/opt/homebrew/Cellar/llvm/22.1.8/include/mlir/IR/Builders.h:506:8: note: 'create' has been explicitly marked deprecated here
  506 |   OpTy create(Location location, Args &&...args) {
      |        ^
/Users/zhoubot/linx-isa/tools/pyCircuit/compiler/mlir/lib/Transforms/PackI1RegsPass.cpp:153:32: warning: 'create<pyc::ConcatOp, mlir::Type &, llvm::SmallVector<mlir::Value> &>' is deprecated: Use OpTy::create instead [-Wdeprecated-declarations]
  153 |     Value nextPacked = builder.create<pyc::ConcatOp>(loc, packedTy, nextInputs).getResult();
      |                                ^
/opt/homebrew/Cellar/llvm/22.1.8/include/mlir/IR/Builders.h:505:5: note: 'create<pyc::ConcatOp, mlir::Type &, llvm::SmallVector<mlir::Value> &>' has been explicitly marked deprecated here
  505 |   [[deprecated("Use OpTy::create instead")]]
      |     ^
/Users/zhoubot/linx-isa/tools/pyCircuit/compiler/mlir/lib/Transforms/PackI1RegsPass.cpp:154:32: warning: 'create' is deprecated: Use OpTy::create instead [-Wdeprecated-declarations]
  154 |     Value initPacked = builder.create<pyc::ConcatOp>(loc, packedTy, initInputs).getResult();
      |                                ^
/opt/homebrew/Cellar/llvm/22.1.8/include/mlir/IR/Builders.h:506:8: note: 'create' has been explicitly marked deprecated here
  506 |   OpTy create(Location location, Args &&...args) {
      |        ^
/Users/zhoubot/linx-isa/tools/pyCircuit/compiler/mlir/lib/Transforms/PackI1RegsPass.cpp:154:32: warning: 'create<pyc::ConcatOp, mlir::Type &, llvm::SmallVector<mlir::Value> &>' is deprecated: Use OpTy::create instead [-Wdeprecated-declarations]
  154 |     Value initPacked = builder.create<pyc::ConcatOp>(loc, packedTy, initInputs).getResult();
      |                                ^
/opt/homebrew/Cellar/llvm/22.1.8/include/mlir/IR/Builders.h:505:5: note: 'create<pyc::ConcatOp, mlir::Type &, llvm::SmallVector<mlir::Value> &>' has been explicitly marked deprecated here
  505 |   [[deprecated("Use OpTy::create instead")]]
      |     ^
/Users/zhoubot/linx-isa/tools/pyCircuit/compiler/mlir/lib/Transforms/PackI1RegsPass.cpp:156:17: warning: 'create' is deprecated: Use OpTy::create instead [-Wdeprecated-declarations]
  156 |         builder.create<pyc::RegOp>(loc, packedTy, first.getClk(), first.getRst(), first.getEn(), nextPacked, initPacked);
      |                 ^
/opt/homebrew/Cellar/llvm/22.1.8/include/mlir/IR/Builders.h:506:8: note: 'create' has been explicitly marked deprecated here
  506 |   OpTy create(Location location, Args &&...args) {
      |        ^
/Users/zhoubot/linx-isa/tools/pyCircuit/compiler/mlir/lib/Transforms/PackI1RegsPass.cpp:156:17: warning: 'create<pyc::RegOp, mlir::Type &, mlir::detail::TypedValue<pyc::ClockType>, mlir::detail::TypedValue<pyc::ResetType>, mlir::detail::TypedValue<mlir::IntegerType>, mlir::Value &, mlir::Value &>' is deprecated: Use OpTy::create instead [-Wdeprecated-declarations]
  156 |         builder.create<pyc::RegOp>(loc, packedTy, first.getClk(), first.getRst(), first.getEn(), nextPacked, initPacked);
      |                 ^
/opt/homebrew/Cellar/llvm/22.1.8/include/mlir/IR/Builders.h:505:5: note: 'create<pyc::RegOp, mlir::Type &, mlir::detail::TypedValue<pyc::ClockType>, mlir::detail::TypedValue<pyc::ResetType>, mlir::detail::TypedValue<mlir::IntegerType>, mlir::Value &, mlir::Value &>' has been explicitly marked deprecated here
  505 |   [[deprecated("Use OpTy::create instead")]]
      |     ^
/Users/zhoubot/linx-isa/tools/pyCircuit/compiler/mlir/lib/Transforms/PackI1RegsPass.cpp:162:26: warning: 'create' is deprecated: Use OpTy::create instead [-Wdeprecated-declarations]
  162 |       auto ext = builder.create<pyc::ExtractOp>(
      |                          ^
/opt/homebrew/Cellar/llvm/22.1.8/include/mlir/IR/Builders.h:506:8: note: 'create' has been explicitly marked deprecated here
  506 |   OpTy create(Location location, Args &&...args) {
      |        ^
/Users/zhoubot/linx-isa/tools/pyCircuit/compiler/mlir/lib/Transforms/PackI1RegsPass.cpp:162:26: warning: 'create<pyc::ExtractOp, mlir::Type &, mlir::Value, mlir::IntegerAttr, mlir::IntegerAttr>' is deprecated: Use OpTy::create instead [-Wdeprecated-declarations]
  162 |       auto ext = builder.create<pyc::ExtractOp>(
      |                          ^
/opt/homebrew/Cellar/llvm/22.1.8/include/mlir/IR/Builders.h:505:5: note: 'create<pyc::ExtractOp, mlir::Type &, mlir::Value, mlir::IntegerAttr, mlir::IntegerAttr>' has been explicitly marked deprecated here
  505 |   [[deprecated("Use OpTy::create instead")]]
      |     ^
/Users/zhoubot/linx-isa/tools/pyCircuit/compiler/mlir/lib/Transforms/PackI1RegsPass.cpp:200:31: warning: 'create' is deprecated: Use OpTy::create instead [-Wdeprecated-declarations]
  200 |       auto newAlias = builder.create<pyc::AliasOp>(a.getLoc(), bitTy, bits[*idx]);
      |                               ^
/opt/homebrew/Cellar/llvm/22.1.8/include/mlir/IR/Builders.h:506:8: note: 'create' has been explicitly marked deprecated here
  506 |   OpTy create(Location location, Args &&...args) {
      |        ^
/Users/zhoubot/linx-isa/tools/pyCircuit/compiler/mlir/lib/Transforms/PackI1RegsPass.cpp:200:31: warning: 'create<pyc::AliasOp, mlir::Type &, mlir::Value &>' is deprecated: Use OpTy::create instead [-Wdeprecated-declarations]
  200 |       auto newAlias = builder.create<pyc::AliasOp>(a.getLoc(), bitTy, bits[*idx]);
      |                               ^
/opt/homebrew/Cellar/llvm/22.1.8/include/mlir/IR/Builders.h:505:5: note: 'create<pyc::AliasOp, mlir::Type &, mlir::Value &>' has been explicitly marked deprecated here
  505 |   [[deprecated("Use OpTy::create instead")]]
      |     ^
10 warnings generated.
[24/36] Building CXX object compiler/mlir/CMakeFiles/pyc_dialect.dir/lib/Dialect/PYC/PYCDialect.cpp.o
/Users/zhoubot/linx-isa/tools/pyCircuit/compiler/mlir/lib/Dialect/PYC/PYCDialect.cpp:25:18: warning: 'create' is deprecated: Use OpTy::create instead [-Wdeprecated-declarations]
   25 |   return builder.create<pyc::ConstantOp>(loc, intTy, IntegerAttr::get(intTy, v));
      |                  ^
/opt/homebrew/Cellar/llvm/22.1.8/include/mlir/IR/Builders.h:506:8: note: 'create' has been explicitly marked deprecated here
  506 |   OpTy create(Location location, Args &&...args) {
      |        ^
/Users/zhoubot/linx-isa/tools/pyCircuit/compiler/mlir/lib/Dialect/PYC/PYCDialect.cpp:25:18: warning: 'create<pyc::ConstantOp, mlir::IntegerType &, mlir::IntegerAttr>' is deprecated: Use OpTy::create instead [-Wdeprecated-declarations]
   25 |   return builder.create<pyc::ConstantOp>(loc, intTy, IntegerAttr::get(intTy, v));
      |                  ^
/opt/homebrew/Cellar/llvm/22.1.8/include/mlir/IR/Builders.h:505:5: note: 'create<pyc::ConstantOp, mlir::IntegerType &, mlir::IntegerAttr>' has been explicitly marked deprecated here
  505 |   [[deprecated("Use OpTy::create instead")]]
      |     ^
2 warnings generated.
[25/36] Building CXX object compiler/mlir/CMakeFiles/pyc_transforms.dir/lib/Transforms/PrunePortsPass.cpp.o
/Users/zhoubot/linx-isa/tools/pyCircuit/compiler/mlir/lib/Transforms/PrunePortsPass.cpp:66:24: warning: 'create' is deprecated: Use OpTy::create instead [-Wdeprecated-declarations]
   66 |       auto newCall = b.create<func::CallOp>(call.getLoc(), call.getCalleeAttr(), call.getResultTypes(), newOperands);
      |                        ^
/opt/homebrew/Cellar/llvm/22.1.8/include/mlir/IR/Builders.h:506:8: note: 'create' has been explicitly marked deprecated here
  506 |   OpTy create(Location location, Args &&...args) {
      |        ^
/Users/zhoubot/linx-isa/tools/pyCircuit/compiler/mlir/lib/Transforms/PrunePortsPass.cpp:66:24: warning: 'create<mlir::func::CallOp, mlir::FlatSymbolRefAttr, mlir::ValueTypeRange<mlir::ResultRange>, llvm::SmallVector<mlir::Value> &>' is deprecated: Use OpTy::create instead [-Wdeprecated-declarations]
   66 |       auto newCall = b.create<func::CallOp>(call.getLoc(), call.getCalleeAttr(), call.getResultTypes(), newOperands);
      |                        ^
/opt/homebrew/Cellar/llvm/22.1.8/include/mlir/IR/Builders.h:505:5: note: 'create<mlir::func::CallOp, mlir::FlatSymbolRefAttr, mlir::ValueTypeRange<mlir::ResultRange>, llvm::SmallVector<mlir::Value> &>' has been explicitly marked deprecated here
  505 |   [[deprecated("Use OpTy::create instead")]]
      |     ^
2 warnings generated.
[26/36] Building CXX object compiler/mlir/CMakeFiles/pyc_transforms.dir/lib/Transforms/FuseCombPass.cpp.o
/Users/zhoubot/linx-isa/tools/pyCircuit/compiler/mlir/lib/Transforms/FuseCombPass.cpp:143:25: warning: 'create' is deprecated: Use OpTy::create instead [-Wdeprecated-declarations]
  143 |     auto comb = builder.create<pyc::CombOp>(run.front()->getLoc(), outTypes, inputs);
      |                         ^
/opt/homebrew/Cellar/llvm/22.1.8/include/mlir/IR/Builders.h:506:8: note: 'create' has been explicitly marked deprecated here
  506 |   OpTy create(Location location, Args &&...args) {
      |        ^
/Users/zhoubot/linx-isa/tools/pyCircuit/compiler/mlir/lib/Transforms/FuseCombPass.cpp:143:25: warning: 'create<pyc::CombOp, llvm::SmallVector<mlir::Type> &, llvm::SmallVector<mlir::Value> &>' is deprecated: Use OpTy::create instead [-Wdeprecated-declarations]
  143 |     auto comb = builder.create<pyc::CombOp>(run.front()->getLoc(), outTypes, inputs);
      |                         ^
/opt/homebrew/Cellar/llvm/22.1.8/include/mlir/IR/Builders.h:505:5: note: 'create<pyc::CombOp, llvm::SmallVector<mlir::Type> &, llvm::SmallVector<mlir::Value> &>' has been explicitly marked deprecated here
  505 |   [[deprecated("Use OpTy::create instead")]]
      |     ^
/Users/zhoubot/linx-isa/tools/pyCircuit/compiler/mlir/lib/Transforms/FuseCombPass.cpp:167:13: warning: 'create' is deprecated: Use OpTy::create instead [-Wdeprecated-declarations]
  167 |     builder.create<pyc::YieldOp>(comb.getLoc(), yieldVals);
      |             ^
/opt/homebrew/Cellar/llvm/22.1.8/include/mlir/IR/Builders.h:506:8: note: 'create' has been explicitly marked deprecated here
  506 |   OpTy create(Location location, Args &&...args) {
      |        ^
/Users/zhoubot/linx-isa/tools/pyCircuit/compiler/mlir/lib/Transforms/FuseCombPass.cpp:167:13: warning: 'create<pyc::YieldOp, llvm::SmallVector<mlir::Value> &>' is deprecated: Use OpTy::create instead [-Wdeprecated-declarations]
  167 |     builder.create<pyc::YieldOp>(comb.getLoc(), yieldVals);
      |             ^
/opt/homebrew/Cellar/llvm/22.1.8/include/mlir/IR/Builders.h:505:5: note: 'create<pyc::YieldOp, llvm::SmallVector<mlir::Value> &>' has been explicitly marked deprecated here
  505 |   [[deprecated("Use OpTy::create instead")]]
      |     ^
4 warnings generated.
[27/36] Building CXX object compiler/mlir/CMakeFiles/pyc_transforms.dir/lib/Transforms/SLPPackWiresPass.cpp.o
/Users/zhoubot/linx-isa/tools/pyCircuit/compiler/mlir/lib/Transforms/SLPPackWiresPass.cpp:23:19: warning: 'create' is deprecated: Use OpTy::create instead [-Wdeprecated-declarations]
   23 |   return rewriter.create<pyc::VCreateOp>(loc, vectorTypeLike(resultVT, laneTy), lanes);
      |                   ^
/opt/homebrew/Cellar/llvm/22.1.8/include/mlir/IR/Builders.h:506:8: note: 'create' has been explicitly marked deprecated here
  506 |   OpTy create(Location location, Args &&...args) {
      |        ^
/Users/zhoubot/linx-isa/tools/pyCircuit/compiler/mlir/lib/Transforms/SLPPackWiresPass.cpp:23:19: warning: 'create<pyc::VCreateOp, mlir::VectorType, llvm::ArrayRef<mlir::Value> &>' is deprecated: Use OpTy::create instead [-Wdeprecated-declarations]
   23 |   return rewriter.create<pyc::VCreateOp>(loc, vectorTypeLike(resultVT, laneTy), lanes);
      |                   ^
/opt/homebrew/Cellar/llvm/22.1.8/include/mlir/IR/Builders.h:505:5: note: 'create<pyc::VCreateOp, mlir::VectorType, llvm::ArrayRef<mlir::Value> &>' has been explicitly marked deprecated here
  505 |   [[deprecated("Use OpTy::create instead")]]
      |     ^
/Users/zhoubot/linx-isa/tools/pyCircuit/compiler/mlir/lib/Transforms/SLPPackWiresPass.cpp:132:16: warning: 'applyPatternsAndFoldGreedily' is deprecated: Use applyPatternsGreedily() instead [-Wdeprecated-declarations]
  132 |     if (failed(applyPatternsAndFoldGreedily(f, std::move(patterns), cfg)))
      |                ^~~~~~~~~~~~~~~~~~~~~~~~~~~~
      |                applyPatternsGreedily
/opt/homebrew/Cellar/llvm/22.1.8/include/mlir/Transforms/GreedyPatternRewriteDriver.h:234:1: note: 'applyPatternsAndFoldGreedily' has been explicitly marked deprecated here
  234 | LLVM_DEPRECATED("Use applyPatternsGreedily() instead", "applyPatternsGreedily")
      | ^
/opt/homebrew/Cellar/llvm/22.1.8/include/llvm/Support/Compiler.h:250:50: note: expanded from macro 'LLVM_DEPRECATED'
  250 | #define LLVM_DEPRECATED(MSG, FIX) __attribute__((deprecated(MSG, FIX)))
      |                                                  ^
3 warnings generated.
[28/36] Building CXX object compiler/mlir/CMakeFiles/pyc_transforms.dir/lib/Transforms/LowerSCFToPYCStaticPass.cpp.o
/Users/zhoubot/linx-isa/tools/pyCircuit/compiler/mlir/lib/Transforms/LowerSCFToPYCStaticPass.cpp:215:30: warning: 'create' is deprecated: Use OpTy::create instead [-Wdeprecated-declarations]
  215 |     muxed.push_back(rewriter.create<pyc::MuxOp>(op.getLoc(), ty, op.getCondition(), tv, ev));
      |                              ^
/opt/homebrew/Cellar/llvm/22.1.8/include/mlir/IR/Builders.h:506:8: note: 'create' has been explicitly marked deprecated here
  506 |   OpTy create(Location location, Args &&...args) {
      |        ^
/Users/zhoubot/linx-isa/tools/pyCircuit/compiler/mlir/lib/Transforms/LowerSCFToPYCStaticPass.cpp:215:30: warning: 'create<pyc::MuxOp, mlir::Type &, mlir::detail::TypedValue<mlir::IntegerType>, mlir::Value &, mlir::Value &>' is deprecated: Use OpTy::create instead [-Wdeprecated-declarations]
  215 |     muxed.push_back(rewriter.create<pyc::MuxOp>(op.getLoc(), ty, op.getCondition(), tv, ev));
      |                              ^
/opt/homebrew/Cellar/llvm/22.1.8/include/mlir/IR/Builders.h:505:5: note: 'create<pyc::MuxOp, mlir::Type &, mlir::detail::TypedValue<mlir::IntegerType>, mlir::Value &, mlir::Value &>' has been explicitly marked deprecated here
  505 |   [[deprecated("Use OpTy::create instead")]]
      |     ^
2 warnings generated.
[29/36] Building CXX object compiler/mlir/CMakeFiles/pyc_transforms.dir/lib/Transforms/VectorUnrollPass.cpp.o
/Users/zhoubot/linx-isa/tools/pyCircuit/compiler/mlir/lib/Transforms/VectorUnrollPass.cpp:49:19: warning: 'create' is deprecated: Use OpTy::create instead [-Wdeprecated-declarations]
   49 |     cur = builder.create<pyc::VGetOp>(loc, resultTy, cur, idxAttr);
      |                   ^
/opt/homebrew/Cellar/llvm/22.1.8/include/mlir/IR/Builders.h:506:8: note: 'create' has been explicitly marked deprecated here
  506 |   OpTy create(Location location, Args &&...args) {
      |        ^
/Users/zhoubot/linx-isa/tools/pyCircuit/compiler/mlir/lib/Transforms/VectorUnrollPass.cpp:49:19: warning: 'create<pyc::VGetOp, mlir::Type &, mlir::Value &, mlir::IntegerAttr &>' is deprecated: Use OpTy::create instead [-Wdeprecated-declarations]
   49 |     cur = builder.create<pyc::VGetOp>(loc, resultTy, cur, idxAttr);
      |                   ^
/opt/homebrew/Cellar/llvm/22.1.8/include/mlir/IR/Builders.h:505:5: note: 'create<pyc::VGetOp, mlir::Type &, mlir::Value &, mlir::IntegerAttr &>' has been explicitly marked deprecated here
  505 |   [[deprecated("Use OpTy::create instead")]]
      |     ^
/Users/zhoubot/linx-isa/tools/pyCircuit/compiler/mlir/lib/Transforms/VectorUnrollPass.cpp:59:20: warning: 'create' is deprecated: Use OpTy::create instead [-Wdeprecated-declarations]
   59 |     return builder.create<pyc::VCreateOp>(loc, vecTy, lanes);
      |                    ^
/opt/homebrew/Cellar/llvm/22.1.8/include/mlir/IR/Builders.h:506:8: note: 'create' has been explicitly marked deprecated here
  506 |   OpTy create(Location location, Args &&...args) {
      |        ^
/Users/zhoubot/linx-isa/tools/pyCircuit/compiler/mlir/lib/Transforms/VectorUnrollPass.cpp:59:20: warning: 'create<pyc::VCreateOp, mlir::Type &, llvm::SmallVectorImpl<mlir::Value> &>' is deprecated: Use OpTy::create instead [-Wdeprecated-declarations]
   59 |     return builder.create<pyc::VCreateOp>(loc, vecTy, lanes);
      |                    ^
/opt/homebrew/Cellar/llvm/22.1.8/include/mlir/IR/Builders.h:505:5: note: 'create<pyc::VCreateOp, mlir::Type &, llvm::SmallVectorImpl<mlir::Value> &>' has been explicitly marked deprecated here
  505 |   [[deprecated("Use OpTy::create instead")]]
      |     ^
/Users/zhoubot/linx-isa/tools/pyCircuit/compiler/mlir/lib/Transforms/VectorUnrollPass.cpp:69:18: warning: 'create' is deprecated: Use OpTy::create instead [-Wdeprecated-declarations]
   69 |   return builder.create<pyc::VCreateOp>(loc, vecTy, rows);
      |                  ^
/opt/homebrew/Cellar/llvm/22.1.8/include/mlir/IR/Builders.h:506:8: note: 'create' has been explicitly marked deprecated here
  506 |   OpTy create(Location location, Args &&...args) {
      |        ^
/Users/zhoubot/linx-isa/tools/pyCircuit/compiler/mlir/lib/Transforms/VectorUnrollPass.cpp:69:18: warning: 'create<pyc::VCreateOp, mlir::Type &, llvm::SmallVector<mlir::Value> &>' is deprecated: Use OpTy::create instead [-Wdeprecated-declarations]
   69 |   return builder.create<pyc::VCreateOp>(loc, vecTy, rows);
      |                  ^
/opt/homebrew/Cellar/llvm/22.1.8/include/mlir/IR/Builders.h:505:5: note: 'create<pyc::VCreateOp, mlir::Type &, llvm::SmallVector<mlir::Value> &>' has been explicitly marked deprecated here
  505 |   [[deprecated("Use OpTy::create instead")]]
      |     ^
/Users/zhoubot/linx-isa/tools/pyCircuit/compiler/mlir/lib/Transforms/VectorUnrollPass.cpp:103:20: warning: 'create' is deprecated: Use OpTy::create instead [-Wdeprecated-declarations]
  103 |     return builder.create<pyc::VCreateOp>(loc, vt, lanes);
      |                    ^
/opt/homebrew/Cellar/llvm/22.1.8/include/mlir/IR/Builders.h:506:8: note: 'create' has been explicitly marked deprecated here
  506 |   OpTy create(Location location, Args &&...args) {
      |        ^
/Users/zhoubot/linx-isa/tools/pyCircuit/compiler/mlir/lib/Transforms/VectorUnrollPass.cpp:103:20: warning: 'create<pyc::VCreateOp, mlir::VectorType &, llvm::SmallVector<mlir::Value> &>' is deprecated: Use OpTy::create instead [-Wdeprecated-declarations]
  103 |     return builder.create<pyc::VCreateOp>(loc, vt, lanes);
      |                    ^
/opt/homebrew/Cellar/llvm/22.1.8/include/mlir/IR/Builders.h:505:5: note: 'create<pyc::VCreateOp, mlir::VectorType &, llvm::SmallVector<mlir::Value> &>' has been explicitly marked deprecated here
  505 |   [[deprecated("Use OpTy::create instead")]]
      |     ^
/Users/zhoubot/linx-isa/tools/pyCircuit/compiler/mlir/lib/Transforms/VectorUnrollPass.cpp:123:57: warning: 'create' is deprecated: Use OpTy::create instead [-Wdeprecated-declarations]
  123 |     reducePair = [&](Value a, Value b) { return builder.create<pyc::OrOp>(loc, leafTy, a, b); };
      |                                                         ^
/opt/homebrew/Cellar/llvm/22.1.8/include/mlir/IR/Builders.h:506:8: note: 'create' has been explicitly marked deprecated here
  506 |   OpTy create(Location location, Args &&...args) {
      |        ^
/Users/zhoubot/linx-isa/tools/pyCircuit/compiler/mlir/lib/Transforms/VectorUnrollPass.cpp:123:57: warning: 'create<pyc::OrOp, mlir::Type &, mlir::Value &, mlir::Value &>' is deprecated: Use OpTy::create instead [-Wdeprecated-declarations]
  123 |     reducePair = [&](Value a, Value b) { return builder.create<pyc::OrOp>(loc, leafTy, a, b); };
      |                                                         ^
/opt/homebrew/Cellar/llvm/22.1.8/include/mlir/IR/Builders.h:505:5: note: 'create<pyc::OrOp, mlir::Type &, mlir::Value &, mlir::Value &>' has been explicitly marked deprecated here
  505 |   [[deprecated("Use OpTy::create instead")]]
      |     ^
/Users/zhoubot/linx-isa/tools/pyCircuit/compiler/mlir/lib/Transforms/VectorUnrollPass.cpp:125:57: warning: 'create' is deprecated: Use OpTy::create instead [-Wdeprecated-declarations]
  125 |     reducePair = [&](Value a, Value b) { return builder.create<pyc::AndOp>(loc, leafTy, a, b); };
      |                                                         ^
/opt/homebrew/Cellar/llvm/22.1.8/include/mlir/IR/Builders.h:506:8: note: 'create' has been explicitly marked deprecated here
  506 |   OpTy create(Location location, Args &&...args) {
      |        ^
/Users/zhoubot/linx-isa/tools/pyCircuit/compiler/mlir/lib/Transforms/VectorUnrollPass.cpp:125:57: warning: 'create<pyc::AndOp, mlir::Type &, mlir::Value &, mlir::Value &>' is deprecated: Use OpTy::create instead [-Wdeprecated-declarations]
  125 |     reducePair = [&](Value a, Value b) { return builder.create<pyc::AndOp>(loc, leafTy, a, b); };
      |                                                         ^
/opt/homebrew/Cellar/llvm/22.1.8/include/mlir/IR/Builders.h:505:5: note: 'create<pyc::AndOp, mlir::Type &, mlir::Value &, mlir::Value &>' has been explicitly marked deprecated here
  505 |   [[deprecated("Use OpTy::create instead")]]
      |     ^
/Users/zhoubot/linx-isa/tools/pyCircuit/compiler/mlir/lib/Transforms/VectorUnrollPass.cpp:127:57: warning: 'create' is deprecated: Use OpTy::create instead [-Wdeprecated-declarations]
  127 |     reducePair = [&](Value a, Value b) { return builder.create<pyc::AddOp>(loc, leafTy, a, b); };
      |                                                         ^
/opt/homebrew/Cellar/llvm/22.1.8/include/mlir/IR/Builders.h:506:8: note: 'create' has been explicitly marked deprecated here
  506 |   OpTy create(Location location, Args &&...args) {
      |        ^
/Users/zhoubot/linx-isa/tools/pyCircuit/compiler/mlir/lib/Transforms/VectorUnrollPass.cpp:127:57: warning: 'create<pyc::AddOp, mlir::Type &, mlir::Value &, mlir::Value &>' is deprecated: Use OpTy::create instead [-Wdeprecated-declarations]
  127 |     reducePair = [&](Value a, Value b) { return builder.create<pyc::AddOp>(loc, leafTy, a, b); };
      |                                                         ^
/opt/homebrew/Cellar/llvm/22.1.8/include/mlir/IR/Builders.h:505:5: note: 'create<pyc::AddOp, mlir::Type &, mlir::Value &, mlir::Value &>' has been explicitly marked deprecated here
  505 |   [[deprecated("Use OpTy::create instead")]]
      |     ^
/Users/zhoubot/linx-isa/tools/pyCircuit/compiler/mlir/lib/Transforms/VectorUnrollPass.cpp:181:20: warning: 'create' is deprecated: Use OpTy::create instead [-Wdeprecated-declarations]
  181 |     return builder.create<pyc::VCreateOp>(loc, VectorType::get({cols}, leafTy), resultLanes);
      |                    ^
/opt/homebrew/Cellar/llvm/22.1.8/include/mlir/IR/Builders.h:506:8: note: 'create' has been explicitly marked deprecated here
  506 |   OpTy create(Location location, Args &&...args) {
      |        ^
/Users/zhoubot/linx-isa/tools/pyCircuit/compiler/mlir/lib/Transforms/VectorUnrollPass.cpp:181:20: warning: 'create<pyc::VCreateOp, mlir::VectorType, llvm::SmallVector<mlir::Value> &>' is deprecated: Use OpTy::create instead [-Wdeprecated-declarations]
  181 |     return builder.create<pyc::VCreateOp>(loc, VectorType::get({cols}, leafTy), resultLanes);
      |                    ^
/opt/homebrew/Cellar/llvm/22.1.8/include/mlir/IR/Builders.h:505:5: note: 'create<pyc::VCreateOp, mlir::VectorType, llvm::SmallVector<mlir::Value> &>' has been explicitly marked deprecated here
  505 |   [[deprecated("Use OpTy::create instead")]]
      |     ^
/Users/zhoubot/linx-isa/tools/pyCircuit/compiler/mlir/lib/Transforms/VectorUnrollPass.cpp:190:20: warning: 'create' is deprecated: Use OpTy::create instead [-Wdeprecated-declarations]
  190 |     return builder.create<pyc::VCreateOp>(loc, VectorType::get({rows}, leafTy), resultLanes);
      |                    ^
/opt/homebrew/Cellar/llvm/22.1.8/include/mlir/IR/Builders.h:506:8: note: 'create' has been explicitly marked deprecated here
  506 |   OpTy create(Location location, Args &&...args) {
      |        ^
/Users/zhoubot/linx-isa/tools/pyCircuit/compiler/mlir/lib/Transforms/VectorUnrollPass.cpp:190:20: warning: 'create<pyc::VCreateOp, mlir::VectorType, llvm::SmallVector<mlir::Value> &>' is deprecated: Use OpTy::create instead [-Wdeprecated-declarations]
  190 |     return builder.create<pyc::VCreateOp>(loc, VectorType::get({rows}, leafTy), resultLanes);
      |                    ^
/opt/homebrew/Cellar/llvm/22.1.8/include/mlir/IR/Builders.h:505:5: note: 'create<pyc::VCreateOp, mlir::VectorType, llvm::SmallVector<mlir::Value> &>' has been explicitly marked deprecated here
  505 |   [[deprecated("Use OpTy::create instead")]]
      |     ^
/Users/zhoubot/linx-isa/tools/pyCircuit/compiler/mlir/lib/Transforms/VectorUnrollPass.cpp:198:18: warning: 'create' is deprecated: Use OpTy::create instead [-Wdeprecated-declarations]
  198 |   return builder.create<pyc::VCreateOp>(op.getLoc(), vt, elements);
      |                  ^
/opt/homebrew/Cellar/llvm/22.1.8/include/mlir/IR/Builders.h:506:8: note: 'create' has been explicitly marked deprecated here
  506 |   OpTy create(Location location, Args &&...args) {
      |        ^
/Users/zhoubot/linx-isa/tools/pyCircuit/compiler/mlir/lib/Transforms/VectorUnrollPass.cpp:198:18: warning: 'create<pyc::VCreateOp, mlir::VectorType &, llvm::SmallVector<mlir::Value> &>' is deprecated: Use OpTy::create instead [-Wdeprecated-declarations]
  198 |   return builder.create<pyc::VCreateOp>(op.getLoc(), vt, elements);
      |                  ^
/opt/homebrew/Cellar/llvm/22.1.8/include/mlir/IR/Builders.h:505:5: note: 'create<pyc::VCreateOp, mlir::VectorType &, llvm::SmallVector<mlir::Value> &>' has been explicitly marked deprecated here
  505 |   [[deprecated("Use OpTy::create instead")]]
      |     ^
/Users/zhoubot/linx-isa/tools/pyCircuit/compiler/mlir/lib/Transforms/VectorUnrollPass.cpp:220:20: warning: 'create' is deprecated: Use OpTy::create instead [-Wdeprecated-declarations]
  220 |     return builder.create<pyc::VCreateOp>(op.getLoc(), dstVT, lanes);
      |                    ^
/opt/homebrew/Cellar/llvm/22.1.8/include/mlir/IR/Builders.h:506:8: note: 'create' has been explicitly marked deprecated here
  506 |   OpTy create(Location location, Args &&...args) {
      |        ^
/Users/zhoubot/linx-isa/tools/pyCircuit/compiler/mlir/lib/Transforms/VectorUnrollPass.cpp:220:20: warning: 'create<pyc::VCreateOp, mlir::VectorType &, llvm::SmallVector<mlir::Value> &>' is deprecated: Use OpTy::create instead [-Wdeprecated-declarations]
  220 |     return builder.create<pyc::VCreateOp>(op.getLoc(), dstVT, lanes);
      |                    ^
/opt/homebrew/Cellar/llvm/22.1.8/include/mlir/IR/Builders.h:505:5: note: 'create<pyc::VCreateOp, mlir::VectorType &, llvm::SmallVector<mlir::Value> &>' has been explicitly marked deprecated here
  505 |   [[deprecated("Use OpTy::create instead")]]
      |     ^
/Users/zhoubot/linx-isa/tools/pyCircuit/compiler/mlir/lib/Transforms/VectorUnrollPass.cpp:203:8: warning: unused variable 'srcVT' [-Wunused-variable]
  203 |   auto srcVT = cast<VectorType>(op.getVec().getType());
      |        ^~~~~
/Users/zhoubot/linx-isa/tools/pyCircuit/compiler/mlir/lib/Transforms/VectorUnrollPass.cpp:238:22: warning: 'create' is deprecated: Use OpTy::create instead [-Wdeprecated-declarations]
  238 |     auto w = builder.create<pyc::WireOp>(op.getLoc(), vt.getElementType());
      |                      ^
/opt/homebrew/Cellar/llvm/22.1.8/include/mlir/IR/Builders.h:506:8: note: 'create' has been explicitly marked deprecated here
  506 |   OpTy create(Location location, Args &&...args) {
      |        ^
/Users/zhoubot/linx-isa/tools/pyCircuit/compiler/mlir/lib/Transforms/VectorUnrollPass.cpp:238:22: warning: 'create<pyc::WireOp, mlir::Type>' is deprecated: Use OpTy::create instead [-Wdeprecated-declarations]
  238 |     auto w = builder.create<pyc::WireOp>(op.getLoc(), vt.getElementType());
      |                      ^
/opt/homebrew/Cellar/llvm/22.1.8/include/mlir/IR/Builders.h:505:5: note: 'create<pyc::WireOp, mlir::Type>' has been explicitly marked deprecated here
  505 |   [[deprecated("Use OpTy::create instead")]]
      |     ^
/Users/zhoubot/linx-isa/tools/pyCircuit/compiler/mlir/lib/Transforms/VectorUnrollPass.cpp:242:17: warning: 'create' is deprecated: Use OpTy::create instead [-Wdeprecated-declarations]
  242 |       ? builder.create<pyc::VCreateOp>(op.getLoc(), vt, lanes)
      |                 ^
/opt/homebrew/Cellar/llvm/22.1.8/include/mlir/IR/Builders.h:506:8: note: 'create' has been explicitly marked deprecated here
  506 |   OpTy create(Location location, Args &&...args) {
      |        ^
/Users/zhoubot/linx-isa/tools/pyCircuit/compiler/mlir/lib/Transforms/VectorUnrollPass.cpp:242:17: warning: 'create<pyc::VCreateOp, mlir::VectorType &, llvm::SmallVector<mlir::Value> &>' is deprecated: Use OpTy::create instead [-Wdeprecated-declarations]
  242 |       ? builder.create<pyc::VCreateOp>(op.getLoc(), vt, lanes)
      |                 ^
/opt/homebrew/Cellar/llvm/22.1.8/include/mlir/IR/Builders.h:505:5: note: 'create<pyc::VCreateOp, mlir::VectorType &, llvm::SmallVector<mlir::Value> &>' has been explicitly marked deprecated here
  505 |   [[deprecated("Use OpTy::create instead")]]
      |     ^
/Users/zhoubot/linx-isa/tools/pyCircuit/compiler/mlir/lib/Transforms/VectorUnrollPass.cpp:267:13: warning: 'create' is deprecated: Use OpTy::create instead [-Wdeprecated-declarations]
  267 |     builder.create<pyc::AssignOp>(op.getLoc(), dstL, srcL);
      |             ^
/opt/homebrew/Cellar/llvm/22.1.8/include/mlir/IR/Builders.h:506:8: note: 'create' has been explicitly marked deprecated here
  506 |   OpTy create(Location location, Args &&...args) {
      |        ^
/Users/zhoubot/linx-isa/tools/pyCircuit/compiler/mlir/lib/Transforms/VectorUnrollPass.cpp:267:13: warning: 'create<pyc::AssignOp, mlir::Value &, mlir::Value &>' is deprecated: Use OpTy::create instead [-Wdeprecated-declarations]
  267 |     builder.create<pyc::AssignOp>(op.getLoc(), dstL, srcL);
      |             ^
/opt/homebrew/Cellar/llvm/22.1.8/include/mlir/IR/Builders.h:505:5: note: 'create<pyc::AssignOp, mlir::Value &, mlir::Value &>' has been explicitly marked deprecated here
  505 |   [[deprecated("Use OpTy::create instead")]]
      |     ^
/Users/zhoubot/linx-isa/tools/pyCircuit/compiler/mlir/lib/Transforms/VectorUnrollPass.cpp:283:30: warning: 'create' is deprecated: Use OpTy::create instead [-Wdeprecated-declarations]
  283 |     qLanes.push_back(builder.create<pyc::RegOp>(op.getLoc(), vt.getElementType(),
      |                              ^
/opt/homebrew/Cellar/llvm/22.1.8/include/mlir/IR/Builders.h:506:8: note: 'create' has been explicitly marked deprecated here
  506 |   OpTy create(Location location, Args &&...args) {
      |        ^
/Users/zhoubot/linx-isa/tools/pyCircuit/compiler/mlir/lib/Transforms/VectorUnrollPass.cpp:283:30: warning: 'create<pyc::RegOp, mlir::Type, mlir::Value &, mlir::Value &, mlir::Value &, mlir::Value &, mlir::Value &>' is deprecated: Use OpTy::create instead [-Wdeprecated-declarations]
  283 |     qLanes.push_back(builder.create<pyc::RegOp>(op.getLoc(), vt.getElementType(),
      |                              ^
/opt/homebrew/Cellar/llvm/22.1.8/include/mlir/IR/Builders.h:505:5: note: 'create<pyc::RegOp, mlir::Type, mlir::Value &, mlir::Value &, mlir::Value &, mlir::Value &, mlir::Value &>' has been explicitly marked deprecated here
  505 |   [[deprecated("Use OpTy::create instead")]]
      |     ^
/Users/zhoubot/linx-isa/tools/pyCircuit/compiler/mlir/lib/Transforms/VectorUnrollPass.cpp:287:17: warning: 'create' is deprecated: Use OpTy::create instead [-Wdeprecated-declarations]
  287 |       ? builder.create<pyc::VCreateOp>(op.getLoc(), vt, qLanes)
      |                 ^
/opt/homebrew/Cellar/llvm/22.1.8/include/mlir/IR/Builders.h:506:8: note: 'create' has been explicitly marked deprecated here
  506 |   OpTy create(Location location, Args &&...args) {
      |        ^
/Users/zhoubot/linx-isa/tools/pyCircuit/compiler/mlir/lib/Transforms/VectorUnrollPass.cpp:287:17: warning: 'create<pyc::VCreateOp, mlir::VectorType &, llvm::SmallVector<mlir::Value> &>' is deprecated: Use OpTy::create instead [-Wdeprecated-declarations]
  287 |       ? builder.create<pyc::VCreateOp>(op.getLoc(), vt, qLanes)
      |                 ^
/opt/homebrew/Cellar/llvm/22.1.8/include/mlir/IR/Builders.h:505:5: note: 'create<pyc::VCreateOp, mlir::VectorType &, llvm::SmallVector<mlir::Value> &>' has been explicitly marked deprecated here
  505 |   [[deprecated("Use OpTy::create instead")]]
      |     ^
33 warnings generated.
[30/36] Building CXX object compiler/mlir/CMakeFiles/pycc.dir/lib/Emit/VerilogEmitter.cpp.o
[31/36] Building CXX object compiler/mlir/CMakeFiles/pyc_dialect.dir/lib/Dialect/PYC/PYCOps.cpp.o
[32/36] Linking CXX static library compiler/mlir/libpyc_dialect.a
[33/36] Linking CXX static library compiler/mlir/libpyc_transforms.a
[34/36] Building CXX object compiler/mlir/CMakeFiles/pycc.dir/tools/pycc.cpp.o
[35/36] Building CXX object compiler/mlir/CMakeFiles/pycc.dir/lib/Emit/CppEmitter.cpp.o
[36/36] Linking CXX executable bin/pycc
ld: warning: ignoring duplicate libraries: '/opt/homebrew/Cellar/llvm/22.1.8/lib/libLLVMSupport.a', '/opt/homebrew/Cellar/llvm/22.1.8/lib/libMLIRArithDialect.a', '/opt/homebrew/Cellar/llvm/22.1.8/lib/libMLIRFuncDialect.a', '/opt/homebrew/Cellar/llvm/22.1.8/lib/libMLIRIR.a', '/opt/homebrew/Cellar/llvm/22.1.8/lib/libMLIRPass.a', '/opt/homebrew/Cellar/llvm/22.1.8/lib/libMLIRSupport.a', 'compiler/mlir/libpyc_dialect.a'
[pyc] build integrated ACIR/ACSim/gfsim toolchain
ninja: Entering directory `/Users/zhoubot/linx-isa/tools/pyCircuit/.pycircuit_out/gates/20260903-ac-table-stack-closure-r5/agentic-circuit/toolchain/build'
[1/96] Building ACIRDialect.h.inc...
[2/96] Building ACSimDialect.h.inc...
[3/96] Building ACIRDialect.cpp.inc...
[4/96] Synchronizing gfsim runtime headers
[5/96] Building ACSimDialect.cpp.inc...
[6/96] Building Passes.h.inc...
[7/96] Building ACIREnums.cpp.inc...
[8/96] Building ACIREnums.h.inc...
[9/96] Building ACSimTypes.h.inc...
[10/96] Building ACSimTypes.cpp.inc...
[11/96] Building ACIRTypes.h.inc...
[12/96] Building ACIRTypes.cpp.inc...
[13/96] Building ACSimOps.cpp.inc...
[14/96] Building ACSimOps.h.inc...
[15/96] Building ACIROps.cpp.inc...
[16/96] Building ACIROps.h.inc...
[17/96] Building ACIROpInterfaces.cpp.inc...
[18/96] Building ACIROpInterfaces.h.inc...
[19/96] Building CXX object components/agentic-circuit/lib/gfsim/CMakeFiles/gfsim.dir/observation.cpp.o
[20/96] Building CXX object components/agentic-circuit/lib/gfsim/CMakeFiles/gfsim.dir/pto_trace.cpp.o
[21/96] Building CXX object components/agentic-circuit/lib/Dialect/ACSim/CMakeFiles/ACSimDialect.dir/ACSimDialect.cpp.o
[22/96] Building CXX object components/agentic-circuit/lib/gfsim/CMakeFiles/gfsim.dir/trace.cpp.o
[23/96] Building CXX object components/agentic-circuit/lib/Bindings/CMakeFiles/ACIRBindings.dir/Binding.cpp.o
[24/96] Building CXX object components/agentic-circuit/lib/Dialect/ACIR/CMakeFiles/ACIRDialect.dir/ACIRDialect.cpp.o
[25/96] Building CXX object components/agentic-circuit/lib/gfsim/CMakeFiles/gfsim.dir/harness.cpp.o
[26/96] Building CXX object components/agentic-circuit/lib/gfsim/CMakeFiles/gfsim.dir/system.cpp.o
[27/96] Building CXX object components/agentic-circuit/lib/Dialect/ACIR/CMakeFiles/ACIRDialect.dir/ACIRInterfaces.cpp.o
[28/96] Building CXX object components/agentic-circuit/lib/Bindings/CMakeFiles/ACIRBindings.dir/Registry.cpp.o
[29/96] Building CXX object components/agentic-circuit/lib/gfsim/CMakeFiles/gfsim.dir/showcase.cpp.o
[30/96] Building CXX object components/agentic-circuit/lib/Dialect/ACIR/CMakeFiles/ACIRDialect.dir/ProcessLowerability.cpp.o
[31/96] Building CXX object components/agentic-circuit/lib/Dialect/ACIR/CMakeFiles/ACIRDialect.dir/GraphRegion.cpp.o
[32/96] Building CXX object components/agentic-circuit/lib/gfsim/CMakeFiles/gfsim.dir/npu.cpp.o
[33/96] Building CXX object components/agentic-circuit/lib/Analysis/CMakeFiles/ACIRAnalysis.dir/ProcessStateIdentity.cpp.o
[34/96] Building CXX object components/agentic-circuit/lib/Dialect/ACIR/CMakeFiles/ACIRDialect.dir/ACIRResources.cpp.o
[35/96] Linking CXX static library components/agentic-circuit/lib/Bindings/libACIRBindings.a
[36/96] Building CXX object components/agentic-circuit/lib/Analysis/CMakeFiles/ACIRAnalysis.dir/ProcessStateWake.cpp.o
[37/96] Building CXX object components/agentic-circuit/lib/Analysis/CMakeFiles/ACIRAnalysis.dir/ProcessStateContinuation.cpp.o
[38/96] Building CXX object components/agentic-circuit/lib/Analysis/CMakeFiles/ACIRAnalysis.dir/ProcessStateExpansion.cpp.o
[39/96] Building CXX object components/agentic-circuit/lib/Transforms/CMakeFiles/ACIRTransforms.dir/VerifyModel.cpp.o
[40/96] Building CXX object components/agentic-circuit/lib/Analysis/CMakeFiles/ACIRAnalysis.dir/ProcessStateCost.cpp.o
[41/96] Building CXX object components/agentic-circuit/lib/Analysis/CMakeFiles/ACIRAnalysis.dir/ModelAnalysis.cpp.o
[42/96] Building CXX object components/agentic-circuit/lib/Analysis/CMakeFiles/ACIRAnalysis.dir/ProcessStateLiveness.cpp.o
[43/96] Building CXX object components/agentic-circuit/lib/Dialect/ACSim/CMakeFiles/ACSimDialect.dir/ACSimTypes.cpp.o
[44/96] Building CXX object components/agentic-circuit/lib/Analysis/CMakeFiles/ACIRAnalysis.dir/ProcessStateReport.cpp.o
[45/96] Building CXX object components/agentic-circuit/lib/Dialect/ACSim/CMakeFiles/ACSimDialect.dir/ACSimOps.cpp.o
[46/96] Linking CXX static library components/agentic-circuit/lib/Dialect/ACSim/libACSimDialect.a
[47/96] Building CXX object components/agentic-circuit/lib/Transforms/CMakeFiles/ACIRTransforms.dir/FreezeTopology.cpp.o
[48/96] Building CXX object components/agentic-circuit/lib/Transforms/CMakeFiles/ACIRTransforms.dir/CanonicalizeModel.cpp.o
[49/96] Building CXX object components/agentic-circuit/lib/Transforms/CMakeFiles/ACIRTransforms.dir/ResolveBindings.cpp.o
[50/96] Building CXX object components/agentic-circuit/lib/Transforms/CMakeFiles/ACIRTransforms.dir/NormalizeACIRFile.cpp.o
[51/96] Building CXX object components/agentic-circuit/lib/Transforms/CMakeFiles/ACIRTransforms.dir/LowerProcessState.cpp.o
[52/96] Building CXX object components/agentic-circuit/lib/Transforms/CMakeFiles/ACIRTransforms.dir/VerifyACIRFile.cpp.o
[53/96] Building CXX object components/agentic-circuit/lib/CodeGen/CMakeFiles/ACIRCodeGen.dir/Emitter.cpp.o
[54/96] Building CXX object components/agentic-circuit/lib/CodeGen/CMakeFiles/ACIRCodeGen.dir/Manifest.cpp.o
[55/96] Building CXX object components/agentic-circuit/lib/CodeGen/CMakeFiles/ACIRCodeGen.dir/Build.cpp.o
[56/96] Building CXX object components/agentic-circuit/lib/CodeGen/CMakeFiles/ACIRCodeGen.dir/CompilePlan.cpp.o
[57/96] Building CXX object components/agentic-circuit/lib/Dialect/ACIR/CMakeFiles/ACIRDialect.dir/ACIRTypes.cpp.o
[58/96] Building CXX object components/agentic-circuit/lib/CodeGen/CMakeFiles/ACIRCodeGen.dir/QueueBlockContract.cpp.o
[59/96] Building CXX object components/agentic-circuit/lib/CodeGen/CMakeFiles/ACIRCodeGen.dir/ModelPlan.cpp.o
[60/96] Building CXX object components/agentic-circuit/lib/CodeGen/CMakeFiles/ACIRCodeGen.dir/Generator.cpp.o
[61/96] Building CXX object components/agentic-circuit/lib/CodeGen/CMakeFiles/ACIRCodeGen.dir/ProcessGenerator.cpp.o
[62/96] Linking CXX static library components/agentic-circuit/lib/gfsim/libgfsim.a
[63/96] Building CXX object components/agentic-circuit/lib/CodeGen/CMakeFiles/ACIRCodeGen.dir/Staging.cpp.o
[64/96] Building CXX object components/agentic-circuit/lib/Compiler/CMakeFiles/ACIRCompiler.dir/Pipeline.cpp.o
[65/96] Building CXX object components/agentic-circuit/lib/Analysis/CMakeFiles/ACIRAnalysis.dir/ProcessStatePlan.cpp.o
[66/96] Building CXX object components/agentic-circuit/tools/acir-opcode-catalog/CMakeFiles/acir-opcode-catalog.dir/acir-opcode-catalog.cpp.o
[67/96] Building CXX object components/agentic-circuit/lib/CodeGen/CMakeFiles/ACIRCodeGen.dir/QueueGraphGenerator.cpp.o
[68/96] Building CXX object components/agentic-circuit/lib/CodeGen/CMakeFiles/ACIRCodeGen.dir/ModelPlanDetails.cpp.o
[69/96] Building CXX object components/agentic-circuit/lib/CodeGen/CMakeFiles/ACIRCodeGen.dir/EmitCxx.cpp.o
[70/96] Building CXX object components/agentic-circuit/python/native/CMakeFiles/agentic_circuit_native.dir/NativeModule.cpp.o
[71/96] Building CXX object components/agentic-circuit/lib/Conversion/ACIRToACSim/CMakeFiles/ACIRToACSim.dir/ACIRToACSim.cpp.o
[72/96] Building CXX object components/agentic-circuit/lib/CodeGen/CMakeFiles/ACIRCodeGen.dir/QueueGraphPlan.cpp.o
[73/96] Building CXX object components/agentic-circuit/lib/CodeGen/CMakeFiles/ACIRCodeGen.dir/QueueGraphPyc.cpp.o
[74/96] Building CXX object components/agentic-circuit/tools/acir-cxxgen/CMakeFiles/acir-cxxgen.dir/acir-cxxgen.cpp.o
[75/96] Building CXX object components/agentic-circuit/lib/Compiler/CMakeFiles/ACIRCompiler.dir/Driver.cpp.o
[76/96] Building CXX object components/agentic-circuit/tools/acir-opt/CMakeFiles/acir-opt.dir/BindingOptions.cpp.o
[77/96] Building CXX object components/agentic-circuit/tools/acir-queue-cxxgen/CMakeFiles/acir-queue-cxxgen.dir/acir-queue-cxxgen.cpp.o
[78/96] Building CXX object components/agentic-circuit/tools/acir-queue-plan/CMakeFiles/acir-queue-plan.dir/acir-queue-plan.cpp.o
[79/96] Building CXX object components/agentic-circuit/tools/acir-build/CMakeFiles/acir-build.dir/acir-build.cpp.o
[80/96] Building CXX object components/agentic-circuit/tools/acir-queue-pycgen/CMakeFiles/acir-queue-pycgen.dir/acir-queue-pycgen.cpp.o
[81/96] Building CXX object components/agentic-circuit/tools/acir-opt/CMakeFiles/acir-opt.dir/acir-opt.cpp.o
[82/96] Building CXX object components/agentic-circuit/lib/Dialect/ACIR/CMakeFiles/ACIRDialect.dir/ACIROps.cpp.o
[83/96] Linking CXX static library components/agentic-circuit/lib/Dialect/ACIR/libACIRDialect.a
[84/96] Linking CXX static library components/agentic-circuit/lib/Analysis/libACIRAnalysis.a
[85/96] Linking CXX static library components/agentic-circuit/lib/CodeGen/libACIRCodeGen.a
[86/96] Linking CXX static library components/agentic-circuit/lib/Transforms/libACIRTransforms.a
[87/96] Linking CXX static library components/agentic-circuit/lib/Conversion/ACIRToACSim/libACIRToACSim.a
[88/96] Linking CXX executable bin/acir-opcode-catalog
[89/96] Linking CXX executable bin/acir-cxxgen
[90/96] Linking CXX executable bin/acir-queue-pycgen
[91/96] Linking CXX static library components/agentic-circuit/lib/Compiler/libACIRCompiler.a
[92/96] Linking CXX executable bin/acir-queue-plan
[93/96] Linking CXX executable bin/acir-queue-cxxgen
[94/96] Linking CXX executable bin/acir-build
ld: warning: ignoring duplicate libraries: '/opt/homebrew/Cellar/llvm/22.1.8/lib/libLLVMSupport.a', '/opt/homebrew/Cellar/llvm/22.1.8/lib/libMLIRFuncDialect.a', '/opt/homebrew/Cellar/llvm/22.1.8/lib/libMLIRPass.a', '/opt/homebrew/Cellar/llvm/22.1.8/lib/libMLIRSCFDialect.a', 'components/agentic-circuit/lib/Analysis/libACIRAnalysis.a', 'components/agentic-circuit/lib/Dialect/ACIR/libACIRDialect.a', 'components/agentic-circuit/lib/Transforms/libACIRTransforms.a'
[95/96] Linking CXX executable bin/acir-opt
ld: warning: ignoring duplicate libraries: '/opt/homebrew/Cellar/llvm/22.1.8/lib/libMLIRFuncDialect.a', '/opt/homebrew/Cellar/llvm/22.1.8/lib/libMLIRSCFDialect.a', 'components/agentic-circuit/lib/Analysis/libACIRAnalysis.a', 'components/agentic-circuit/lib/Dialect/ACIR/libACIRDialect.a', 'components/agentic-circuit/lib/Transforms/libACIRTransforms.a'
[96/96] Linking CXX shared module components/agentic-circuit/python/agentic_circuit/_native.so
ninja: Entering directory `/Users/zhoubot/linx-isa/tools/pyCircuit/.pycircuit_out/gates/20260903-ac-table-stack-closure-r5/agentic-circuit/toolchain/build'
[1/2] Building CXX object compiler/mlir/CMakeFiles/pyc-opt.dir/tools/pyc-opt.cpp.o
[2/2] Linking CXX executable bin/pyc-opt
ld: warning: ignoring duplicate libraries: '/opt/homebrew/Cellar/llvm/22.1.8/lib/libMLIRArithDialect.a', '/opt/homebrew/Cellar/llvm/22.1.8/lib/libMLIRFuncDialect.a', '/opt/homebrew/Cellar/llvm/22.1.8/lib/libMLIRSCFDialect.a', 'compiler/mlir/libpyc_dialect.a'
-- Install configuration: "Release"
-- Installing: /Users/zhoubot/linx-isa/tools/pyCircuit/.pycircuit_out/gates/20260903-ac-table-stack-closure-r5/agentic-circuit/toolchain/install/bin/pycc
-- Installing: /Users/zhoubot/linx-isa/tools/pyCircuit/.pycircuit_out/gates/20260903-ac-table-stack-closure-r5/agentic-circuit/toolchain/install/bin/pyc-opt
-- Installing: /Users/zhoubot/linx-isa/tools/pyCircuit/.pycircuit_out/gates/20260903-ac-table-stack-closure-r5/agentic-circuit/toolchain/install/lib/cmake/AgenticCircuit/AgenticCircuitConfig.cmake
-- Installing: /Users/zhoubot/linx-isa/tools/pyCircuit/.pycircuit_out/gates/20260903-ac-table-stack-closure-r5/agentic-circuit/toolchain/install/lib/cmake/AgenticCircuit/AgenticCircuitConfigVersion.cmake
-- Installing: /Users/zhoubot/linx-isa/tools/pyCircuit/.pycircuit_out/gates/20260903-ac-table-stack-closure-r5/agentic-circuit/toolchain/install/lib/cmake/AgenticCircuit/AgenticCircuitTargets.cmake
-- Installing: /Users/zhoubot/linx-isa/tools/pyCircuit/.pycircuit_out/gates/20260903-ac-table-stack-closure-r5/agentic-circuit/toolchain/install/lib/cmake/AgenticCircuit/AgenticCircuitTargets-release.cmake
-- Installing: /Users/zhoubot/linx-isa/tools/pyCircuit/.pycircuit_out/gates/20260903-ac-table-stack-closure-r5/agentic-circuit/toolchain/install/lib/cmake/AgenticCircuit/modules/AddACIR.cmake
-- Installing: /Users/zhoubot/linx-isa/tools/pyCircuit/.pycircuit_out/gates/20260903-ac-table-stack-closure-r5/agentic-circuit/toolchain/install/include/acir
-- Installing: /Users/zhoubot/linx-isa/tools/pyCircuit/.pycircuit_out/gates/20260903-ac-table-stack-closure-r5/agentic-circuit/toolchain/install/include/acir/CMakeLists.txt
-- Installing: /Users/zhoubot/linx-isa/tools/pyCircuit/.pycircuit_out/gates/20260903-ac-table-stack-closure-r5/agentic-circuit/toolchain/install/include/acir/Analysis
-- Installing: /Users/zhoubot/linx-isa/tools/pyCircuit/.pycircuit_out/gates/20260903-ac-table-stack-closure-r5/agentic-circuit/toolchain/install/include/acir/Analysis/ModelAnalysis.h
-- Installing: /Users/zhoubot/linx-isa/tools/pyCircuit/.pycircuit_out/gates/20260903-ac-table-stack-closure-r5/agentic-circuit/toolchain/install/include/acir/Analysis/ProcessStatePlan.h
-- Installing: /Users/zhoubot/linx-isa/tools/pyCircuit/.pycircuit_out/gates/20260903-ac-table-stack-closure-r5/agentic-circuit/toolchain/install/include/acir/InitAllPasses.h
-- Installing: /Users/zhoubot/linx-isa/tools/pyCircuit/.pycircuit_out/gates/20260903-ac-table-stack-closure-r5/agentic-circuit/toolchain/install/include/acir/CodeGen
-- Installing: /Users/zhoubot/linx-isa/tools/pyCircuit/.pycircuit_out/gates/20260903-ac-table-stack-closure-r5/agentic-circuit/toolchain/install/include/acir/CodeGen/EmitCxx.h
-- Installing: /Users/zhoubot/linx-isa/tools/pyCircuit/.pycircuit_out/gates/20260903-ac-table-stack-closure-r5/agentic-circuit/toolchain/install/include/acir/CodeGen/QueueGraphPlan.h
-- Installing: /Users/zhoubot/linx-isa/tools/pyCircuit/.pycircuit_out/gates/20260903-ac-table-stack-closure-r5/agentic-circuit/toolchain/install/include/acir/CodeGen/Emitter.h
-- Installing: /Users/zhoubot/linx-isa/tools/pyCircuit/.pycircuit_out/gates/20260903-ac-table-stack-closure-r5/agentic-circuit/toolchain/install/include/acir/CodeGen/Manifest.h
-- Installing: /Users/zhoubot/linx-isa/tools/pyCircuit/.pycircuit_out/gates/20260903-ac-table-stack-closure-r5/agentic-circuit/toolchain/install/include/acir/CodeGen/Build.h
-- Installing: /Users/zhoubot/linx-isa/tools/pyCircuit/.pycircuit_out/gates/20260903-ac-table-stack-closure-r5/agentic-circuit/toolchain/install/include/acir/CodeGen/QueueBlockContract.h
-- Installing: /Users/zhoubot/linx-isa/tools/pyCircuit/.pycircuit_out/gates/20260903-ac-table-stack-closure-r5/agentic-circuit/toolchain/install/include/acir/CodeGen/ModelPlan.h
-- Installing: /Users/zhoubot/linx-isa/tools/pyCircuit/.pycircuit_out/gates/20260903-ac-table-stack-closure-r5/agentic-circuit/toolchain/install/include/acir/CodeGen/QueueGraphGenerator.h
-- Installing: /Users/zhoubot/linx-isa/tools/pyCircuit/.pycircuit_out/gates/20260903-ac-table-stack-closure-r5/agentic-circuit/toolchain/install/include/acir/CodeGen/Generator.h
-- Installing: /Users/zhoubot/linx-isa/tools/pyCircuit/.pycircuit_out/gates/20260903-ac-table-stack-closure-r5/agentic-circuit/toolchain/install/include/acir/CodeGen/QueueGraphPyc.h
-- Installing: /Users/zhoubot/linx-isa/tools/pyCircuit/.pycircuit_out/gates/20260903-ac-table-stack-closure-r5/agentic-circuit/toolchain/install/include/acir/Transforms
-- Installing: /Users/zhoubot/linx-isa/tools/pyCircuit/.pycircuit_out/gates/20260903-ac-table-stack-closure-r5/agentic-circuit/toolchain/install/include/acir/Transforms/CMakeLists.txt
-- Installing: /Users/zhoubot/linx-isa/tools/pyCircuit/.pycircuit_out/gates/20260903-ac-table-stack-closure-r5/agentic-circuit/toolchain/install/include/acir/Transforms/Passes.td
-- Installing: /Users/zhoubot/linx-isa/tools/pyCircuit/.pycircuit_out/gates/20260903-ac-table-stack-closure-r5/agentic-circuit/toolchain/install/include/acir/Transforms/ResolveBindings.h
-- Installing: /Users/zhoubot/linx-isa/tools/pyCircuit/.pycircuit_out/gates/20260903-ac-table-stack-closure-r5/agentic-circuit/toolchain/install/include/acir/Transforms/Passes.h
-- Installing: /Users/zhoubot/linx-isa/tools/pyCircuit/.pycircuit_out/gates/20260903-ac-table-stack-closure-r5/agentic-circuit/toolchain/install/include/acir/Conversion
-- Installing: /Users/zhoubot/linx-isa/tools/pyCircuit/.pycircuit_out/gates/20260903-ac-table-stack-closure-r5/agentic-circuit/toolchain/install/include/acir/Conversion/ACIRToACSim
-- Installing: /Users/zhoubot/linx-isa/tools/pyCircuit/.pycircuit_out/gates/20260903-ac-table-stack-closure-r5/agentic-circuit/toolchain/install/include/acir/Conversion/ACIRToACSim/ACIRToACSim.h
-- Installing: /Users/zhoubot/linx-isa/tools/pyCircuit/.pycircuit_out/gates/20260903-ac-table-stack-closure-r5/agentic-circuit/toolchain/install/include/acir/Dialect
-- Installing: /Users/zhoubot/linx-isa/tools/pyCircuit/.pycircuit_out/gates/20260903-ac-table-stack-closure-r5/agentic-circuit/toolchain/install/include/acir/Dialect/CMakeLists.txt
-- Installing: /Users/zhoubot/linx-isa/tools/pyCircuit/.pycircuit_out/gates/20260903-ac-table-stack-closure-r5/agentic-circuit/toolchain/install/include/acir/Dialect/ACSim
-- Installing: /Users/zhoubot/linx-isa/tools/pyCircuit/.pycircuit_out/gates/20260903-ac-table-stack-closure-r5/agentic-circuit/toolchain/install/include/acir/Dialect/ACSim/CMakeLists.txt
-- Installing: /Users/zhoubot/linx-isa/tools/pyCircuit/.pycircuit_out/gates/20260903-ac-table-stack-closure-r5/agentic-circuit/toolchain/install/include/acir/Dialect/ACSim/ACSimDialect.td
-- Installing: /Users/zhoubot/linx-isa/tools/pyCircuit/.pycircuit_out/gates/20260903-ac-table-stack-closure-r5/agentic-circuit/toolchain/install/include/acir/Dialect/ACSim/ACSimDialect.h
-- Installing: /Users/zhoubot/linx-isa/tools/pyCircuit/.pycircuit_out/gates/20260903-ac-table-stack-closure-r5/agentic-circuit/toolchain/install/include/acir/Dialect/ACSim/ACSimOps.td
-- Installing: /Users/zhoubot/linx-isa/tools/pyCircuit/.pycircuit_out/gates/20260903-ac-table-stack-closure-r5/agentic-circuit/toolchain/install/include/acir/Dialect/ACSim/ACSimTypes.td
-- Installing: /Users/zhoubot/linx-isa/tools/pyCircuit/.pycircuit_out/gates/20260903-ac-table-stack-closure-r5/agentic-circuit/toolchain/install/include/acir/Dialect/ACSim/ACSimOps.h
-- Installing: /Users/zhoubot/linx-isa/tools/pyCircuit/.pycircuit_out/gates/20260903-ac-table-stack-closure-r5/agentic-circuit/toolchain/install/include/acir/Dialect/ACSim/ACSimTypes.h
-- Installing: /Users/zhoubot/linx-isa/tools/pyCircuit/.pycircuit_out/gates/20260903-ac-table-stack-closure-r5/agentic-circuit/toolchain/install/include/acir/Dialect/ACIR
-- Installing: /Users/zhoubot/linx-isa/tools/pyCircuit/.pycircuit_out/gates/20260903-ac-table-stack-closure-r5/agentic-circuit/toolchain/install/include/acir/Dialect/ACIR/ACIROps.h
-- Installing: /Users/zhoubot/linx-isa/tools/pyCircuit/.pycircuit_out/gates/20260903-ac-table-stack-closure-r5/agentic-circuit/toolchain/install/include/acir/Dialect/ACIR/ACIRInterfaces.td
-- Installing: /Users/zhoubot/linx-isa/tools/pyCircuit/.pycircuit_out/gates/20260903-ac-table-stack-closure-r5/agentic-circuit/toolchain/install/include/acir/Dialect/ACIR/CMakeLists.txt
-- Installing: /Users/zhoubot/linx-isa/tools/pyCircuit/.pycircuit_out/gates/20260903-ac-table-stack-closure-r5/agentic-circuit/toolchain/install/include/acir/Dialect/ACIR/ACIRAttributes.td
-- Installing: /Users/zhoubot/linx-isa/tools/pyCircuit/.pycircuit_out/gates/20260903-ac-table-stack-closure-r5/agentic-circuit/toolchain/install/include/acir/Dialect/ACIR/ACIROps.td
-- Installing: /Users/zhoubot/linx-isa/tools/pyCircuit/.pycircuit_out/gates/20260903-ac-table-stack-closure-r5/agentic-circuit/toolchain/install/include/acir/Dialect/ACIR/ACIRTypes.h
-- Installing: /Users/zhoubot/linx-isa/tools/pyCircuit/.pycircuit_out/gates/20260903-ac-table-stack-closure-r5/agentic-circuit/toolchain/install/include/acir/Dialect/ACIR/ACIRDialect.h
-- Installing: /Users/zhoubot/linx-isa/tools/pyCircuit/.pycircuit_out/gates/20260903-ac-table-stack-closure-r5/agentic-circuit/toolchain/install/include/acir/Dialect/ACIR/ACIRTypes.td
-- Installing: /Users/zhoubot/linx-isa/tools/pyCircuit/.pycircuit_out/gates/20260903-ac-table-stack-closure-r5/agentic-circuit/toolchain/install/include/acir/Dialect/ACIR/ACIRDialect.td
-- Installing: /Users/zhoubot/linx-isa/tools/pyCircuit/.pycircuit_out/gates/20260903-ac-table-stack-closure-r5/agentic-circuit/toolchain/install/include/acir/Dialect/ACIR/ACIRResources.h
-- Installing: /Users/zhoubot/linx-isa/tools/pyCircuit/.pycircuit_out/gates/20260903-ac-table-stack-closure-r5/agentic-circuit/toolchain/install/include/acir/Dialect/ACIR/GraphRegion.h
-- Installing: /Users/zhoubot/linx-isa/tools/pyCircuit/.pycircuit_out/gates/20260903-ac-table-stack-closure-r5/agentic-circuit/toolchain/install/include/acir/Bindings
-- Installing: /Users/zhoubot/linx-isa/tools/pyCircuit/.pycircuit_out/gates/20260903-ac-table-stack-closure-r5/agentic-circuit/toolchain/install/include/acir/Bindings/Registry.h
-- Installing: /Users/zhoubot/linx-isa/tools/pyCircuit/.pycircuit_out/gates/20260903-ac-table-stack-closure-r5/agentic-circuit/toolchain/install/include/acir/Bindings/Binding.h
-- Installing: /Users/zhoubot/linx-isa/tools/pyCircuit/.pycircuit_out/gates/20260903-ac-table-stack-closure-r5/agentic-circuit/toolchain/install/include/acir/InitAllDialects.h
-- Installing: /Users/zhoubot/linx-isa/tools/pyCircuit/.pycircuit_out/gates/20260903-ac-table-stack-closure-r5/agentic-circuit/toolchain/install/include/acir/Compiler
-- Installing: /Users/zhoubot/linx-isa/tools/pyCircuit/.pycircuit_out/gates/20260903-ac-table-stack-closure-r5/agentic-circuit/toolchain/install/include/acir/Compiler/Driver.h
-- Installing: /Users/zhoubot/linx-isa/tools/pyCircuit/.pycircuit_out/gates/20260903-ac-table-stack-closure-r5/agentic-circuit/toolchain/install/include/gfsim
-- Installing: /Users/zhoubot/linx-isa/tools/pyCircuit/.pycircuit_out/gates/20260903-ac-table-stack-closure-r5/agentic-circuit/toolchain/install/include/gfsim/queue_blocks.h
-- Installing: /Users/zhoubot/linx-isa/tools/pyCircuit/.pycircuit_out/gates/20260903-ac-table-stack-closure-r5/agentic-circuit/toolchain/install/include/gfsim/showcase.h
-- Installing: /Users/zhoubot/linx-isa/tools/pyCircuit/.pycircuit_out/gates/20260903-ac-table-stack-closure-r5/agentic-circuit/toolchain/install/include/gfsim/core.h
-- Installing: /Users/zhoubot/linx-isa/tools/pyCircuit/.pycircuit_out/gates/20260903-ac-table-stack-closure-r5/agentic-circuit/toolchain/install/include/gfsim/npu.h
-- Installing: /Users/zhoubot/linx-isa/tools/pyCircuit/.pycircuit_out/gates/20260903-ac-table-stack-closure-r5/agentic-circuit/toolchain/install/include/gfsim/observation.h
-- Installing: /Users/zhoubot/linx-isa/tools/pyCircuit/.pycircuit_out/gates/20260903-ac-table-stack-closure-r5/agentic-circuit/toolchain/install/include/gfsim/components.h
-- Installing: /Users/zhoubot/linx-isa/tools/pyCircuit/.pycircuit_out/gates/20260903-ac-table-stack-closure-r5/agentic-circuit/toolchain/install/include/gfsim/trace.h
-- Installing: /Users/zhoubot/linx-isa/tools/pyCircuit/.pycircuit_out/gates/20260903-ac-table-stack-closure-r5/agentic-circuit/toolchain/install/include/gfsim/harness.h
-- Installing: /Users/zhoubot/linx-isa/tools/pyCircuit/.pycircuit_out/gates/20260903-ac-table-stack-closure-r5/agentic-circuit/toolchain/install/include/gfsim/statistics.h
-- Installing: /Users/zhoubot/linx-isa/tools/pyCircuit/.pycircuit_out/gates/20260903-ac-table-stack-closure-r5/agentic-circuit/toolchain/install/include/gfsim/packet.h
-- Installing: /Users/zhoubot/linx-isa/tools/pyCircuit/.pycircuit_out/gates/20260903-ac-table-stack-closure-r5/agentic-circuit/toolchain/install/include/gfsim/resource.h
-- Installing: /Users/zhoubot/linx-isa/tools/pyCircuit/.pycircuit_out/gates/20260903-ac-table-stack-closure-r5/agentic-circuit/toolchain/install/include/gfsim/dispatch.h
-- Installing: /Users/zhoubot/linx-isa/tools/pyCircuit/.pycircuit_out/gates/20260903-ac-table-stack-closure-r5/agentic-circuit/toolchain/install/include/gfsim/process.h
-- Installing: /Users/zhoubot/linx-isa/tools/pyCircuit/.pycircuit_out/gates/20260903-ac-table-stack-closure-r5/agentic-circuit/toolchain/install/include/gfsim/object.h
-- Installing: /Users/zhoubot/linx-isa/tools/pyCircuit/.pycircuit_out/gates/20260903-ac-table-stack-closure-r5/agentic-circuit/toolchain/install/include/gfsim/register.h
-- Installing: /Users/zhoubot/linx-isa/tools/pyCircuit/.pycircuit_out/gates/20260903-ac-table-stack-closure-r5/agentic-circuit/toolchain/install/include/gfsim/pto_trace.h
-- Installing: /Users/zhoubot/linx-isa/tools/pyCircuit/.pycircuit_out/gates/20260903-ac-table-stack-closure-r5/agentic-circuit/toolchain/install/include/gfsim/queue.h
-- Installing: /Users/zhoubot/linx-isa/tools/pyCircuit/.pycircuit_out/gates/20260903-ac-table-stack-closure-r5/agentic-circuit/toolchain/install/share/AgenticCircuit/pyc_runtime
-- Installing: /Users/zhoubot/linx-isa/tools/pyCircuit/.pycircuit_out/gates/20260903-ac-table-stack-closure-r5/agentic-circuit/toolchain/install/share/AgenticCircuit/pyc_runtime/verilog
-- Installing: /Users/zhoubot/linx-isa/tools/pyCircuit/.pycircuit_out/gates/20260903-ac-table-stack-closure-r5/agentic-circuit/toolchain/install/share/AgenticCircuit/pyc_runtime/verilog/pyc_popcount.v
-- Installing: /Users/zhoubot/linx-isa/tools/pyCircuit/.pycircuit_out/gates/20260903-ac-table-stack-closure-r5/agentic-circuit/toolchain/install/share/AgenticCircuit/pyc_runtime/verilog/pyc_rr_arbiter.v
-- Installing: /Users/zhoubot/linx-isa/tools/pyCircuit/.pycircuit_out/gates/20260903-ac-table-stack-closure-r5/agentic-circuit/toolchain/install/share/AgenticCircuit/pyc_runtime/verilog/pyc_reg.v
-- Installing: /Users/zhoubot/linx-isa/tools/pyCircuit/.pycircuit_out/gates/20260903-ac-table-stack-closure-r5/agentic-circuit/toolchain/install/share/AgenticCircuit/pyc_runtime/verilog/pyc_fifo.v
-- Up-to-date: /Users/zhoubot/linx-isa/tools/pyCircuit/.pycircuit_out/gates/20260903-ac-table-stack-closure-r5/agentic-circuit/toolchain/install/include/acir
-- Installing: /Users/zhoubot/linx-isa/tools/pyCircuit/.pycircuit_out/gates/20260903-ac-table-stack-closure-r5/agentic-circuit/toolchain/install/include/acir/CMakeFiles
-- Up-to-date: /Users/zhoubot/linx-isa/tools/pyCircuit/.pycircuit_out/gates/20260903-ac-table-stack-closure-r5/agentic-circuit/toolchain/install/include/acir/Transforms
-- Installing: /Users/zhoubot/linx-isa/tools/pyCircuit/.pycircuit_out/gates/20260903-ac-table-stack-closure-r5/agentic-circuit/toolchain/install/include/acir/Transforms/CMakeFiles
-- Installing: /Users/zhoubot/linx-isa/tools/pyCircuit/.pycircuit_out/gates/20260903-ac-table-stack-closure-r5/agentic-circuit/toolchain/install/include/acir/Transforms/Passes.h.inc
-- Up-to-date: /Users/zhoubot/linx-isa/tools/pyCircuit/.pycircuit_out/gates/20260903-ac-table-stack-closure-r5/agentic-circuit/toolchain/install/include/acir/Dialect
-- Installing: /Users/zhoubot/linx-isa/tools/pyCircuit/.pycircuit_out/gates/20260903-ac-table-stack-closure-r5/agentic-circuit/toolchain/install/include/acir/Dialect/CMakeFiles
-- Up-to-date: /Users/zhoubot/linx-isa/tools/pyCircuit/.pycircuit_out/gates/20260903-ac-table-stack-closure-r5/agentic-circuit/toolchain/install/include/acir/Dialect/ACSim
-- Installing: /Users/zhoubot/linx-isa/tools/pyCircuit/.pycircuit_out/gates/20260903-ac-table-stack-closure-r5/agentic-circuit/toolchain/install/include/acir/Dialect/ACSim/CMakeFiles
-- Installing: /Users/zhoubot/linx-isa/tools/pyCircuit/.pycircuit_out/gates/20260903-ac-table-stack-closure-r5/agentic-circuit/toolchain/install/include/acir/Dialect/ACSim/ACSimTypes.h.inc
-- Installing: /Users/zhoubot/linx-isa/tools/pyCircuit/.pycircuit_out/gates/20260903-ac-table-stack-closure-r5/agentic-circuit/toolchain/install/include/acir/Dialect/ACSim/ACSimOps.h.inc
-- Installing: /Users/zhoubot/linx-isa/tools/pyCircuit/.pycircuit_out/gates/20260903-ac-table-stack-closure-r5/agentic-circuit/toolchain/install/include/acir/Dialect/ACSim/ACSimDialect.h.inc
-- Up-to-date: /Users/zhoubot/linx-isa/tools/pyCircuit/.pycircuit_out/gates/20260903-ac-table-stack-closure-r5/agentic-circuit/toolchain/install/include/acir/Dialect/ACIR
-- Installing: /Users/zhoubot/linx-isa/tools/pyCircuit/.pycircuit_out/gates/20260903-ac-table-stack-closure-r5/agentic-circuit/toolchain/install/include/acir/Dialect/ACIR/CMakeFiles
-- Installing: /Users/zhoubot/linx-isa/tools/pyCircuit/.pycircuit_out/gates/20260903-ac-table-stack-closure-r5/agentic-circuit/toolchain/install/include/acir/Dialect/ACIR/ACIROps.h.inc
-- Installing: /Users/zhoubot/linx-isa/tools/pyCircuit/.pycircuit_out/gates/20260903-ac-table-stack-closure-r5/agentic-circuit/toolchain/install/include/acir/Dialect/ACIR/ACIRDialect.h.inc
-- Installing: /Users/zhoubot/linx-isa/tools/pyCircuit/.pycircuit_out/gates/20260903-ac-table-stack-closure-r5/agentic-circuit/toolchain/install/include/acir/Dialect/ACIR/ACIREnums.h.inc
-- Installing: /Users/zhoubot/linx-isa/tools/pyCircuit/.pycircuit_out/gates/20260903-ac-table-stack-closure-r5/agentic-circuit/toolchain/install/include/acir/Dialect/ACIR/ACIROpInterfaces.h.inc
-- Installing: /Users/zhoubot/linx-isa/tools/pyCircuit/.pycircuit_out/gates/20260903-ac-table-stack-closure-r5/agentic-circuit/toolchain/install/include/acir/Dialect/ACIR/ACIRTypes.h.inc
-- Installing: /Users/zhoubot/linx-isa/tools/pyCircuit/.pycircuit_out/gates/20260903-ac-table-stack-closure-r5/agentic-circuit/toolchain/install/lib/libgfsim.a
-- Installing: /Users/zhoubot/linx-isa/tools/pyCircuit/.pycircuit_out/gates/20260903-ac-table-stack-closure-r5/agentic-circuit/toolchain/install/lib/libACIRDialect.a
-- Installing: /Users/zhoubot/linx-isa/tools/pyCircuit/.pycircuit_out/gates/20260903-ac-table-stack-closure-r5/agentic-circuit/toolchain/install/lib/libACSimDialect.a
-- Installing: /Users/zhoubot/linx-isa/tools/pyCircuit/.pycircuit_out/gates/20260903-ac-table-stack-closure-r5/agentic-circuit/toolchain/install/lib/libACIRBindings.a
-- Installing: /Users/zhoubot/linx-isa/tools/pyCircuit/.pycircuit_out/gates/20260903-ac-table-stack-closure-r5/agentic-circuit/toolchain/install/lib/libACIRAnalysis.a
-- Installing: /Users/zhoubot/linx-isa/tools/pyCircuit/.pycircuit_out/gates/20260903-ac-table-stack-closure-r5/agentic-circuit/toolchain/install/lib/libACIRTransforms.a
-- Installing: /Users/zhoubot/linx-isa/tools/pyCircuit/.pycircuit_out/gates/20260903-ac-table-stack-closure-r5/agentic-circuit/toolchain/install/lib/libACIRToACSim.a
-- Installing: /Users/zhoubot/linx-isa/tools/pyCircuit/.pycircuit_out/gates/20260903-ac-table-stack-closure-r5/agentic-circuit/toolchain/install/lib/libACIRCodeGen.a
-- Installing: /Users/zhoubot/linx-isa/tools/pyCircuit/.pycircuit_out/gates/20260903-ac-table-stack-closure-r5/agentic-circuit/toolchain/install/lib/libACIRCompiler.a
-- Installing: /Users/zhoubot/linx-isa/tools/pyCircuit/.pycircuit_out/gates/20260903-ac-table-stack-closure-r5/agentic-circuit/toolchain/install/lib/python3.14/site-packages/agentic_circuit/_native.so
-- Up-to-date: /Users/zhoubot/linx-isa/tools/pyCircuit/.pycircuit_out/gates/20260903-ac-table-stack-closure-r5/agentic-circuit/toolchain/install/lib/python3.14/site-packages/agentic_circuit
-- Installing: /Users/zhoubot/linx-isa/tools/pyCircuit/.pycircuit_out/gates/20260903-ac-table-stack-closure-r5/agentic-circuit/toolchain/install/lib/python3.14/site-packages/agentic_circuit/_normalize.py
-- Installing: /Users/zhoubot/linx-isa/tools/pyCircuit/.pycircuit_out/gates/20260903-ac-table-stack-closure-r5/agentic-circuit/toolchain/install/lib/python3.14/site-packages/agentic_circuit/_queue_codegen.py
-- Installing: /Users/zhoubot/linx-isa/tools/pyCircuit/.pycircuit_out/gates/20260903-ac-table-stack-closure-r5/agentic-circuit/toolchain/install/lib/python3.14/site-packages/agentic_circuit/_output.py
-- Installing: /Users/zhoubot/linx-isa/tools/pyCircuit/.pycircuit_out/gates/20260903-ac-table-stack-closure-r5/agentic-circuit/toolchain/install/lib/python3.14/site-packages/agentic_circuit/_types.py
-- Installing: /Users/zhoubot/linx-isa/tools/pyCircuit/.pycircuit_out/gates/20260903-ac-table-stack-closure-r5/agentic-circuit/toolchain/install/lib/python3.14/site-packages/agentic_circuit/_source.py
-- Installing: /Users/zhoubot/linx-isa/tools/pyCircuit/.pycircuit_out/gates/20260903-ac-table-stack-closure-r5/agentic-circuit/toolchain/install/lib/python3.14/site-packages/agentic_circuit/_lower_acir.py
-- Installing: /Users/zhoubot/linx-isa/tools/pyCircuit/.pycircuit_out/gates/20260903-ac-table-stack-closure-r5/agentic-circuit/toolchain/install/lib/python3.14/site-packages/agentic_circuit/_queue_frontend.py
-- Installing: /Users/zhoubot/linx-isa/tools/pyCircuit/.pycircuit_out/gates/20260903-ac-table-stack-closure-r5/agentic-circuit/toolchain/install/lib/python3.14/site-packages/agentic_circuit/_capabilities.py
-- Installing: /Users/zhoubot/linx-isa/tools/pyCircuit/.pycircuit_out/gates/20260903-ac-table-stack-closure-r5/agentic-circuit/toolchain/install/lib/python3.14/site-packages/agentic_circuit/_capture_worker.py
-- Installing: /Users/zhoubot/linx-isa/tools/pyCircuit/.pycircuit_out/gates/20260903-ac-table-stack-closure-r5/agentic-circuit/toolchain/install/lib/python3.14/site-packages/agentic_circuit/_resolve.py
-- Installing: /Users/zhoubot/linx-isa/tools/pyCircuit/.pycircuit_out/gates/20260903-ac-table-stack-closure-r5/agentic-circuit/toolchain/install/lib/python3.14/site-packages/agentic_circuit/_definitions.py
-- Installing: /Users/zhoubot/linx-isa/tools/pyCircuit/.pycircuit_out/gates/20260903-ac-table-stack-closure-r5/agentic-circuit/toolchain/install/lib/python3.14/site-packages/agentic_circuit/_cli.py
-- Installing: /Users/zhoubot/linx-isa/tools/pyCircuit/.pycircuit_out/gates/20260903-ac-table-stack-closure-r5/agentic-circuit/toolchain/install/lib/python3.14/site-packages/agentic_circuit/_diagnostics.py
-- Installing: /Users/zhoubot/linx-isa/tools/pyCircuit/.pycircuit_out/gates/20260903-ac-table-stack-closure-r5/agentic-circuit/toolchain/install/lib/python3.14/site-packages/agentic_circuit/_frontend.py
-- Installing: /Users/zhoubot/linx-isa/tools/pyCircuit/.pycircuit_out/gates/20260903-ac-table-stack-closure-r5/agentic-circuit/toolchain/install/lib/python3.14/site-packages/agentic_circuit/__init__.py
-- Installing: /Users/zhoubot/linx-isa/tools/pyCircuit/.pycircuit_out/gates/20260903-ac-table-stack-closure-r5/agentic-circuit/toolchain/install/lib/python3.14/site-packages/agentic_circuit/_acpy.py
-- Installing: /Users/zhoubot/linx-isa/tools/pyCircuit/.pycircuit_out/gates/20260903-ac-table-stack-closure-r5/agentic-circuit/toolchain/install/lib/python3.14/site-packages/agentic_circuit/_schemas.py
-- Installing: /Users/zhoubot/linx-isa/tools/pyCircuit/.pycircuit_out/gates/20260903-ac-table-stack-closure-r5/agentic-circuit/toolchain/install/lib/python3.14/site-packages/agentic_circuit/_collections.py
-- Installing: /Users/zhoubot/linx-isa/tools/pyCircuit/.pycircuit_out/gates/20260903-ac-table-stack-closure-r5/agentic-circuit/toolchain/install/lib/python3.14/site-packages/agentic_circuit/_package_data.py
-- Installing: /Users/zhoubot/linx-isa/tools/pyCircuit/.pycircuit_out/gates/20260903-ac-table-stack-closure-r5/agentic-circuit/toolchain/install/lib/python3.14/site-packages/agentic_circuit/_inspect.py
-- Installing: /Users/zhoubot/linx-isa/tools/pyCircuit/.pycircuit_out/gates/20260903-ac-table-stack-closure-r5/agentic-circuit/toolchain/install/lib/python3.14/site-packages/agentic_circuit/_workspace.py
-- Installing: /Users/zhoubot/linx-isa/tools/pyCircuit/.pycircuit_out/gates/20260903-ac-table-stack-closure-r5/agentic-circuit/toolchain/install/lib/python3.14/site-packages/agentic_circuit/_native_api.py
-- Installing: /Users/zhoubot/linx-isa/tools/pyCircuit/.pycircuit_out/gates/20260903-ac-table-stack-closure-r5/agentic-circuit/toolchain/install/lib/python3.14/site-packages/agentic_circuit/_commands
-- Installing: /Users/zhoubot/linx-isa/tools/pyCircuit/.pycircuit_out/gates/20260903-ac-table-stack-closure-r5/agentic-circuit/toolchain/install/lib/python3.14/site-packages/agentic_circuit/_commands/build.py
-- Installing: /Users/zhoubot/linx-isa/tools/pyCircuit/.pycircuit_out/gates/20260903-ac-table-stack-closure-r5/agentic-circuit/toolchain/install/lib/python3.14/site-packages/agentic_circuit/_commands/run.py
-- Installing: /Users/zhoubot/linx-isa/tools/pyCircuit/.pycircuit_out/gates/20260903-ac-table-stack-closure-r5/agentic-circuit/toolchain/install/lib/python3.14/site-packages/agentic_circuit/_commands/check.py
-- Installing: /Users/zhoubot/linx-isa/tools/pyCircuit/.pycircuit_out/gates/20260903-ac-table-stack-closure-r5/agentic-circuit/toolchain/install/lib/python3.14/site-packages/agentic_circuit/_commands/__init__.py
-- Installing: /Users/zhoubot/linx-isa/tools/pyCircuit/.pycircuit_out/gates/20260903-ac-table-stack-closure-r5/agentic-circuit/toolchain/install/lib/python3.14/site-packages/agentic_circuit/_commands/inspect.py
-- Installing: /Users/zhoubot/linx-isa/tools/pyCircuit/.pycircuit_out/gates/20260903-ac-table-stack-closure-r5/agentic-circuit/toolchain/install/lib/python3.14/site-packages/agentic_circuit/_commands/elaborate.py
-- Installing: /Users/zhoubot/linx-isa/tools/pyCircuit/.pycircuit_out/gates/20260903-ac-table-stack-closure-r5/agentic-circuit/toolchain/install/lib/python3.14/site-packages/agentic_circuit/_commands/compile.py
-- Installing: /Users/zhoubot/linx-isa/tools/pyCircuit/.pycircuit_out/gates/20260903-ac-table-stack-closure-r5/agentic-circuit/toolchain/install/lib/python3.14/site-packages/agentic_circuit/_commands/init.py
-- Installing: /Users/zhoubot/linx-isa/tools/pyCircuit/.pycircuit_out/gates/20260903-ac-table-stack-closure-r5/agentic-circuit/toolchain/install/lib/python3.14/site-packages/agentic_circuit/_commands/explain.py
-- Installing: /Users/zhoubot/linx-isa/tools/pyCircuit/.pycircuit_out/gates/20260903-ac-table-stack-closure-r5/agentic-circuit/toolchain/install/lib/python3.14/site-packages/agentic_circuit/_commands/doctor.py
-- Installing: /Users/zhoubot/linx-isa/tools/pyCircuit/.pycircuit_out/gates/20260903-ac-table-stack-closure-r5/agentic-circuit/toolchain/install/lib/python3.14/site-packages/agentic_circuit/_commands/schema.py
-- Installing: /Users/zhoubot/linx-isa/tools/pyCircuit/.pycircuit_out/gates/20260903-ac-table-stack-closure-r5/agentic-circuit/toolchain/install/lib/python3.14/site-packages/agentic_circuit/_process.py
-- Installing: /Users/zhoubot/linx-isa/tools/pyCircuit/.pycircuit_out/gates/20260903-ac-table-stack-closure-r5/agentic-circuit/toolchain/install/lib/python3.14/site-packages/agentic_circuit/_validate.py
-- Installing: /Users/zhoubot/linx-isa/tools/pyCircuit/.pycircuit_out/gates/20260903-ac-table-stack-closure-r5/agentic-circuit/toolchain/install/lib/python3.14/site-packages/agentic_circuit/_canonical_json.py
-- Installing: /Users/zhoubot/linx-isa/tools/pyCircuit/.pycircuit_out/gates/20260903-ac-table-stack-closure-r5/agentic-circuit/toolchain/install/lib/python3.14/site-packages/agentic_circuit/_naming.py
-- Installing: /Users/zhoubot/linx-isa/tools/pyCircuit/.pycircuit_out/gates/20260903-ac-table-stack-closure-r5/agentic-circuit/toolchain/install/lib/python3.14/site-packages/agentic_circuit/_static_eval.py
-- Installing: /Users/zhoubot/linx-isa/tools/pyCircuit/.pycircuit_out/gates/20260903-ac-table-stack-closure-r5/agentic-circuit/toolchain/install/lib/python3.14/site-packages/agentic_circuit/_data
-- Installing: /Users/zhoubot/linx-isa/tools/pyCircuit/.pycircuit_out/gates/20260903-ac-table-stack-closure-r5/agentic-circuit/toolchain/install/lib/python3.14/site-packages/agentic_circuit/_data/__init__.py
-- Installing: /Users/zhoubot/linx-isa/tools/pyCircuit/.pycircuit_out/gates/20260903-ac-table-stack-closure-r5/agentic-circuit/toolchain/install/lib/python3.14/site-packages/agentic_circuit/_run.py
-- Installing: /Users/zhoubot/linx-isa/tools/pyCircuit/.pycircuit_out/gates/20260903-ac-table-stack-closure-r5/agentic-circuit/toolchain/install/lib/python3.14/site-packages/agentic_circuit/_resources.py
-- Installing: /Users/zhoubot/linx-isa/tools/pyCircuit/.pycircuit_out/gates/20260903-ac-table-stack-closure-r5/agentic-circuit/toolchain/install/lib/python3.14/site-packages/agentic_circuit/_staging.py
-- Installing: /Users/zhoubot/linx-isa/tools/pyCircuit/.pycircuit_out/gates/20260903-ac-table-stack-closure-r5/agentic-circuit/toolchain/install/lib/python3.14/site-packages/agentic_circuit/_jit.py
-- Installing: /Users/zhoubot/linx-isa/tools/pyCircuit/.pycircuit_out/gates/20260903-ac-table-stack-closure-r5/agentic-circuit/toolchain/install/lib/python3.14/site-packages/agentic_circuit/_scopes.py
-- Installing: /Users/zhoubot/linx-isa/tools/pyCircuit/.pycircuit_out/gates/20260903-ac-table-stack-closure-r5/agentic-circuit/toolchain/install/lib/python3.14/site-packages/agentic_circuit/_data/schemas
-- Installing: /Users/zhoubot/linx-isa/tools/pyCircuit/.pycircuit_out/gates/20260903-ac-table-stack-closure-r5/agentic-circuit/toolchain/install/lib/python3.14/site-packages/agentic_circuit/_data/schemas/diagnostic.schema.json
-- Installing: /Users/zhoubot/linx-isa/tools/pyCircuit/.pycircuit_out/gates/20260903-ac-table-stack-closure-r5/agentic-circuit/toolchain/install/lib/python3.14/site-packages/agentic_circuit/_data/schemas/block-spec.schema.json
-- Installing: /Users/zhoubot/linx-isa/tools/pyCircuit/.pycircuit_out/gates/20260903-ac-table-stack-closure-r5/agentic-circuit/toolchain/install/lib/python3.14/site-packages/agentic_circuit/_data/schemas/opcodes.json
-- Installing: /Users/zhoubot/linx-isa/tools/pyCircuit/.pycircuit_out/gates/20260903-ac-table-stack-closure-r5/agentic-circuit/toolchain/install/lib/python3.14/site-packages/agentic_circuit/_data/schemas/blocks.json
-- Installing: /Users/zhoubot/linx-isa/tools/pyCircuit/.pycircuit_out/gates/20260903-ac-table-stack-closure-r5/agentic-circuit/toolchain/install/lib/python3.14/site-packages/agentic_circuit/_data/schemas/pto-trace.schema.json
-- Installing: /Users/zhoubot/linx-isa/tools/pyCircuit/.pycircuit_out/gates/20260903-ac-table-stack-closure-r5/agentic-circuit/toolchain/install/lib/python3.14/site-packages/agentic_circuit/_data/schemas/run-result.schema.json
-- Installing: /Users/zhoubot/linx-isa/tools/pyCircuit/.pycircuit_out/gates/20260903-ac-table-stack-closure-r5/agentic-circuit/toolchain/install/lib/python3.14/site-packages/agentic_circuit/_data/schemas/acir-process-state-plan.schema.json
-- Installing: /Users/zhoubot/linx-isa/tools/pyCircuit/.pycircuit_out/gates/20260903-ac-table-stack-closure-r5/agentic-circuit/toolchain/install/lib/python3.14/site-packages/agentic_circuit/_data/schemas/stdlib
-- Installing: /Users/zhoubot/linx-isa/tools/pyCircuit/.pycircuit_out/gates/20260903-ac-table-stack-closure-r5/agentic-circuit/toolchain/install/lib/python3.14/site-packages/agentic_circuit/_data/schemas/stdlib/RegisterFile.json
-- Installing: /Users/zhoubot/linx-isa/tools/pyCircuit/.pycircuit_out/gates/20260903-ac-table-stack-closure-r5/agentic-circuit/toolchain/install/lib/python3.14/site-packages/agentic_circuit/_data/schemas/stdlib/DependencyTracker.json
-- Installing: /Users/zhoubot/linx-isa/tools/pyCircuit/.pycircuit_out/gates/20260903-ac-table-stack-closure-r5/agentic-circuit/toolchain/install/lib/python3.14/site-packages/agentic_circuit/_data/schemas/stdlib/Bus.json
-- Installing: /Users/zhoubot/linx-isa/tools/pyCircuit/.pycircuit_out/gates/20260903-ac-table-stack-closure-r5/agentic-circuit/toolchain/install/lib/python3.14/site-packages/agentic_circuit/_data/schemas/stdlib/Switch.json
-- Installing: /Users/zhoubot/linx-isa/tools/pyCircuit/.pycircuit_out/gates/20260903-ac-table-stack-closure-r5/agentic-circuit/toolchain/install/lib/python3.14/site-packages/agentic_circuit/_data/schemas/stdlib/Broadcast.json
-- Installing: /Users/zhoubot/linx-isa/tools/pyCircuit/.pycircuit_out/gates/20260903-ac-table-stack-closure-r5/agentic-circuit/toolchain/install/lib/python3.14/site-packages/agentic_circuit/_data/schemas/stdlib/request_response.json
-- Installing: /Users/zhoubot/linx-isa/tools/pyCircuit/.pycircuit_out/gates/20260903-ac-table-stack-closure-r5/agentic-circuit/toolchain/install/lib/python3.14/site-packages/agentic_circuit/_data/schemas/stdlib/Dispatcher.json
-- Installing: /Users/zhoubot/linx-isa/tools/pyCircuit/.pycircuit_out/gates/20260903-ac-table-stack-closure-r5/agentic-circuit/toolchain/install/lib/python3.14/site-packages/agentic_circuit/_data/schemas/stdlib/TimeDomainBridge.json
-- Installing: /Users/zhoubot/linx-isa/tools/pyCircuit/.pycircuit_out/gates/20260903-ac-table-stack-closure-r5/agentic-circuit/toolchain/install/lib/python3.14/site-packages/agentic_circuit/_data/schemas/stdlib/Scratchpad.json
-- Installing: /Users/zhoubot/linx-isa/tools/pyCircuit/.pycircuit_out/gates/20260903-ac-table-stack-closure-r5/agentic-circuit/toolchain/install/lib/python3.14/site-packages/agentic_circuit/_data/schemas/stdlib/Memory.json
-- Installing: /Users/zhoubot/linx-isa/tools/pyCircuit/.pycircuit_out/gates/20260903-ac-table-stack-closure-r5/agentic-circuit/toolchain/install/lib/python3.14/site-packages/agentic_circuit/_data/schemas/stdlib/LoadStore.json
-- Installing: /Users/zhoubot/linx-isa/tools/pyCircuit/.pycircuit_out/gates/20260903-ac-table-stack-closure-r5/agentic-circuit/toolchain/install/lib/python3.14/site-packages/agentic_circuit/_data/schemas/stdlib/Dma.json
-- Installing: /Users/zhoubot/linx-isa/tools/pyCircuit/.pycircuit_out/gates/20260903-ac-table-stack-closure-r5/agentic-circuit/toolchain/install/lib/python3.14/site-packages/agentic_circuit/_data/schemas/stdlib/MemoryManagement.json
-- Installing: /Users/zhoubot/linx-isa/tools/pyCircuit/.pycircuit_out/gates/20260903-ac-table-stack-closure-r5/agentic-circuit/toolchain/install/lib/python3.14/site-packages/agentic_circuit/_data/schemas/stdlib/MemoryController.json
-- Installing: /Users/zhoubot/linx-isa/tools/pyCircuit/.pycircuit_out/gates/20260903-ac-table-stack-closure-r5/agentic-circuit/toolchain/install/lib/python3.14/site-packages/agentic_circuit/_data/schemas/stdlib/TrafficSource.json
-- Installing: /Users/zhoubot/linx-isa/tools/pyCircuit/.pycircuit_out/gates/20260903-ac-table-stack-closure-r5/agentic-circuit/toolchain/install/lib/python3.14/site-packages/agentic_circuit/_data/schemas/stdlib/Barrier.json
-- Installing: /Users/zhoubot/linx-isa/tools/pyCircuit/.pycircuit_out/gates/20260903-ac-table-stack-closure-r5/agentic-circuit/toolchain/install/lib/python3.14/site-packages/agentic_circuit/_data/schemas/stdlib/Reassembler.json
-- Installing: /Users/zhoubot/linx-isa/tools/pyCircuit/.pycircuit_out/gates/20260903-ac-table-stack-closure-r5/agentic-circuit/toolchain/install/lib/python3.14/site-packages/agentic_circuit/_data/schemas/stdlib/Packetizer.json
-- Installing: /Users/zhoubot/linx-isa/tools/pyCircuit/.pycircuit_out/gates/20260903-ac-table-stack-closure-r5/agentic-circuit/toolchain/install/lib/python3.14/site-packages/agentic_circuit/_data/schemas/stdlib/AddressTranslator.json
-- Installing: /Users/zhoubot/linx-isa/tools/pyCircuit/.pycircuit_out/gates/20260903-ac-table-stack-closure-r5/agentic-circuit/toolchain/install/lib/python3.14/site-packages/agentic_circuit/_data/schemas/stdlib/Cache.json
-- Installing: /Users/zhoubot/linx-isa/tools/pyCircuit/.pycircuit_out/gates/20260903-ac-table-stack-closure-r5/agentic-circuit/toolchain/install/lib/python3.14/site-packages/agentic_circuit/_data/schemas/stdlib/Sink.json
-- Installing: /Users/zhoubot/linx-isa/tools/pyCircuit/.pycircuit_out/gates/20260903-ac-table-stack-closure-r5/agentic-circuit/toolchain/install/lib/python3.14/site-packages/agentic_circuit/_data/schemas/stdlib/Scoreboard.json
-- Installing: /Users/zhoubot/linx-isa/tools/pyCircuit/.pycircuit_out/gates/20260903-ac-table-stack-closure-r5/agentic-circuit/toolchain/install/lib/python3.14/site-packages/agentic_circuit/_data/schemas/stdlib/Queue.json
-- Installing: /Users/zhoubot/linx-isa/tools/pyCircuit/.pycircuit_out/gates/20260903-ac-table-stack-closure-r5/agentic-circuit/toolchain/install/lib/python3.14/site-packages/agentic_circuit/_data/schemas/stdlib/Scheduler.json
-- Installing: /Users/zhoubot/linx-isa/tools/pyCircuit/.pycircuit_out/gates/20260903-ac-table-stack-closure-r5/agentic-circuit/toolchain/install/lib/python3.14/site-packages/agentic_circuit/_data/schemas/stdlib/Fork.json
-- Installing: /Users/zhoubot/linx-isa/tools/pyCircuit/.pycircuit_out/gates/20260903-ac-table-stack-closure-r5/agentic-circuit/toolchain/install/lib/python3.14/site-packages/agentic_circuit/_data/schemas/stdlib/TraceSource.json
-- Installing: /Users/zhoubot/linx-isa/tools/pyCircuit/.pycircuit_out/gates/20260903-ac-table-stack-closure-r5/agentic-circuit/toolchain/install/lib/python3.14/site-packages/agentic_circuit/_data/schemas/stdlib/Tlb.json
-- Installing: /Users/zhoubot/linx-isa/tools/pyCircuit/.pycircuit_out/gates/20260903-ac-table-stack-closure-r5/agentic-circuit/toolchain/install/lib/python3.14/site-packages/agentic_circuit/_data/schemas/stdlib/ready_valid.json
-- Installing: /Users/zhoubot/linx-isa/tools/pyCircuit/.pycircuit_out/gates/20260903-ac-table-stack-closure-r5/agentic-circuit/toolchain/install/lib/python3.14/site-packages/agentic_circuit/_data/schemas/stdlib/Arbiter.json
-- Installing: /Users/zhoubot/linx-isa/tools/pyCircuit/.pycircuit_out/gates/20260903-ac-table-stack-closure-r5/agentic-circuit/toolchain/install/lib/python3.14/site-packages/agentic_circuit/_data/schemas/stdlib/ProtocolAdapter.json
-- Installing: /Users/zhoubot/linx-isa/tools/pyCircuit/.pycircuit_out/gates/20260903-ac-table-stack-closure-r5/agentic-circuit/toolchain/install/lib/python3.14/site-packages/agentic_circuit/_data/schemas/stdlib/Router.json
-- Installing: /Users/zhoubot/linx-isa/tools/pyCircuit/.pycircuit_out/gates/20260903-ac-table-stack-closure-r5/agentic-circuit/toolchain/install/lib/python3.14/site-packages/agentic_circuit/_data/schemas/stdlib/catalog.json
-- Installing: /Users/zhoubot/linx-isa/tools/pyCircuit/.pycircuit_out/gates/20260903-ac-table-stack-closure-r5/agentic-circuit/toolchain/install/lib/python3.14/site-packages/agentic_circuit/_data/schemas/stdlib/WidthAdapter.json
-- Installing: /Users/zhoubot/linx-isa/tools/pyCircuit/.pycircuit_out/gates/20260903-ac-table-stack-closure-r5/agentic-circuit/toolchain/install/lib/python3.14/site-packages/agentic_circuit/_data/schemas/stdlib/Link.json
-- Installing: /Users/zhoubot/linx-isa/tools/pyCircuit/.pycircuit_out/gates/20260903-ac-table-stack-closure-r5/agentic-circuit/toolchain/install/lib/python3.14/site-packages/agentic_circuit/_data/schemas/stdlib/Compute.json
-- Installing: /Users/zhoubot/linx-isa/tools/pyCircuit/.pycircuit_out/gates/20260903-ac-table-stack-closure-r5/agentic-circuit/toolchain/install/lib/python3.14/site-packages/agentic_circuit/_data/schemas/stdlib/Crossbar.json
-- Installing: /Users/zhoubot/linx-isa/tools/pyCircuit/.pycircuit_out/gates/20260903-ac-table-stack-closure-r5/agentic-circuit/toolchain/install/lib/python3.14/site-packages/agentic_circuit/_data/schemas/stdlib/Join.json
-- Installing: /Users/zhoubot/linx-isa/tools/pyCircuit/.pycircuit_out/gates/20260903-ac-table-stack-closure-r5/agentic-circuit/toolchain/install/lib/python3.14/site-packages/agentic_circuit/_data/schemas/acpy.schema.json
-- Installing: /Users/zhoubot/linx-isa/tools/pyCircuit/.pycircuit_out/gates/20260903-ac-table-stack-closure-r5/agentic-circuit/toolchain/install/lib/python3.14/site-packages/agentic_circuit/_data/schemas/run-manifest.schema.json
-- Installing: /Users/zhoubot/linx-isa/tools/pyCircuit/.pycircuit_out/gates/20260903-ac-table-stack-closure-r5/agentic-circuit/toolchain/install/lib/python3.14/site-packages/agentic_circuit/_data/schemas/component.schema.json
-- Installing: /Users/zhoubot/linx-isa/tools/pyCircuit/.pycircuit_out/gates/20260903-ac-table-stack-closure-r5/agentic-circuit/toolchain/install/lib/python3.14/site-packages/agentic_circuit/_data/schemas/opcode-catalog.schema.json
-- Installing: /Users/zhoubot/linx-isa/tools/pyCircuit/.pycircuit_out/gates/20260903-ac-table-stack-closure-r5/agentic-circuit/toolchain/install/lib/python3.14/site-packages/agentic_circuit/_data/schemas/capabilities.schema.json
-- Installing: /Users/zhoubot/linx-isa/tools/pyCircuit/.pycircuit_out/gates/20260903-ac-table-stack-closure-r5/agentic-circuit/toolchain/install/lib/python3.14/site-packages/agentic_circuit/_data/schemas/acsim-binding.schema.json
-- Installing: /Users/zhoubot/linx-isa/tools/pyCircuit/.pycircuit_out/gates/20260903-ac-table-stack-closure-r5/agentic-circuit/toolchain/install/lib/python3.14/site-packages/agentic_circuit/_data/schemas/build-manifest.schema.json
-- Installing: /Users/zhoubot/linx-isa/tools/pyCircuit/.pycircuit_out/gates/20260903-ac-table-stack-closure-r5/agentic-circuit/toolchain/install/lib/python3.14/site-packages/agentic_circuit/_data/resources
-- Installing: /Users/zhoubot/linx-isa/tools/pyCircuit/.pycircuit_out/gates/20260903-ac-table-stack-closure-r5/agentic-circuit/toolchain/install/lib/python3.14/site-packages/agentic_circuit/_data/resources/diagnostics.json
-- Installing: /Users/zhoubot/linx-isa/tools/pyCircuit/.pycircuit_out/gates/20260903-ac-table-stack-closure-r5/agentic-circuit/toolchain/install/lib/python3.14/site-packages/agentic_circuit/_data/resources/pyc_runtime
-- Installing: /Users/zhoubot/linx-isa/tools/pyCircuit/.pycircuit_out/gates/20260903-ac-table-stack-closure-r5/agentic-circuit/toolchain/install/lib/python3.14/site-packages/agentic_circuit/_data/resources/pyc_runtime/verilog
-- Installing: /Users/zhoubot/linx-isa/tools/pyCircuit/.pycircuit_out/gates/20260903-ac-table-stack-closure-r5/agentic-circuit/toolchain/install/lib/python3.14/site-packages/agentic_circuit/_data/resources/pyc_runtime/verilog/pyc_popcount.v
-- Installing: /Users/zhoubot/linx-isa/tools/pyCircuit/.pycircuit_out/gates/20260903-ac-table-stack-closure-r5/agentic-circuit/toolchain/install/lib/python3.14/site-packages/agentic_circuit/_data/resources/pyc_runtime/verilog/pyc_rr_arbiter.v
-- Installing: /Users/zhoubot/linx-isa/tools/pyCircuit/.pycircuit_out/gates/20260903-ac-table-stack-closure-r5/agentic-circuit/toolchain/install/lib/python3.14/site-packages/agentic_circuit/_data/resources/pyc_runtime/verilog/pyc_reg.v
-- Installing: /Users/zhoubot/linx-isa/tools/pyCircuit/.pycircuit_out/gates/20260903-ac-table-stack-closure-r5/agentic-circuit/toolchain/install/lib/python3.14/site-packages/agentic_circuit/_data/resources/pyc_runtime/verilog/pyc_fifo.v
-- Installing: /Users/zhoubot/linx-isa/tools/pyCircuit/.pycircuit_out/gates/20260903-ac-table-stack-closure-r5/agentic-circuit/toolchain/install/lib/python3.14/site-packages/agentic_circuit/_data/resources/templates
-- Installing: /Users/zhoubot/linx-isa/tools/pyCircuit/.pycircuit_out/gates/20260903-ac-table-stack-closure-r5/agentic-circuit/toolchain/install/lib/python3.14/site-packages/agentic_circuit/_data/resources/templates/architecture.py
-- Installing: /Users/zhoubot/linx-isa/tools/pyCircuit/.pycircuit_out/gates/20260903-ac-table-stack-closure-r5/agentic-circuit/toolchain/install/lib/python3.14/site-packages/agentic_circuit/_data/resources/templates/agentic-circuit.toml
-- Installing: /Users/zhoubot/linx-isa/tools/pyCircuit/.pycircuit_out/gates/20260903-ac-table-stack-closure-r5/agentic-circuit/toolchain/install/lib/python3.14/site-packages/agentic_circuit/_data/schemas/__init__.py
-- Installing: /Users/zhoubot/linx-isa/tools/pyCircuit/.pycircuit_out/gates/20260903-ac-table-stack-closure-r5/agentic-circuit/toolchain/install/lib/python3.14/site-packages/agentic_circuit/_data/resources/__init__.py
-- Installing: /Users/zhoubot/linx-isa/tools/pyCircuit/.pycircuit_out/gates/20260903-ac-table-stack-closure-r5/agentic-circuit/toolchain/install/bin/agentic-circuit
-- Installing: /Users/zhoubot/linx-isa/tools/pyCircuit/.pycircuit_out/gates/20260903-ac-table-stack-closure-r5/agentic-circuit/toolchain/install/bin/acir-cxxgen
-- Installing: /Users/zhoubot/linx-isa/tools/pyCircuit/.pycircuit_out/gates/20260903-ac-table-stack-closure-r5/agentic-circuit/toolchain/install/bin/acir-opcode-catalog
-- Installing: /Users/zhoubot/linx-isa/tools/pyCircuit/.pycircuit_out/gates/20260903-ac-table-stack-closure-r5/agentic-circuit/toolchain/install/bin/acir-opt
-- Installing: /Users/zhoubot/linx-isa/tools/pyCircuit/.pycircuit_out/gates/20260903-ac-table-stack-closure-r5/agentic-circuit/toolchain/install/bin/acir-queue-cxxgen
-- Installing: /Users/zhoubot/linx-isa/tools/pyCircuit/.pycircuit_out/gates/20260903-ac-table-stack-closure-r5/agentic-circuit/toolchain/install/bin/acir-queue-plan
-- Installing: /Users/zhoubot/linx-isa/tools/pyCircuit/.pycircuit_out/gates/20260903-ac-table-stack-closure-r5/agentic-circuit/toolchain/install/bin/acir-queue-pycgen
-- Installing: /Users/zhoubot/linx-isa/tools/pyCircuit/.pycircuit_out/gates/20260903-ac-table-stack-closure-r5/agentic-circuit/toolchain/install/bin/ac-queue-pyc-build.py
-- Installing: /Users/zhoubot/linx-isa/tools/pyCircuit/.pycircuit_out/gates/20260903-ac-table-stack-closure-r5/agentic-circuit/toolchain/install/bin/acir-queue-veriloggen.py
-- Installing: /Users/zhoubot/linx-isa/tools/pyCircuit/.pycircuit_out/gates/20260903-ac-table-stack-closure-r5/agentic-circuit/toolchain/install/include/cpp
-- Installing: /Users/zhoubot/linx-isa/tools/pyCircuit/.pycircuit_out/gates/20260903-ac-table-stack-closure-r5/agentic-circuit/toolchain/install/include/cpp/pyc_print.hpp
-- Installing: /Users/zhoubot/linx-isa/tools/pyCircuit/.pycircuit_out/gates/20260903-ac-table-stack-closure-r5/agentic-circuit/toolchain/install/include/cpp/pyc_vec.hpp
-- Installing: /Users/zhoubot/linx-isa/tools/pyCircuit/.pycircuit_out/gates/20260903-ac-table-stack-closure-r5/agentic-circuit/toolchain/install/include/cpp/pyc_ops.hpp
-- Installing: /Users/zhoubot/linx-isa/tools/pyCircuit/.pycircuit_out/gates/20260903-ac-table-stack-closure-r5/agentic-circuit/toolchain/install/include/cpp/pyc_clock.hpp
-- Installing: /Users/zhoubot/linx-isa/tools/pyCircuit/.pycircuit_out/gates/20260903-ac-table-stack-closure-r5/agentic-circuit/toolchain/install/include/cpp/pyc_tb_sidecar.hpp
-- Installing: /Users/zhoubot/linx-isa/tools/pyCircuit/.pycircuit_out/gates/20260903-ac-table-stack-closure-r5/agentic-circuit/toolchain/install/include/cpp/pyc_linxtrace.hpp
-- Installing: /Users/zhoubot/linx-isa/tools/pyCircuit/.pycircuit_out/gates/20260903-ac-table-stack-closure-r5/agentic-circuit/toolchain/install/include/cpp/pyc_runtime.hpp
-- Installing: /Users/zhoubot/linx-isa/tools/pyCircuit/.pycircuit_out/gates/20260903-ac-table-stack-closure-r5/agentic-circuit/toolchain/install/include/cpp/pyc_cdc_sync.hpp
-- Installing: /Users/zhoubot/linx-isa/tools/pyCircuit/.pycircuit_out/gates/20260903-ac-table-stack-closure-r5/agentic-circuit/toolchain/install/include/cpp/pyc_tb.hpp
-- Installing: /Users/zhoubot/linx-isa/tools/pyCircuit/.pycircuit_out/gates/20260903-ac-table-stack-closure-r5/agentic-circuit/toolchain/install/include/cpp/pyc_primitives.hpp
-- Installing: /Users/zhoubot/linx-isa/tools/pyCircuit/.pycircuit_out/gates/20260903-ac-table-stack-closure-r5/agentic-circuit/toolchain/install/include/cpp/pyc_vcd.hpp
-- Installing: /Users/zhoubot/linx-isa/tools/pyCircuit/.pycircuit_out/gates/20260903-ac-table-stack-closure-r5/agentic-circuit/toolchain/install/include/cpp/pyc_async_fifo.hpp
-- Installing: /Users/zhoubot/linx-isa/tools/pyCircuit/.pycircuit_out/gates/20260903-ac-table-stack-closure-r5/agentic-circuit/toolchain/install/include/cpp/pyc_trace_bin.hpp
-- Installing: /Users/zhoubot/linx-isa/tools/pyCircuit/.pycircuit_out/gates/20260903-ac-table-stack-closure-r5/agentic-circuit/toolchain/install/include/cpp/pyc_sim.hpp
-- Installing: /Users/zhoubot/linx-isa/tools/pyCircuit/.pycircuit_out/gates/20260903-ac-table-stack-closure-r5/agentic-circuit/toolchain/install/include/cpp/pyc_sync_mem.hpp
-- Installing: /Users/zhoubot/linx-isa/tools/pyCircuit/.pycircuit_out/gates/20260903-ac-table-stack-closure-r5/agentic-circuit/toolchain/install/include/cpp/pyc_byte_mem.hpp
-- Installing: /Users/zhoubot/linx-isa/tools/pyCircuit/.pycircuit_out/gates/20260903-ac-table-stack-closure-r5/agentic-circuit/toolchain/install/include/cpp/pyc_bits.hpp
-- Installing: /Users/zhoubot/linx-isa/tools/pyCircuit/.pycircuit_out/gates/20260903-ac-table-stack-closure-r5/agentic-circuit/toolchain/install/include/cpp/pyc_tb_sidecar_runtime.hpp
-- Installing: /Users/zhoubot/linx-isa/tools/pyCircuit/.pycircuit_out/gates/20260903-ac-table-stack-closure-r5/agentic-circuit/toolchain/install/include/cpp/pyc_probe_registry.hpp
-- Installing: /Users/zhoubot/linx-isa/tools/pyCircuit/.pycircuit_out/gates/20260903-ac-table-stack-closure-r5/agentic-circuit/toolchain/install/include/cpp/pyc_konata.hpp
-- Installing: /Users/zhoubot/linx-isa/tools/pyCircuit/.pycircuit_out/gates/20260903-ac-table-stack-closure-r5/agentic-circuit/toolchain/install/include/cpp/pyc_connector.hpp
-- Installing: /Users/zhoubot/linx-isa/tools/pyCircuit/.pycircuit_out/gates/20260903-ac-table-stack-closure-r5/agentic-circuit/toolchain/install/include/cpp/pyc_change_detect.hpp
-- Installing: /Users/zhoubot/linx-isa/tools/pyCircuit/.pycircuit_out/gates/20260903-ac-table-stack-closure-r5/agentic-circuit/toolchain/install/include/cpp/pyc_debug.hpp
-- Installing: /Users/zhoubot/linx-isa/tools/pyCircuit/.pycircuit_out/gates/20260903-ac-table-stack-closure-r5/agentic-circuit/toolchain/install/include/verilog
-- Installing: /Users/zhoubot/linx-isa/tools/pyCircuit/.pycircuit_out/gates/20260903-ac-table-stack-closure-r5/agentic-circuit/toolchain/install/include/verilog/pyc_byte_mem.v
-- Installing: /Users/zhoubot/linx-isa/tools/pyCircuit/.pycircuit_out/gates/20260903-ac-table-stack-closure-r5/agentic-circuit/toolchain/install/include/verilog/pyc_xor.v
-- Installing: /Users/zhoubot/linx-isa/tools/pyCircuit/.pycircuit_out/gates/20260903-ac-table-stack-closure-r5/agentic-circuit/toolchain/install/include/verilog/pyc_async_fifo.v
-- Installing: /Users/zhoubot/linx-isa/tools/pyCircuit/.pycircuit_out/gates/20260903-ac-table-stack-closure-r5/agentic-circuit/toolchain/install/include/verilog/pyc_cdc_sync.v
-- Installing: /Users/zhoubot/linx-isa/tools/pyCircuit/.pycircuit_out/gates/20260903-ac-table-stack-closure-r5/agentic-circuit/toolchain/install/include/verilog/pyc_mux.v
-- Installing: /Users/zhoubot/linx-isa/tools/pyCircuit/.pycircuit_out/gates/20260903-ac-table-stack-closure-r5/agentic-circuit/toolchain/install/include/verilog/pyc_sync_mem_dp.v
-- Installing: /Users/zhoubot/linx-isa/tools/pyCircuit/.pycircuit_out/gates/20260903-ac-table-stack-closure-r5/agentic-circuit/toolchain/install/include/verilog/pyc_reg.v
-- Installing: /Users/zhoubot/linx-isa/tools/pyCircuit/.pycircuit_out/gates/20260903-ac-table-stack-closure-r5/agentic-circuit/toolchain/install/include/verilog/pyc_and.v
-- Installing: /Users/zhoubot/linx-isa/tools/pyCircuit/.pycircuit_out/gates/20260903-ac-table-stack-closure-r5/agentic-circuit/toolchain/install/include/verilog/pyc_sync_mem.v
-- Installing: /Users/zhoubot/linx-isa/tools/pyCircuit/.pycircuit_out/gates/20260903-ac-table-stack-closure-r5/agentic-circuit/toolchain/install/include/verilog/pyc_not.v
-- Installing: /Users/zhoubot/linx-isa/tools/pyCircuit/.pycircuit_out/gates/20260903-ac-table-stack-closure-r5/agentic-circuit/toolchain/install/include/verilog/pyc_or.v
-- Installing: /Users/zhoubot/linx-isa/tools/pyCircuit/.pycircuit_out/gates/20260903-ac-table-stack-closure-r5/agentic-circuit/toolchain/install/include/verilog/pyc_add.v
-- Installing: /Users/zhoubot/linx-isa/tools/pyCircuit/.pycircuit_out/gates/20260903-ac-table-stack-closure-r5/agentic-circuit/toolchain/install/include/verilog/pyc_fifo.v
-- Installing: /Users/zhoubot/linx-isa/tools/pyCircuit/.pycircuit_out/gates/20260903-ac-table-stack-closure-r5/agentic-circuit/toolchain/install/lib/libpyc6_runtime.a
-- Installing: /Users/zhoubot/linx-isa/tools/pyCircuit/.pycircuit_out/gates/20260903-ac-table-stack-closure-r5/agentic-circuit/toolchain/install/share/pycircuit/python/pycircuit
-- Installing: /Users/zhoubot/linx-isa/tools/pyCircuit/.pycircuit_out/gates/20260903-ac-table-stack-closure-r5/agentic-circuit/toolchain/install/share/pycircuit/python/pycircuit/jit_cache.py
-- Installing: /Users/zhoubot/linx-isa/tools/pyCircuit/.pycircuit_out/gates/20260903-ac-table-stack-closure-r5/agentic-circuit/toolchain/install/share/pycircuit/python/pycircuit/trace_dsl.py
-- Installing: /Users/zhoubot/linx-isa/tools/pyCircuit/.pycircuit_out/gates/20260903-ac-table-stack-closure-r5/agentic-circuit/toolchain/install/share/pycircuit/python/pycircuit/packaged_toolchain.py
-- Installing: /Users/zhoubot/linx-isa/tools/pyCircuit/.pycircuit_out/gates/20260903-ac-table-stack-closure-r5/agentic-circuit/toolchain/install/share/pycircuit/python/pycircuit/dsl.py
-- Installing: /Users/zhoubot/linx-isa/tools/pyCircuit/.pycircuit_out/gates/20260903-ac-table-stack-closure-r5/agentic-circuit/toolchain/install/share/pycircuit/python/pycircuit/enums.py
-- Installing: /Users/zhoubot/linx-isa/tools/pyCircuit/.pycircuit_out/gates/20260903-ac-table-stack-closure-r5/agentic-circuit/toolchain/install/share/pycircuit/python/pycircuit/connectors.py
-- Installing: /Users/zhoubot/linx-isa/tools/pyCircuit/.pycircuit_out/gates/20260903-ac-table-stack-closure-r5/agentic-circuit/toolchain/install/share/pycircuit/python/pycircuit/api_contract.py
-- Installing: /Users/zhoubot/linx-isa/tools/pyCircuit/.pycircuit_out/gates/20260903-ac-table-stack-closure-r5/agentic-circuit/toolchain/install/share/pycircuit/python/pycircuit/jit.py
-- Installing: /Users/zhoubot/linx-isa/tools/pyCircuit/.pycircuit_out/gates/20260903-ac-table-stack-closure-r5/agentic-circuit/toolchain/install/share/pycircuit/python/pycircuit/path_shortening.py
-- Installing: /Users/zhoubot/linx-isa/tools/pyCircuit/.pycircuit_out/gates/20260903-ac-table-stack-closure-r5/agentic-circuit/toolchain/install/share/pycircuit/python/pycircuit/tb.py
-- Installing: /Users/zhoubot/linx-isa/tools/pyCircuit/.pycircuit_out/gates/20260903-ac-table-stack-closure-r5/agentic-circuit/toolchain/install/share/pycircuit/python/pycircuit/hierarchical.py
-- Installing: /Users/zhoubot/linx-isa/tools/pyCircuit/.pycircuit_out/gates/20260903-ac-table-stack-closure-r5/agentic-circuit/toolchain/install/share/pycircuit/python/pycircuit/diagnostics.py
-- Installing: /Users/zhoubot/linx-isa/tools/pyCircuit/.pycircuit_out/gates/20260903-ac-table-stack-closure-r5/agentic-circuit/toolchain/install/share/pycircuit/python/pycircuit/testbench.py
-- Installing: /Users/zhoubot/linx-isa/tools/pyCircuit/.pycircuit_out/gates/20260903-ac-table-stack-closure-r5/agentic-circuit/toolchain/install/share/pycircuit/python/pycircuit/hw.py
-- Installing: /Users/zhoubot/linx-isa/tools/pyCircuit/.pycircuit_out/gates/20260903-ac-table-stack-closure-r5/agentic-circuit/toolchain/install/share/pycircuit/python/pycircuit/tests
-- Installing: /Users/zhoubot/linx-isa/tools/pyCircuit/.pycircuit_out/gates/20260903-ac-table-stack-closure-r5/agentic-circuit/toolchain/install/share/pycircuit/python/pycircuit/spec
-- Installing: /Users/zhoubot/linx-isa/tools/pyCircuit/.pycircuit_out/gates/20260903-ac-table-stack-closure-r5/agentic-circuit/toolchain/install/share/pycircuit/python/pycircuit/spec/builders.py
-- Installing: /Users/zhoubot/linx-isa/tools/pyCircuit/.pycircuit_out/gates/20260903-ac-table-stack-closure-r5/agentic-circuit/toolchain/install/share/pycircuit/python/pycircuit/spec/__init__.py
-- Installing: /Users/zhoubot/linx-isa/tools/pyCircuit/.pycircuit_out/gates/20260903-ac-table-stack-closure-r5/agentic-circuit/toolchain/install/share/pycircuit/python/pycircuit/spec/types.py
-- Installing: /Users/zhoubot/linx-isa/tools/pyCircuit/.pycircuit_out/gates/20260903-ac-table-stack-closure-r5/agentic-circuit/toolchain/install/share/pycircuit/python/pycircuit/spec/dse.py
-- Installing: /Users/zhoubot/linx-isa/tools/pyCircuit/.pycircuit_out/gates/20260903-ac-table-stack-closure-r5/agentic-circuit/toolchain/install/share/pycircuit/python/pycircuit/logic
-- Installing: /Users/zhoubot/linx-isa/tools/pyCircuit/.pycircuit_out/gates/20260903-ac-table-stack-closure-r5/agentic-circuit/toolchain/install/share/pycircuit/python/pycircuit/logic/__init__.py
-- Installing: /Users/zhoubot/linx-isa/tools/pyCircuit/.pycircuit_out/gates/20260903-ac-table-stack-closure-r5/agentic-circuit/toolchain/install/share/pycircuit/python/pycircuit/design.py
-- Installing: /Users/zhoubot/linx-isa/tools/pyCircuit/.pycircuit_out/gates/20260903-ac-table-stack-closure-r5/agentic-circuit/toolchain/install/share/pycircuit/python/pycircuit/__init__.py
-- Installing: /Users/zhoubot/linx-isa/tools/pyCircuit/.pycircuit_out/gates/20260903-ac-table-stack-closure-r5/agentic-circuit/toolchain/install/share/pycircuit/python/pycircuit/ct.py
-- Installing: /Users/zhoubot/linx-isa/tools/pyCircuit/.pycircuit_out/gates/20260903-ac-table-stack-closure-r5/agentic-circuit/toolchain/install/share/pycircuit/python/pycircuit/literals.py
-- Installing: /Users/zhoubot/linx-isa/tools/pyCircuit/.pycircuit_out/gates/20260903-ac-table-stack-closure-r5/agentic-circuit/toolchain/install/share/pycircuit/python/pycircuit/wiring
-- Installing: /Users/zhoubot/linx-isa/tools/pyCircuit/.pycircuit_out/gates/20260903-ac-table-stack-closure-r5/agentic-circuit/toolchain/install/share/pycircuit/python/pycircuit/wiring/connect.py
-- Installing: /Users/zhoubot/linx-isa/tools/pyCircuit/.pycircuit_out/gates/20260903-ac-table-stack-closure-r5/agentic-circuit/toolchain/install/share/pycircuit/python/pycircuit/wiring/__init__.py
-- Installing: /Users/zhoubot/linx-isa/tools/pyCircuit/.pycircuit_out/gates/20260903-ac-table-stack-closure-r5/agentic-circuit/toolchain/install/share/pycircuit/python/pycircuit/sidecar_sections.py
-- Installing: /Users/zhoubot/linx-isa/tools/pyCircuit/.pycircuit_out/gates/20260903-ac-table-stack-closure-r5/agentic-circuit/toolchain/install/share/pycircuit/python/pycircuit/cli.py
-- Installing: /Users/zhoubot/linx-isa/tools/pyCircuit/.pycircuit_out/gates/20260903-ac-table-stack-closure-r5/agentic-circuit/toolchain/install/share/pycircuit/python/pycircuit/probe.py
-- Installing: /Users/zhoubot/linx-isa/tools/pyCircuit/.pycircuit_out/gates/20260903-ac-table-stack-closure-r5/agentic-circuit/toolchain/install/share/pycircuit/python/pycircuit/bitmask.py
-- Installing: /Users/zhoubot/linx-isa/tools/pyCircuit/.pycircuit_out/gates/20260903-ac-table-stack-closure-r5/agentic-circuit/toolchain/install/share/pycircuit/python/pycircuit/lib
-- Installing: /Users/zhoubot/linx-isa/tools/pyCircuit/.pycircuit_out/gates/20260903-ac-table-stack-closure-r5/agentic-circuit/toolchain/install/share/pycircuit/python/pycircuit/lib/queue.py
-- Installing: /Users/zhoubot/linx-isa/tools/pyCircuit/.pycircuit_out/gates/20260903-ac-table-stack-closure-r5/agentic-circuit/toolchain/install/share/pycircuit/python/pycircuit/lib/picker.py
-- Installing: /Users/zhoubot/linx-isa/tools/pyCircuit/.pycircuit_out/gates/20260903-ac-table-stack-closure-r5/agentic-circuit/toolchain/install/share/pycircuit/python/pycircuit/lib/cache.py
-- Installing: /Users/zhoubot/linx-isa/tools/pyCircuit/.pycircuit_out/gates/20260903-ac-table-stack-closure-r5/agentic-circuit/toolchain/install/share/pycircuit/python/pycircuit/lib/__init__.py
-- Installing: /Users/zhoubot/linx-isa/tools/pyCircuit/.pycircuit_out/gates/20260903-ac-table-stack-closure-r5/agentic-circuit/toolchain/install/share/pycircuit/python/pycircuit/lib/stream.py
-- Installing: /Users/zhoubot/linx-isa/tools/pyCircuit/.pycircuit_out/gates/20260903-ac-table-stack-closure-r5/agentic-circuit/toolchain/install/share/pycircuit/python/pycircuit/lib/mem2port.py
-- Installing: /Users/zhoubot/linx-isa/tools/pyCircuit/.pycircuit_out/gates/20260903-ac-table-stack-closure-r5/agentic-circuit/toolchain/install/share/pycircuit/python/pycircuit/lib/sram.py
-- Installing: /Users/zhoubot/linx-isa/tools/pyCircuit/.pycircuit_out/gates/20260903-ac-table-stack-closure-r5/agentic-circuit/toolchain/install/share/pycircuit/python/pycircuit/lib/regfile.py
-- Installing: /Users/zhoubot/linx-isa/tools/pyCircuit/.pycircuit_out/gates/20260903-ac-table-stack-closure-r5/agentic-circuit/toolchain/install/share/pycircuit/python/pycircuit/v6.py
-- Installing: /Users/zhoubot/linx-isa/tools/pyCircuit/.pycircuit_out/gates/20260903-ac-table-stack-closure-r5/agentic-circuit/toolchain/install/share/pycircuit/python/pycircuit/schedule_ir.py
-- Installing: /Users/zhoubot/linx-isa/tools/pyCircuit/.pycircuit_out/gates/20260903-ac-table-stack-closure-r5/agentic-circuit/toolchain/install/share/pycircuit/python/pycircuit/data.py
-- Installing: /Users/zhoubot/linx-isa/tools/pyCircuit/.pycircuit_out/gates/20260903-ac-table-stack-closure-r5/agentic-circuit/toolchain/install/share/pycircuit/python/pycircuit/bitfield.py
-- Installing: /Users/zhoubot/linx-isa/tools/pyCircuit/.pycircuit_out/gates/20260903-ac-table-stack-closure-r5/agentic-circuit/toolchain/install/share/pycircuit/pyproject.toml
-- Installing: /Users/zhoubot/linx-isa/tools/pyCircuit/.pycircuit_out/gates/20260903-ac-table-stack-closure-r5/agentic-circuit/toolchain/install/share/pycircuit/LICENSE
-- Installing: /Users/zhoubot/linx-isa/tools/pyCircuit/.pycircuit_out/gates/20260903-ac-table-stack-closure-r5/agentic-circuit/toolchain/install/share/pycircuit/README.md
-- Installing: /Users/zhoubot/linx-isa/tools/pyCircuit/.pycircuit_out/gates/20260903-ac-table-stack-closure-r5/agentic-circuit/toolchain/install/share/pycircuit/toolchain-metadata.json
-- Installing: /Users/zhoubot/linx-isa/tools/pyCircuit/.pycircuit_out/gates/20260903-ac-table-stack-closure-r5/agentic-circuit/toolchain/install/share/pycircuit/cmake/pycircuitTargets.cmake
-- Installing: /Users/zhoubot/linx-isa/tools/pyCircuit/.pycircuit_out/gates/20260903-ac-table-stack-closure-r5/agentic-circuit/toolchain/install/share/pycircuit/cmake/pycircuitTargets-release.cmake
-- Installing: /Users/zhoubot/linx-isa/tools/pyCircuit/.pycircuit_out/gates/20260903-ac-table-stack-closure-r5/agentic-circuit/toolchain/install/share/pycircuit/cmake/pycircuitConfig.cmake
-- Installing: /Users/zhoubot/linx-isa/tools/pyCircuit/.pycircuit_out/gates/20260903-ac-table-stack-closure-r5/agentic-circuit/toolchain/install/share/pycircuit/cmake/pycircuitConfigVersion.cmake
-- Installing: /Users/zhoubot/linx-isa/tools/pyCircuit/.pycircuit_out/gates/20260903-ac-table-stack-closure-r5/agentic-circuit/toolchain/install/lib/libLLVM.dylib
-- Installing: /Users/zhoubot/linx-isa/tools/pyCircuit/.pycircuit_out/gates/20260903-ac-table-stack-closure-r5/agentic-circuit/toolchain/install/lib/libz3.4.16.dylib
-- Installing: /Users/zhoubot/linx-isa/tools/pyCircuit/.pycircuit_out/gates/20260903-ac-table-stack-closure-r5/agentic-circuit/toolchain/install/lib/libz3.4.16.0.0.dylib
-- Installing: /Users/zhoubot/linx-isa/tools/pyCircuit/.pycircuit_out/gates/20260903-ac-table-stack-closure-r5/agentic-circuit/toolchain/install/lib/libzstd.1.dylib
-- Installing: /Users/zhoubot/linx-isa/tools/pyCircuit/.pycircuit_out/gates/20260903-ac-table-stack-closure-r5/agentic-circuit/toolchain/install/lib/libzstd.1.5.7.dylib
[pyc] ok: /Users/zhoubot/linx-isa/tools/pyCircuit/.pycircuit_out/gates/20260903-ac-table-stack-closure-r5/agentic-circuit/toolchain/install/bin/pycc
[pyc] Agentic Circuit G0/G1/G2 closure passed
