source_project,source_priority,repo_url,commit_sha,branch,module,file,file_stem,suffix,parameter_count,port_count,instance_count,clock_names,reset_names,handshakes
basejump_stl,A,https://github.com/bespoke-silicon-group/basejump_stl.git,b48037e28544425839dbd617d45b1a82631bc1a9,master,bsg_1_to_n_tagged,bsg_dataflow/bsg_1_to_n_tagged.sv,bsg_1_to_n_tagged,.sv,2,7,1,clk_i,reset_i,
basejump_stl,A,https://github.com/bespoke-silicon-group/basejump_stl.git,b48037e28544425839dbd617d45b1a82631bc1a9,master,bsg_1_to_n_tagged_fifo,bsg_dataflow/bsg_1_to_n_tagged_fifo.sv,bsg_1_to_n_tagged_fifo,.sv,7,9,3,clk_i,reset_i,
basejump_stl,A,https://github.com/bespoke-silicon-group/basejump_stl.git,b48037e28544425839dbd617d45b1a82631bc1a9,master,bsg_1_to_n_tagged_fifo_shared,bsg_dataflow/bsg_1_to_n_tagged_fifo_shared.sv,bsg_1_to_n_tagged_fifo_shared,.sv,7,9,8,clk_i,reset_i,
basejump_stl,A,https://github.com/bespoke-silicon-group/basejump_stl.git,b48037e28544425839dbd617d45b1a82631bc1a9,master,bsg_8b10b_decode_comb,bsg_dataflow/bsg_8b10b_decode_comb.sv,bsg_8b10b_decode_comb,.sv,0,7,0,,,
basejump_stl,A,https://github.com/bespoke-silicon-group/basejump_stl.git,b48037e28544425839dbd617d45b1a82631bc1a9,master,bsg_8b10b_encode_comb,bsg_dataflow/bsg_8b10b_encode_comb.sv,bsg_8b10b_encode_comb,.sv,0,6,0,,,
basejump_stl,A,https://github.com/bespoke-silicon-group/basejump_stl.git,b48037e28544425839dbd617d45b1a82631bc1a9,master,bsg_8b10b_shift_decoder,bsg_dataflow/bsg_8b10b_shift_decoder.sv,bsg_8b10b_shift_decoder,.sv,0,7,3,clk_i,,
basejump_stl,A,https://github.com/bespoke-silicon-group/basejump_stl.git,b48037e28544425839dbd617d45b1a82631bc1a9,master,bsg_abs,bsg_misc/bsg_abs.sv,bsg_abs,.sv,1,2,0,,,
basejump_stl,A,https://github.com/bespoke-silicon-group/basejump_stl.git,b48037e28544425839dbd617d45b1a82631bc1a9,master,bsg_adder_cin,bsg_misc/bsg_adder_cin.sv,bsg_adder_cin,.sv,2,4,0,,,
basejump_stl,A,https://github.com/bespoke-silicon-group/basejump_stl.git,b48037e28544425839dbd617d45b1a82631bc1a9,master,bsg_adder_one_hot,bsg_misc/bsg_adder_one_hot.sv,bsg_adder_one_hot,.sv,2,3,0,,,
basejump_stl,A,https://github.com/bespoke-silicon-group/basejump_stl.git,b48037e28544425839dbd617d45b1a82631bc1a9,master,bsg_adder_ripple_carry,bsg_misc/bsg_adder_ripple_carry.sv,bsg_adder_ripple_carry,.sv,1,4,0,,,
basejump_stl,A,https://github.com/bespoke-silicon-group/basejump_stl.git,b48037e28544425839dbd617d45b1a82631bc1a9,master,bsg_and,bsg_misc/bsg_and.sv,bsg_and,.sv,2,3,0,,,
basejump_stl,A,https://github.com/bespoke-silicon-group/basejump_stl.git,b48037e28544425839dbd617d45b1a82631bc1a9,master,bsg_arb_fixed,bsg_misc/bsg_arb_fixed.sv,bsg_arb_fixed,.sv,2,3,1,,,req_gnt
basejump_stl,A,https://github.com/bespoke-silicon-group/basejump_stl.git,b48037e28544425839dbd617d45b1a82631bc1a9,master,bsg_arb_round_robin,bsg_misc/bsg_arb_round_robin.sv,bsg_arb_round_robin,.sv,1,5,1,clk_i,reset_i,req_gnt
basejump_stl,A,https://github.com/bespoke-silicon-group/basejump_stl.git,b48037e28544425839dbd617d45b1a82631bc1a9,master,bsg_arb_round_robin_composable,bsg_misc/bsg_arb_round_robin.sv,bsg_arb_round_robin,.sv,2,6,1,clk_i,reset_i,req_gnt
basejump_stl,A,https://github.com/bespoke-silicon-group/basejump_stl.git,b48037e28544425839dbd617d45b1a82631bc1a9,master,bsg_arb_round_robin_two_level,bsg_misc/bsg_arb_round_robin.sv,bsg_arb_round_robin,.sv,1,6,2,clk_i,reset_i,req_gnt
basejump_stl,A,https://github.com/bespoke-silicon-group/basejump_stl.git,b48037e28544425839dbd617d45b1a82631bc1a9,master,bsg_array_concentrate_static,bsg_misc/bsg_array_concentrate_static.sv,bsg_array_concentrate_static,.sv,4,2,0,,,
basejump_stl,A,https://github.com/bespoke-silicon-group/basejump_stl.git,b48037e28544425839dbd617d45b1a82631bc1a9,master,bsg_array_reverse,bsg_misc/bsg_array_reverse.sv,bsg_array_reverse,.sv,2,2,0,,,
basejump_stl,A,https://github.com/bespoke-silicon-group/basejump_stl.git,b48037e28544425839dbd617d45b1a82631bc1a9,master,bsg_binary_plus_one_to_gray,bsg_misc/bsg_binary_plus_one_to_gray.sv,bsg_binary_plus_one_to_gray,.sv,1,2,1,,,
basejump_stl,A,https://github.com/bespoke-silicon-group/basejump_stl.git,b48037e28544425839dbd617d45b1a82631bc1a9,master,bsg_buf,bsg_misc/bsg_buf.sv,bsg_buf,.sv,2,2,0,,,
basejump_stl,A,https://github.com/bespoke-silicon-group/basejump_stl.git,b48037e28544425839dbd617d45b1a82631bc1a9,master,bsg_buf_ctrl,bsg_misc/bsg_buf_ctrl.sv,bsg_buf_ctrl,.sv,2,2,0,,,
basejump_stl,A,https://github.com/bespoke-silicon-group/basejump_stl.git,b48037e28544425839dbd617d45b1a82631bc1a9,master,bsg_cam_1r1w,bsg_mem/bsg_cam_1r1w.sv,bsg_cam_1r1w,.sv,4,10,3,clk_i,reset_i,
basejump_stl,A,https://github.com/bespoke-silicon-group/basejump_stl.git,b48037e28544425839dbd617d45b1a82631bc1a9,master,bsg_cam_1r1w_replacement,bsg_mem/bsg_cam_1r1w_replacement.sv,bsg_cam_1r1w_replacement,.sv,3,6,9,clk_i,reset_i,
basejump_stl,A,https://github.com/bespoke-silicon-group/basejump_stl.git,b48037e28544425839dbd617d45b1a82631bc1a9,master,bsg_cam_1r1w_sync,bsg_mem/bsg_cam_1r1w_sync.sv,bsg_cam_1r1w_sync,.sv,4,10,2,clk_i,reset_i,
basejump_stl,A,https://github.com/bespoke-silicon-group/basejump_stl.git,b48037e28544425839dbd617d45b1a82631bc1a9,master,bsg_cam_1r1w_sync_unmanaged,bsg_mem/bsg_cam_1r1w_sync_unmanaged.sv,bsg_cam_1r1w_sync_unmanaged,.sv,4,11,2,clk_i,reset_i,
basejump_stl,A,https://github.com/bespoke-silicon-group/basejump_stl.git,b48037e28544425839dbd617d45b1a82631bc1a9,master,bsg_cam_1r1w_tag_array,bsg_mem/bsg_cam_1r1w_tag_array.sv,bsg_cam_1r1w_tag_array,.sv,4,9,2,clk_i,reset_i,
basejump_stl,A,https://github.com/bespoke-silicon-group/basejump_stl.git,b48037e28544425839dbd617d45b1a82631bc1a9,master,bsg_cam_1r1w_unmanaged,bsg_mem/bsg_cam_1r1w_unmanaged.sv,bsg_cam_1r1w_unmanaged,.sv,4,11,2,clk_i,reset_i,
basejump_stl,A,https://github.com/bespoke-silicon-group/basejump_stl.git,b48037e28544425839dbd617d45b1a82631bc1a9,master,bsg_channel_narrow,bsg_dataflow/bsg_channel_narrow.sv,bsg_channel_narrow,.sv,3,6,0,clk_i,reset_i,
basejump_stl,A,https://github.com/bespoke-silicon-group/basejump_stl.git,b48037e28544425839dbd617d45b1a82631bc1a9,master,bsg_channel_tunnel,bsg_dataflow/bsg_channel_tunnel.sv,bsg_channel_tunnel,.sv,9,14,2,clk_i,reset_i,
basejump_stl,A,https://github.com/bespoke-silicon-group/basejump_stl.git,b48037e28544425839dbd617d45b1a82631bc1a9,master,bsg_channel_tunnel_in,bsg_dataflow/bsg_channel_tunnel_in.sv,bsg_channel_tunnel_in,.sv,9,12,2,clk_i,reset_i,
basejump_stl,A,https://github.com/bespoke-silicon-group/basejump_stl.git,b48037e28544425839dbd617d45b1a82631bc1a9,master,bsg_channel_tunnel_out,bsg_dataflow/bsg_channel_tunnel_out.sv,bsg_channel_tunnel_out,.sv,7,12,2,clk_i,reset_i,
basejump_stl,A,https://github.com/bespoke-silicon-group/basejump_stl.git,b48037e28544425839dbd617d45b1a82631bc1a9,master,bsg_channel_tunnel_wormhole,bsg_dataflow/bsg_channel_tunnel_wormhole.sv,bsg_channel_tunnel_wormhole,.sv,11,10,18,clk_i,reset_i,
basejump_stl,A,https://github.com/bespoke-silicon-group/basejump_stl.git,b48037e28544425839dbd617d45b1a82631bc1a9,master,bsg_circular_ptr,bsg_misc/bsg_circular_ptr.sv,bsg_circular_ptr,.sv,4,5,0,clk,reset_i,
basejump_stl,A,https://github.com/bespoke-silicon-group/basejump_stl.git,b48037e28544425839dbd617d45b1a82631bc1a9,master,bsg_clkbuf,bsg_misc/bsg_clkbuf.sv,bsg_clkbuf,.sv,3,2,0,,,
basejump_stl,A,https://github.com/bespoke-silicon-group/basejump_stl.git,b48037e28544425839dbd617d45b1a82631bc1a9,master,bsg_clkgate_optional,bsg_misc/bsg_clkgate_optional.sv,bsg_clkgate_optional,.sv,0,4,1,clk_i,,
basejump_stl,A,https://github.com/bespoke-silicon-group/basejump_stl.git,b48037e28544425839dbd617d45b1a82631bc1a9,master,bsg_compare_and_swap,bsg_dataflow/bsg_compare_and_swap.sv,bsg_compare_and_swap,.sv,4,4,0,,,
basejump_stl,A,https://github.com/bespoke-silicon-group/basejump_stl.git,b48037e28544425839dbd617d45b1a82631bc1a9,master,bsg_concentrate_static,bsg_misc/bsg_concentrate_static.sv,bsg_concentrate_static,.sv,3,2,0,,,
basejump_stl,A,https://github.com/bespoke-silicon-group/basejump_stl.git,b48037e28544425839dbd617d45b1a82631bc1a9,master,bsg_counter_clear_up,bsg_misc/bsg_counter_clear_up.sv,bsg_counter_clear_up,.sv,4,5,0,clk_i,reset_i,
basejump_stl,A,https://github.com/bespoke-silicon-group/basejump_stl.git,b48037e28544425839dbd617d45b1a82631bc1a9,master,bsg_counter_clear_up_multi,bsg_misc/bsg_counter_clear_up_multi.sv,bsg_counter_clear_up_multi,.sv,5,5,1,clk_i,reset_i,
basejump_stl,A,https://github.com/bespoke-silicon-group/basejump_stl.git,b48037e28544425839dbd617d45b1a82631bc1a9,master,bsg_counter_clear_up_one_hot,bsg_misc/bsg_counter_clear_up_one_hot.sv,bsg_counter_clear_up_one_hot,.sv,3,5,0,clk_i,reset_i,
basejump_stl,A,https://github.com/bespoke-silicon-group/basejump_stl.git,b48037e28544425839dbd617d45b1a82631bc1a9,master,bsg_counter_clear_up_saturating,bsg_misc/bsg_counter_clear_up_saturating.sv,bsg_counter_clear_up_saturating,.sv,3,5,0,clk_i,reset_i,
basejump_stl,A,https://github.com/bespoke-silicon-group/basejump_stl.git,b48037e28544425839dbd617d45b1a82631bc1a9,master,bsg_counter_clock_downsample,bsg_misc/bsg_counter_clock_downsample.sv,bsg_counter_clock_downsample,.sv,2,4,1,clk_i,reset_i,
basejump_stl,A,https://github.com/bespoke-silicon-group/basejump_stl.git,b48037e28544425839dbd617d45b1a82631bc1a9,master,bsg_counter_dynamic_limit,bsg_misc/bsg_counter_dynamic_limit.sv,bsg_counter_dynamic_limit,.sv,1,4,0,clk_i,reset_i,
basejump_stl,A,https://github.com/bespoke-silicon-group/basejump_stl.git,b48037e28544425839dbd617d45b1a82631bc1a9,master,bsg_counter_dynamic_limit_en,bsg_misc/bsg_counter_dynamic_limit_en.sv,bsg_counter_dynamic_limit_en,.sv,1,6,0,clk_i,reset_i,
basejump_stl,A,https://github.com/bespoke-silicon-group/basejump_stl.git,b48037e28544425839dbd617d45b1a82631bc1a9,master,bsg_counter_max_clear_up,bsg_misc/bsg_counter_max_clear_up.sv,bsg_counter_max_clear_up,.sv,3,6,0,clk_i,reset_i,
basejump_stl,A,https://github.com/bespoke-silicon-group/basejump_stl.git,b48037e28544425839dbd617d45b1a82631bc1a9,master,bsg_counter_overflow_en,bsg_misc/bsg_counter_overflow_en.sv,bsg_counter_overflow_en,.sv,3,5,0,clk_i,reset_i,
basejump_stl,A,https://github.com/bespoke-silicon-group/basejump_stl.git,b48037e28544425839dbd617d45b1a82631bc1a9,master,bsg_counter_overflow_set_en,bsg_misc/bsg_counter_overflow_set_en.sv,bsg_counter_overflow_set_en,.sv,2,6,0,clk_i,,
basejump_stl,A,https://github.com/bespoke-silicon-group/basejump_stl.git,b48037e28544425839dbd617d45b1a82631bc1a9,master,bsg_counter_set_down,bsg_misc/bsg_counter_set_down.sv,bsg_counter_set_down,.sv,3,6,0,clk_i,reset_i,
basejump_stl,A,https://github.com/bespoke-silicon-group/basejump_stl.git,b48037e28544425839dbd617d45b1a82631bc1a9,master,bsg_counter_set_en,bsg_misc/bsg_counter_set_en.sv,bsg_counter_set_en,.sv,3,6,0,clk_i,reset_i,
basejump_stl,A,https://github.com/bespoke-silicon-group/basejump_stl.git,b48037e28544425839dbd617d45b1a82631bc1a9,master,bsg_counter_up_down,bsg_misc/bsg_counter_up_down.sv,bsg_counter_up_down,.sv,5,5,0,clk_i,reset_i,
basejump_stl,A,https://github.com/bespoke-silicon-group/basejump_stl.git,b48037e28544425839dbd617d45b1a82631bc1a9,master,bsg_counter_up_down_variable,bsg_misc/bsg_counter_up_down_variable.sv,bsg_counter_up_down_variable,.sv,5,5,0,clk_i,reset_i,
basejump_stl,A,https://github.com/bespoke-silicon-group/basejump_stl.git,b48037e28544425839dbd617d45b1a82631bc1a9,master,bsg_counting_leading_zeros,bsg_misc/bsg_counting_leading_zeros.sv,bsg_counting_leading_zeros,.sv,2,2,1,,,
basejump_stl,A,https://github.com/bespoke-silicon-group/basejump_stl.git,b48037e28544425839dbd617d45b1a82631bc1a9,master,bsg_credit_to_token,bsg_dataflow/bsg_credit_to_token.sv,bsg_credit_to_token,.sv,2,5,1,clk_i,reset_i,
basejump_stl,A,https://github.com/bespoke-silicon-group/basejump_stl.git,b48037e28544425839dbd617d45b1a82631bc1a9,master,bsg_crossbar_control_basic_o_by_i,bsg_misc/bsg_crossbar_control_basic_o_by_i.sv,bsg_crossbar_control_basic_o_by_i,.sv,3,8,4,clk_i,reset_i,valid_ready
basejump_stl,A,https://github.com/bespoke-silicon-group/basejump_stl.git,b48037e28544425839dbd617d45b1a82631bc1a9,master,bsg_crossbar_control_locking_o_by_i,bsg_misc/bsg_crossbar_control_locking_o_by_i.sv,bsg_crossbar_control_locking_o_by_i,.sv,3,9,5,clk_i,reset_i,valid_ready
basejump_stl,A,https://github.com/bespoke-silicon-group/basejump_stl.git,b48037e28544425839dbd617d45b1a82631bc1a9,master,bsg_crossbar_o_by_i,bsg_misc/bsg_crossbar_o_by_i.sv,bsg_crossbar_o_by_i,.sv,3,3,1,,,
basejump_stl,A,https://github.com/bespoke-silicon-group/basejump_stl.git,b48037e28544425839dbd617d45b1a82631bc1a9,master,bsg_cycle_counter,bsg_misc/bsg_cycle_counter.sv,bsg_cycle_counter,.sv,2,3,0,clk_i,reset_i,
basejump_stl,A,https://github.com/bespoke-silicon-group/basejump_stl.git,b48037e28544425839dbd617d45b1a82631bc1a9,master,bsg_decode,bsg_misc/bsg_decode.sv,bsg_decode,.sv,1,2,0,,,
basejump_stl,A,https://github.com/bespoke-silicon-group/basejump_stl.git,b48037e28544425839dbd617d45b1a82631bc1a9,master,bsg_decode_thermometer,bsg_misc/bsg_decode_thermometer.sv,bsg_decode_thermometer,.sv,2,2,0,,,
basejump_stl,A,https://github.com/bespoke-silicon-group/basejump_stl.git,b48037e28544425839dbd617d45b1a82631bc1a9,master,bsg_decode_with_v,bsg_misc/bsg_decode_with_v.sv,bsg_decode_with_v,.sv,1,3,1,,,
basejump_stl,A,https://github.com/bespoke-silicon-group/basejump_stl.git,b48037e28544425839dbd617d45b1a82631bc1a9,master,bsg_dff,bsg_misc/bsg_dff.sv,bsg_dff,.sv,3,3,0,clk_i,,
basejump_stl,A,https://github.com/bespoke-silicon-group/basejump_stl.git,b48037e28544425839dbd617d45b1a82631bc1a9,master,bsg_dff_async_reset,bsg_misc/bsg_dff_async_reset.sv,bsg_dff_async_reset,.sv,3,4,0,clk_i,async_reset_i,
basejump_stl,A,https://github.com/bespoke-silicon-group/basejump_stl.git,b48037e28544425839dbd617d45b1a82631bc1a9,master,bsg_dff_chain,bsg_misc/bsg_dff_chain.sv,bsg_dff_chain,.sv,2,3,1,clk_i,,
basejump_stl,A,https://github.com/bespoke-silicon-group/basejump_stl.git,b48037e28544425839dbd617d45b1a82631bc1a9,master,bsg_dff_en,bsg_misc/bsg_dff_en.sv,bsg_dff_en,.sv,3,4,0,clk_i,,
basejump_stl,A,https://github.com/bespoke-silicon-group/basejump_stl.git,b48037e28544425839dbd617d45b1a82631bc1a9,master,bsg_dff_en_bypass,bsg_misc/bsg_dff_en_bypass.sv,bsg_dff_en_bypass,.sv,3,4,1,clk_i,,
basejump_stl,A,https://github.com/bespoke-silicon-group/basejump_stl.git,b48037e28544425839dbd617d45b1a82631bc1a9,master,bsg_dff_en_rep_rep,bsg_misc/bsg_mul_pipelined.sv,bsg_mul_pipelined,.sv,4,4,1,clk_i,,
basejump_stl,A,https://github.com/bespoke-silicon-group/basejump_stl.git,b48037e28544425839dbd617d45b1a82631bc1a9,master,bsg_dff_en_segmented,bsg_misc/bsg_dff_en_segmented.sv,bsg_dff_en_segmented,.sv,5,4,2,clk_i,,
basejump_stl,A,https://github.com/bespoke-silicon-group/basejump_stl.git,b48037e28544425839dbd617d45b1a82631bc1a9,master,bsg_dff_gatestack,bsg_misc/bsg_dff_gatestack.sv,bsg_dff_gatestack,.sv,2,3,0,,,
basejump_stl,A,https://github.com/bespoke-silicon-group/basejump_stl.git,b48037e28544425839dbd617d45b1a82631bc1a9,master,bsg_dff_negedge_reset,bsg_misc/bsg_dff_negedge_reset.sv,bsg_dff_negedge_reset,.sv,2,4,0,clk_i,reset_i,
basejump_stl,A,https://github.com/bespoke-silicon-group/basejump_stl.git,b48037e28544425839dbd617d45b1a82631bc1a9,master,bsg_dff_reset,bsg_misc/bsg_dff_reset.sv,bsg_dff_reset,.sv,3,4,0,clk_i,reset_i,
basejump_stl,A,https://github.com/bespoke-silicon-group/basejump_stl.git,b48037e28544425839dbd617d45b1a82631bc1a9,master,bsg_dff_reset_en,bsg_misc/bsg_dff_reset_en.sv,bsg_dff_reset_en,.sv,3,5,0,clk_i,reset_i,
basejump_stl,A,https://github.com/bespoke-silicon-group/basejump_stl.git,b48037e28544425839dbd617d45b1a82631bc1a9,master,bsg_dff_reset_en_bypass,bsg_misc/bsg_dff_reset_en_bypass.sv,bsg_dff_reset_en_bypass,.sv,3,5,1,clk_i,reset_i,
basejump_stl,A,https://github.com/bespoke-silicon-group/basejump_stl.git,b48037e28544425839dbd617d45b1a82631bc1a9,master,bsg_dff_reset_set_clear,bsg_misc/bsg_dff_reset_set_clear.sv,bsg_dff_reset_set_clear,.sv,2,5,0,clk_i,reset_i,
basejump_stl,A,https://github.com/bespoke-silicon-group/basejump_stl.git,b48037e28544425839dbd617d45b1a82631bc1a9,master,bsg_dff_reset_var_en,bsg_misc/bsg_dff_reset_var_en.sv,bsg_dff_reset_var_en,.sv,2,6,0,clk_i,reset_i;reset_data_i,
basejump_stl,A,https://github.com/bespoke-silicon-group/basejump_stl.git,b48037e28544425839dbd617d45b1a82631bc1a9,master,bsg_dlatch,bsg_misc/bsg_dlatch.sv,bsg_dlatch,.sv,2,3,0,clk_i,,
basejump_stl,A,https://github.com/bespoke-silicon-group/basejump_stl.git,b48037e28544425839dbd617d45b1a82631bc1a9,master,bsg_edge_detect,bsg_misc/bsg_edge_detect.sv,bsg_edge_detect,.sv,1,4,1,clk_i,reset_i,
basejump_stl,A,https://github.com/bespoke-silicon-group/basejump_stl.git,b48037e28544425839dbd617d45b1a82631bc1a9,master,bsg_encode_one_hot,bsg_misc/bsg_encode_one_hot.sv,bsg_encode_one_hot,.sv,3,3,0,,,
basejump_stl,A,https://github.com/bespoke-silicon-group/basejump_stl.git,b48037e28544425839dbd617d45b1a82631bc1a9,master,bsg_expand_bitmask,bsg_misc/bsg_expand_bitmask.sv,bsg_expand_bitmask,.sv,3,2,0,,,
basejump_stl,A,https://github.com/bespoke-silicon-group/basejump_stl.git,b48037e28544425839dbd617d45b1a82631bc1a9,master,bsg_fifo_1r1w_large,bsg_dataflow/bsg_fifo_1r1w_large.sv,bsg_fifo_1r1w_large,.sv,2,8,6,clk_i,reset_i,
basejump_stl,A,https://github.com/bespoke-silicon-group/basejump_stl.git,b48037e28544425839dbd617d45b1a82631bc1a9,master,bsg_fifo_1r1w_large_banked,bsg_dataflow/bsg_fifo_1r1w_large_banked.sv,bsg_fifo_1r1w_large_banked,.sv,2,8,3,clk_i,reset_i,
basejump_stl,A,https://github.com/bespoke-silicon-group/basejump_stl.git,b48037e28544425839dbd617d45b1a82631bc1a9,master,bsg_fifo_1r1w_multi,bsg_dataflow/bsg_fifo_1r1w_multi.sv,bsg_fifo_1r1w_multi,.sv,4,10,7,clk_i,reset_i,
basejump_stl,A,https://github.com/bespoke-silicon-group/basejump_stl.git,b48037e28544425839dbd617d45b1a82631bc1a9,master,bsg_fifo_1r1w_multi_fifo_head,bsg_dataflow/bsg_fifo_1r1w_multi.sv,bsg_fifo_1r1w_multi,.sv,1,11,0,clk_i,reset_i,
basejump_stl,A,https://github.com/bespoke-silicon-group/basejump_stl.git,b48037e28544425839dbd617d45b1a82631bc1a9,master,bsg_fifo_1r1w_narrowed,bsg_dataflow/bsg_fifo_1r1w_narrowed.sv,bsg_fifo_1r1w_narrowed,.sv,6,8,2,clk_i,reset_i,
basejump_stl,A,https://github.com/bespoke-silicon-group/basejump_stl.git,b48037e28544425839dbd617d45b1a82631bc1a9,master,bsg_fifo_1r1w_pseudo_large,bsg_dataflow/bsg_fifo_1r1w_pseudo_large.sv,bsg_fifo_1r1w_pseudo_large,.sv,4,8,2,clk_i,reset_i,
basejump_stl,A,https://github.com/bespoke-silicon-group/basejump_stl.git,b48037e28544425839dbd617d45b1a82631bc1a9,master,bsg_fifo_1r1w_small,bsg_dataflow/bsg_fifo_1r1w_small.sv,bsg_fifo_1r1w_small,.sv,4,8,3,clk_i,reset_i,
basejump_stl,A,https://github.com/bespoke-silicon-group/basejump_stl.git,b48037e28544425839dbd617d45b1a82631bc1a9,master,bsg_fifo_1r1w_small_credit_on_input,bsg_dataflow/bsg_fifo_1r1w_small_credit_on_input.sv,bsg_fifo_1r1w_small_credit_on_input,.sv,3,8,1,clk_i,reset_i,
basejump_stl,A,https://github.com/bespoke-silicon-group/basejump_stl.git,b48037e28544425839dbd617d45b1a82631bc1a9,master,bsg_fifo_1r1w_small_hardened,bsg_dataflow/bsg_fifo_1r1w_small_hardened.sv,bsg_fifo_1r1w_small_hardened,.sv,3,8,4,clk_i,reset_i,
basejump_stl,A,https://github.com/bespoke-silicon-group/basejump_stl.git,b48037e28544425839dbd617d45b1a82631bc1a9,master,bsg_fifo_1r1w_small_hardened_multi,bsg_dataflow/bsg_fifo_1r1w_small_hardened_multi.sv,bsg_fifo_1r1w_small_hardened_multi,.sv,7,9,8,clk_i,reset_i,
basejump_stl,A,https://github.com/bespoke-silicon-group/basejump_stl.git,b48037e28544425839dbd617d45b1a82631bc1a9,master,bsg_fifo_1r1w_small_unhardened,bsg_dataflow/bsg_fifo_1r1w_small_unhardened.sv,bsg_fifo_1r1w_small_unhardened,.sv,3,8,2,clk_i,reset_i,
basejump_stl,A,https://github.com/bespoke-silicon-group/basejump_stl.git,b48037e28544425839dbd617d45b1a82631bc1a9,master,bsg_fifo_1rw_large,bsg_dataflow/bsg_fifo_1rw_large.sv,bsg_fifo_1rw_large,.sv,3,8,3,clk_i,reset_i,
basejump_stl,A,https://github.com/bespoke-silicon-group/basejump_stl.git,b48037e28544425839dbd617d45b1a82631bc1a9,master,bsg_fifo_bypass,bsg_dataflow/bsg_fifo_bypass.sv,bsg_fifo_bypass,.sv,2,12,0,,,
basejump_stl,A,https://github.com/bespoke-silicon-group/basejump_stl.git,b48037e28544425839dbd617d45b1a82631bc1a9,master,bsg_fifo_reorder,bsg_dataflow/bsg_fifo_reorder.sv,bsg_fifo_reorder,.sv,3,13,5,clk_i,reset_i,
basejump_stl,A,https://github.com/bespoke-silicon-group/basejump_stl.git,b48037e28544425839dbd617d45b1a82631bc1a9,master,bsg_fifo_shift_datapath,bsg_dataflow/bsg_fifo_shift_datapath.sv,bsg_fifo_shift_datapath,.sv,3,4,1,clk_i,,
basejump_stl,A,https://github.com/bespoke-silicon-group/basejump_stl.git,b48037e28544425839dbd617d45b1a82631bc1a9,master,bsg_fifo_tracker,bsg_dataflow/bsg_fifo_tracker.sv,bsg_fifo_tracker,.sv,2,9,2,clk_i,reset_i,
basejump_stl,A,https://github.com/bespoke-silicon-group/basejump_stl.git,b48037e28544425839dbd617d45b1a82631bc1a9,master,bsg_flatten_2D_array,bsg_dataflow/bsg_flatten_2D_array.sv,bsg_flatten_2D_array,.sv,2,2,0,,,
basejump_stl,A,https://github.com/bespoke-silicon-group/basejump_stl.git,b48037e28544425839dbd617d45b1a82631bc1a9,master,bsg_flow_convert,bsg_dataflow/bsg_flow_convert.sv,bsg_flow_convert,.sv,11,4,0,,,
basejump_stl,A,https://github.com/bespoke-silicon-group/basejump_stl.git,b48037e28544425839dbd617d45b1a82631bc1a9,master,bsg_flow_counter,bsg_dataflow/bsg_flow_counter.sv,bsg_flow_counter,.sv,4,6,1,clk_i,reset_i,
basejump_stl,A,https://github.com/bespoke-silicon-group/basejump_stl.git,b48037e28544425839dbd617d45b1a82631bc1a9,master,bsg_gray_to_binary,bsg_misc/bsg_gray_to_binary.sv,bsg_gray_to_binary,.sv,1,2,1,,,
basejump_stl,A,https://github.com/bespoke-silicon-group/basejump_stl.git,b48037e28544425839dbd617d45b1a82631bc1a9,master,bsg_hash_bank,bsg_misc/bsg_hash_bank.sv,bsg_hash_bank,.sv,5,3,6,,,
basejump_stl,A,https://github.com/bespoke-silicon-group/basejump_stl.git,b48037e28544425839dbd617d45b1a82631bc1a9,master,bsg_hash_bank_reverse,bsg_misc/bsg_hash_bank_reverse.sv,bsg_hash_bank_reverse,.sv,5,3,6,,,
basejump_stl,A,https://github.com/bespoke-silicon-group/basejump_stl.git,b48037e28544425839dbd617d45b1a82631bc1a9,master,bsg_hashing_ipoly,bsg_misc/bsg_hashing_ipoly.sv,bsg_hashing_ipoly,.sv,3,3,0,,,
basejump_stl,A,https://github.com/bespoke-silicon-group/basejump_stl.git,b48037e28544425839dbd617d45b1a82631bc1a9,master,bsg_icg_neg,bsg_misc/bsg_icg_neg.sv,bsg_icg_neg,.sv,0,3,0,clk_i,,
basejump_stl,A,https://github.com/bespoke-silicon-group/basejump_stl.git,b48037e28544425839dbd617d45b1a82631bc1a9,master,bsg_icg_pos,bsg_misc/bsg_icg_pos.sv,bsg_icg_pos,.sv,0,3,0,clk_i,,
basejump_stl,A,https://github.com/bespoke-silicon-group/basejump_stl.git,b48037e28544425839dbd617d45b1a82631bc1a9,master,bsg_id_pool,bsg_misc/bsg_id_pool.sv,bsg_id_pool,.sv,2,8,1,clk_i,reset_i,
basejump_stl,A,https://github.com/bespoke-silicon-group/basejump_stl.git,b48037e28544425839dbd617d45b1a82631bc1a9,master,bsg_id_pool_dealloc_alloc_one_hot,bsg_misc/bsg_id_pool_dealloc_alloc_one_hot.sv,bsg_id_pool_dealloc_alloc_one_hot,.sv,1,7,2,clk_i,reset_i,
basejump_stl,A,https://github.com/bespoke-silicon-group/basejump_stl.git,b48037e28544425839dbd617d45b1a82631bc1a9,master,bsg_id_pool_with_reserve,bsg_misc/bsg_id_pool_with_reserve.sv,bsg_id_pool_with_reserve,.sv,2,9,4,clk_i,reset_i,
basejump_stl,A,https://github.com/bespoke-silicon-group/basejump_stl.git,b48037e28544425839dbd617d45b1a82631bc1a9,master,bsg_idiv_iterative,bsg_misc/bsg_idiv_iterative.sv,bsg_idiv_iterative,.sv,3,11,15,clk_i,reset_i,
basejump_stl,A,https://github.com/bespoke-silicon-group/basejump_stl.git,b48037e28544425839dbd617d45b1a82631bc1a9,master,bsg_idiv_iterative_controller,bsg_misc/bsg_idiv_iterative_controller.sv,bsg_idiv_iterative_controller,.sv,2,24,1,clk_i,reset_i,
basejump_stl,A,https://github.com/bespoke-silicon-group/basejump_stl.git,b48037e28544425839dbd617d45b1a82631bc1a9,master,bsg_idiv_unsigned_recip,bsg_misc/bsg_idiv_unsigned_recip.sv,bsg_idiv_unsigned_recip,.sv,4,4,0,,,
basejump_stl,A,https://github.com/bespoke-silicon-group/basejump_stl.git,b48037e28544425839dbd617d45b1a82631bc1a9,master,bsg_imod_range,bsg_misc/bsg_imod_range.sv,bsg_imod_range,.sv,5,3,0,,,
basejump_stl,A,https://github.com/bespoke-silicon-group/basejump_stl.git,b48037e28544425839dbd617d45b1a82631bc1a9,master,bsg_imul_iterative,bsg_misc/bsg_imul_iterative.sv,bsg_imul_iterative,.sv,1,12,1,clk_i,reset_i,
basejump_stl,A,https://github.com/bespoke-silicon-group/basejump_stl.git,b48037e28544425839dbd617d45b1a82631bc1a9,master,bsg_inv,bsg_misc/bsg_inv.sv,bsg_inv,.sv,3,2,0,,,
basejump_stl,A,https://github.com/bespoke-silicon-group/basejump_stl.git,b48037e28544425839dbd617d45b1a82631bc1a9,master,bsg_less_than,bsg_misc/bsg_less_than.sv,bsg_less_than,.sv,1,3,0,,,
basejump_stl,A,https://github.com/bespoke-silicon-group/basejump_stl.git,b48037e28544425839dbd617d45b1a82631bc1a9,master,bsg_level_shift_up_down_sink,bsg_misc/bsg_level_shift_up_down_sink.sv,bsg_level_shift_up_down_sink,.sv,1,3,0,,,
basejump_stl,A,https://github.com/bespoke-silicon-group/basejump_stl.git,b48037e28544425839dbd617d45b1a82631bc1a9,master,bsg_level_shift_up_down_source,bsg_misc/bsg_level_shift_up_down_source.sv,bsg_level_shift_up_down_source,.sv,1,3,0,,,
basejump_stl,A,https://github.com/bespoke-silicon-group/basejump_stl.git,b48037e28544425839dbd617d45b1a82631bc1a9,master,bsg_lfsr,bsg_misc/bsg_lfsr.sv,bsg_lfsr,.sv,3,4,0,clk,reset_i,
basejump_stl,A,https://github.com/bespoke-silicon-group/basejump_stl.git,b48037e28544425839dbd617d45b1a82631bc1a9,master,bsg_locking_arb_fixed,bsg_misc/bsg_locking_arb_fixed.sv,bsg_locking_arb_fixed,.sv,2,5,2,clk_i,,req_gnt
basejump_stl,A,https://github.com/bespoke-silicon-group/basejump_stl.git,b48037e28544425839dbd617d45b1a82631bc1a9,master,bsg_lru_pseudo_tree_backup,bsg_misc/bsg_lru_pseudo_tree_backup.sv,bsg_lru_pseudo_tree_backup,.sv,2,3,0,,,
basejump_stl,A,https://github.com/bespoke-silicon-group/basejump_stl.git,b48037e28544425839dbd617d45b1a82631bc1a9,master,bsg_lru_pseudo_tree_decode,bsg_misc/bsg_lru_pseudo_tree_decode.sv,bsg_lru_pseudo_tree_decode,.sv,2,3,0,,,
basejump_stl,A,https://github.com/bespoke-silicon-group/basejump_stl.git,b48037e28544425839dbd617d45b1a82631bc1a9,master,bsg_lru_pseudo_tree_encode,bsg_misc/bsg_lru_pseudo_tree_encode.sv,bsg_lru_pseudo_tree_encode,.sv,2,2,1,,,
basejump_stl,A,https://github.com/bespoke-silicon-group/basejump_stl.git,b48037e28544425839dbd617d45b1a82631bc1a9,master,bsg_make_2D_array,bsg_dataflow/bsg_make_2D_array.sv,bsg_make_2D_array,.sv,2,2,0,,,
basejump_stl,A,https://github.com/bespoke-silicon-group/basejump_stl.git,b48037e28544425839dbd617d45b1a82631bc1a9,master,bsg_mem_1r1w,bsg_mem/bsg_mem_1r1w.sv,bsg_mem_1r1w,.sv,5,8,1,w_clk_i,w_reset_i,
basejump_stl,A,https://github.com/bespoke-silicon-group/basejump_stl.git,b48037e28544425839dbd617d45b1a82631bc1a9,master,bsg_mem_1r1w_one_hot,bsg_mem/bsg_mem_1r1w_one_hot.sv,bsg_mem_1r1w_one_hot,.sv,3,6,2,w_clk_i,w_reset_i,
basejump_stl,A,https://github.com/bespoke-silicon-group/basejump_stl.git,b48037e28544425839dbd617d45b1a82631bc1a9,master,bsg_mem_1r1w_sync,bsg_mem/bsg_mem_1r1w_sync.sv,bsg_mem_1r1w_sync,.sv,9,8,2,clk_i,reset_i,
basejump_stl,A,https://github.com/bespoke-silicon-group/basejump_stl.git,b48037e28544425839dbd617d45b1a82631bc1a9,master,bsg_mem_1r1w_sync_banked,bsg_mem/bsg_mem_1r1w_sync_banked.sv,bsg_mem_1r1w_sync_banked,.sv,11,8,5,clk_i,reset_i,
basejump_stl,A,https://github.com/bespoke-silicon-group/basejump_stl.git,b48037e28544425839dbd617d45b1a82631bc1a9,master,bsg_mem_1r1w_sync_from_1rw_sync,bsg_mem/bsg_mem_1r1w_sync_from_1rw_sync.sv,bsg_mem_1r1w_sync_from_1rw_sync,.sv,7,8,5,clk_i,reset_i,
basejump_stl,A,https://github.com/bespoke-silicon-group/basejump_stl.git,b48037e28544425839dbd617d45b1a82631bc1a9,master,bsg_mem_1r1w_sync_mask_write_bit,bsg_mem/bsg_mem_1r1w_sync_mask_write_bit.sv,bsg_mem_1r1w_sync_mask_write_bit,.sv,8,9,2,clk_i,reset_i,
basejump_stl,A,https://github.com/bespoke-silicon-group/basejump_stl.git,b48037e28544425839dbd617d45b1a82631bc1a9,master,bsg_mem_1r1w_sync_mask_write_bit_synth,bsg_mem/bsg_mem_1r1w_sync_mask_write_bit_synth.sv,bsg_mem_1r1w_sync_mask_write_bit_synth,.sv,6,9,2,clk_i,reset_i,
basejump_stl,A,https://github.com/bespoke-silicon-group/basejump_stl.git,b48037e28544425839dbd617d45b1a82631bc1a9,master,bsg_mem_1r1w_sync_mask_write_byte,bsg_mem/bsg_mem_1r1w_sync_mask_write_byte.sv,bsg_mem_1r1w_sync_mask_write_byte,.sv,9,9,2,clk_i,reset_i,
basejump_stl,A,https://github.com/bespoke-silicon-group/basejump_stl.git,b48037e28544425839dbd617d45b1a82631bc1a9,master,bsg_mem_1r1w_sync_mask_write_byte_synth,bsg_mem/bsg_mem_1r1w_sync_mask_write_byte_synth.sv,bsg_mem_1r1w_sync_mask_write_byte_synth,.sv,8,9,1,clk_i,reset_i,
basejump_stl,A,https://github.com/bespoke-silicon-group/basejump_stl.git,b48037e28544425839dbd617d45b1a82631bc1a9,master,bsg_mem_1r1w_sync_mask_write_var,bsg_mem/bsg_mem_1r1w_sync_mask_write_var.sv,bsg_mem_1r1w_sync_mask_write_var,.sv,7,9,1,clk_i,reset_i,
basejump_stl,A,https://github.com/bespoke-silicon-group/basejump_stl.git,b48037e28544425839dbd617d45b1a82631bc1a9,master,bsg_mem_1r1w_sync_synth,bsg_mem/bsg_mem_1r1w_sync_synth.sv,bsg_mem_1r1w_sync_synth,.sv,6,8,2,clk_i,reset_i,
basejump_stl,A,https://github.com/bespoke-silicon-group/basejump_stl.git,b48037e28544425839dbd617d45b1a82631bc1a9,master,bsg_mem_1r1w_synth,bsg_mem/bsg_mem_1r1w_synth.sv,bsg_mem_1r1w_synth,.sv,4,8,0,w_clk_i,w_reset_i,
basejump_stl,A,https://github.com/bespoke-silicon-group/basejump_stl.git,b48037e28544425839dbd617d45b1a82631bc1a9,master,bsg_mem_1rw_sync,bsg_mem/bsg_mem_1rw_sync.sv,bsg_mem_1rw_sync,.sv,6,7,2,clk_i,reset_i,
basejump_stl,A,https://github.com/bespoke-silicon-group/basejump_stl.git,b48037e28544425839dbd617d45b1a82631bc1a9,master,bsg_mem_1rw_sync_banked,bsg_mem/bsg_mem_1rw_sync_banked.sv,bsg_mem_1rw_sync_banked,.sv,11,7,4,clk_i,reset_i,
basejump_stl,A,https://github.com/bespoke-silicon-group/basejump_stl.git,b48037e28544425839dbd617d45b1a82631bc1a9,master,bsg_mem_1rw_sync_mask_write_bit,bsg_mem/bsg_mem_1rw_sync_mask_write_bit.sv,bsg_mem_1rw_sync_mask_write_bit,.sv,5,8,2,clk_i,reset_i,
basejump_stl,A,https://github.com/bespoke-silicon-group/basejump_stl.git,b48037e28544425839dbd617d45b1a82631bc1a9,master,bsg_mem_1rw_sync_mask_write_bit_banked,bsg_mem/bsg_mem_1rw_sync_mask_write_bit_banked.sv,bsg_mem_1rw_sync_mask_write_bit_banked,.sv,10,8,4,clk_i,reset_i,
basejump_stl,A,https://github.com/bespoke-silicon-group/basejump_stl.git,b48037e28544425839dbd617d45b1a82631bc1a9,master,bsg_mem_1rw_sync_mask_write_bit_from_1r1w,bsg_mem/bsg_mem_1rw_sync_mask_write_bit_from_1r1w.sv,bsg_mem_1rw_sync_mask_write_bit_from_1r1w,.sv,7,8,6,clk_i,reset_i,
basejump_stl,A,https://github.com/bespoke-silicon-group/basejump_stl.git,b48037e28544425839dbd617d45b1a82631bc1a9,master,bsg_mem_1rw_sync_mask_write_bit_segmented,bsg_mem/bsg_mem_1rw_sync_mask_write_bit_segmented.sv,bsg_mem_1rw_sync_mask_write_bit_segmented,.sv,6,8,3,clk_i,reset_i,
basejump_stl,A,https://github.com/bespoke-silicon-group/basejump_stl.git,b48037e28544425839dbd617d45b1a82631bc1a9,master,bsg_mem_1rw_sync_mask_write_bit_synth,bsg_mem/bsg_mem_1rw_sync_mask_write_bit_synth.sv,bsg_mem_1rw_sync_mask_write_bit_synth,.sv,4,8,2,clk_i,reset_i,
basejump_stl,A,https://github.com/bespoke-silicon-group/basejump_stl.git,b48037e28544425839dbd617d45b1a82631bc1a9,master,bsg_mem_1rw_sync_mask_write_byte,bsg_mem/bsg_mem_1rw_sync_mask_write_byte.sv,bsg_mem_1rw_sync_mask_write_byte,.sv,6,8,2,clk_i,reset_i,
basejump_stl,A,https://github.com/bespoke-silicon-group/basejump_stl.git,b48037e28544425839dbd617d45b1a82631bc1a9,master,bsg_mem_1rw_sync_mask_write_byte_banked,bsg_mem/bsg_mem_1rw_sync_mask_write_byte_banked.sv,bsg_mem_1rw_sync_mask_write_byte_banked,.sv,12,8,4,clk_i,reset_i,
basejump_stl,A,https://github.com/bespoke-silicon-group/basejump_stl.git,b48037e28544425839dbd617d45b1a82631bc1a9,master,bsg_mem_1rw_sync_mask_write_byte_segmented,bsg_mem/bsg_mem_1rw_sync_mask_write_byte_segmented.sv,bsg_mem_1rw_sync_mask_write_byte_segmented,.sv,7,8,3,clk_i,reset_i,
basejump_stl,A,https://github.com/bespoke-silicon-group/basejump_stl.git,b48037e28544425839dbd617d45b1a82631bc1a9,master,bsg_mem_1rw_sync_mask_write_byte_synth,bsg_mem/bsg_mem_1rw_sync_mask_write_byte_synth.sv,bsg_mem_1rw_sync_mask_write_byte_synth,.sv,5,8,1,clk_i,reset_i,
basejump_stl,A,https://github.com/bespoke-silicon-group/basejump_stl.git,b48037e28544425839dbd617d45b1a82631bc1a9,master,bsg_mem_1rw_sync_mask_write_var,bsg_mem/bsg_mem_1rw_sync_mask_write_var.sv,bsg_mem_1rw_sync_mask_write_var,.sv,5,8,1,clk_i,reset_i,
basejump_stl,A,https://github.com/bespoke-silicon-group/basejump_stl.git,b48037e28544425839dbd617d45b1a82631bc1a9,master,bsg_mem_1rw_sync_segmented,bsg_mem/bsg_mem_1rw_sync_segmented.sv,bsg_mem_1rw_sync_segmented,.sv,7,8,4,clk_i,reset_i,
basejump_stl,A,https://github.com/bespoke-silicon-group/basejump_stl.git,b48037e28544425839dbd617d45b1a82631bc1a9,master,bsg_mem_1rw_sync_synth,bsg_mem/bsg_mem_1rw_sync_synth.sv,bsg_mem_1rw_sync_synth,.sv,5,7,2,clk_i,reset_i,
basejump_stl,A,https://github.com/bespoke-silicon-group/basejump_stl.git,b48037e28544425839dbd617d45b1a82631bc1a9,master,bsg_mem_2r1w,bsg_mem/bsg_mem_2r1w.sv,bsg_mem_2r1w,.sv,4,11,1,w_clk_i,w_reset_i,
basejump_stl,A,https://github.com/bespoke-silicon-group/basejump_stl.git,b48037e28544425839dbd617d45b1a82631bc1a9,master,bsg_mem_2r1w_sync,bsg_mem/bsg_mem_2r1w_sync.sv,bsg_mem_2r1w_sync,.sv,6,11,2,clk_i,reset_i,
basejump_stl,A,https://github.com/bespoke-silicon-group/basejump_stl.git,b48037e28544425839dbd617d45b1a82631bc1a9,master,bsg_mem_2r1w_sync_synth,bsg_mem/bsg_mem_2r1w_sync_synth.sv,bsg_mem_2r1w_sync_synth,.sv,4,11,0,clk_i,reset_i,
basejump_stl,A,https://github.com/bespoke-silicon-group/basejump_stl.git,b48037e28544425839dbd617d45b1a82631bc1a9,master,bsg_mem_2r1w_synth,bsg_mem/bsg_mem_2r1w_synth.sv,bsg_mem_2r1w_synth,.sv,4,11,0,w_clk_i,w_reset_i,
basejump_stl,A,https://github.com/bespoke-silicon-group/basejump_stl.git,b48037e28544425839dbd617d45b1a82631bc1a9,master,bsg_mem_2rw_sync,bsg_mem/bsg_mem_2rw_sync.sv,bsg_mem_2rw_sync,.sv,7,12,2,clk_i,reset_i,
basejump_stl,A,https://github.com/bespoke-silicon-group/basejump_stl.git,b48037e28544425839dbd617d45b1a82631bc1a9,master,bsg_mem_2rw_sync_mask_write_bit,bsg_mem/bsg_mem_2rw_sync_mask_write_bit.sv,bsg_mem_2rw_sync_mask_write_bit,.sv,7,14,2,clk_i,reset_i,
basejump_stl,A,https://github.com/bespoke-silicon-group/basejump_stl.git,b48037e28544425839dbd617d45b1a82631bc1a9,master,bsg_mem_2rw_sync_mask_write_bit_synth,bsg_mem/bsg_mem_2rw_sync_mask_write_bit_synth.sv,bsg_mem_2rw_sync_mask_write_bit_synth,.sv,6,14,0,clk_i,reset_i,
basejump_stl,A,https://github.com/bespoke-silicon-group/basejump_stl.git,b48037e28544425839dbd617d45b1a82631bc1a9,master,bsg_mem_2rw_sync_mask_write_byte,bsg_mem/bsg_mem_2rw_sync_mask_write_byte.sv,bsg_mem_2rw_sync_mask_write_byte,.sv,8,14,2,clk_i,reset_i,
basejump_stl,A,https://github.com/bespoke-silicon-group/basejump_stl.git,b48037e28544425839dbd617d45b1a82631bc1a9,master,bsg_mem_2rw_sync_mask_write_byte_synth,bsg_mem/bsg_mem_2rw_sync_mask_write_byte_synth.sv,bsg_mem_2rw_sync_mask_write_byte_synth,.sv,7,14,1,clk_i,reset_i,
basejump_stl,A,https://github.com/bespoke-silicon-group/basejump_stl.git,b48037e28544425839dbd617d45b1a82631bc1a9,master,bsg_mem_2rw_sync_synth,bsg_mem/bsg_mem_2rw_sync_synth.sv,bsg_mem_2rw_sync_synth,.sv,6,12,0,clk_i,reset_i,
basejump_stl,A,https://github.com/bespoke-silicon-group/basejump_stl.git,b48037e28544425839dbd617d45b1a82631bc1a9,master,bsg_mem_3r1w,bsg_mem/bsg_mem_3r1w.sv,bsg_mem_3r1w,.sv,4,14,1,w_clk_i,w_reset_i,
basejump_stl,A,https://github.com/bespoke-silicon-group/basejump_stl.git,b48037e28544425839dbd617d45b1a82631bc1a9,master,bsg_mem_3r1w_sync,bsg_mem/bsg_mem_3r1w_sync.sv,bsg_mem_3r1w_sync,.sv,6,14,2,clk_i,reset_i,
basejump_stl,A,https://github.com/bespoke-silicon-group/basejump_stl.git,b48037e28544425839dbd617d45b1a82631bc1a9,master,bsg_mem_3r1w_sync_synth,bsg_mem/bsg_mem_3r1w_sync_synth.sv,bsg_mem_3r1w_sync_synth,.sv,4,14,0,clk_i,reset_i,
basejump_stl,A,https://github.com/bespoke-silicon-group/basejump_stl.git,b48037e28544425839dbd617d45b1a82631bc1a9,master,bsg_mem_3r1w_synth,bsg_mem/bsg_mem_3r1w_synth.sv,bsg_mem_3r1w_synth,.sv,4,14,0,w_clk_i,w_reset_i,
basejump_stl,A,https://github.com/bespoke-silicon-group/basejump_stl.git,b48037e28544425839dbd617d45b1a82631bc1a9,master,bsg_mem_banked_crossbar,bsg_mem/bsg_mem_banked_crossbar.sv,bsg_mem_banked_crossbar,.sv,11,11,9,clk_i,reset_i,
basejump_stl,A,https://github.com/bespoke-silicon-group/basejump_stl.git,b48037e28544425839dbd617d45b1a82631bc1a9,master,bsg_mem_banked_crossbar_control_o_by_i,bsg_mem/bsg_mem_banked_crossbar.sv,bsg_mem_banked_crossbar,.sv,4,9,6,clk_i,reset_i,valid_ready
basejump_stl,A,https://github.com/bespoke-silicon-group/basejump_stl.git,b48037e28544425839dbd617d45b1a82631bc1a9,master,bsg_mem_multiport,bsg_mem/bsg_mem_multiport.sv,bsg_mem_multiport,.sv,8,8,0,w_clk_i,w_reset_i,
basejump_stl,A,https://github.com/bespoke-silicon-group/basejump_stl.git,b48037e28544425839dbd617d45b1a82631bc1a9,master,bsg_mem_multiport_latch,bsg_mem/bsg_mem_multiport_latch.sv,bsg_mem_multiport_latch,.sv,7,8,4,clk_i,reset_i,
basejump_stl,A,https://github.com/bespoke-silicon-group/basejump_stl.git,b48037e28544425839dbd617d45b1a82631bc1a9,master,bsg_mem_multiport_latch_write_banked_bypassing,bsg_mem/bsg_mem_multiport_latch_write_banked_bypassing.sv,bsg_mem_multiport_latch_write_banked_bypassing,.sv,6,7,4,clk_i,reset_i,
basejump_stl,A,https://github.com/bespoke-silicon-group/basejump_stl.git,b48037e28544425839dbd617d45b1a82631bc1a9,master,bsg_mem_multiport_latch_write_banked_bypassing_sync,bsg_mem/bsg_mem_multiport_latch_write_banked_bypassing_sync.sv,bsg_mem_multiport_latch_write_banked_bypassing_sync,.sv,6,8,2,clk_i,reset_i,
basejump_stl,A,https://github.com/bespoke-silicon-group/basejump_stl.git,b48037e28544425839dbd617d45b1a82631bc1a9,master,bsg_mul,bsg_misc/bsg_mul.sv,bsg_mul,.sv,2,4,1,,,
basejump_stl,A,https://github.com/bespoke-silicon-group/basejump_stl.git,b48037e28544425839dbd617d45b1a82631bc1a9,master,bsg_mul_16_16,bsg_misc/bsg_mul_pipelined.sv,bsg_mul_pipelined,.sv,1,4,5,,,
basejump_stl,A,https://github.com/bespoke-silicon-group/basejump_stl.git,b48037e28544425839dbd617d45b1a82631bc1a9,master,bsg_mul_32_32,bsg_misc/bsg_mul_pipelined.sv,bsg_mul_pipelined,.sv,2,6,18,clk_i,,
basejump_stl,A,https://github.com/bespoke-silicon-group/basejump_stl.git,b48037e28544425839dbd617d45b1a82631bc1a9,master,bsg_mul_B4B_rep,bsg_misc/bsg_mul_pipelined.sv,bsg_mul_pipelined,.sv,8,7,1,,,
basejump_stl,A,https://github.com/bespoke-silicon-group/basejump_stl.git,b48037e28544425839dbd617d45b1a82631bc1a9,master,bsg_mul_B4B_rep_rep,bsg_misc/bsg_mul_pipelined.sv,bsg_mul_pipelined,.sv,10,7,1,,,
basejump_stl,A,https://github.com/bespoke-silicon-group/basejump_stl.git,b48037e28544425839dbd617d45b1a82631bc1a9,master,bsg_mul_SDN,bsg_misc/bsg_mul_pipelined.sv,bsg_mul_pipelined,.sv,2,3,0,,,
basejump_stl,A,https://github.com/bespoke-silicon-group/basejump_stl.git,b48037e28544425839dbd617d45b1a82631bc1a9,master,bsg_mul_add_unsigned,bsg_misc/bsg_mul_add_unsigned.sv,bsg_mul_add_unsigned,.sv,5,5,2,clk_i,,
basejump_stl,A,https://github.com/bespoke-silicon-group/basejump_stl.git,b48037e28544425839dbd617d45b1a82631bc1a9,master,bsg_mul_array,bsg_misc/bsg_mul_array.sv,bsg_mul_array,.sv,2,6,4,clk_i,rst_i,
basejump_stl,A,https://github.com/bespoke-silicon-group/basejump_stl.git,b48037e28544425839dbd617d45b1a82631bc1a9,master,bsg_mul_array_row,bsg_misc/bsg_mul_array_row.sv,bsg_mul_array_row,.sv,3,13,2,clk_i,rst_i,
basejump_stl,A,https://github.com/bespoke-silicon-group/basejump_stl.git,b48037e28544425839dbd617d45b1a82631bc1a9,master,bsg_mul_booth_4_block,bsg_misc/bsg_mul/bsg_mul_booth_4_block.sv,bsg_mul_booth_4_block,.sv,4,6,1,,,
basejump_stl,A,https://github.com/bespoke-silicon-group/basejump_stl.git,b48037e28544425839dbd617d45b1a82631bc1a9,master,bsg_mul_booth_4_block_rep,bsg_misc/bsg_mul/bsg_mul_booth_4_block_rep.sv,bsg_mul_booth_4_block_rep,.sv,5,6,1,,,
basejump_stl,A,https://github.com/bespoke-silicon-group/basejump_stl.git,b48037e28544425839dbd617d45b1a82631bc1a9,master,bsg_mul_comp42,bsg_misc/bsg_mul/bsg_mul_comp42.sv,bsg_mul_comp42,.sv,0,5,2,,,
basejump_stl,A,https://github.com/bespoke-silicon-group/basejump_stl.git,b48037e28544425839dbd617d45b1a82631bc1a9,master,bsg_mul_comp42_rep,bsg_misc/bsg_mul/bsg_mul_comp42_rep.sv,bsg_mul_comp42_rep,.sv,2,5,1,,,
basejump_stl,A,https://github.com/bespoke-silicon-group/basejump_stl.git,b48037e28544425839dbd617d45b1a82631bc1a9,master,bsg_mul_comp42_rep_rep,bsg_misc/bsg_mul_pipelined.sv,bsg_mul_pipelined,.sv,4,5,1,,,
basejump_stl,A,https://github.com/bespoke-silicon-group/basejump_stl.git,b48037e28544425839dbd617d45b1a82631bc1a9,master,bsg_mul_csa,bsg_misc/bsg_mul_pipelined.sv,bsg_mul_pipelined,.sv,0,5,0,,,
basejump_stl,A,https://github.com/bespoke-silicon-group/basejump_stl.git,b48037e28544425839dbd617d45b1a82631bc1a9,master,bsg_mul_csa_rep,bsg_misc/bsg_mul_pipelined.sv,bsg_mul_pipelined,.sv,4,5,1,,,
basejump_stl,A,https://github.com/bespoke-silicon-group/basejump_stl.git,b48037e28544425839dbd617d45b1a82631bc1a9,master,bsg_mul_green_booth_dots,bsg_misc/bsg_mul_pipelined.sv,bsg_mul_pipelined,.sv,4,3,1,,,
basejump_stl,A,https://github.com/bespoke-silicon-group/basejump_stl.git,b48037e28544425839dbd617d45b1a82631bc1a9,master,bsg_mul_pipelined,bsg_misc/bsg_mul_pipelined.sv,bsg_mul_pipelined,.sv,3,6,2,clk_i,,
basejump_stl,A,https://github.com/bespoke-silicon-group/basejump_stl.git,b48037e28544425839dbd617d45b1a82631bc1a9,master,bsg_mul_synth,bsg_misc/bsg_mul_synth.sv,bsg_mul_synth,.sv,1,3,0,,,
basejump_stl,A,https://github.com/bespoke-silicon-group/basejump_stl.git,b48037e28544425839dbd617d45b1a82631bc1a9,master,bsg_mux,bsg_misc/bsg_mux.sv,bsg_mux,.sv,5,3,0,,,
basejump_stl,A,https://github.com/bespoke-silicon-group/basejump_stl.git,b48037e28544425839dbd617d45b1a82631bc1a9,master,bsg_mux2_gatestack,bsg_misc/bsg_mux2_gatestack.sv,bsg_mux2_gatestack,.sv,2,4,0,,,
basejump_stl,A,https://github.com/bespoke-silicon-group/basejump_stl.git,b48037e28544425839dbd617d45b1a82631bc1a9,master,bsg_mux_bitwise,bsg_misc/bsg_mux_bitwise.sv,bsg_mux_bitwise,.sv,1,4,1,,,
basejump_stl,A,https://github.com/bespoke-silicon-group/basejump_stl.git,b48037e28544425839dbd617d45b1a82631bc1a9,master,bsg_mux_butterfly,bsg_misc/bsg_mux_butterfly.sv,bsg_mux_butterfly,.sv,3,3,1,,,
basejump_stl,A,https://github.com/bespoke-silicon-group/basejump_stl.git,b48037e28544425839dbd617d45b1a82631bc1a9,master,bsg_mux_one_hot,bsg_misc/bsg_mux_one_hot.sv,bsg_mux_one_hot,.sv,3,3,0,,,
basejump_stl,A,https://github.com/bespoke-silicon-group/basejump_stl.git,b48037e28544425839dbd617d45b1a82631bc1a9,master,bsg_mux_segmented,bsg_misc/bsg_mux_segmented.sv,bsg_mux_segmented,.sv,3,4,0,,,
basejump_stl,A,https://github.com/bespoke-silicon-group/basejump_stl.git,b48037e28544425839dbd617d45b1a82631bc1a9,master,bsg_muxi2_gatestack,bsg_misc/bsg_muxi2_gatestack.sv,bsg_muxi2_gatestack,.sv,2,4,0,,,
basejump_stl,A,https://github.com/bespoke-silicon-group/basejump_stl.git,b48037e28544425839dbd617d45b1a82631bc1a9,master,bsg_nand,bsg_misc/bsg_nand.sv,bsg_nand,.sv,2,3,0,,,
basejump_stl,A,https://github.com/bespoke-silicon-group/basejump_stl.git,b48037e28544425839dbd617d45b1a82631bc1a9,master,bsg_nonsynth_mem_1r1w_sync_dma,bsg_mem/bsg_nonsynth_mem_1r1w_sync_dma.sv,bsg_nonsynth_mem_1r1w_sync_dma,.sv,8,8,1,clk_i,reset_i,
basejump_stl,A,https://github.com/bespoke-silicon-group/basejump_stl.git,b48037e28544425839dbd617d45b1a82631bc1a9,master,bsg_nonsynth_mem_1r1w_sync_mask_write_byte_dma,bsg_mem/bsg_nonsynth_mem_1r1w_sync_mask_write_byte_dma.sv,bsg_nonsynth_mem_1r1w_sync_mask_write_byte_dma,.sv,8,9,3,clk_i,reset_i,
basejump_stl,A,https://github.com/bespoke-silicon-group/basejump_stl.git,b48037e28544425839dbd617d45b1a82631bc1a9,master,bsg_nonsynth_mem_1rw_sync_assoc,bsg_mem/bsg_nonsynth_mem_1rw_sync_assoc.sv,bsg_nonsynth_mem_1rw_sync_assoc,.sv,2,7,0,clk_i,reset_i,
basejump_stl,A,https://github.com/bespoke-silicon-group/basejump_stl.git,b48037e28544425839dbd617d45b1a82631bc1a9,master,bsg_nonsynth_mem_1rw_sync_mask_write_byte_assoc,bsg_mem/bsg_nonsynth_mem_1rw_sync_mask_write_byte_assoc.sv,bsg_nonsynth_mem_1rw_sync_mask_write_byte_assoc,.sv,3,8,1,clk_i,reset_i,
basejump_stl,A,https://github.com/bespoke-silicon-group/basejump_stl.git,b48037e28544425839dbd617d45b1a82631bc1a9,master,bsg_nonsynth_mem_1rw_sync_mask_write_byte_dma,bsg_mem/bsg_nonsynth_mem_1rw_sync_mask_write_byte_dma.sv,bsg_nonsynth_mem_1rw_sync_mask_write_byte_dma,.sv,8,8,1,clk_i,reset_i,
basejump_stl,A,https://github.com/bespoke-silicon-group/basejump_stl.git,b48037e28544425839dbd617d45b1a82631bc1a9,master,bsg_nor2,bsg_misc/bsg_nor2.sv,bsg_nor2,.sv,2,3,0,,,
basejump_stl,A,https://github.com/bespoke-silicon-group/basejump_stl.git,b48037e28544425839dbd617d45b1a82631bc1a9,master,bsg_nor3,bsg_misc/bsg_nor3.sv,bsg_nor3,.sv,2,4,0,,,
basejump_stl,A,https://github.com/bespoke-silicon-group/basejump_stl.git,b48037e28544425839dbd617d45b1a82631bc1a9,master,bsg_one_fifo,bsg_dataflow/bsg_one_fifo.sv,bsg_one_fifo,.sv,1,8,2,clk_i,reset_i,
basejump_stl,A,https://github.com/bespoke-silicon-group/basejump_stl.git,b48037e28544425839dbd617d45b1a82631bc1a9,master,bsg_one_fifo_bypass,bsg_dataflow/bsg_one_fifo_bypass.sv,bsg_one_fifo_bypass,.sv,1,8,2,clk_i,reset_i,
basejump_stl,A,https://github.com/bespoke-silicon-group/basejump_stl.git,b48037e28544425839dbd617d45b1a82631bc1a9,master,bsg_parallel_in_serial_out,bsg_dataflow/bsg_parallel_in_serial_out.sv,bsg_parallel_in_serial_out,.sv,4,8,6,clk_i,reset_i,valid_ready
basejump_stl,A,https://github.com/bespoke-silicon-group/basejump_stl.git,b48037e28544425839dbd617d45b1a82631bc1a9,master,bsg_parallel_in_serial_out_dynamic,bsg_dataflow/bsg_parallel_in_serial_out_dynamic.sv,bsg_parallel_in_serial_out_dynamic,.sv,3,10,4,clk_i,reset_i,
basejump_stl,A,https://github.com/bespoke-silicon-group/basejump_stl.git,b48037e28544425839dbd617d45b1a82631bc1a9,master,bsg_parallel_in_serial_out_passthrough,bsg_dataflow/bsg_parallel_in_serial_out_passthrough.sv,bsg_parallel_in_serial_out_passthrough,.sv,3,8,4,clk_i,reset_i,
basejump_stl,A,https://github.com/bespoke-silicon-group/basejump_stl.git,b48037e28544425839dbd617d45b1a82631bc1a9,master,bsg_permute_box,bsg_dataflow/bsg_permute_box.sv,bsg_permute_box,.sv,3,3,0,,,
basejump_stl,A,https://github.com/bespoke-silicon-group/basejump_stl.git,b48037e28544425839dbd617d45b1a82631bc1a9,master,bsg_pg_tree,bsg_misc/bsg_pg_tree.sv,bsg_pg_tree,.sv,9,4,0,,,
basejump_stl,A,https://github.com/bespoke-silicon-group/basejump_stl.git,b48037e28544425839dbd617d45b1a82631bc1a9,master,bsg_pipeline_stall_collapse,bsg_dataflow/bsg_pipeline_stall_collapse.sv,bsg_pipeline_stall_collapse,.sv,3,8,2,clk_i,reset_i,valid_ready
basejump_stl,A,https://github.com/bespoke-silicon-group/basejump_stl.git,b48037e28544425839dbd617d45b1a82631bc1a9,master,bsg_popcount,bsg_misc/bsg_popcount.sv,bsg_popcount,.sv,1,2,2,,,
basejump_stl,A,https://github.com/bespoke-silicon-group/basejump_stl.git,b48037e28544425839dbd617d45b1a82631bc1a9,master,bsg_priority_encode,bsg_misc/bsg_priority_encode.sv,bsg_priority_encode,.sv,2,3,2,,,
basejump_stl,A,https://github.com/bespoke-silicon-group/basejump_stl.git,b48037e28544425839dbd617d45b1a82631bc1a9,master,bsg_priority_encode_one_hot_out,bsg_misc/bsg_priority_encode_one_hot_out.sv,bsg_priority_encode_one_hot_out,.sv,2,3,1,,,
basejump_stl,A,https://github.com/bespoke-silicon-group/basejump_stl.git,b48037e28544425839dbd617d45b1a82631bc1a9,master,bsg_ready_to_credit_flow_converter,bsg_dataflow/bsg_ready_to_credit_flow_converter.sv,bsg_ready_to_credit_flow_converter,.sv,4,6,1,clk_i,reset_i,
basejump_stl,A,https://github.com/bespoke-silicon-group/basejump_stl.git,b48037e28544425839dbd617d45b1a82631bc1a9,master,bsg_reduce,bsg_misc/bsg_reduce.sv,bsg_reduce,.sv,6,2,0,,,
basejump_stl,A,https://github.com/bespoke-silicon-group/basejump_stl.git,b48037e28544425839dbd617d45b1a82631bc1a9,master,bsg_reduce_segmented,bsg_misc/bsg_reduce_segmented.sv,bsg_reduce_segmented,.sv,6,2,0,,,
basejump_stl,A,https://github.com/bespoke-silicon-group/basejump_stl.git,b48037e28544425839dbd617d45b1a82631bc1a9,master,bsg_relay_fifo,bsg_dataflow/bsg_relay_fifo.sv,bsg_relay_fifo,.sv,1,8,1,clk_i,reset_i,
basejump_stl,A,https://github.com/bespoke-silicon-group/basejump_stl.git,b48037e28544425839dbd617d45b1a82631bc1a9,master,bsg_rotate_left,bsg_misc/bsg_rotate_left.sv,bsg_rotate_left,.sv,1,3,0,,,
basejump_stl,A,https://github.com/bespoke-silicon-group/basejump_stl.git,b48037e28544425839dbd617d45b1a82631bc1a9,master,bsg_rotate_right,bsg_misc/bsg_rotate_right.sv,bsg_rotate_right,.sv,1,3,0,,,
basejump_stl,A,https://github.com/bespoke-silicon-group/basejump_stl.git,b48037e28544425839dbd617d45b1a82631bc1a9,master,bsg_round_robin_1_to_n,bsg_dataflow/bsg_round_robin_1_to_n.sv,bsg_round_robin_1_to_n,.sv,1,6,1,clk_i,reset_i,valid_ready
basejump_stl,A,https://github.com/bespoke-silicon-group/basejump_stl.git,b48037e28544425839dbd617d45b1a82631bc1a9,master,bsg_round_robin_2_to_2,bsg_dataflow/bsg_round_robin_2_to_2.sv,bsg_round_robin_2_to_2,.sv,1,8,0,clk_i,reset_i,
basejump_stl,A,https://github.com/bespoke-silicon-group/basejump_stl.git,b48037e28544425839dbd617d45b1a82631bc1a9,master,bsg_round_robin_arb,bsg_misc/bsg_round_robin_arb.sv,bsg_round_robin_arb,.sv,5,9,1,clk_i,reset_i,req_gnt
basejump_stl,A,https://github.com/bespoke-silicon-group/basejump_stl.git,b48037e28544425839dbd617d45b1a82631bc1a9,master,bsg_round_robin_fifo_to_fifo,bsg_dataflow/bsg_round_robin_fifo_to_fifo.sv,bsg_round_robin_fifo_to_fifo,.sv,5,10,4,clk,reset,valid_ready
basejump_stl,A,https://github.com/bespoke-silicon-group/basejump_stl.git,b48037e28544425839dbd617d45b1a82631bc1a9,master,bsg_round_robin_n_to_1,bsg_dataflow/bsg_round_robin_n_to_1.sv,bsg_round_robin_n_to_1,.sv,5,9,5,clk_i,reset_i,
basejump_stl,A,https://github.com/bespoke-silicon-group/basejump_stl.git,b48037e28544425839dbd617d45b1a82631bc1a9,master,bsg_rr_f2f_input,bsg_dataflow/bsg_round_robin_fifo_to_fifo.sv,bsg_round_robin_fifo_to_fifo,.sv,5,9,4,clk,reset,
basejump_stl,A,https://github.com/bespoke-silicon-group/basejump_stl.git,b48037e28544425839dbd617d45b1a82631bc1a9,master,bsg_rr_f2f_middle,bsg_dataflow/bsg_round_robin_fifo_to_fifo.sv,bsg_round_robin_fifo_to_fifo,.sv,3,4,3,,,valid_ready
basejump_stl,A,https://github.com/bespoke-silicon-group/basejump_stl.git,b48037e28544425839dbd617d45b1a82631bc1a9,master,bsg_rr_f2f_output,bsg_dataflow/bsg_round_robin_fifo_to_fifo.sv,bsg_round_robin_fifo_to_fifo,.sv,4,9,3,clk,reset,valid_ready
basejump_stl,A,https://github.com/bespoke-silicon-group/basejump_stl.git,b48037e28544425839dbd617d45b1a82631bc1a9,master,bsg_sbox,bsg_dataflow/bsg_sbox.sv,bsg_sbox,.sv,5,16,3,clk_i,reset_i,
basejump_stl,A,https://github.com/bespoke-silicon-group/basejump_stl.git,b48037e28544425839dbd617d45b1a82631bc1a9,master,bsg_scan,bsg_misc/bsg_scan.sv,bsg_scan,.sv,6,2,0,,,
basejump_stl,A,https://github.com/bespoke-silicon-group/basejump_stl.git,b48037e28544425839dbd617d45b1a82631bc1a9,master,bsg_scatter_gather,bsg_dataflow/bsg_scatter_gather.sv,bsg_scatter_gather,.sv,1,5,1,,,
basejump_stl,A,https://github.com/bespoke-silicon-group/basejump_stl.git,b48037e28544425839dbd617d45b1a82631bc1a9,master,bsg_scheduler_dataflow,bsg_misc/bsg_scheduler_dataflow.sv,bsg_scheduler_dataflow,.sv,4,12,4,clk_i,reset_i,
basejump_stl,A,https://github.com/bespoke-silicon-group/basejump_stl.git,b48037e28544425839dbd617d45b1a82631bc1a9,master,bsg_scheduler_dataflow_entry,bsg_misc/bsg_scheduler_dataflow.sv,bsg_scheduler_dataflow,.sv,3,9,0,clk_i,reset_i,
basejump_stl,A,https://github.com/bespoke-silicon-group/basejump_stl.git,b48037e28544425839dbd617d45b1a82631bc1a9,master,bsg_scheduler_resource,bsg_misc/bsg_scheduler_resource.sv,bsg_scheduler_resource,.sv,6,11,5,clk_i,reset_i,
basejump_stl,A,https://github.com/bespoke-silicon-group/basejump_stl.git,b48037e28544425839dbd617d45b1a82631bc1a9,master,bsg_scoreboard_dealloc_alloc,bsg_misc/bsg_scoreboard_dealloc_alloc.sv,bsg_scoreboard_dealloc_alloc,.sv,1,8,1,clk_i,reset_i,
basejump_stl,A,https://github.com/bespoke-silicon-group/basejump_stl.git,b48037e28544425839dbd617d45b1a82631bc1a9,master,bsg_serial_in_parallel_out,bsg_dataflow/bsg_serial_in_parallel_out.sv,bsg_serial_in_parallel_out,.sv,3,8,0,clk_i,reset_i,valid_ready
basejump_stl,A,https://github.com/bespoke-silicon-group/basejump_stl.git,b48037e28544425839dbd617d45b1a82631bc1a9,master,bsg_serial_in_parallel_out_dynamic,bsg_dataflow/bsg_serial_in_parallel_out_dynamic.sv,bsg_serial_in_parallel_out_dynamic,.sv,3,10,6,clk_i,reset_i,
basejump_stl,A,https://github.com/bespoke-silicon-group/basejump_stl.git,b48037e28544425839dbd617d45b1a82631bc1a9,master,bsg_serial_in_parallel_out_full,bsg_dataflow/bsg_serial_in_parallel_out_full.sv,bsg_serial_in_parallel_out_full,.sv,5,8,4,clk_i,reset_i,
basejump_stl,A,https://github.com/bespoke-silicon-group/basejump_stl.git,b48037e28544425839dbd617d45b1a82631bc1a9,master,bsg_serial_in_parallel_out_passthrough,bsg_dataflow/bsg_serial_in_parallel_out_passthrough.sv,bsg_serial_in_parallel_out_passthrough,.sv,3,8,3,clk_i,reset_i,
basejump_stl,A,https://github.com/bespoke-silicon-group/basejump_stl.git,b48037e28544425839dbd617d45b1a82631bc1a9,master,bsg_shift_reg,bsg_dataflow/bsg_shift_reg.sv,bsg_shift_reg,.sv,2,6,0,clk,reset_i,
basejump_stl,A,https://github.com/bespoke-silicon-group/basejump_stl.git,b48037e28544425839dbd617d45b1a82631bc1a9,master,bsg_sort_4,bsg_dataflow/bsg_sort_4.sv,bsg_sort_4,.sv,4,2,5,,,
basejump_stl,A,https://github.com/bespoke-silicon-group/basejump_stl.git,b48037e28544425839dbd617d45b1a82631bc1a9,master,bsg_sort_stable,bsg_dataflow/bsg_sort_stable.sv,bsg_sort_stable,.sv,4,2,5,,,
basejump_stl,A,https://github.com/bespoke-silicon-group/basejump_stl.git,b48037e28544425839dbd617d45b1a82631bc1a9,master,bsg_sparse_to_dense_boolean,bsg_misc/bsg_sparse_to_dense_boolean.sv,bsg_sparse_to_dense_boolean,.sv,2,5,2,clk_i,reset_i,
basejump_stl,A,https://github.com/bespoke-silicon-group/basejump_stl.git,b48037e28544425839dbd617d45b1a82631bc1a9,master,bsg_strobe,bsg_misc/bsg_strobe.sv,bsg_strobe,.sv,2,4,8,clk_i,reset_r_i,
basejump_stl,A,https://github.com/bespoke-silicon-group/basejump_stl.git,b48037e28544425839dbd617d45b1a82631bc1a9,master,bsg_swap,bsg_misc/bsg_swap.sv,bsg_swap,.sv,1,3,0,,,
basejump_stl,A,https://github.com/bespoke-silicon-group/basejump_stl.git,b48037e28544425839dbd617d45b1a82631bc1a9,master,bsg_thermometer_count,bsg_misc/bsg_thermometer_count.sv,bsg_thermometer_count,.sv,1,2,1,,,
basejump_stl,A,https://github.com/bespoke-silicon-group/basejump_stl.git,b48037e28544425839dbd617d45b1a82631bc1a9,master,bsg_tiehi,bsg_misc/bsg_tiehi.sv,bsg_tiehi,.sv,2,1,0,,,
basejump_stl,A,https://github.com/bespoke-silicon-group/basejump_stl.git,b48037e28544425839dbd617d45b1a82631bc1a9,master,bsg_tielo,bsg_misc/bsg_tielo.sv,bsg_tielo,.sv,2,1,0,,,
basejump_stl,A,https://github.com/bespoke-silicon-group/basejump_stl.git,b48037e28544425839dbd617d45b1a82631bc1a9,master,bsg_transpose,bsg_misc/bsg_transpose.sv,bsg_transpose,.sv,3,2,0,,,
basejump_stl,A,https://github.com/bespoke-silicon-group/basejump_stl.git,b48037e28544425839dbd617d45b1a82631bc1a9,master,bsg_transpose_reduce,bsg_misc/bsg_transpose_reduce.sv,bsg_transpose_reduce,.sv,5,2,2,,,
basejump_stl,A,https://github.com/bespoke-silicon-group/basejump_stl.git,b48037e28544425839dbd617d45b1a82631bc1a9,master,bsg_two_buncher,bsg_dataflow/bsg_two_buncher.sv,bsg_two_buncher,.sv,1,8,0,clk_i,reset_i,
basejump_stl,A,https://github.com/bespoke-silicon-group/basejump_stl.git,b48037e28544425839dbd617d45b1a82631bc1a9,master,bsg_two_fifo,bsg_dataflow/bsg_two_fifo.sv,bsg_two_fifo,.sv,4,8,1,clk_i,reset_i,
basejump_stl,A,https://github.com/bespoke-silicon-group/basejump_stl.git,b48037e28544425839dbd617d45b1a82631bc1a9,master,bsg_unconcentrate_static,bsg_misc/bsg_unconcentrate_static.sv,bsg_unconcentrate_static,.sv,3,2,0,,,
basejump_stl,A,https://github.com/bespoke-silicon-group/basejump_stl.git,b48037e28544425839dbd617d45b1a82631bc1a9,master,bsg_wait_after_reset,bsg_misc/bsg_wait_after_reset.sv,bsg_wait_after_reset,.sv,1,3,0,clk_i,reset_i,
basejump_stl,A,https://github.com/bespoke-silicon-group/basejump_stl.git,b48037e28544425839dbd617d45b1a82631bc1a9,master,bsg_wait_cycles,bsg_misc/bsg_wait_cycles.sv,bsg_wait_cycles,.sv,1,4,0,clk_i,reset_i,
basejump_stl,A,https://github.com/bespoke-silicon-group/basejump_stl.git,b48037e28544425839dbd617d45b1a82631bc1a9,master,bsg_xnor,bsg_misc/bsg_xnor.sv,bsg_xnor,.sv,2,3,0,,,
basejump_stl,A,https://github.com/bespoke-silicon-group/basejump_stl.git,b48037e28544425839dbd617d45b1a82631bc1a9,master,bsg_xor,bsg_misc/bsg_xor.sv,bsg_xor,.sv,2,3,0,,,
basejump_stl,A,https://github.com/bespoke-silicon-group/basejump_stl.git,b48037e28544425839dbd617d45b1a82631bc1a9,master,fn,bsg_misc/bsg_defines.sv,bsg_defines,.sv,0,0,0,,,
blackparrot,B,https://github.com/black-parrot/black-parrot.git,f91010f654a5dfd00f83dbe25dbda482218d540b,master,bp_be_calculator_top,bp_be/src/v/bp_be_calculator/bp_be_calculator_top.sv,bp_be_calculator_top,.sv,0,0,18,,,
blackparrot,B,https://github.com/black-parrot/black-parrot.git,f91010f654a5dfd00f83dbe25dbda482218d540b,master,bp_be_cmd_queue,bp_be/src/v/bp_be_checker/bp_be_cmd_queue.sv,bp_be_cmd_queue,.sv,0,0,2,,,
blackparrot,B,https://github.com/black-parrot/black-parrot.git,f91010f654a5dfd00f83dbe25dbda482218d540b,master,bp_be_csr,bp_be/src/v/bp_be_calculator/bp_be_csr.sv,bp_be_csr,.sv,0,0,8,,,
blackparrot,B,https://github.com/black-parrot/black-parrot.git,f91010f654a5dfd00f83dbe25dbda482218d540b,master,bp_be_dcache,bp_be/src/v/bp_be_dcache/bp_be_dcache.sv,bp_be_dcache,.sv,0,0,40,,,
blackparrot,B,https://github.com/black-parrot/black-parrot.git,f91010f654a5dfd00f83dbe25dbda482218d540b,master,bp_be_dcache_decoder,bp_be/src/v/bp_be_dcache/bp_be_dcache_decoder.sv,bp_be_dcache_decoder,.sv,0,0,2,,,
blackparrot,B,https://github.com/black-parrot/black-parrot.git,f91010f654a5dfd00f83dbe25dbda482218d540b,master,bp_be_dcache_wbuf,bp_be/src/v/bp_be_dcache/bp_be_dcache_wbuf.sv,bp_be_dcache_wbuf,.sv,0,0,8,,,
blackparrot,B,https://github.com/black-parrot/black-parrot.git,f91010f654a5dfd00f83dbe25dbda482218d540b,master,bp_be_detector,bp_be/src/v/bp_be_checker/bp_be_detector.sv,bp_be_detector,.sv,0,0,2,,,
blackparrot,B,https://github.com/black-parrot/black-parrot.git,f91010f654a5dfd00f83dbe25dbda482218d540b,master,bp_be_director,bp_be/src/v/bp_be_checker/bp_be_director.sv,bp_be_director,.sv,0,0,4,,,
blackparrot,B,https://github.com/black-parrot/black-parrot.git,f91010f654a5dfd00f83dbe25dbda482218d540b,master,bp_be_expander,bp_be/src/v/bp_be_checker/bp_be_expander.sv,bp_be_expander,.sv,0,0,0,,,
blackparrot,B,https://github.com/black-parrot/black-parrot.git,f91010f654a5dfd00f83dbe25dbda482218d540b,master,bp_be_fp_box,bp_be/src/v/bp_be_calculator/bp_be_fp_box.sv,bp_be_fp_box,.sv,0,0,2,,,
blackparrot,B,https://github.com/black-parrot/black-parrot.git,f91010f654a5dfd00f83dbe25dbda482218d540b,master,bp_be_fp_rebox,bp_be/src/v/bp_be_calculator/bp_be_fp_rebox.sv,bp_be_fp_rebox,.sv,0,0,1,,,
blackparrot,B,https://github.com/black-parrot/black-parrot.git,f91010f654a5dfd00f83dbe25dbda482218d540b,master,bp_be_fp_unbox,bp_be/src/v/bp_be_calculator/bp_be_fp_unbox.sv,bp_be_fp_unbox,.sv,0,0,2,,,
blackparrot,B,https://github.com/black-parrot/black-parrot.git,f91010f654a5dfd00f83dbe25dbda482218d540b,master,bp_be_instr_decoder,bp_be/src/v/bp_be_checker/bp_be_instr_decoder.sv,bp_be_instr_decoder,.sv,0,0,1,,,
blackparrot,B,https://github.com/black-parrot/black-parrot.git,f91010f654a5dfd00f83dbe25dbda482218d540b,master,bp_be_int_box,bp_be/src/v/bp_be_calculator/bp_be_int_box.sv,bp_be_int_box,.sv,0,0,0,,,
blackparrot,B,https://github.com/black-parrot/black-parrot.git,f91010f654a5dfd00f83dbe25dbda482218d540b,master,bp_be_int_unbox,bp_be/src/v/bp_be_calculator/bp_be_int_unbox.sv,bp_be_int_unbox,.sv,0,0,1,,,
blackparrot,B,https://github.com/black-parrot/black-parrot.git,f91010f654a5dfd00f83dbe25dbda482218d540b,master,bp_be_issue_queue,bp_be/src/v/bp_be_checker/bp_be_issue_queue.sv,bp_be_issue_queue,.sv,0,0,8,,,
blackparrot,B,https://github.com/black-parrot/black-parrot.git,f91010f654a5dfd00f83dbe25dbda482218d540b,master,bp_be_pipe_aux,bp_be/src/v/bp_be_calculator/bp_be_pipe_aux.sv,bp_be_pipe_aux,.sv,0,0,12,,,
blackparrot,B,https://github.com/black-parrot/black-parrot.git,f91010f654a5dfd00f83dbe25dbda482218d540b,master,bp_be_pipe_fma,bp_be/src/v/bp_be_calculator/bp_be_pipe_fma.sv,bp_be_pipe_fma,.sv,0,0,10,,,
blackparrot,B,https://github.com/black-parrot/black-parrot.git,f91010f654a5dfd00f83dbe25dbda482218d540b,master,bp_be_pipe_int,bp_be/src/v/bp_be_calculator/bp_be_pipe_int.sv,bp_be_pipe_int,.sv,0,0,5,,,
blackparrot,B,https://github.com/black-parrot/black-parrot.git,f91010f654a5dfd00f83dbe25dbda482218d540b,master,bp_be_pipe_long,bp_be/src/v/bp_be_calculator/bp_be_pipe_long.sv,bp_be_pipe_long,.sv,0,0,9,,,
blackparrot,B,https://github.com/black-parrot/black-parrot.git,f91010f654a5dfd00f83dbe25dbda482218d540b,master,bp_be_pipe_mem,bp_be/src/v/bp_be_calculator/bp_be_pipe_mem.sv,bp_be_pipe_mem,.sv,0,0,12,,,
blackparrot,B,https://github.com/black-parrot/black-parrot.git,f91010f654a5dfd00f83dbe25dbda482218d540b,master,bp_be_pipe_sys,bp_be/src/v/bp_be_calculator/bp_be_pipe_sys.sv,bp_be_pipe_sys,.sv,0,0,2,,,
blackparrot,B,https://github.com/black-parrot/black-parrot.git,f91010f654a5dfd00f83dbe25dbda482218d540b,master,bp_be_ptw,bp_be/src/v/bp_be_calculator/bp_be_ptw.sv,bp_be_ptw,.sv,0,0,2,,,
blackparrot,B,https://github.com/black-parrot/black-parrot.git,f91010f654a5dfd00f83dbe25dbda482218d540b,master,bp_be_rec_to_raw,bp_be/src/v/bp_be_calculator/bp_be_rec_to_raw.sv,bp_be_rec_to_raw,.sv,0,0,2,,,
blackparrot,B,https://github.com/black-parrot/black-parrot.git,f91010f654a5dfd00f83dbe25dbda482218d540b,master,bp_be_regfile,bp_be/src/v/bp_be_checker/bp_be_regfile.sv,bp_be_regfile,.sv,0,0,6,,,
blackparrot,B,https://github.com/black-parrot/black-parrot.git,f91010f654a5dfd00f83dbe25dbda482218d540b,master,bp_be_reservation,bp_be/src/v/bp_be_calculator/bp_be_reservation.sv,bp_be_reservation,.sv,0,0,6,,,
blackparrot,B,https://github.com/black-parrot/black-parrot.git,f91010f654a5dfd00f83dbe25dbda482218d540b,master,bp_be_scheduler,bp_be/src/v/bp_be_checker/bp_be_scheduler.sv,bp_be_scheduler,.sv,0,0,4,,,
blackparrot,B,https://github.com/black-parrot/black-parrot.git,f91010f654a5dfd00f83dbe25dbda482218d540b,master,bp_be_scoreboard,bp_be/src/v/bp_be_checker/bp_be_scoreboard.sv,bp_be_scoreboard,.sv,0,0,3,,,
blackparrot,B,https://github.com/black-parrot/black-parrot.git,f91010f654a5dfd00f83dbe25dbda482218d540b,master,bp_be_top,bp_be/src/v/bp_be_top.sv,bp_be_top,.sv,0,0,4,,,
blackparrot,B,https://github.com/black-parrot/black-parrot.git,f91010f654a5dfd00f83dbe25dbda482218d540b,master,bp_bedrock_size_to_len,bp_me/src/v/cce/bp_bedrock_size_to_len.sv,bp_bedrock_size_to_len,.sv,0,0,1,,,
blackparrot,B,https://github.com/black-parrot/black-parrot.git,f91010f654a5dfd00f83dbe25dbda482218d540b,master,bp_cacc_complex,bp_top/src/v/bp_cacc_complex.sv,bp_cacc_complex,.sv,0,0,5,,,
blackparrot,B,https://github.com/black-parrot/black-parrot.git,f91010f654a5dfd00f83dbe25dbda482218d540b,master,bp_cacc_tile,bp_top/src/v/bp_cacc_tile.sv,bp_cacc_tile,.sv,0,0,14,,,
blackparrot,B,https://github.com/black-parrot/black-parrot.git,f91010f654a5dfd00f83dbe25dbda482218d540b,master,bp_cacc_tile_node,bp_top/src/v/bp_cacc_tile_node.sv,bp_cacc_tile_node,.sv,0,0,2,,,
blackparrot,B,https://github.com/black-parrot/black-parrot.git,f91010f654a5dfd00f83dbe25dbda482218d540b,master,bp_cacc_vdp,bp_top/src/v/bp_cacc_vdp.sv,bp_cacc_vdp,.sv,0,0,4,,,
blackparrot,B,https://github.com/black-parrot/black-parrot.git,f91010f654a5dfd00f83dbe25dbda482218d540b,master,bp_cce,bp_me/src/v/cce/bp_cce.sv,bp_cce,.sv,0,0,19,,,
blackparrot,B,https://github.com/black-parrot/black-parrot.git,f91010f654a5dfd00f83dbe25dbda482218d540b,master,bp_cce_alu,bp_me/src/v/cce/bp_cce_alu.sv,bp_cce_alu,.sv,0,0,1,,,
blackparrot,B,https://github.com/black-parrot/black-parrot.git,f91010f654a5dfd00f83dbe25dbda482218d540b,master,bp_cce_arbitrate,bp_me/src/v/cce/bp_cce_arbitrate.sv,bp_cce_arbitrate,.sv,0,0,0,,,
blackparrot,B,https://github.com/black-parrot/black-parrot.git,f91010f654a5dfd00f83dbe25dbda482218d540b,master,bp_cce_branch,bp_me/src/v/cce/bp_cce_branch.sv,bp_cce_branch,.sv,0,0,1,,,
blackparrot,B,https://github.com/black-parrot/black-parrot.git,f91010f654a5dfd00f83dbe25dbda482218d540b,master,bp_cce_dir,bp_me/src/v/cce/bp_cce_dir.sv,bp_cce_dir,.sv,0,0,3,,,
blackparrot,B,https://github.com/black-parrot/black-parrot.git,f91010f654a5dfd00f83dbe25dbda482218d540b,master,bp_cce_dir_lru_extract,bp_me/src/v/cce/bp_cce_dir_lru_extract.sv,bp_cce_dir_lru_extract,.sv,0,0,0,,,
blackparrot,B,https://github.com/black-parrot/black-parrot.git,f91010f654a5dfd00f83dbe25dbda482218d540b,master,bp_cce_dir_segment,bp_me/src/v/cce/bp_cce_dir_segment.sv,bp_cce_dir_segment,.sv,0,0,5,,,
blackparrot,B,https://github.com/black-parrot/black-parrot.git,f91010f654a5dfd00f83dbe25dbda482218d540b,master,bp_cce_dir_tag_checker,bp_me/src/v/cce/bp_cce_dir_tag_checker.sv,bp_cce_dir_tag_checker,.sv,0,0,1,,,
blackparrot,B,https://github.com/black-parrot/black-parrot.git,f91010f654a5dfd00f83dbe25dbda482218d540b,master,bp_cce_fsm,bp_me/src/v/cce/bp_cce_fsm.sv,bp_cce_fsm,.sv,0,0,21,,,
blackparrot,B,https://github.com/black-parrot/black-parrot.git,f91010f654a5dfd00f83dbe25dbda482218d540b,master,bp_cce_gad,bp_me/src/v/cce/bp_cce_gad.sv,bp_cce_gad,.sv,0,0,2,,,
blackparrot,B,https://github.com/black-parrot/black-parrot.git,f91010f654a5dfd00f83dbe25dbda482218d540b,master,bp_cce_inst_decode,bp_me/src/v/cce/bp_cce_inst_decode.sv,bp_cce_inst_decode,.sv,0,0,1,,,
blackparrot,B,https://github.com/black-parrot/black-parrot.git,f91010f654a5dfd00f83dbe25dbda482218d540b,master,bp_cce_inst_predecode,bp_me/src/v/cce/bp_cce_inst_predecode.sv,bp_cce_inst_predecode,.sv,0,0,0,,,
blackparrot,B,https://github.com/black-parrot/black-parrot.git,f91010f654a5dfd00f83dbe25dbda482218d540b,master,bp_cce_inst_ram,bp_me/src/v/cce/bp_cce_inst_ram.sv,bp_cce_inst_ram,.sv,0,0,1,,,
blackparrot,B,https://github.com/black-parrot/black-parrot.git,f91010f654a5dfd00f83dbe25dbda482218d540b,master,bp_cce_inst_stall,bp_me/src/v/cce/bp_cce_inst_stall.sv,bp_cce_inst_stall,.sv,0,0,0,,,
blackparrot,B,https://github.com/black-parrot/black-parrot.git,f91010f654a5dfd00f83dbe25dbda482218d540b,master,bp_cce_msg,bp_me/src/v/cce/bp_cce_msg.sv,bp_cce_msg,.sv,0,0,9,,,
blackparrot,B,https://github.com/black-parrot/black-parrot.git,f91010f654a5dfd00f83dbe25dbda482218d540b,master,bp_cce_pending_bits,bp_me/src/v/cce/bp_cce_pending_bits.sv,bp_cce_pending_bits,.sv,0,0,2,,,
blackparrot,B,https://github.com/black-parrot/black-parrot.git,f91010f654a5dfd00f83dbe25dbda482218d540b,master,bp_cce_pma,bp_me/src/v/cce/bp_cce_pma.sv,bp_cce_pma,.sv,0,0,0,,,
blackparrot,B,https://github.com/black-parrot/black-parrot.git,f91010f654a5dfd00f83dbe25dbda482218d540b,master,bp_cce_reg,bp_me/src/v/cce/bp_cce_reg.sv,bp_cce_reg,.sv,0,0,2,,,
blackparrot,B,https://github.com/black-parrot/black-parrot.git,f91010f654a5dfd00f83dbe25dbda482218d540b,master,bp_cce_spec_bits,bp_me/src/v/cce/bp_cce_spec_bits.sv,bp_cce_spec_bits,.sv,0,0,2,,,
blackparrot,B,https://github.com/black-parrot/black-parrot.git,f91010f654a5dfd00f83dbe25dbda482218d540b,master,bp_cce_src_sel,bp_me/src/v/cce/bp_cce_src_sel.sv,bp_cce_src_sel,.sv,0,0,1,,,
blackparrot,B,https://github.com/black-parrot/black-parrot.git,f91010f654a5dfd00f83dbe25dbda482218d540b,master,bp_cce_wrapper,bp_me/src/v/cce/bp_cce_wrapper.sv,bp_cce_wrapper,.sv,0,0,2,,,
blackparrot,B,https://github.com/black-parrot/black-parrot.git,f91010f654a5dfd00f83dbe25dbda482218d540b,master,bp_core,bp_top/src/v/bp_core.sv,bp_core,.sv,0,0,10,,,
blackparrot,B,https://github.com/black-parrot/black-parrot.git,f91010f654a5dfd00f83dbe25dbda482218d540b,master,bp_core_complex,bp_top/src/v/bp_core_complex.sv,bp_core_complex,.sv,0,0,6,,,
blackparrot,B,https://github.com/black-parrot/black-parrot.git,f91010f654a5dfd00f83dbe25dbda482218d540b,master,bp_core_lite,bp_top/src/v/bp_core_lite.sv,bp_core_lite,.sv,0,0,5,,,
blackparrot,B,https://github.com/black-parrot/black-parrot.git,f91010f654a5dfd00f83dbe25dbda482218d540b,master,bp_core_minimal,bp_top/src/v/bp_core_minimal.sv,bp_core_minimal,.sv,0,0,2,,,
blackparrot,B,https://github.com/black-parrot/black-parrot.git,f91010f654a5dfd00f83dbe25dbda482218d540b,master,bp_core_tile,bp_top/src/v/bp_core_tile.sv,bp_core_tile,.sv,0,0,20,,,
blackparrot,B,https://github.com/black-parrot/black-parrot.git,f91010f654a5dfd00f83dbe25dbda482218d540b,master,bp_core_tile_node,bp_top/src/v/bp_core_tile_node.sv,bp_core_tile_node,.sv,0,0,3,,,
blackparrot,B,https://github.com/black-parrot/black-parrot.git,f91010f654a5dfd00f83dbe25dbda482218d540b,master,bp_io_cce,bp_me/src/v/cce/bp_io_cce.sv,bp_io_cce,.sv,0,0,4,,,
blackparrot,B,https://github.com/black-parrot/black-parrot.git,f91010f654a5dfd00f83dbe25dbda482218d540b,master,bp_io_complex,bp_top/src/v/bp_io_complex.sv,bp_io_complex,.sv,0,0,5,,,
blackparrot,B,https://github.com/black-parrot/black-parrot.git,f91010f654a5dfd00f83dbe25dbda482218d540b,master,bp_io_link_to_lce,bp_top/src/v/bp_io_link_to_lce.sv,bp_io_link_to_lce,.sv,0,0,5,,,
blackparrot,B,https://github.com/black-parrot/black-parrot.git,f91010f654a5dfd00f83dbe25dbda482218d540b,master,bp_io_tile,bp_top/src/v/bp_io_tile.sv,bp_io_tile,.sv,0,0,13,,,
blackparrot,B,https://github.com/black-parrot/black-parrot.git,f91010f654a5dfd00f83dbe25dbda482218d540b,master,bp_io_tile_node,bp_top/src/v/bp_io_tile_node.sv,bp_io_tile_node,.sv,0,0,3,,,
blackparrot,B,https://github.com/black-parrot/black-parrot.git,f91010f654a5dfd00f83dbe25dbda482218d540b,master,bp_l2e_tile,bp_top/src/v/bp_l2e_tile.sv,bp_l2e_tile,.sv,0,0,13,,,
blackparrot,B,https://github.com/black-parrot/black-parrot.git,f91010f654a5dfd00f83dbe25dbda482218d540b,master,bp_l2e_tile_node,bp_top/src/v/bp_l2e_tile_node.sv,bp_l2e_tile_node,.sv,0,0,3,,,
blackparrot,B,https://github.com/black-parrot/black-parrot.git,f91010f654a5dfd00f83dbe25dbda482218d540b,master,bp_lce,bp_me/src/v/lce/bp_lce.sv,bp_lce,.sv,0,0,5,,,
blackparrot,B,https://github.com/black-parrot/black-parrot.git,f91010f654a5dfd00f83dbe25dbda482218d540b,master,bp_lce_cmd,bp_me/src/v/lce/bp_lce_cmd.sv,bp_lce_cmd,.sv,0,0,11,,,
blackparrot,B,https://github.com/black-parrot/black-parrot.git,f91010f654a5dfd00f83dbe25dbda482218d540b,master,bp_lce_req,bp_me/src/v/lce/bp_lce_req.sv,bp_lce_req,.sv,0,0,6,,,
blackparrot,B,https://github.com/black-parrot/black-parrot.git,f91010f654a5dfd00f83dbe25dbda482218d540b,master,bp_me_addr_to_cce_id,bp_me/src/v/network/bp_me_addr_to_cce_id.sv,bp_me_addr_to_cce_id,.sv,0,0,1,,,
blackparrot,B,https://github.com/black-parrot/black-parrot.git,f91010f654a5dfd00f83dbe25dbda482218d540b,master,bp_me_bedrock_register,bp_me/src/v/dev/bp_me_bedrock_register.sv,bp_me_bedrock_register,.sv,0,0,4,,,
blackparrot,B,https://github.com/black-parrot/black-parrot.git,f91010f654a5dfd00f83dbe25dbda482218d540b,master,bp_me_cache_controller,bp_me/src/v/dev/bp_me_cache_controller.sv,bp_me_cache_controller,.sv,0,0,11,,,
blackparrot,B,https://github.com/black-parrot/black-parrot.git,f91010f654a5dfd00f83dbe25dbda482218d540b,master,bp_me_cache_slice,bp_me/src/v/dev/bp_me_cache_slice.sv,bp_me_cache_slice,.sv,0,0,4,,,
blackparrot,B,https://github.com/black-parrot/black-parrot.git,f91010f654a5dfd00f83dbe25dbda482218d540b,master,bp_me_cce_id_to_cord,bp_me/src/v/network/bp_me_cce_id_to_cord.sv,bp_me_cce_id_to_cord,.sv,0,0,0,,,
blackparrot,B,https://github.com/black-parrot/black-parrot.git,f91010f654a5dfd00f83dbe25dbda482218d540b,master,bp_me_cfg_slice,bp_me/src/v/dev/bp_me_cfg_slice.sv,bp_me_cfg_slice,.sv,0,0,2,,,
blackparrot,B,https://github.com/black-parrot/black-parrot.git,f91010f654a5dfd00f83dbe25dbda482218d540b,master,bp_me_clint_slice,bp_me/src/v/dev/bp_me_clint_slice.sv,bp_me_clint_slice,.sv,0,0,10,,,
blackparrot,B,https://github.com/black-parrot/black-parrot.git,f91010f654a5dfd00f83dbe25dbda482218d540b,master,bp_me_cord_to_id,bp_me/src/v/network/bp_me_cord_to_id.sv,bp_me_cord_to_id,.sv,0,0,0,,,
blackparrot,B,https://github.com/black-parrot/black-parrot.git,f91010f654a5dfd00f83dbe25dbda482218d540b,master,bp_me_dram_hash_decode,bp_me/src/v/dev/bp_me_dram_hash_decode.sv,bp_me_dram_hash_decode,.sv,0,0,0,,,
blackparrot,B,https://github.com/black-parrot/black-parrot.git,f91010f654a5dfd00f83dbe25dbda482218d540b,master,bp_me_dram_hash_encode,bp_me/src/v/dev/bp_me_dram_hash_encode.sv,bp_me_dram_hash_encode,.sv,0,0,0,,,
blackparrot,B,https://github.com/black-parrot/black-parrot.git,f91010f654a5dfd00f83dbe25dbda482218d540b,master,bp_me_lce_id_to_cord,bp_me/src/v/network/bp_me_lce_id_to_cord.sv,bp_me_lce_id_to_cord,.sv,0,0,0,,,
blackparrot,B,https://github.com/black-parrot/black-parrot.git,f91010f654a5dfd00f83dbe25dbda482218d540b,master,bp_me_loopback,bp_me/src/v/dev/bp_me_loopback.sv,bp_me_loopback,.sv,0,0,2,,,
blackparrot,B,https://github.com/black-parrot/black-parrot.git,f91010f654a5dfd00f83dbe25dbda482218d540b,master,bp_me_stream_gearbox,bp_me/src/v/network/bp_me_stream_gearbox.sv,bp_me_stream_gearbox,.sv,0,0,5,,,
blackparrot,B,https://github.com/black-parrot/black-parrot.git,f91010f654a5dfd00f83dbe25dbda482218d540b,master,bp_me_stream_pump,bp_me/src/v/network/bp_me_stream_pump.sv,bp_me_stream_pump,.sv,0,0,3,,,
blackparrot,B,https://github.com/black-parrot/black-parrot.git,f91010f654a5dfd00f83dbe25dbda482218d540b,master,bp_me_stream_pump_control,bp_me/src/v/network/bp_me_stream_pump_control.sv,bp_me_stream_pump_control,.sv,0,0,2,,,
blackparrot,B,https://github.com/black-parrot/black-parrot.git,f91010f654a5dfd00f83dbe25dbda482218d540b,master,bp_me_stream_pump_in,bp_me/src/v/network/bp_me_stream_pump_in.sv,bp_me_stream_pump_in,.sv,0,0,2,,,
blackparrot,B,https://github.com/black-parrot/black-parrot.git,f91010f654a5dfd00f83dbe25dbda482218d540b,master,bp_me_stream_pump_out,bp_me/src/v/network/bp_me_stream_pump_out.sv,bp_me_stream_pump_out,.sv,0,0,2,,,
blackparrot,B,https://github.com/black-parrot/black-parrot.git,f91010f654a5dfd00f83dbe25dbda482218d540b,master,bp_me_stream_to_wormhole,bp_me/src/v/network/bp_me_stream_to_wormhole.sv,bp_me_stream_to_wormhole,.sv,0,0,5,,,
blackparrot,B,https://github.com/black-parrot/black-parrot.git,f91010f654a5dfd00f83dbe25dbda482218d540b,master,bp_me_wormhole_header_encode,bp_me/src/v/network/bp_me_wormhole_header_encode.sv,bp_me_wormhole_header_encode,.sv,0,0,1,,,
blackparrot,B,https://github.com/black-parrot/black-parrot.git,f91010f654a5dfd00f83dbe25dbda482218d540b,master,bp_me_wormhole_stream_control,bp_me/src/v/network/bp_me_wormhole_stream_control.sv,bp_me_wormhole_stream_control,.sv,2,8,2,clk_i,reset_i,
blackparrot,B,https://github.com/black-parrot/black-parrot.git,f91010f654a5dfd00f83dbe25dbda482218d540b,master,bp_me_wormhole_to_stream,bp_me/src/v/network/bp_me_wormhole_to_stream.sv,bp_me_wormhole_to_stream,.sv,0,0,2,,,
blackparrot,B,https://github.com/black-parrot/black-parrot.git,f91010f654a5dfd00f83dbe25dbda482218d540b,master,bp_me_xbar_stream,bp_me/src/v/network/bp_me_xbar_stream.sv,bp_me_xbar_stream,.sv,0,0,4,,,
blackparrot,B,https://github.com/black-parrot/black-parrot.git,f91010f654a5dfd00f83dbe25dbda482218d540b,master,bp_mem_complex,bp_top/src/v/bp_mem_complex.sv,bp_mem_complex,.sv,0,0,5,,,
blackparrot,B,https://github.com/black-parrot/black-parrot.git,f91010f654a5dfd00f83dbe25dbda482218d540b,master,bp_mmu,bp_common/src/v/bp_mmu.sv,bp_mmu,.sv,0,0,5,,,
blackparrot,B,https://github.com/black-parrot/black-parrot.git,f91010f654a5dfd00f83dbe25dbda482218d540b,master,bp_multicore,bp_top/src/v/bp_multicore.sv,bp_multicore,.sv,0,0,5,,,
blackparrot,B,https://github.com/black-parrot/black-parrot.git,f91010f654a5dfd00f83dbe25dbda482218d540b,master,bp_nd_socket,bp_top/src/v/bp_nd_socket.sv,bp_nd_socket,.sv,0,0,2,,,
blackparrot,B,https://github.com/black-parrot/black-parrot.git,f91010f654a5dfd00f83dbe25dbda482218d540b,master,bp_pma,bp_common/src/v/bp_pma.sv,bp_pma,.sv,0,0,0,,,
blackparrot,B,https://github.com/black-parrot/black-parrot.git,f91010f654a5dfd00f83dbe25dbda482218d540b,master,bp_processor,bp_top/src/v/bp_processor.sv,bp_processor,.sv,0,0,7,,,
blackparrot,B,https://github.com/black-parrot/black-parrot.git,f91010f654a5dfd00f83dbe25dbda482218d540b,master,bp_sacc_complex,bp_top/src/v/bp_sacc_complex.sv,bp_sacc_complex,.sv,0,0,3,,,
blackparrot,B,https://github.com/black-parrot/black-parrot.git,f91010f654a5dfd00f83dbe25dbda482218d540b,master,bp_sacc_scratchpad,bp_top/src/v/bp_sacc_scratchpad.sv,bp_sacc_scratchpad,.sv,0,0,3,,,
blackparrot,B,https://github.com/black-parrot/black-parrot.git,f91010f654a5dfd00f83dbe25dbda482218d540b,master,bp_sacc_tile,bp_top/src/v/bp_sacc_tile.sv,bp_sacc_tile,.sv,0,0,11,,,
blackparrot,B,https://github.com/black-parrot/black-parrot.git,f91010f654a5dfd00f83dbe25dbda482218d540b,master,bp_sacc_tile_node,bp_top/src/v/bp_sacc_tile_node.sv,bp_sacc_tile_node,.sv,0,0,2,,,
blackparrot,B,https://github.com/black-parrot/black-parrot.git,f91010f654a5dfd00f83dbe25dbda482218d540b,master,bp_sacc_vdp,bp_top/src/v/bp_sacc_vdp.sv,bp_sacc_vdp,.sv,0,0,3,,,
blackparrot,B,https://github.com/black-parrot/black-parrot.git,f91010f654a5dfd00f83dbe25dbda482218d540b,master,bp_tlb,bp_common/src/v/bp_tlb.sv,bp_tlb,.sv,0,0,14,,,
blackparrot,B,https://github.com/black-parrot/black-parrot.git,f91010f654a5dfd00f83dbe25dbda482218d540b,master,bp_uce,bp_me/src/v/cce/bp_uce.sv,bp_uce,.sv,0,0,12,,,
blackparrot,B,https://github.com/black-parrot/black-parrot.git,f91010f654a5dfd00f83dbe25dbda482218d540b,master,bp_unicore,bp_top/src/v/bp_unicore.sv,bp_unicore,.sv,0,0,10,,,
blackparrot,B,https://github.com/black-parrot/black-parrot.git,f91010f654a5dfd00f83dbe25dbda482218d540b,master,bp_unicore_lite,bp_top/src/v/bp_unicore_lite.sv,bp_unicore_lite,.sv,0,0,5,,,
blackparrot,B,https://github.com/black-parrot/black-parrot.git,f91010f654a5dfd00f83dbe25dbda482218d540b,master,bp_unicore_tile,bp_top/src/v/bp_unicore_tile.sv,bp_unicore_tile,.sv,0,0,6,,,
blackparrot,B,https://github.com/black-parrot/black-parrot.git,f91010f654a5dfd00f83dbe25dbda482218d540b,master,bsg_async_noc_link,bp_common/src/v/bsg_async_noc_link.sv,bsg_async_noc_link,.sv,0,0,2,,,
blackparrot,B,https://github.com/black-parrot/black-parrot.git,f91010f654a5dfd00f83dbe25dbda482218d540b,master,bsg_bus_pack,bp_common/src/v/bsg_bus_pack.sv,bsg_bus_pack,.sv,5,4,2,,,
blackparrot,B,https://github.com/black-parrot/black-parrot.git,f91010f654a5dfd00f83dbe25dbda482218d540b,master,bsg_dff_sync_read,bp_common/src/v/bsg_dff_sync_read.sv,bsg_dff_sync_read,.sv,2,5,3,clk_i,reset_i,
blackparrot,B,https://github.com/black-parrot/black-parrot.git,f91010f654a5dfd00f83dbe25dbda482218d540b,master,bsg_fifo_1r1w_edge,bp_common/src/v/bsg_fifo_1r1w_edge.sv,bsg_fifo_1r1w_edge,.sv,1,8,1,clk_i,reset_i,
blackparrot,B,https://github.com/black-parrot/black-parrot.git,f91010f654a5dfd00f83dbe25dbda482218d540b,master,bsg_parallel_in_serial_out_passthrough_dynamic,bp_common/src/v/bsg_parallel_in_serial_out_passthrough_dynamic.sv,bsg_parallel_in_serial_out_passthrough_dynamic,.sv,4,9,4,clk_i,reset_i,
blackparrot,B,https://github.com/black-parrot/black-parrot.git,f91010f654a5dfd00f83dbe25dbda482218d540b,master,bsg_rom_param,bp_common/src/v/bsg_rom_param.sv,bsg_rom_param,.sv,5,2,0,,,
blackparrot,B,https://github.com/black-parrot/black-parrot.git,f91010f654a5dfd00f83dbe25dbda482218d540b,master,bsg_serial_in_parallel_out_passthrough_dynamic,bp_common/src/v/bsg_serial_in_parallel_out_passthrough_dynamic.sv,bsg_serial_in_parallel_out_passthrough_dynamic,.sv,4,9,3,clk_i,reset_i,
cva6,B,https://github.com/openhwgroup/cva6.git,3ac6208ed0210ff66a557dd7dc4e79e34f1f2f4a,master,acc_dispatcher,core/acc_dispatcher.sv,acc_dispatcher,.sv,0,0,7,,,
cva6,B,https://github.com/openhwgroup/cva6.git,3ac6208ed0210ff66a557dd7dc4e79e34f1f2f4a,master,aes,core/aes.sv,aes,.sv,0,0,1,,,
cva6,B,https://github.com/openhwgroup/cva6.git,3ac6208ed0210ff66a557dd7dc4e79e34f1f2f4a,master,alu,core/alu.sv,alu,.sv,0,0,4,,,
cva6,B,https://github.com/openhwgroup/cva6.git,3ac6208ed0210ff66a557dd7dc4e79e34f1f2f4a,master,alu_wrapper,core/alu_wrapper.sv,alu_wrapper,.sv,0,0,2,,,
cva6,B,https://github.com/openhwgroup/cva6.git,3ac6208ed0210ff66a557dd7dc4e79e34f1f2f4a,master,amo_alu,core/cache_subsystem/amo_alu.sv,amo_alu,.sv,1,4,1,,,
cva6,B,https://github.com/openhwgroup/cva6.git,3ac6208ed0210ff66a557dd7dc4e79e34f1f2f4a,master,amo_buffer,core/amo_buffer.sv,amo_buffer,.sv,1,13,1,clk_i,rst_ni,valid_ready
cva6,B,https://github.com/openhwgroup/cva6.git,3ac6208ed0210ff66a557dd7dc4e79e34f1f2f4a,master,ariane_regfile,core/ariane_regfile_ff.sv,ariane_regfile_ff,.sv,4,8,0,clk_i,rst_ni,
cva6,B,https://github.com/openhwgroup/cva6.git,3ac6208ed0210ff66a557dd7dc4e79e34f1f2f4a,master,ariane_regfile_fpga,core/ariane_regfile_fpga.sv,ariane_regfile_fpga,.sv,4,8,0,clk_i,rst_ni,
cva6,B,https://github.com/openhwgroup/cva6.git,3ac6208ed0210ff66a557dd7dc4e79e34f1f2f4a,master,axi_adapter,core/cache_subsystem/axi_adapter.sv,axi_adapter,.sv,6,19,1,clk_i,rst_ni,req_gnt
cva6,B,https://github.com/openhwgroup/cva6.git,3ac6208ed0210ff66a557dd7dc4e79e34f1f2f4a,master,axi_adapter_arbiter,core/cache_subsystem/miss_handler.sv,miss_handler,.sv,4,6,0,clk_i,rst_ni,
cva6,B,https://github.com/openhwgroup/cva6.git,3ac6208ed0210ff66a557dd7dc4e79e34f1f2f4a,master,axi_shim,core/axi_shim.sv,axi_shim,.sv,4,33,0,clk_i,rst_ni,req_gnt
cva6,B,https://github.com/openhwgroup/cva6.git,3ac6208ed0210ff66a557dd7dc4e79e34f1f2f4a,master,bht,core/frontend/bht.sv,bht,.sv,3,7,2,clk_i,rst_ni,
cva6,B,https://github.com/openhwgroup/cva6.git,3ac6208ed0210ff66a557dd7dc4e79e34f1f2f4a,master,bht2lvl,core/frontend/bht2lvl.sv,bht2lvl,.sv,2,6,0,clk_i,rst_ni,
cva6,B,https://github.com/openhwgroup/cva6.git,3ac6208ed0210ff66a557dd7dc4e79e34f1f2f4a,master,branch_unit,core/branch_unit.sv,branch_unit,.sv,5,15,0,clk_i,rst_ni,
cva6,B,https://github.com/openhwgroup/cva6.git,3ac6208ed0210ff66a557dd7dc4e79e34f1f2f4a,master,btb,core/frontend/btb.sv,btb,.sv,4,7,2,clk_i,rst_ni,
cva6,B,https://github.com/openhwgroup/cva6.git,3ac6208ed0210ff66a557dd7dc4e79e34f1f2f4a,master,cache_ctrl,core/cache_subsystem/cache_ctrl.sv,cache_ctrl,.sv,0,0,0,,,
cva6,B,https://github.com/openhwgroup/cva6.git,3ac6208ed0210ff66a557dd7dc4e79e34f1f2f4a,master,commit_stage,core/commit_stage.sv,commit_stage,.sv,0,0,0,,,
cva6,B,https://github.com/openhwgroup/cva6.git,3ac6208ed0210ff66a557dd7dc4e79e34f1f2f4a,master,compressed_decoder,core/compressed_decoder.sv,compressed_decoder,.sv,1,6,1,,,
cva6,B,https://github.com/openhwgroup/cva6.git,3ac6208ed0210ff66a557dd7dc4e79e34f1f2f4a,master,compressed_instr_decoder,core/cvxif_example/compressed_instr_decoder.sv,compressed_instr_decoder,.sv,5,6,0,clk_i,rst_ni,valid_ready
cva6,B,https://github.com/openhwgroup/cva6.git,3ac6208ed0210ff66a557dd7dc4e79e34f1f2f4a,master,controller,core/controller.sv,controller,.sv,0,0,0,,,
cva6,B,https://github.com/openhwgroup/cva6.git,3ac6208ed0210ff66a557dd7dc4e79e34f1f2f4a,master,copro_alu,core/cvxif_example/copro_alu.sv,copro_alu,.sv,0,0,0,,,
cva6,B,https://github.com/openhwgroup/cva6.git,3ac6208ed0210ff66a557dd7dc4e79e34f1f2f4a,master,csr_buffer,core/csr_buffer.sv,csr_buffer,.sv,0,0,0,,,
cva6,B,https://github.com/openhwgroup/cva6.git,3ac6208ed0210ff66a557dd7dc4e79e34f1f2f4a,master,csr_regfile,core/csr_regfile.sv,csr_regfile,.sv,0,0,2,,,
cva6,B,https://github.com/openhwgroup/cva6.git,3ac6208ed0210ff66a557dd7dc4e79e34f1f2f4a,master,cva6,core/cva6.sv,cva6,.sv,0,0,16,,,
cva6,B,https://github.com/openhwgroup/cva6.git,3ac6208ed0210ff66a557dd7dc4e79e34f1f2f4a,master,cva6_accel_first_pass_decoder,core/cva6_accel_first_pass_decoder_stub.sv,cva6_accel_first_pass_decoder_stub,.sv,0,0,0,,,
cva6,B,https://github.com/openhwgroup/cva6.git,3ac6208ed0210ff66a557dd7dc4e79e34f1f2f4a,master,cva6_fifo_v3,core/cva6_fifo_v3.sv,cva6_fifo_v3,.sv,7,11,2,clk_i,rst_ni,
cva6,B,https://github.com/openhwgroup/cva6.git,3ac6208ed0210ff66a557dd7dc4e79e34f1f2f4a,master,cva6_hpdcache_if_adapter,core/cache_subsystem/cva6_hpdcache_if_adapter.sv,cva6_hpdcache_if_adapter,.sv,11,17,1,clk_i,rst_ni,valid_ready
cva6,B,https://github.com/openhwgroup/cva6.git,3ac6208ed0210ff66a557dd7dc4e79e34f1f2f4a,master,cva6_hpdcache_subsystem,core/cache_subsystem/cva6_hpdcache_subsystem.sv,cva6_hpdcache_subsystem,.sv,18,31,4,clk_i,rst_ni,
cva6,B,https://github.com/openhwgroup/cva6.git,3ac6208ed0210ff66a557dd7dc4e79e34f1f2f4a,master,cva6_hpdcache_subsystem_axi_arbiter,core/cache_subsystem/cva6_hpdcache_subsystem_axi_arbiter.sv,cva6_hpdcache_subsystem_axi_arbiter,.sv,19,25,7,clk_i,rst_ni,valid_ready
cva6,B,https://github.com/openhwgroup/cva6.git,3ac6208ed0210ff66a557dd7dc4e79e34f1f2f4a,master,cva6_hpdcache_subsystem_l15_adapter,core/cache_subsystem/cva6_hpdcache_subsystem_l15_adapter.sv,cva6_hpdcache_subsystem_l15_adapter,.sv,0,0,4,,,
cva6,B,https://github.com/openhwgroup/cva6.git,3ac6208ed0210ff66a557dd7dc4e79e34f1f2f4a,master,cva6_hpdcache_wrapper,core/cache_subsystem/cva6_hpdcache_wrapper.sv,cva6_hpdcache_wrapper,.sv,26,39,4,clk_i,rst_ni,valid_ready
cva6,B,https://github.com/openhwgroup/cva6.git,3ac6208ed0210ff66a557dd7dc4e79e34f1f2f4a,master,cva6_icache,core/cache_subsystem/cva6_icache.sv,cva6_icache,.sv,0,0,6,,,
cva6,B,https://github.com/openhwgroup/cva6.git,3ac6208ed0210ff66a557dd7dc4e79e34f1f2f4a,master,cva6_icache_axi_wrapper,core/cache_subsystem/cva6_icache_axi_wrapper.sv,cva6_icache_axi_wrapper,.sv,0,0,2,,,
cva6,B,https://github.com/openhwgroup/cva6.git,3ac6208ed0210ff66a557dd7dc4e79e34f1f2f4a,master,cva6_mmu,core/cva6_mmu/cva6_mmu.sv,cva6_mmu,.sv,0,0,4,,,
cva6,B,https://github.com/openhwgroup/cva6.git,3ac6208ed0210ff66a557dd7dc4e79e34f1f2f4a,master,cva6_ptw,core/cva6_mmu/cva6_ptw.sv,cva6_ptw,.sv,0,0,1,,,
cva6,B,https://github.com/openhwgroup/cva6.git,3ac6208ed0210ff66a557dd7dc4e79e34f1f2f4a,master,cva6_rvfi,core/cva6_rvfi.sv,cva6_rvfi,.sv,0,0,1,,,
cva6,B,https://github.com/openhwgroup/cva6.git,3ac6208ed0210ff66a557dd7dc4e79e34f1f2f4a,master,cva6_rvfi_probes,core/cva6_rvfi_probes.sv,cva6_rvfi_probes,.sv,0,0,0,,,
cva6,B,https://github.com/openhwgroup/cva6.git,3ac6208ed0210ff66a557dd7dc4e79e34f1f2f4a,master,cva6_shared_tlb,core/cva6_mmu/cva6_shared_tlb.sv,cva6_shared_tlb,.sv,5,35,5,clk_i,rst_ni,
cva6,B,https://github.com/openhwgroup/cva6.git,3ac6208ed0210ff66a557dd7dc4e79e34f1f2f4a,master,cva6_tlb,core/cva6_mmu/cva6_tlb.sv,cva6_tlb,.sv,0,0,0,,,
cva6,B,https://github.com/openhwgroup/cva6.git,3ac6208ed0210ff66a557dd7dc4e79e34f1f2f4a,master,cvxif_compressed_if_driver,core/cvxif_compressed_if_driver.sv,cvxif_compressed_if_driver,.sv,3,16,0,clk_i,rst_ni,valid_ready
cva6,B,https://github.com/openhwgroup/cva6.git,3ac6208ed0210ff66a557dd7dc4e79e34f1f2f4a,master,cvxif_example_coprocessor,core/cvxif_example/cvxif_example_coprocessor.sv,cvxif_example_coprocessor,.sv,0,0,3,,,
cva6,B,https://github.com/openhwgroup/cva6.git,3ac6208ed0210ff66a557dd7dc4e79e34f1f2f4a,master,cvxif_fu,core/cvxif_fu.sv,cvxif_fu,.sv,0,0,0,,,
cva6,B,https://github.com/openhwgroup/cva6.git,3ac6208ed0210ff66a557dd7dc4e79e34f1f2f4a,master,cvxif_issue_register_commit_if_driver,core/cvxif_issue_register_commit_if_driver.sv,cvxif_issue_register_commit_if_driver,.sv,5,18,0,clk_i,rst_ni,valid_ready
cva6,B,https://github.com/openhwgroup/cva6.git,3ac6208ed0210ff66a557dd7dc4e79e34f1f2f4a,master,decoder,core/decoder.sv,decoder,.sv,0,0,2,,,
cva6,B,https://github.com/openhwgroup/cva6.git,3ac6208ed0210ff66a557dd7dc4e79e34f1f2f4a,master,ex_stage,core/ex_stage.sv,ex_stage,.sv,0,0,9,,,
cva6,B,https://github.com/openhwgroup/cva6.git,3ac6208ed0210ff66a557dd7dc4e79e34f1f2f4a,master,fpu_wrap,core/fpu_wrap.sv,fpu_wrap,.sv,0,0,2,,,
cva6,B,https://github.com/openhwgroup/cva6.git,3ac6208ed0210ff66a557dd7dc4e79e34f1f2f4a,master,frontend,core/frontend/frontend.sv,frontend,.sv,0,0,8,,,
cva6,B,https://github.com/openhwgroup/cva6.git,3ac6208ed0210ff66a557dd7dc4e79e34f1f2f4a,master,id_stage,core/id_stage.sv,id_stage,.sv,13,43,5,clk_i,rst_ni,valid_ready
cva6,B,https://github.com/openhwgroup/cva6.git,3ac6208ed0210ff66a557dd7dc4e79e34f1f2f4a,master,instr_decoder,core/cvxif_example/instr_decoder.sv,instr_decoder,.sv,11,13,0,clk_i,rst_ni,valid_ready
cva6,B,https://github.com/openhwgroup/cva6.git,3ac6208ed0210ff66a557dd7dc4e79e34f1f2f4a,master,instr_queue,core/frontend/instr_queue.sv,instr_queue,.sv,0,0,6,,,
cva6,B,https://github.com/openhwgroup/cva6.git,3ac6208ed0210ff66a557dd7dc4e79e34f1f2f4a,master,instr_realign,core/instr_realign.sv,instr_realign,.sv,0,0,0,,,
cva6,B,https://github.com/openhwgroup/cva6.git,3ac6208ed0210ff66a557dd7dc4e79e34f1f2f4a,master,instr_scan,core/frontend/instr_scan.sv,instr_scan,.sv,1,14,0,,,
cva6,B,https://github.com/openhwgroup/cva6.git,3ac6208ed0210ff66a557dd7dc4e79e34f1f2f4a,master,issue_read_operands,core/issue_read_operands.sv,issue_read_operands,.sv,0,0,9,,,
cva6,B,https://github.com/openhwgroup/cva6.git,3ac6208ed0210ff66a557dd7dc4e79e34f1f2f4a,master,issue_stage,core/issue_stage.sv,issue_stage,.sv,0,0,2,,,
cva6,B,https://github.com/openhwgroup/cva6.git,3ac6208ed0210ff66a557dd7dc4e79e34f1f2f4a,master,load_store_unit,core/load_store_unit.sv,load_store_unit,.sv,0,0,8,,,
cva6,B,https://github.com/openhwgroup/cva6.git,3ac6208ed0210ff66a557dd7dc4e79e34f1f2f4a,master,load_unit,core/load_unit.sv,load_unit,.sv,0,0,2,,,
cva6,B,https://github.com/openhwgroup/cva6.git,3ac6208ed0210ff66a557dd7dc4e79e34f1f2f4a,master,lsu_bypass,core/lsu_bypass.sv,lsu_bypass,.sv,0,0,0,,,
cva6,B,https://github.com/openhwgroup/cva6.git,3ac6208ed0210ff66a557dd7dc4e79e34f1f2f4a,master,macro_decoder,core/macro_decoder.sv,macro_decoder,.sv,1,13,1,clk_i,rst_ni,
cva6,B,https://github.com/openhwgroup/cva6.git,3ac6208ed0210ff66a557dd7dc4e79e34f1f2f4a,master,miss_handler,core/cache_subsystem/miss_handler.sv,miss_handler,.sv,0,0,4,,,
cva6,B,https://github.com/openhwgroup/cva6.git,3ac6208ed0210ff66a557dd7dc4e79e34f1f2f4a,master,mult,core/mult.sv,mult,.sv,0,0,2,,,
cva6,B,https://github.com/openhwgroup/cva6.git,3ac6208ed0210ff66a557dd7dc4e79e34f1f2f4a,master,multiplier,core/multiplier.sv,multiplier,.sv,0,0,1,,,
cva6,B,https://github.com/openhwgroup/cva6.git,3ac6208ed0210ff66a557dd7dc4e79e34f1f2f4a,master,perf_counters,core/perf_counters.sv,perf_counters,.sv,0,0,0,,,
cva6,B,https://github.com/openhwgroup/cva6.git,3ac6208ed0210ff66a557dd7dc4e79e34f1f2f4a,master,pmp,core/pmp/src/pmp.sv,pmp,.sv,0,0,1,,,
cva6,B,https://github.com/openhwgroup/cva6.git,3ac6208ed0210ff66a557dd7dc4e79e34f1f2f4a,master,pmp_data_if,core/pmp/src/pmp_data_if.sv,pmp_data_if,.sv,0,0,2,,,
cva6,B,https://github.com/openhwgroup/cva6.git,3ac6208ed0210ff66a557dd7dc4e79e34f1f2f4a,master,pmp_entry,core/pmp/src/pmp_entry.sv,pmp_entry,.sv,3,5,1,,,
cva6,B,https://github.com/openhwgroup/cva6.git,3ac6208ed0210ff66a557dd7dc4e79e34f1f2f4a,master,pmp_tb,core/pmp/tb/pmp_tb.sv,pmp_tb,.sv,0,0,1,,,
cva6,B,https://github.com/openhwgroup/cva6.git,3ac6208ed0210ff66a557dd7dc4e79e34f1f2f4a,master,ras,core/frontend/ras.sv,ras,.sv,3,7,0,clk_i,rst_ni,
cva6,B,https://github.com/openhwgroup/cva6.git,3ac6208ed0210ff66a557dd7dc4e79e34f1f2f4a,master,raw_checker,core/raw_checker.sv,raw_checker,.sv,0,0,0,,,
cva6,B,https://github.com/openhwgroup/cva6.git,3ac6208ed0210ff66a557dd7dc4e79e34f1f2f4a,master,scoreboard,core/scoreboard.sv,scoreboard,.sv,7,29,0,clk_i,rst_ni,
cva6,B,https://github.com/openhwgroup/cva6.git,3ac6208ed0210ff66a557dd7dc4e79e34f1f2f4a,master,serdiv,core/serdiv.sv,serdiv,.sv,0,0,3,,,
cva6,B,https://github.com/openhwgroup/cva6.git,3ac6208ed0210ff66a557dd7dc4e79e34f1f2f4a,master,std_cache_subsystem,core/cache_subsystem/std_cache_subsystem.sv,std_cache_subsystem,.sv,0,0,9,,,
cva6,B,https://github.com/openhwgroup/cva6.git,3ac6208ed0210ff66a557dd7dc4e79e34f1f2f4a,master,std_nbdcache,core/cache_subsystem/std_nbdcache.sv,std_nbdcache,.sv,0,0,6,,,
cva6,B,https://github.com/openhwgroup/cva6.git,3ac6208ed0210ff66a557dd7dc4e79e34f1f2f4a,master,store_buffer,core/store_buffer.sv,store_buffer,.sv,0,0,0,,,
cva6,B,https://github.com/openhwgroup/cva6.git,3ac6208ed0210ff66a557dd7dc4e79e34f1f2f4a,master,store_unit,core/store_unit.sv,store_unit,.sv,0,0,2,,,
cva6,B,https://github.com/openhwgroup/cva6.git,3ac6208ed0210ff66a557dd7dc4e79e34f1f2f4a,master,stub,core/cva6_accel_first_pass_decoder_stub.sv,cva6_accel_first_pass_decoder_stub,.sv,0,0,0,,,
cva6,B,https://github.com/openhwgroup/cva6.git,3ac6208ed0210ff66a557dd7dc4e79e34f1f2f4a,master,tag_cmp,core/cache_subsystem/tag_cmp.sv,tag_cmp,.sv,5,17,0,clk_i,rst_ni,req_gnt
cva6,B,https://github.com/openhwgroup/cva6.git,3ac6208ed0210ff66a557dd7dc4e79e34f1f2f4a,master,trigger_module,core/trigger_module.sv,trigger_module,.sv,0,0,1,,,
cva6,B,https://github.com/openhwgroup/cva6.git,3ac6208ed0210ff66a557dd7dc4e79e34f1f2f4a,master,wt_axi_adapter,core/cache_subsystem/wt_axi_adapter.sv,wt_axi_adapter,.sv,0,0,9,,,
cva6,B,https://github.com/openhwgroup/cva6.git,3ac6208ed0210ff66a557dd7dc4e79e34f1f2f4a,master,wt_cache_subsystem,core/cache_subsystem/wt_cache_subsystem.sv,wt_cache_subsystem,.sv,0,0,4,,,
cva6,B,https://github.com/openhwgroup/cva6.git,3ac6208ed0210ff66a557dd7dc4e79e34f1f2f4a,master,wt_dcache,core/cache_subsystem/wt_dcache.sv,wt_dcache,.sv,0,0,4,,,
cva6,B,https://github.com/openhwgroup/cva6.git,3ac6208ed0210ff66a557dd7dc4e79e34f1f2f4a,master,wt_dcache_ctrl,core/cache_subsystem/wt_dcache_ctrl.sv,wt_dcache_ctrl,.sv,0,0,1,,,
cva6,B,https://github.com/openhwgroup/cva6.git,3ac6208ed0210ff66a557dd7dc4e79e34f1f2f4a,master,wt_dcache_mem,core/cache_subsystem/wt_dcache_mem.sv,wt_dcache_mem,.sv,0,0,5,,,
cva6,B,https://github.com/openhwgroup/cva6.git,3ac6208ed0210ff66a557dd7dc4e79e34f1f2f4a,master,wt_dcache_missunit,core/cache_subsystem/wt_dcache_missunit.sv,wt_dcache_missunit,.sv,0,0,5,,,
cva6,B,https://github.com/openhwgroup/cva6.git,3ac6208ed0210ff66a557dd7dc4e79e34f1f2f4a,master,wt_dcache_wbuffer,core/cache_subsystem/wt_dcache_wbuffer.sv,wt_dcache_wbuffer,.sv,0,0,8,,,
cva6,B,https://github.com/openhwgroup/cva6.git,3ac6208ed0210ff66a557dd7dc4e79e34f1f2f4a,master,wt_l15_adapter,core/cache_subsystem/wt_l15_adapter.sv,wt_l15_adapter,.sv,0,0,5,,,
cva6,B,https://github.com/openhwgroup/cva6.git,3ac6208ed0210ff66a557dd7dc4e79e34f1f2f4a,master,zcmt_decoder,core/zcmt_decoder.sv,zcmt_decoder,.sv,5,15,1,clk_i,rst_ni,
hdl_modules,B,https://gitlab.com/alex/hdl-modules.git,8344604545b2f4f37d72e61d0320d5ff82ee62d1,main,PRBS23,lsfr/lsfr_prng.v,lsfr_prng,.v,0,3,0,clk,rst,
hdl_modules,B,https://gitlab.com/alex/hdl-modules.git,8344604545b2f4f37d72e61d0320d5ff82ee62d1,main,PRBS31,lsfr/lsfr_prng.v,lsfr_prng,.v,0,3,0,clk,rst,
hdl_modules,B,https://gitlab.com/alex/hdl-modules.git,8344604545b2f4f37d72e61d0320d5ff82ee62d1,main,PRBS7,lsfr/lsfr_prng.v,lsfr_prng,.v,0,3,0,clk,rst,
hdl_modules,B,https://gitlab.com/alex/hdl-modules.git,8344604545b2f4f37d72e61d0320d5ff82ee62d1,main,counter8,logic/counter8.v,counter8,.v,0,6,0,clk,reset,
hdl_modules,B,https://gitlab.com/alex/hdl-modules.git,8344604545b2f4f37d72e61d0320d5ff82ee62d1,main,div_by_100M,lsfr/lsfr_clock_div.v,lsfr_clock_div,.v,0,3,0,clk,rst,
hdl_modules,B,https://gitlab.com/alex/hdl-modules.git,8344604545b2f4f37d72e61d0320d5ff82ee62d1,main,mux16,logic/mux16.v,mux16,.v,0,3,0,,,
hdl_modules,B,https://gitlab.com/alex/hdl-modules.git,8344604545b2f4f37d72e61d0320d5ff82ee62d1,main,prom,logic/prom.v,prom,.v,0,3,0,clk,,
hdl_modules,B,https://gitlab.com/alex/hdl-modules.git,8344604545b2f4f37d72e61d0320d5ff82ee62d1,main,xorshift_32,lsfr/lsfr_prng.v,lsfr_prng,.v,0,3,0,clk,rst,
ibex,B,https://github.com/lowRISC/ibex.git,8b8ee086aef72e0833b7f0493d9d33f1e4d3c8e2,master,ibex_alu,rtl/ibex_alu.sv,ibex_alu,.sv,1,15,1,,,
ibex,B,https://github.com/lowRISC/ibex.git,8b8ee086aef72e0833b7f0493d9d33f1e4d3c8e2,master,ibex_branch_predict,rtl/ibex_branch_predict.sv,ibex_branch_predict,.sv,0,7,1,clk_i,rst_ni,
ibex,B,https://github.com/lowRISC/ibex.git,8b8ee086aef72e0833b7f0493d9d33f1e4d3c8e2,master,ibex_cheriot_ex,rtl/ibex_cheriot_ex.sv,ibex_cheriot_ex,.sv,0,0,1,,,
ibex,B,https://github.com/lowRISC/ibex.git,8b8ee086aef72e0833b7f0493d9d33f1e4d3c8e2,master,ibex_compressed_decoder,rtl/ibex_compressed_decoder.sv,ibex_compressed_decoder,.sv,0,0,2,,,
ibex,B,https://github.com/lowRISC/ibex.git,8b8ee086aef72e0833b7f0493d9d33f1e4d3c8e2,master,ibex_controller,rtl/ibex_controller.sv,ibex_controller,.sv,0,0,1,,,
ibex,B,https://github.com/lowRISC/ibex.git,8b8ee086aef72e0833b7f0493d9d33f1e4d3c8e2,master,ibex_core,rtl/ibex_core.sv,ibex_core,.sv,0,0,16,,,
ibex,B,https://github.com/lowRISC/ibex.git,8b8ee086aef72e0833b7f0493d9d33f1e4d3c8e2,master,ibex_counter,rtl/ibex_counter.sv,ibex_counter,.sv,2,8,0,clk_i,rst_ni,
ibex,B,https://github.com/lowRISC/ibex.git,8b8ee086aef72e0833b7f0493d9d33f1e4d3c8e2,master,ibex_cs_registers,rtl/ibex_cs_registers.sv,ibex_cs_registers,.sv,0,0,30,,,
ibex,B,https://github.com/lowRISC/ibex.git,8b8ee086aef72e0833b7f0493d9d33f1e4d3c8e2,master,ibex_csr,rtl/ibex_csr.sv,ibex_csr,.sv,3,6,0,clk_i,rst_ni,
ibex,B,https://github.com/lowRISC/ibex.git,8b8ee086aef72e0833b7f0493d9d33f1e4d3c8e2,master,ibex_decoder,rtl/ibex_decoder.sv,ibex_decoder,.sv,0,0,1,,,
ibex,B,https://github.com/lowRISC/ibex.git,8b8ee086aef72e0833b7f0493d9d33f1e4d3c8e2,master,ibex_dummy_instr,rtl/ibex_dummy_instr.sv,ibex_dummy_instr,.sv,0,0,2,,,
ibex,B,https://github.com/lowRISC/ibex.git,8b8ee086aef72e0833b7f0493d9d33f1e4d3c8e2,master,ibex_ex_block,rtl/ibex_ex_block.sv,ibex_ex_block,.sv,3,26,3,clk_i,rst_ni,valid_ready
ibex,B,https://github.com/lowRISC/ibex.git,8b8ee086aef72e0833b7f0493d9d33f1e4d3c8e2,master,ibex_fetch_fifo,rtl/ibex_fetch_fifo.sv,ibex_fetch_fifo,.sv,2,15,0,clk_i,rst_ni,valid_ready
ibex,B,https://github.com/lowRISC/ibex.git,8b8ee086aef72e0833b7f0493d9d33f1e4d3c8e2,master,ibex_icache,rtl/ibex_icache.sv,ibex_icache,.sv,0,0,5,,,
ibex,B,https://github.com/lowRISC/ibex.git,8b8ee086aef72e0833b7f0493d9d33f1e4d3c8e2,master,ibex_id_stage,rtl/ibex_id_stage.sv,ibex_id_stage,.sv,0,0,3,,,
ibex,B,https://github.com/lowRISC/ibex.git,8b8ee086aef72e0833b7f0493d9d33f1e4d3c8e2,master,ibex_if_stage,rtl/ibex_if_stage.sv,ibex_if_stage,.sv,0,0,9,,,
ibex,B,https://github.com/lowRISC/ibex.git,8b8ee086aef72e0833b7f0493d9d33f1e4d3c8e2,master,ibex_load_store_unit,rtl/ibex_load_store_unit.sv,ibex_load_store_unit,.sv,0,0,4,,,
ibex,B,https://github.com/lowRISC/ibex.git,8b8ee086aef72e0833b7f0493d9d33f1e4d3c8e2,master,ibex_lockstep,rtl/ibex_lockstep.sv,ibex_lockstep,.sv,0,0,8,,,
ibex,B,https://github.com/lowRISC/ibex.git,8b8ee086aef72e0833b7f0493d9d33f1e4d3c8e2,master,ibex_multdiv_fast,rtl/ibex_multdiv_fast.sv,ibex_multdiv_fast,.sv,1,22,1,clk_i,rst_ni,valid_ready
ibex,B,https://github.com/lowRISC/ibex.git,8b8ee086aef72e0833b7f0493d9d33f1e4d3c8e2,master,ibex_multdiv_slow,rtl/ibex_multdiv_slow.sv,ibex_multdiv_slow,.sv,0,22,1,clk_i,rst_ni,valid_ready
ibex,B,https://github.com/lowRISC/ibex.git,8b8ee086aef72e0833b7f0493d9d33f1e4d3c8e2,master,ibex_pmp,rtl/ibex_pmp.sv,ibex_pmp,.sv,0,0,1,,,
ibex,B,https://github.com/lowRISC/ibex.git,8b8ee086aef72e0833b7f0493d9d33f1e4d3c8e2,master,ibex_prefetch_buffer,rtl/ibex_prefetch_buffer.sv,ibex_prefetch_buffer,.sv,1,19,1,clk_i,rst_ni,valid_ready;req_gnt
ibex,B,https://github.com/lowRISC/ibex.git,8b8ee086aef72e0833b7f0493d9d33f1e4d3c8e2,master,ibex_register_file_ff,rtl/ibex_register_file_ff.sv,ibex_register_file_ff,.sv,0,0,0,,,
ibex,B,https://github.com/lowRISC/ibex.git,8b8ee086aef72e0833b7f0493d9d33f1e4d3c8e2,master,ibex_register_file_fpga,rtl/ibex_register_file_fpga.sv,ibex_register_file_fpga,.sv,0,0,0,,,
ibex,B,https://github.com/lowRISC/ibex.git,8b8ee086aef72e0833b7f0493d9d33f1e4d3c8e2,master,ibex_register_file_latch,rtl/ibex_register_file_latch.sv,ibex_register_file_latch,.sv,0,0,4,,,
ibex,B,https://github.com/lowRISC/ibex.git,8b8ee086aef72e0833b7f0493d9d33f1e4d3c8e2,master,ibex_top,rtl/ibex_top.sv,ibex_top,.sv,0,0,23,,,
ibex,B,https://github.com/lowRISC/ibex.git,8b8ee086aef72e0833b7f0493d9d33f1e4d3c8e2,master,ibex_top_tracing,rtl/ibex_top_tracing.sv,ibex_top_tracing,.sv,0,0,2,,,
ibex,B,https://github.com/lowRISC/ibex.git,8b8ee086aef72e0833b7f0493d9d33f1e4d3c8e2,master,ibex_tracer,rtl/ibex_tracer.sv,ibex_tracer,.sv,0,0,2,,,
ibex,B,https://github.com/lowRISC/ibex.git,8b8ee086aef72e0833b7f0493d9d33f1e4d3c8e2,master,ibex_trvk,rtl/ibex_trvk.sv,ibex_trvk,.sv,4,38,5,clk_i,rst_ni,req_gnt
ibex,B,https://github.com/lowRISC/ibex.git,8b8ee086aef72e0833b7f0493d9d33f1e4d3c8e2,master,ibex_wb_stage,rtl/ibex_wb_stage.sv,ibex_wb_stage,.sv,0,0,0,,,
litex_soc,B,https://github.com/enjoy-digital/litex.git,6c793c27f94a5df3836cd5cc5a69db6160354bc9,master,cva6_wrapper,litex/soc/cores/cpu/cva6/cva6_wrapper/cva6_wrapper.sv,cva6_wrapper,.sv,0,53,16,clk_i,rst_n,valid_ready
litex_soc,B,https://github.com/enjoy-digital/litex.git,6c793c27f94a5df3836cd5cc5a69db6160354bc9,master,jtagphy_shift,litex/soc/cores/jtagphy_shift.v,jtagphy_shift,.v,1,11,1,,,valid_ready
nvdla,B,https://github.com/nvdla/hw.git,8e06b1b9d85aab65b40d43d08eec5ea4681ff715,nvdlav1,CDMA_chn_alu_in_rsci_unreg,vmod/nvdla/cdma/NV_NVDLA_CDMA_CVT_cell.v,NV_NVDLA_CDMA_CVT_cell,.v,0,2,0,,,
nvdla,B,https://github.com/nvdla/hw.git,8e06b1b9d85aab65b40d43d08eec5ea4681ff715,nvdlav1,CDMA_chn_data_in_rsci_unreg,vmod/nvdla/cdma/NV_NVDLA_CDMA_CVT_cell.v,NV_NVDLA_CDMA_CVT_cell,.v,0,2,0,,,
nvdla,B,https://github.com/nvdla/hw.git,8e06b1b9d85aab65b40d43d08eec5ea4681ff715,nvdlav1,CDMA_chn_data_out_rsci_unreg,vmod/nvdla/cdma/NV_NVDLA_CDMA_CVT_cell.v,NV_NVDLA_CDMA_CVT_cell,.v,0,2,0,,,
nvdla,B,https://github.com/nvdla/hw.git,8e06b1b9d85aab65b40d43d08eec5ea4681ff715,nvdlav1,CDMA_leading_sign_17_0,vmod/nvdla/cdma/NV_NVDLA_CDMA_CVT_cell.v,NV_NVDLA_CDMA_CVT_cell,.v,0,2,0,,,
nvdla,B,https://github.com/nvdla/hw.git,8e06b1b9d85aab65b40d43d08eec5ea4681ff715,nvdlav1,CDMA_mgc_in_wire_v1,vmod/nvdla/cdma/NV_NVDLA_CDMA_CVT_cell.v,NV_NVDLA_CDMA_CVT_cell,.v,0,2,0,,,
nvdla,B,https://github.com/nvdla/hw.git,8e06b1b9d85aab65b40d43d08eec5ea4681ff715,nvdlav1,CDMA_mgc_in_wire_wait_v1,vmod/nvdla/cdma/NV_NVDLA_CDMA_CVT_cell.v,NV_NVDLA_CDMA_CVT_cell,.v,0,6,0,,,
nvdla,B,https://github.com/nvdla/hw.git,8e06b1b9d85aab65b40d43d08eec5ea4681ff715,nvdlav1,CDMA_mgc_out_stdreg_wait_v1,vmod/nvdla/cdma/NV_NVDLA_CDMA_CVT_cell.v,NV_NVDLA_CDMA_CVT_cell,.v,0,6,0,,,
nvdla,B,https://github.com/nvdla/hw.git,8e06b1b9d85aab65b40d43d08eec5ea4681ff715,nvdlav1,CDMA_mgc_shift_l,vmod/nvdla/cdma/NV_NVDLA_CDMA_CVT_cell.v,NV_NVDLA_CDMA_CVT_cell,.v,0,3,0,,,
nvdla,B,https://github.com/nvdla/hw.git,8e06b1b9d85aab65b40d43d08eec5ea4681ff715,nvdlav1,CDMA_mgc_shift_r,vmod/nvdla/cdma/NV_NVDLA_CDMA_CVT_cell.v,NV_NVDLA_CDMA_CVT_cell,.v,0,3,0,,,
nvdla,B,https://github.com/nvdla/hw.git,8e06b1b9d85aab65b40d43d08eec5ea4681ff715,nvdlav1,CSC_chn_data_in_rsci_unreg,vmod/nvdla/csc/NV_NVDLA_CSC_pra_cell.v,NV_NVDLA_CSC_pra_cell,.v,0,2,0,,,
nvdla,B,https://github.com/nvdla/hw.git,8e06b1b9d85aab65b40d43d08eec5ea4681ff715,nvdlav1,CSC_chn_data_out_rsci_unreg,vmod/nvdla/csc/NV_NVDLA_CSC_pra_cell.v,NV_NVDLA_CSC_pra_cell,.v,0,2,0,,,
nvdla,B,https://github.com/nvdla/hw.git,8e06b1b9d85aab65b40d43d08eec5ea4681ff715,nvdlav1,CSC_leading_sign_10_0,vmod/nvdla/csc/NV_NVDLA_CSC_pra_cell.v,NV_NVDLA_CSC_pra_cell,.v,0,2,0,,,
nvdla,B,https://github.com/nvdla/hw.git,8e06b1b9d85aab65b40d43d08eec5ea4681ff715,nvdlav1,CSC_leading_sign_23_0,vmod/nvdla/csc/NV_NVDLA_CSC_pra_cell.v,NV_NVDLA_CSC_pra_cell,.v,0,2,0,,,
nvdla,B,https://github.com/nvdla/hw.git,8e06b1b9d85aab65b40d43d08eec5ea4681ff715,nvdlav1,CSC_mgc_in_wire_v1,vmod/nvdla/csc/NV_NVDLA_CSC_pra_cell.v,NV_NVDLA_CSC_pra_cell,.v,0,2,0,,,
nvdla,B,https://github.com/nvdla/hw.git,8e06b1b9d85aab65b40d43d08eec5ea4681ff715,nvdlav1,CSC_mgc_in_wire_wait_v1,vmod/nvdla/csc/NV_NVDLA_CSC_pra_cell.v,NV_NVDLA_CSC_pra_cell,.v,0,6,0,,,
nvdla,B,https://github.com/nvdla/hw.git,8e06b1b9d85aab65b40d43d08eec5ea4681ff715,nvdlav1,CSC_mgc_out_stdreg_wait_v1,vmod/nvdla/csc/NV_NVDLA_CSC_pra_cell.v,NV_NVDLA_CSC_pra_cell,.v,0,6,0,,,
nvdla,B,https://github.com/nvdla/hw.git,8e06b1b9d85aab65b40d43d08eec5ea4681ff715,nvdlav1,CSC_mgc_shift_bl,vmod/nvdla/csc/NV_NVDLA_CSC_pra_cell.v,NV_NVDLA_CSC_pra_cell,.v,0,3,0,,,
nvdla,B,https://github.com/nvdla/hw.git,8e06b1b9d85aab65b40d43d08eec5ea4681ff715,nvdlav1,CSC_mgc_shift_l,vmod/nvdla/csc/NV_NVDLA_CSC_pra_cell.v,NV_NVDLA_CSC_pra_cell,.v,0,3,0,,,
nvdla,B,https://github.com/nvdla/hw.git,8e06b1b9d85aab65b40d43d08eec5ea4681ff715,nvdlav1,CSC_mgc_shift_r,vmod/nvdla/csc/NV_NVDLA_CSC_pra_cell.v,NV_NVDLA_CSC_pra_cell,.v,0,3,0,,,
nvdla,B,https://github.com/nvdla/hw.git,8e06b1b9d85aab65b40d43d08eec5ea4681ff715,nvdlav1,FP_FORMAT_CVT_pipe_p1,vmod/nvdla/cdp/fp_format_cvt.v,fp_format_cvt,.v,0,8,2,nvdla_core_clk,,
nvdla,B,https://github.com/nvdla/hw.git,8e06b1b9d85aab65b40d43d08eec5ea4681ff715,nvdlav1,FP_SUM_BLOCK_pipe_p1,vmod/nvdla/cdp/fp_sum_block.v,fp_sum_block,.v,0,8,2,nvdla_core_clk,,
nvdla,B,https://github.com/nvdla/hw.git,8e06b1b9d85aab65b40d43d08eec5ea4681ff715,nvdlav1,FP_SUM_BLOCK_pipe_p10,vmod/nvdla/cdp/fp_sum_block.v,fp_sum_block,.v,0,8,2,nvdla_core_clk,,
nvdla,B,https://github.com/nvdla/hw.git,8e06b1b9d85aab65b40d43d08eec5ea4681ff715,nvdlav1,FP_SUM_BLOCK_pipe_p11,vmod/nvdla/cdp/fp_sum_block.v,fp_sum_block,.v,0,8,2,nvdla_core_clk,,
nvdla,B,https://github.com/nvdla/hw.git,8e06b1b9d85aab65b40d43d08eec5ea4681ff715,nvdlav1,FP_SUM_BLOCK_pipe_p12,vmod/nvdla/cdp/fp_sum_block.v,fp_sum_block,.v,0,8,2,nvdla_core_clk,,
nvdla,B,https://github.com/nvdla/hw.git,8e06b1b9d85aab65b40d43d08eec5ea4681ff715,nvdlav1,FP_SUM_BLOCK_pipe_p13,vmod/nvdla/cdp/fp_sum_block.v,fp_sum_block,.v,0,8,2,nvdla_core_clk,,
nvdla,B,https://github.com/nvdla/hw.git,8e06b1b9d85aab65b40d43d08eec5ea4681ff715,nvdlav1,FP_SUM_BLOCK_pipe_p14,vmod/nvdla/cdp/fp_sum_block.v,fp_sum_block,.v,0,8,2,nvdla_core_clk,,
nvdla,B,https://github.com/nvdla/hw.git,8e06b1b9d85aab65b40d43d08eec5ea4681ff715,nvdlav1,FP_SUM_BLOCK_pipe_p15,vmod/nvdla/cdp/fp_sum_block.v,fp_sum_block,.v,0,8,2,nvdla_core_clk,,
nvdla,B,https://github.com/nvdla/hw.git,8e06b1b9d85aab65b40d43d08eec5ea4681ff715,nvdlav1,FP_SUM_BLOCK_pipe_p16,vmod/nvdla/cdp/fp_sum_block.v,fp_sum_block,.v,0,8,2,nvdla_core_clk,,
nvdla,B,https://github.com/nvdla/hw.git,8e06b1b9d85aab65b40d43d08eec5ea4681ff715,nvdlav1,FP_SUM_BLOCK_pipe_p2,vmod/nvdla/cdp/fp_sum_block.v,fp_sum_block,.v,0,8,2,nvdla_core_clk,,
nvdla,B,https://github.com/nvdla/hw.git,8e06b1b9d85aab65b40d43d08eec5ea4681ff715,nvdlav1,FP_SUM_BLOCK_pipe_p3,vmod/nvdla/cdp/fp_sum_block.v,fp_sum_block,.v,0,8,2,nvdla_core_clk,,
nvdla,B,https://github.com/nvdla/hw.git,8e06b1b9d85aab65b40d43d08eec5ea4681ff715,nvdlav1,FP_SUM_BLOCK_pipe_p4,vmod/nvdla/cdp/fp_sum_block.v,fp_sum_block,.v,0,8,2,nvdla_core_clk,,
nvdla,B,https://github.com/nvdla/hw.git,8e06b1b9d85aab65b40d43d08eec5ea4681ff715,nvdlav1,FP_SUM_BLOCK_pipe_p5,vmod/nvdla/cdp/fp_sum_block.v,fp_sum_block,.v,0,8,2,nvdla_core_clk,,
nvdla,B,https://github.com/nvdla/hw.git,8e06b1b9d85aab65b40d43d08eec5ea4681ff715,nvdlav1,FP_SUM_BLOCK_pipe_p6,vmod/nvdla/cdp/fp_sum_block.v,fp_sum_block,.v,0,8,2,nvdla_core_clk,,
nvdla,B,https://github.com/nvdla/hw.git,8e06b1b9d85aab65b40d43d08eec5ea4681ff715,nvdlav1,FP_SUM_BLOCK_pipe_p7,vmod/nvdla/cdp/fp_sum_block.v,fp_sum_block,.v,0,8,2,nvdla_core_clk,,
nvdla,B,https://github.com/nvdla/hw.git,8e06b1b9d85aab65b40d43d08eec5ea4681ff715,nvdlav1,FP_SUM_BLOCK_pipe_p8,vmod/nvdla/cdp/fp_sum_block.v,fp_sum_block,.v,0,8,2,nvdla_core_clk,,
nvdla,B,https://github.com/nvdla/hw.git,8e06b1b9d85aab65b40d43d08eec5ea4681ff715,nvdlav1,FP_SUM_BLOCK_pipe_p9,vmod/nvdla/cdp/fp_sum_block.v,fp_sum_block,.v,0,8,2,nvdla_core_clk,,
nvdla,B,https://github.com/nvdla/hw.git,8e06b1b9d85aab65b40d43d08eec5ea4681ff715,nvdlav1,NV_NVDLA_BDMA_LOAD_csb_fifo,vmod/nvdla/bdma/NV_NVDLA_BDMA_csb.v,NV_NVDLA_BDMA_csb,.v,0,11,4,nvdla_core_clk,,
nvdla,B,https://github.com/nvdla/hw.git,8e06b1b9d85aab65b40d43d08eec5ea4681ff715,nvdlav1,NV_NVDLA_BDMA_LOAD_pipe_p1,vmod/nvdla/bdma/NV_NVDLA_BDMA_load.v,NV_NVDLA_BDMA_load,.v,0,8,2,nvdla_core_clk,,valid_ready
nvdla,B,https://github.com/nvdla/hw.git,8e06b1b9d85aab65b40d43d08eec5ea4681ff715,nvdlav1,NV_NVDLA_BDMA_LOAD_pipe_p2,vmod/nvdla/bdma/NV_NVDLA_BDMA_load.v,NV_NVDLA_BDMA_load,.v,0,8,2,nvdla_core_clk,,valid_ready
nvdla,B,https://github.com/nvdla/hw.git,8e06b1b9d85aab65b40d43d08eec5ea4681ff715,nvdlav1,NV_NVDLA_BDMA_STORE_fifo_intr,vmod/nvdla/bdma/NV_NVDLA_BDMA_store.v,NV_NVDLA_BDMA_store,.v,0,9,34,nvdla_core_clk,,
nvdla,B,https://github.com/nvdla/hw.git,8e06b1b9d85aab65b40d43d08eec5ea4681ff715,nvdlav1,NV_NVDLA_BDMA_STORE_fifo_r2w,vmod/nvdla/bdma/NV_NVDLA_BDMA_store.v,NV_NVDLA_BDMA_store,.v,0,10,4,nvdla_core_clk,,
nvdla,B,https://github.com/nvdla/hw.git,8e06b1b9d85aab65b40d43d08eec5ea4681ff715,nvdlav1,NV_NVDLA_BDMA_STORE_fifo_r2w_flopram_rwsa_4x514,vmod/nvdla/bdma/NV_NVDLA_BDMA_store.v,NV_NVDLA_BDMA_store,.v,0,7,33,clk,,
nvdla,B,https://github.com/nvdla/hw.git,8e06b1b9d85aab65b40d43d08eec5ea4681ff715,nvdlav1,NV_NVDLA_BDMA_STORE_lat_fifo,vmod/nvdla/bdma/NV_NVDLA_BDMA_store.v,NV_NVDLA_BDMA_store,.v,0,10,4,nvdla_core_clk,,
nvdla,B,https://github.com/nvdla/hw.git,8e06b1b9d85aab65b40d43d08eec5ea4681ff715,nvdlav1,NV_NVDLA_BDMA_STORE_pipe_p1,vmod/nvdla/bdma/NV_NVDLA_BDMA_store.v,NV_NVDLA_BDMA_store,.v,0,8,2,nvdla_core_clk,,valid_ready
nvdla,B,https://github.com/nvdla/hw.git,8e06b1b9d85aab65b40d43d08eec5ea4681ff715,nvdlav1,NV_NVDLA_BDMA_STORE_pipe_p2,vmod/nvdla/bdma/NV_NVDLA_BDMA_store.v,NV_NVDLA_BDMA_store,.v,0,8,2,nvdla_core_clk,,valid_ready
nvdla,B,https://github.com/nvdla/hw.git,8e06b1b9d85aab65b40d43d08eec5ea4681ff715,nvdlav1,NV_NVDLA_BDMA_STORE_pipe_p3,vmod/nvdla/bdma/NV_NVDLA_BDMA_store.v,NV_NVDLA_BDMA_store,.v,0,8,2,nvdla_core_clk,,valid_ready
nvdla,B,https://github.com/nvdla/hw.git,8e06b1b9d85aab65b40d43d08eec5ea4681ff715,nvdlav1,NV_NVDLA_BDMA_STORE_pipe_p4,vmod/nvdla/bdma/NV_NVDLA_BDMA_store.v,NV_NVDLA_BDMA_store,.v,0,8,2,nvdla_core_clk,,valid_ready
nvdla,B,https://github.com/nvdla/hw.git,8e06b1b9d85aab65b40d43d08eec5ea4681ff715,nvdlav1,NV_NVDLA_BDMA_cq,vmod/nvdla/bdma/NV_NVDLA_BDMA_cq.v,NV_NVDLA_BDMA_cq,.v,0,10,4,nvdla_core_clk,,
nvdla,B,https://github.com/nvdla/hw.git,8e06b1b9d85aab65b40d43d08eec5ea4681ff715,nvdlav1,NV_NVDLA_BDMA_cq_flopram_rwsa_20x161,vmod/nvdla/bdma/NV_NVDLA_BDMA_cq.v,NV_NVDLA_BDMA_cq,.v,0,9,33,clk;clk_mgated,,
nvdla,B,https://github.com/nvdla/hw.git,8e06b1b9d85aab65b40d43d08eec5ea4681ff715,nvdlav1,NV_NVDLA_BDMA_csb,vmod/nvdla/bdma/NV_NVDLA_BDMA_csb.v,NV_NVDLA_BDMA_csb,.v,0,35,7,nvdla_core_clk,,
nvdla,B,https://github.com/nvdla/hw.git,8e06b1b9d85aab65b40d43d08eec5ea4681ff715,nvdlav1,NV_NVDLA_BDMA_gate,vmod/nvdla/bdma/NV_NVDLA_BDMA_gate.v,NV_NVDLA_BDMA_gate,.v,0,9,5,dla_clk_ovr_on_sync;global_clk_ovr_on_sync;nvdla_core_clk;tmc2slcg_disable_clock_gating;nvdla_gated_clk,,
nvdla,B,https://github.com/nvdla/hw.git,8e06b1b9d85aab65b40d43d08eec5ea4681ff715,nvdlav1,NV_NVDLA_BDMA_load,vmod/nvdla/bdma/NV_NVDLA_BDMA_load.v,NV_NVDLA_BDMA_load,.v,0,34,4,nvdla_core_clk,,valid_ready
nvdla,B,https://github.com/nvdla/hw.git,8e06b1b9d85aab65b40d43d08eec5ea4681ff715,nvdlav1,NV_NVDLA_BDMA_reg,vmod/nvdla/bdma/NV_NVDLA_BDMA_reg.v,NV_NVDLA_BDMA_reg,.v,0,34,0,nvdla_core_clk,,
nvdla,B,https://github.com/nvdla/hw.git,8e06b1b9d85aab65b40d43d08eec5ea4681ff715,nvdlav1,NV_NVDLA_BDMA_store,vmod/nvdla/bdma/NV_NVDLA_BDMA_store.v,NV_NVDLA_BDMA_store,.v,0,29,19,nvdla_core_clk,,valid_ready
nvdla,B,https://github.com/nvdla/hw.git,8e06b1b9d85aab65b40d43d08eec5ea4681ff715,nvdlav1,NV_NVDLA_CACC_CALC_fp_48b,vmod/nvdla/cacc/NV_NVDLA_CACC_CALC_fp_48b.v,NV_NVDLA_CACC_CALC_fp_48b,.v,0,11,10,nvdla_core_clk,,
nvdla,B,https://github.com/nvdla/hw.git,8e06b1b9d85aab65b40d43d08eec5ea4681ff715,nvdlav1,NV_NVDLA_CACC_CALC_int16,vmod/nvdla/cacc/NV_NVDLA_CACC_CALC_int16.v,NV_NVDLA_CACC_CALC_int16,.v,0,13,5,nvdla_core_clk,,
nvdla,B,https://github.com/nvdla/hw.git,8e06b1b9d85aab65b40d43d08eec5ea4681ff715,nvdlav1,NV_NVDLA_CACC_CALC_int8,vmod/nvdla/cacc/NV_NVDLA_CACC_CALC_int8.v,NV_NVDLA_CACC_CALC_int8,.v,0,13,2,nvdla_core_clk,,
nvdla,B,https://github.com/nvdla/hw.git,8e06b1b9d85aab65b40d43d08eec5ea4681ff715,nvdlav1,NV_NVDLA_CACC_assembly_buffer,vmod/nvdla/cacc/NV_NVDLA_CACC_assembly_buffer.v,NV_NVDLA_CACC_assembly_buffer,.v,0,23,16,nvdla_core_clk,,
nvdla,B,https://github.com/nvdla/hw.git,8e06b1b9d85aab65b40d43d08eec5ea4681ff715,nvdlav1,NV_NVDLA_CACC_assembly_ctrl,vmod/nvdla/cacc/NV_NVDLA_CACC_assembly_ctrl.v,NV_NVDLA_CACC_assembly_ctrl,.v,0,24,73,nvdla_core_clk,,
nvdla,B,https://github.com/nvdla/hw.git,8e06b1b9d85aab65b40d43d08eec5ea4681ff715,nvdlav1,NV_NVDLA_CACC_calculator,vmod/nvdla/cacc/NV_NVDLA_CACC_calculator.v,NV_NVDLA_CACC_calculator,.v,0,67,235,nvdla_core_clk;nvdla_cell_clk_0;nvdla_cell_clk_1;nvdla_cell_clk_2;nvdla_cell_clk_3,,
nvdla,B,https://github.com/nvdla/hw.git,8e06b1b9d85aab65b40d43d08eec5ea4681ff715,nvdlav1,NV_NVDLA_CACC_delivery_buffer,vmod/nvdla/cacc/NV_NVDLA_CACC_delivery_buffer.v,NV_NVDLA_CACC_delivery_buffer,.v,0,28,23,nvdla_core_clk,,valid_ready
nvdla,B,https://github.com/nvdla/hw.git,8e06b1b9d85aab65b40d43d08eec5ea4681ff715,nvdlav1,NV_NVDLA_CACC_delivery_ctrl,vmod/nvdla/cacc/NV_NVDLA_CACC_delivery_ctrl.v,NV_NVDLA_CACC_delivery_ctrl,.v,0,52,52,nvdla_core_clk,,valid_ready
nvdla,B,https://github.com/nvdla/hw.git,8e06b1b9d85aab65b40d43d08eec5ea4681ff715,nvdlav1,NV_NVDLA_CACC_dual_reg,vmod/nvdla/cacc/NV_NVDLA_CACC_dual_reg.v,NV_NVDLA_CACC_dual_reg,.v,0,22,0,nvdla_core_clk,,
nvdla,B,https://github.com/nvdla/hw.git,8e06b1b9d85aab65b40d43d08eec5ea4681ff715,nvdlav1,NV_NVDLA_CACC_regfile,vmod/nvdla/cacc/NV_NVDLA_CACC_regfile.v,NV_NVDLA_CACC_regfile,.v,0,24,9,nvdla_core_clk,,
nvdla,B,https://github.com/nvdla/hw.git,8e06b1b9d85aab65b40d43d08eec5ea4681ff715,nvdlav1,NV_NVDLA_CACC_single_reg,vmod/nvdla/cacc/NV_NVDLA_CACC_single_reg.v,NV_NVDLA_CACC_single_reg,.v,0,10,0,nvdla_core_clk,,
nvdla,B,https://github.com/nvdla/hw.git,8e06b1b9d85aab65b40d43d08eec5ea4681ff715,nvdlav1,NV_NVDLA_CACC_slcg,vmod/nvdla/cacc/NV_NVDLA_CACC_slcg.v,NV_NVDLA_CACC_slcg,.v,0,8,5,dla_clk_ovr_on_sync;global_clk_ovr_on_sync;nvdla_core_clk;tmc2slcg_disable_clock_gating;nvdla_core_gated_clk,,
nvdla,B,https://github.com/nvdla/hw.git,8e06b1b9d85aab65b40d43d08eec5ea4681ff715,nvdlav1,NV_NVDLA_CDMA_CVT_cell,vmod/nvdla/cdma/NV_NVDLA_CDMA_CVT_cell.v,NV_NVDLA_CDMA_CVT_cell,.v,0,15,4,nvdla_core_clk,,
nvdla,B,https://github.com/nvdla/hw.git,8e06b1b9d85aab65b40d43d08eec5ea4681ff715,nvdlav1,NV_NVDLA_CDMA_CVT_cell_core,vmod/nvdla/cdma/NV_NVDLA_CDMA_CVT_cell.v,NV_NVDLA_CDMA_CVT_cell,.v,0,20,9,nvdla_core_clk,,
nvdla,B,https://github.com/nvdla/hw.git,8e06b1b9d85aab65b40d43d08eec5ea4681ff715,nvdlav1,NV_NVDLA_CDMA_CVT_cell_core_chn_alu_in_rsci,vmod/nvdla/cdma/NV_NVDLA_CDMA_CVT_cell.v,NV_NVDLA_CDMA_CVT_cell,.v,0,13,3,nvdla_core_clk,,
nvdla,B,https://github.com/nvdla/hw.git,8e06b1b9d85aab65b40d43d08eec5ea4681ff715,nvdlav1,NV_NVDLA_CDMA_CVT_cell_core_chn_alu_in_rsci_chn_alu_in_wait_ctrl,vmod/nvdla/cdma/NV_NVDLA_CDMA_CVT_cell.v,NV_NVDLA_CDMA_CVT_cell,.v,0,11,0,nvdla_core_clk,,
nvdla,B,https://github.com/nvdla/hw.git,8e06b1b9d85aab65b40d43d08eec5ea4681ff715,nvdlav1,NV_NVDLA_CDMA_CVT_cell_core_chn_alu_in_rsci_chn_alu_in_wait_dp,vmod/nvdla/cdma/NV_NVDLA_CDMA_CVT_cell.v,NV_NVDLA_CDMA_CVT_cell,.v,0,9,0,nvdla_core_clk,,
nvdla,B,https://github.com/nvdla/hw.git,8e06b1b9d85aab65b40d43d08eec5ea4681ff715,nvdlav1,NV_NVDLA_CDMA_CVT_cell_core_chn_data_in_rsci,vmod/nvdla/cdma/NV_NVDLA_CDMA_CVT_cell.v,NV_NVDLA_CDMA_CVT_cell,.v,0,13,3,nvdla_core_clk,,
nvdla,B,https://github.com/nvdla/hw.git,8e06b1b9d85aab65b40d43d08eec5ea4681ff715,nvdlav1,NV_NVDLA_CDMA_CVT_cell_core_chn_data_in_rsci_chn_data_in_wait_ctrl,vmod/nvdla/cdma/NV_NVDLA_CDMA_CVT_cell.v,NV_NVDLA_CDMA_CVT_cell,.v,0,11,0,nvdla_core_clk,,
nvdla,B,https://github.com/nvdla/hw.git,8e06b1b9d85aab65b40d43d08eec5ea4681ff715,nvdlav1,NV_NVDLA_CDMA_CVT_cell_core_chn_data_in_rsci_chn_data_in_wait_dp,vmod/nvdla/cdma/NV_NVDLA_CDMA_CVT_cell.v,NV_NVDLA_CDMA_CVT_cell,.v,0,9,0,nvdla_core_clk,,
nvdla,B,https://github.com/nvdla/hw.git,8e06b1b9d85aab65b40d43d08eec5ea4681ff715,nvdlav1,NV_NVDLA_CDMA_CVT_cell_core_chn_data_out_rsci,vmod/nvdla/cdma/NV_NVDLA_CDMA_CVT_cell.v,NV_NVDLA_CDMA_CVT_cell,.v,0,13,3,nvdla_core_clk,,
nvdla,B,https://github.com/nvdla/hw.git,8e06b1b9d85aab65b40d43d08eec5ea4681ff715,nvdlav1,NV_NVDLA_CDMA_CVT_cell_core_chn_data_out_rsci_chn_data_out_wait_ctrl,vmod/nvdla/cdma/NV_NVDLA_CDMA_CVT_cell.v,NV_NVDLA_CDMA_CVT_cell,.v,0,11,0,nvdla_core_clk,,
nvdla,B,https://github.com/nvdla/hw.git,8e06b1b9d85aab65b40d43d08eec5ea4681ff715,nvdlav1,NV_NVDLA_CDMA_CVT_cell_core_chn_data_out_rsci_chn_data_out_wait_dp,vmod/nvdla/cdma/NV_NVDLA_CDMA_CVT_cell.v,NV_NVDLA_CDMA_CVT_cell,.v,0,7,0,nvdla_core_clk,,
nvdla,B,https://github.com/nvdla/hw.git,8e06b1b9d85aab65b40d43d08eec5ea4681ff715,nvdlav1,NV_NVDLA_CDMA_CVT_cell_core_core_fsm,vmod/nvdla/cdma/NV_NVDLA_CDMA_CVT_cell.v,NV_NVDLA_CDMA_CVT_cell,.v,0,4,0,nvdla_core_clk,,
nvdla,B,https://github.com/nvdla/hw.git,8e06b1b9d85aab65b40d43d08eec5ea4681ff715,nvdlav1,NV_NVDLA_CDMA_CVT_cell_core_staller,vmod/nvdla/cdma/NV_NVDLA_CDMA_CVT_cell.v,NV_NVDLA_CDMA_CVT_cell,.v,0,7,0,nvdla_core_clk,,
nvdla,B,https://github.com/nvdla/hw.git,8e06b1b9d85aab65b40d43d08eec5ea4681ff715,nvdlav1,NV_NVDLA_CDMA_DC_fifo,vmod/nvdla/cdma/NV_NVDLA_CDMA_DC_fifo.v,NV_NVDLA_CDMA_DC_fifo,.v,0,9,4,clk,reset_,
nvdla,B,https://github.com/nvdla/hw.git,8e06b1b9d85aab65b40d43d08eec5ea4681ff715,nvdlav1,NV_NVDLA_CDMA_DC_pipe_p1,vmod/nvdla/cdma/NV_NVDLA_CDMA_dc.v,NV_NVDLA_CDMA_dc,.v,0,8,2,nvdla_core_clk,,valid_ready
nvdla,B,https://github.com/nvdla/hw.git,8e06b1b9d85aab65b40d43d08eec5ea4681ff715,nvdlav1,NV_NVDLA_CDMA_DC_pipe_p2,vmod/nvdla/cdma/NV_NVDLA_CDMA_dc.v,NV_NVDLA_CDMA_dc,.v,0,8,2,nvdla_core_clk,,valid_ready
nvdla,B,https://github.com/nvdla/hw.git,8e06b1b9d85aab65b40d43d08eec5ea4681ff715,nvdlav1,NV_NVDLA_CDMA_DC_pipe_p3,vmod/nvdla/cdma/NV_NVDLA_CDMA_dc.v,NV_NVDLA_CDMA_dc,.v,0,8,2,nvdla_core_clk,,valid_ready
nvdla,B,https://github.com/nvdla/hw.git,8e06b1b9d85aab65b40d43d08eec5ea4681ff715,nvdlav1,NV_NVDLA_CDMA_DC_pipe_p4,vmod/nvdla/cdma/NV_NVDLA_CDMA_dc.v,NV_NVDLA_CDMA_dc,.v,0,8,2,nvdla_core_clk,,valid_ready
nvdla,B,https://github.com/nvdla/hw.git,8e06b1b9d85aab65b40d43d08eec5ea4681ff715,nvdlav1,NV_NVDLA_CDMA_IMG_SG_pipe_p1,vmod/nvdla/cdma/NV_NVDLA_CDMA_IMG_sg.v,NV_NVDLA_CDMA_IMG_sg,.v,0,8,2,nvdla_core_clk,,valid_ready
nvdla,B,https://github.com/nvdla/hw.git,8e06b1b9d85aab65b40d43d08eec5ea4681ff715,nvdlav1,NV_NVDLA_CDMA_IMG_SG_pipe_p2,vmod/nvdla/cdma/NV_NVDLA_CDMA_IMG_sg.v,NV_NVDLA_CDMA_IMG_sg,.v,0,8,2,nvdla_core_clk,,valid_ready
nvdla,B,https://github.com/nvdla/hw.git,8e06b1b9d85aab65b40d43d08eec5ea4681ff715,nvdlav1,NV_NVDLA_CDMA_IMG_SG_pipe_p3,vmod/nvdla/cdma/NV_NVDLA_CDMA_IMG_sg.v,NV_NVDLA_CDMA_IMG_sg,.v,0,8,2,nvdla_core_clk,,valid_ready
nvdla,B,https://github.com/nvdla/hw.git,8e06b1b9d85aab65b40d43d08eec5ea4681ff715,nvdlav1,NV_NVDLA_CDMA_IMG_SG_pipe_p4,vmod/nvdla/cdma/NV_NVDLA_CDMA_IMG_sg.v,NV_NVDLA_CDMA_IMG_sg,.v,0,8,2,nvdla_core_clk,,valid_ready
nvdla,B,https://github.com/nvdla/hw.git,8e06b1b9d85aab65b40d43d08eec5ea4681ff715,nvdlav1,NV_NVDLA_CDMA_IMG_ctrl,vmod/nvdla/cdma/NV_NVDLA_CDMA_IMG_ctrl.v,NV_NVDLA_CDMA_IMG_ctrl,.v,0,54,79,nvdla_core_clk;nvdla_core_ng_clk,,
nvdla,B,https://github.com/nvdla/hw.git,8e06b1b9d85aab65b40d43d08eec5ea4681ff715,nvdlav1,NV_NVDLA_CDMA_IMG_fifo,vmod/nvdla/cdma/NV_NVDLA_CDMA_IMG_fifo.v,NV_NVDLA_CDMA_IMG_fifo,.v,0,9,4,clk,reset_,
nvdla,B,https://github.com/nvdla/hw.git,8e06b1b9d85aab65b40d43d08eec5ea4681ff715,nvdlav1,NV_NVDLA_CDMA_IMG_pack,vmod/nvdla/cdma/NV_NVDLA_CDMA_IMG_pack.v,NV_NVDLA_CDMA_IMG_pack,.v,0,52,112,nvdla_core_clk,,
nvdla,B,https://github.com/nvdla/hw.git,8e06b1b9d85aab65b40d43d08eec5ea4681ff715,nvdlav1,NV_NVDLA_CDMA_IMG_sg,vmod/nvdla/cdma/NV_NVDLA_CDMA_IMG_sg.v,NV_NVDLA_CDMA_IMG_sg,.v,0,73,100,nvdla_core_clk,,valid_ready
nvdla,B,https://github.com/nvdla/hw.git,8e06b1b9d85aab65b40d43d08eec5ea4681ff715,nvdlav1,NV_NVDLA_CDMA_IMG_sg2pack_fifo,vmod/nvdla/cdma/NV_NVDLA_CDMA_IMG_sg2pack_fifo.v,NV_NVDLA_CDMA_IMG_sg2pack_fifo,.v,0,9,4,clk,reset_,
nvdla,B,https://github.com/nvdla/hw.git,8e06b1b9d85aab65b40d43d08eec5ea4681ff715,nvdlav1,NV_NVDLA_CDMA_IMG_sg2pack_fifo_flopram_rwsa_128x11,vmod/nvdla/cdma/NV_NVDLA_CDMA_IMG_sg2pack_fifo.v,NV_NVDLA_CDMA_IMG_sg2pack_fifo,.v,0,9,33,clk;clk_mgated,,
nvdla,B,https://github.com/nvdla/hw.git,8e06b1b9d85aab65b40d43d08eec5ea4681ff715,nvdlav1,NV_NVDLA_CDMA_WG_fifo,vmod/nvdla/cdma/NV_NVDLA_CDMA_WG_fifo.v,NV_NVDLA_CDMA_WG_fifo,.v,0,9,4,clk,reset_,
nvdla,B,https://github.com/nvdla/hw.git,8e06b1b9d85aab65b40d43d08eec5ea4681ff715,nvdlav1,NV_NVDLA_CDMA_WG_fifo_folded_ram_rws_128x5,vmod/nvdla/cdma/NV_NVDLA_CDMA_WG_fifo.v,NV_NVDLA_CDMA_WG_fifo,.v,0,10,1,clk;clk_mgated,reset_,
nvdla,B,https://github.com/nvdla/hw.git,8e06b1b9d85aab65b40d43d08eec5ea4681ff715,nvdlav1,NV_NVDLA_CDMA_WG_pipe_p1,vmod/nvdla/cdma/NV_NVDLA_CDMA_wg.v,NV_NVDLA_CDMA_wg,.v,0,8,2,nvdla_core_clk,,valid_ready
nvdla,B,https://github.com/nvdla/hw.git,8e06b1b9d85aab65b40d43d08eec5ea4681ff715,nvdlav1,NV_NVDLA_CDMA_WG_pipe_p2,vmod/nvdla/cdma/NV_NVDLA_CDMA_wg.v,NV_NVDLA_CDMA_wg,.v,0,8,2,nvdla_core_clk,,valid_ready
nvdla,B,https://github.com/nvdla/hw.git,8e06b1b9d85aab65b40d43d08eec5ea4681ff715,nvdlav1,NV_NVDLA_CDMA_WG_pipe_p3,vmod/nvdla/cdma/NV_NVDLA_CDMA_wg.v,NV_NVDLA_CDMA_wg,.v,0,8,2,nvdla_core_clk,,valid_ready
nvdla,B,https://github.com/nvdla/hw.git,8e06b1b9d85aab65b40d43d08eec5ea4681ff715,nvdlav1,NV_NVDLA_CDMA_WG_pipe_p4,vmod/nvdla/cdma/NV_NVDLA_CDMA_wg.v,NV_NVDLA_CDMA_wg,.v,0,8,2,nvdla_core_clk,,valid_ready
nvdla,B,https://github.com/nvdla/hw.git,8e06b1b9d85aab65b40d43d08eec5ea4681ff715,nvdlav1,NV_NVDLA_CDMA_WT_fifo,vmod/nvdla/cdma/NV_NVDLA_CDMA_WT_fifo.v,NV_NVDLA_CDMA_WT_fifo,.v,0,9,4,clk,reset_,
nvdla,B,https://github.com/nvdla/hw.git,8e06b1b9d85aab65b40d43d08eec5ea4681ff715,nvdlav1,NV_NVDLA_CDMA_WT_pipe_p1,vmod/nvdla/cdma/NV_NVDLA_CDMA_wt.v,NV_NVDLA_CDMA_wt,.v,0,8,2,nvdla_core_clk,,valid_ready
nvdla,B,https://github.com/nvdla/hw.git,8e06b1b9d85aab65b40d43d08eec5ea4681ff715,nvdlav1,NV_NVDLA_CDMA_WT_pipe_p2,vmod/nvdla/cdma/NV_NVDLA_CDMA_wt.v,NV_NVDLA_CDMA_wt,.v,0,8,2,nvdla_core_clk,,valid_ready
nvdla,B,https://github.com/nvdla/hw.git,8e06b1b9d85aab65b40d43d08eec5ea4681ff715,nvdlav1,NV_NVDLA_CDMA_WT_pipe_p3,vmod/nvdla/cdma/NV_NVDLA_CDMA_wt.v,NV_NVDLA_CDMA_wt,.v,0,8,2,nvdla_core_clk,,valid_ready
nvdla,B,https://github.com/nvdla/hw.git,8e06b1b9d85aab65b40d43d08eec5ea4681ff715,nvdlav1,NV_NVDLA_CDMA_WT_pipe_p4,vmod/nvdla/cdma/NV_NVDLA_CDMA_wt.v,NV_NVDLA_CDMA_wt,.v,0,8,2,nvdla_core_clk,,valid_ready
nvdla,B,https://github.com/nvdla/hw.git,8e06b1b9d85aab65b40d43d08eec5ea4681ff715,nvdlav1,NV_NVDLA_CDMA_WT_sp_arb,vmod/nvdla/cdma/NV_NVDLA_CDMA_WT_sp_arb.v,NV_NVDLA_CDMA_WT_sp_arb,.v,0,5,0,,,req_gnt
nvdla,B,https://github.com/nvdla/hw.git,8e06b1b9d85aab65b40d43d08eec5ea4681ff715,nvdlav1,NV_NVDLA_CDMA_WT_wgs_fifo,vmod/nvdla/cdma/NV_NVDLA_CDMA_WT_wgs_fifo.v,NV_NVDLA_CDMA_WT_wgs_fifo,.v,0,9,4,clk,reset_,
nvdla,B,https://github.com/nvdla/hw.git,8e06b1b9d85aab65b40d43d08eec5ea4681ff715,nvdlav1,NV_NVDLA_CDMA_WT_wrr_arb,vmod/nvdla/cdma/NV_NVDLA_CDMA_WT_wrr_arb.v,NV_NVDLA_CDMA_WT_wrr_arb,.v,0,9,10,clk,reset_,req_gnt
nvdla,B,https://github.com/nvdla/hw.git,8e06b1b9d85aab65b40d43d08eec5ea4681ff715,nvdlav1,NV_NVDLA_CDMA_cvt,vmod/nvdla/cdma/NV_NVDLA_CDMA_cvt.v,NV_NVDLA_CDMA_cvt,.v,0,39,167,nvdla_core_clk;nvdla_hls_clk;nvdla_core_ng_clk,,
nvdla,B,https://github.com/nvdla/hw.git,8e06b1b9d85aab65b40d43d08eec5ea4681ff715,nvdlav1,NV_NVDLA_CDMA_dc,vmod/nvdla/cdma/NV_NVDLA_CDMA_dc.v,NV_NVDLA_CDMA_dc,.v,0,69,197,nvdla_core_clk;nvdla_core_ng_clk,,valid_ready
nvdla,B,https://github.com/nvdla/hw.git,8e06b1b9d85aab65b40d43d08eec5ea4681ff715,nvdlav1,NV_NVDLA_CDMA_dma_mux,vmod/nvdla/cdma/NV_NVDLA_CDMA_dma_mux.v,NV_NVDLA_CDMA_dma_mux,.v,0,50,26,nvdla_core_clk,,valid_ready
nvdla,B,https://github.com/nvdla/hw.git,8e06b1b9d85aab65b40d43d08eec5ea4681ff715,nvdlav1,NV_NVDLA_CDMA_dual_reg,vmod/nvdla/cdma/NV_NVDLA_CDMA_dual_reg.v,NV_NVDLA_CDMA_dual_reg,.v,0,85,0,nvdla_core_clk,,
nvdla,B,https://github.com/nvdla/hw.git,8e06b1b9d85aab65b40d43d08eec5ea4681ff715,nvdlav1,NV_NVDLA_CDMA_img,vmod/nvdla/cdma/NV_NVDLA_CDMA_img.v,NV_NVDLA_CDMA_img,.v,0,84,3,nvdla_core_clk;nvdla_core_ng_clk,,valid_ready
nvdla,B,https://github.com/nvdla/hw.git,8e06b1b9d85aab65b40d43d08eec5ea4681ff715,nvdlav1,NV_NVDLA_CDMA_regfile,vmod/nvdla/cdma/NV_NVDLA_CDMA_regfile.v,NV_NVDLA_CDMA_regfile,.v,0,96,23,nvdla_core_clk,,
nvdla,B,https://github.com/nvdla/hw.git,8e06b1b9d85aab65b40d43d08eec5ea4681ff715,nvdlav1,NV_NVDLA_CDMA_shared_buffer,vmod/nvdla/cdma/NV_NVDLA_CDMA_shared_buffer.v,NV_NVDLA_CDMA_shared_buffer,.v,0,39,40,nvdla_core_clk,,
nvdla,B,https://github.com/nvdla/hw.git,8e06b1b9d85aab65b40d43d08eec5ea4681ff715,nvdlav1,NV_NVDLA_CDMA_single_reg,vmod/nvdla/cdma/NV_NVDLA_CDMA_single_reg.v,NV_NVDLA_CDMA_single_reg,.v,0,13,0,nvdla_core_clk,,
nvdla,B,https://github.com/nvdla/hw.git,8e06b1b9d85aab65b40d43d08eec5ea4681ff715,nvdlav1,NV_NVDLA_CDMA_slcg,vmod/nvdla/cdma/NV_NVDLA_CDMA_slcg.v,NV_NVDLA_CDMA_slcg,.v,0,9,5,dla_clk_ovr_on_sync;global_clk_ovr_on_sync;nvdla_core_clk;tmc2slcg_disable_clock_gating;nvdla_core_gated_clk,,
nvdla,B,https://github.com/nvdla/hw.git,8e06b1b9d85aab65b40d43d08eec5ea4681ff715,nvdlav1,NV_NVDLA_CDMA_status,vmod/nvdla/cdma/NV_NVDLA_CDMA_status.v,NV_NVDLA_CDMA_status,.v,0,33,35,nvdla_core_clk,,
nvdla,B,https://github.com/nvdla/hw.git,8e06b1b9d85aab65b40d43d08eec5ea4681ff715,nvdlav1,NV_NVDLA_CDMA_wg,vmod/nvdla/cdma/NV_NVDLA_CDMA_wg.v,NV_NVDLA_CDMA_wg,.v,0,73,169,nvdla_core_clk;nvdla_core_ng_clk,,valid_ready
nvdla,B,https://github.com/nvdla/hw.git,8e06b1b9d85aab65b40d43d08eec5ea4681ff715,nvdlav1,NV_NVDLA_CDMA_wt,vmod/nvdla/cdma/NV_NVDLA_CDMA_wt.v,NV_NVDLA_CDMA_wt,.v,0,59,164,nvdla_core_clk;nvdla_core_ng_clk,,valid_ready
nvdla,B,https://github.com/nvdla/hw.git,8e06b1b9d85aab65b40d43d08eec5ea4681ff715,nvdlav1,NV_NVDLA_CDP_DP_CVTIN_pipe_p1,vmod/nvdla/cdp/NV_NVDLA_CDP_DP_cvtin.v,NV_NVDLA_CDP_DP_cvtin,.v,0,8,2,nvdla_core_clk,,
nvdla,B,https://github.com/nvdla/hw.git,8e06b1b9d85aab65b40d43d08eec5ea4681ff715,nvdlav1,NV_NVDLA_CDP_DP_CVTIN_pipe_p2,vmod/nvdla/cdp/NV_NVDLA_CDP_DP_cvtin.v,NV_NVDLA_CDP_DP_cvtin,.v,0,8,2,nvdla_core_clk,,
nvdla,B,https://github.com/nvdla/hw.git,8e06b1b9d85aab65b40d43d08eec5ea4681ff715,nvdlav1,NV_NVDLA_CDP_DP_CVTIN_pipe_p3,vmod/nvdla/cdp/NV_NVDLA_CDP_DP_cvtin.v,NV_NVDLA_CDP_DP_cvtin,.v,0,8,2,nvdla_core_clk,,
nvdla,B,https://github.com/nvdla/hw.git,8e06b1b9d85aab65b40d43d08eec5ea4681ff715,nvdlav1,NV_NVDLA_CDP_DP_CVTOUT_pipe_p1,vmod/nvdla/cdp/NV_NVDLA_CDP_DP_cvtout.v,NV_NVDLA_CDP_DP_cvtout,.v,0,8,2,nvdla_core_clk,,
nvdla,B,https://github.com/nvdla/hw.git,8e06b1b9d85aab65b40d43d08eec5ea4681ff715,nvdlav1,NV_NVDLA_CDP_DP_CVTOUT_pipe_p2,vmod/nvdla/cdp/NV_NVDLA_CDP_DP_cvtout.v,NV_NVDLA_CDP_DP_cvtout,.v,0,8,2,nvdla_core_clk,,
nvdla,B,https://github.com/nvdla/hw.git,8e06b1b9d85aab65b40d43d08eec5ea4681ff715,nvdlav1,NV_NVDLA_CDP_DP_CVTOUT_pipe_p3,vmod/nvdla/cdp/NV_NVDLA_CDP_DP_cvtout.v,NV_NVDLA_CDP_DP_cvtout,.v,0,8,2,nvdla_core_clk,,
nvdla,B,https://github.com/nvdla/hw.git,8e06b1b9d85aab65b40d43d08eec5ea4681ff715,nvdlav1,NV_NVDLA_CDP_DP_CVTOUT_pipe_p4,vmod/nvdla/cdp/NV_NVDLA_CDP_DP_cvtout.v,NV_NVDLA_CDP_DP_cvtout,.v,0,8,2,nvdla_core_clk,,
nvdla,B,https://github.com/nvdla/hw.git,8e06b1b9d85aab65b40d43d08eec5ea4681ff715,nvdlav1,NV_NVDLA_CDP_DP_INTP_UNIT_pipe_p1,vmod/nvdla/cdp/NV_NVDLA_CDP_DP_INTP_unit.v,NV_NVDLA_CDP_DP_INTP_unit,.v,0,8,2,nvdla_op_gated_clk_fp16,,
nvdla,B,https://github.com/nvdla/hw.git,8e06b1b9d85aab65b40d43d08eec5ea4681ff715,nvdlav1,NV_NVDLA_CDP_DP_INTP_UNIT_pipe_p10,vmod/nvdla/cdp/NV_NVDLA_CDP_DP_INTP_unit.v,NV_NVDLA_CDP_DP_INTP_unit,.v,0,8,2,nvdla_op_gated_clk_fp16,,
nvdla,B,https://github.com/nvdla/hw.git,8e06b1b9d85aab65b40d43d08eec5ea4681ff715,nvdlav1,NV_NVDLA_CDP_DP_INTP_UNIT_pipe_p2,vmod/nvdla/cdp/NV_NVDLA_CDP_DP_INTP_unit.v,NV_NVDLA_CDP_DP_INTP_unit,.v,0,8,2,nvdla_op_gated_clk_fp16,,
nvdla,B,https://github.com/nvdla/hw.git,8e06b1b9d85aab65b40d43d08eec5ea4681ff715,nvdlav1,NV_NVDLA_CDP_DP_INTP_UNIT_pipe_p3,vmod/nvdla/cdp/NV_NVDLA_CDP_DP_INTP_unit.v,NV_NVDLA_CDP_DP_INTP_unit,.v,0,8,2,nvdla_op_gated_clk_fp16,,
nvdla,B,https://github.com/nvdla/hw.git,8e06b1b9d85aab65b40d43d08eec5ea4681ff715,nvdlav1,NV_NVDLA_CDP_DP_INTP_UNIT_pipe_p4,vmod/nvdla/cdp/NV_NVDLA_CDP_DP_INTP_unit.v,NV_NVDLA_CDP_DP_INTP_unit,.v,0,8,2,nvdla_op_gated_clk_fp16,,
nvdla,B,https://github.com/nvdla/hw.git,8e06b1b9d85aab65b40d43d08eec5ea4681ff715,nvdlav1,NV_NVDLA_CDP_DP_INTP_UNIT_pipe_p5,vmod/nvdla/cdp/NV_NVDLA_CDP_DP_INTP_unit.v,NV_NVDLA_CDP_DP_INTP_unit,.v,0,8,2,nvdla_op_gated_clk_fp16,,
nvdla,B,https://github.com/nvdla/hw.git,8e06b1b9d85aab65b40d43d08eec5ea4681ff715,nvdlav1,NV_NVDLA_CDP_DP_INTP_UNIT_pipe_p6,vmod/nvdla/cdp/NV_NVDLA_CDP_DP_INTP_unit.v,NV_NVDLA_CDP_DP_INTP_unit,.v,0,8,2,nvdla_op_gated_clk_fp16,,
nvdla,B,https://github.com/nvdla/hw.git,8e06b1b9d85aab65b40d43d08eec5ea4681ff715,nvdlav1,NV_NVDLA_CDP_DP_INTP_UNIT_pipe_p7,vmod/nvdla/cdp/NV_NVDLA_CDP_DP_INTP_unit.v,NV_NVDLA_CDP_DP_INTP_unit,.v,0,8,2,nvdla_op_gated_clk_fp16,,
nvdla,B,https://github.com/nvdla/hw.git,8e06b1b9d85aab65b40d43d08eec5ea4681ff715,nvdlav1,NV_NVDLA_CDP_DP_INTP_UNIT_pipe_p8,vmod/nvdla/cdp/NV_NVDLA_CDP_DP_INTP_unit.v,NV_NVDLA_CDP_DP_INTP_unit,.v,0,8,2,nvdla_op_gated_clk_fp16,,
nvdla,B,https://github.com/nvdla/hw.git,8e06b1b9d85aab65b40d43d08eec5ea4681ff715,nvdlav1,NV_NVDLA_CDP_DP_INTP_UNIT_pipe_p9,vmod/nvdla/cdp/NV_NVDLA_CDP_DP_INTP_unit.v,NV_NVDLA_CDP_DP_INTP_unit,.v,0,8,2,nvdla_op_gated_clk_fp16,,
nvdla,B,https://github.com/nvdla/hw.git,8e06b1b9d85aab65b40d43d08eec5ea4681ff715,nvdlav1,NV_NVDLA_CDP_DP_INTP_unit,vmod/nvdla/cdp/NV_NVDLA_CDP_DP_INTP_unit.v,NV_NVDLA_CDP_DP_INTP_unit,.v,0,14,15,nvdla_op_gated_clk_int;nvdla_op_gated_clk_fp16,,
nvdla,B,https://github.com/nvdla/hw.git,8e06b1b9d85aab65b40d43d08eec5ea4681ff715,nvdlav1,NV_NVDLA_CDP_DP_LUT_CTRL_UNIT_pipe_p1,vmod/nvdla/cdp/NV_NVDLA_CDP_DP_LUT_CTRL_unit.v,NV_NVDLA_CDP_DP_LUT_CTRL_unit,.v,0,8,2,nvdla_op_gated_clk_int,,
nvdla,B,https://github.com/nvdla/hw.git,8e06b1b9d85aab65b40d43d08eec5ea4681ff715,nvdlav1,NV_NVDLA_CDP_DP_LUT_CTRL_UNIT_pipe_p2,vmod/nvdla/cdp/NV_NVDLA_CDP_DP_LUT_CTRL_unit.v,NV_NVDLA_CDP_DP_LUT_CTRL_unit,.v,0,8,2,nvdla_op_gated_clk_int,,
nvdla,B,https://github.com/nvdla/hw.git,8e06b1b9d85aab65b40d43d08eec5ea4681ff715,nvdlav1,NV_NVDLA_CDP_DP_LUT_CTRL_UNIT_pipe_p3,vmod/nvdla/cdp/NV_NVDLA_CDP_DP_LUT_CTRL_unit.v,NV_NVDLA_CDP_DP_LUT_CTRL_unit,.v,0,8,2,nvdla_op_gated_clk_fp16,,
nvdla,B,https://github.com/nvdla/hw.git,8e06b1b9d85aab65b40d43d08eec5ea4681ff715,nvdlav1,NV_NVDLA_CDP_DP_LUT_CTRL_unit,vmod/nvdla/cdp/NV_NVDLA_CDP_DP_LUT_CTRL_unit.v,NV_NVDLA_CDP_DP_LUT_CTRL_unit,.v,0,25,24,nvdla_core_clk;nvdla_op_gated_clk_fp16;nvdla_op_gated_clk_int,,
nvdla,B,https://github.com/nvdla/hw.git,8e06b1b9d85aab65b40d43d08eec5ea4681ff715,nvdlav1,NV_NVDLA_CDP_DP_LUT_ctrl,vmod/nvdla/cdp/NV_NVDLA_CDP_DP_LUT_ctrl.v,NV_NVDLA_CDP_DP_LUT_ctrl,.v,0,56,8,nvdla_core_clk;nvdla_op_gated_clk_fp16;nvdla_op_gated_clk_int,,
nvdla,B,https://github.com/nvdla/hw.git,8e06b1b9d85aab65b40d43d08eec5ea4681ff715,nvdlav1,NV_NVDLA_CDP_DP_MUL_unit,vmod/nvdla/cdp/NV_NVDLA_CDP_DP_MUL_unit.v,NV_NVDLA_CDP_DP_MUL_unit,.v,0,14,1,nvdla_core_clk;nvdla_op_gated_clk_int;nvdla_op_gated_clk_fp16,,
nvdla,B,https://github.com/nvdla/hw.git,8e06b1b9d85aab65b40d43d08eec5ea4681ff715,nvdlav1,NV_NVDLA_CDP_DP_bufferin,vmod/nvdla/cdp/NV_NVDLA_CDP_DP_bufferin.v,NV_NVDLA_CDP_DP_bufferin,.v,0,8,59,nvdla_core_clk,,valid_ready
nvdla,B,https://github.com/nvdla/hw.git,8e06b1b9d85aab65b40d43d08eec5ea4681ff715,nvdlav1,NV_NVDLA_CDP_DP_cvtin,vmod/nvdla/cdp/NV_NVDLA_CDP_DP_cvtin.v,NV_NVDLA_CDP_DP_cvtin,.v,0,15,7,nvdla_core_clk,,valid_ready
nvdla,B,https://github.com/nvdla/hw.git,8e06b1b9d85aab65b40d43d08eec5ea4681ff715,nvdlav1,NV_NVDLA_CDP_DP_cvtout,vmod/nvdla/cdp/NV_NVDLA_CDP_DP_cvtout.v,NV_NVDLA_CDP_DP_cvtout,.v,0,18,12,nvdla_core_clk,,
nvdla,B,https://github.com/nvdla/hw.git,8e06b1b9d85aab65b40d43d08eec5ea4681ff715,nvdlav1,NV_NVDLA_CDP_DP_data_fifo,vmod/nvdla/cdp/NV_NVDLA_CDP_DP_syncfifo.v,NV_NVDLA_CDP_DP_syncfifo,.v,0,10,4,nvdla_core_clk,,
nvdla,B,https://github.com/nvdla/hw.git,8e06b1b9d85aab65b40d43d08eec5ea4681ff715,nvdlav1,NV_NVDLA_CDP_DP_info_fifo,vmod/nvdla/cdp/NV_NVDLA_CDP_DP_syncfifo.v,NV_NVDLA_CDP_DP_syncfifo,.v,0,10,4,nvdla_core_clk,,
nvdla,B,https://github.com/nvdla/hw.git,8e06b1b9d85aab65b40d43d08eec5ea4681ff715,nvdlav1,NV_NVDLA_CDP_DP_intp,vmod/nvdla/cdp/NV_NVDLA_CDP_DP_intp.v,NV_NVDLA_CDP_DP_intp,.v,0,87,29,nvdla_core_clk;nvdla_op_gated_clk_fp16;nvdla_op_gated_clk_int,,
nvdla,B,https://github.com/nvdla/hw.git,8e06b1b9d85aab65b40d43d08eec5ea4681ff715,nvdlav1,NV_NVDLA_CDP_DP_intpinfo_fifo,vmod/nvdla/cdp/NV_NVDLA_CDP_DP_intp.v,NV_NVDLA_CDP_DP_intp,.v,0,10,4,nvdla_core_clk,,
nvdla,B,https://github.com/nvdla/hw.git,8e06b1b9d85aab65b40d43d08eec5ea4681ff715,nvdlav1,NV_NVDLA_CDP_DP_lut,vmod/nvdla/cdp/NV_NVDLA_CDP_DP_lut.v,NV_NVDLA_CDP_DP_lut,.v,0,85,24,nvdla_core_clk;nvdla_core_clk_orig;nvdla_op_gated_clk_fp16,,
nvdla,B,https://github.com/nvdla/hw.git,8e06b1b9d85aab65b40d43d08eec5ea4681ff715,nvdlav1,NV_NVDLA_CDP_DP_mul,vmod/nvdla/cdp/NV_NVDLA_CDP_DP_mul.v,NV_NVDLA_CDP_DP_mul,.v,0,25,6,nvdla_core_clk;nvdla_op_gated_clk_fp16;nvdla_op_gated_clk_int,,
nvdla,B,https://github.com/nvdla/hw.git,8e06b1b9d85aab65b40d43d08eec5ea4681ff715,nvdlav1,NV_NVDLA_CDP_DP_nan,vmod/nvdla/cdp/NV_NVDLA_CDP_DP_nan.v,NV_NVDLA_CDP_DP_nan,.v,0,14,2,nvdla_core_clk,,valid_ready
nvdla,B,https://github.com/nvdla/hw.git,8e06b1b9d85aab65b40d43d08eec5ea4681ff715,nvdlav1,NV_NVDLA_CDP_DP_sum,vmod/nvdla/cdp/NV_NVDLA_CDP_DP_sum.v,NV_NVDLA_CDP_DP_sum,.v,0,14,36,nvdla_core_clk;nvdla_op_gated_clk_int;nvdla_op_gated_clk_fp16,,
nvdla,B,https://github.com/nvdla/hw.git,8e06b1b9d85aab65b40d43d08eec5ea4681ff715,nvdlav1,NV_NVDLA_CDP_DP_sumpd_fifo,vmod/nvdla/cdp/NV_NVDLA_CDP_DP_syncfifo.v,NV_NVDLA_CDP_DP_syncfifo,.v,0,10,4,nvdla_core_clk,,
nvdla,B,https://github.com/nvdla/hw.git,8e06b1b9d85aab65b40d43d08eec5ea4681ff715,nvdlav1,NV_NVDLA_CDP_DP_syncfifo,vmod/nvdla/cdp/NV_NVDLA_CDP_DP_syncfifo.v,NV_NVDLA_CDP_DP_syncfifo,.v,0,18,7,nvdla_core_clk,,
nvdla,B,https://github.com/nvdla/hw.git,8e06b1b9d85aab65b40d43d08eec5ea4681ff715,nvdlav1,NV_NVDLA_CDP_RDMA_EG_pipe_p1,vmod/nvdla/cdp/NV_NVDLA_CDP_RDMA_eg.v,NV_NVDLA_CDP_RDMA_eg,.v,0,8,2,nvdla_core_clk,,valid_ready
nvdla,B,https://github.com/nvdla/hw.git,8e06b1b9d85aab65b40d43d08eec5ea4681ff715,nvdlav1,NV_NVDLA_CDP_RDMA_EG_pipe_p2,vmod/nvdla/cdp/NV_NVDLA_CDP_RDMA_eg.v,NV_NVDLA_CDP_RDMA_eg,.v,0,8,2,nvdla_core_clk,,valid_ready
nvdla,B,https://github.com/nvdla/hw.git,8e06b1b9d85aab65b40d43d08eec5ea4681ff715,nvdlav1,NV_NVDLA_CDP_RDMA_IG_pipe_p1,vmod/nvdla/cdp/NV_NVDLA_CDP_RDMA_ig.v,NV_NVDLA_CDP_RDMA_ig,.v,0,8,2,nvdla_core_clk,,valid_ready
nvdla,B,https://github.com/nvdla/hw.git,8e06b1b9d85aab65b40d43d08eec5ea4681ff715,nvdlav1,NV_NVDLA_CDP_RDMA_IG_pipe_p2,vmod/nvdla/cdp/NV_NVDLA_CDP_RDMA_ig.v,NV_NVDLA_CDP_RDMA_ig,.v,0,8,2,nvdla_core_clk,,valid_ready
nvdla,B,https://github.com/nvdla/hw.git,8e06b1b9d85aab65b40d43d08eec5ea4681ff715,nvdlav1,NV_NVDLA_CDP_RDMA_REG_dual,vmod/nvdla/cdp/NV_NVDLA_CDP_RDMA_REG_dual.v,NV_NVDLA_CDP_RDMA_REG_dual,.v,0,20,0,nvdla_core_clk,,
nvdla,B,https://github.com/nvdla/hw.git,8e06b1b9d85aab65b40d43d08eec5ea4681ff715,nvdlav1,NV_NVDLA_CDP_RDMA_REG_single,vmod/nvdla/cdp/NV_NVDLA_CDP_RDMA_REG_single.v,NV_NVDLA_CDP_RDMA_REG_single,.v,0,10,0,nvdla_core_clk,,
nvdla,B,https://github.com/nvdla/hw.git,8e06b1b9d85aab65b40d43d08eec5ea4681ff715,nvdlav1,NV_NVDLA_CDP_RDMA_cq,vmod/nvdla/cdp/NV_NVDLA_CDP_RDMA_cq.v,NV_NVDLA_CDP_RDMA_cq,.v,0,9,4,nvdla_core_clk,,
nvdla,B,https://github.com/nvdla/hw.git,8e06b1b9d85aab65b40d43d08eec5ea4681ff715,nvdlav1,NV_NVDLA_CDP_RDMA_cq_flopram_rwsa_32x7,vmod/nvdla/cdp/NV_NVDLA_CDP_RDMA_cq.v,NV_NVDLA_CDP_RDMA_cq,.v,0,7,33,clk,,
nvdla,B,https://github.com/nvdla/hw.git,8e06b1b9d85aab65b40d43d08eec5ea4681ff715,nvdlav1,NV_NVDLA_CDP_RDMA_eg,vmod/nvdla/cdp/NV_NVDLA_CDP_RDMA_eg.v,NV_NVDLA_CDP_RDMA_eg,.v,0,22,16,nvdla_core_clk,,valid_ready
nvdla,B,https://github.com/nvdla/hw.git,8e06b1b9d85aab65b40d43d08eec5ea4681ff715,nvdlav1,NV_NVDLA_CDP_RDMA_ig,vmod/nvdla/cdp/NV_NVDLA_CDP_RDMA_ig.v,NV_NVDLA_CDP_RDMA_ig,.v,0,25,13,nvdla_core_clk,,valid_ready
nvdla,B,https://github.com/nvdla/hw.git,8e06b1b9d85aab65b40d43d08eec5ea4681ff715,nvdlav1,NV_NVDLA_CDP_RDMA_lat_fifo,vmod/nvdla/cdp/NV_NVDLA_CDP_RDMA_eg.v,NV_NVDLA_CDP_RDMA_eg,.v,0,10,4,nvdla_core_clk,,
nvdla,B,https://github.com/nvdla/hw.git,8e06b1b9d85aab65b40d43d08eec5ea4681ff715,nvdlav1,NV_NVDLA_CDP_RDMA_reg,vmod/nvdla/cdp/NV_NVDLA_CDP_RDMA_reg.v,NV_NVDLA_CDP_RDMA_reg,.v,0,23,7,nvdla_core_clk,,
nvdla,B,https://github.com/nvdla/hw.git,8e06b1b9d85aab65b40d43d08eec5ea4681ff715,nvdlav1,NV_NVDLA_CDP_RDMA_ro_fifo,vmod/nvdla/cdp/NV_NVDLA_CDP_RDMA_eg.v,NV_NVDLA_CDP_RDMA_eg,.v,0,9,4,nvdla_core_clk,,
nvdla,B,https://github.com/nvdla/hw.git,8e06b1b9d85aab65b40d43d08eec5ea4681ff715,nvdlav1,NV_NVDLA_CDP_RDMA_ro_fifo_flopram_rwsa_4x64,vmod/nvdla/cdp/NV_NVDLA_CDP_RDMA_eg.v,NV_NVDLA_CDP_RDMA_eg,.v,0,7,33,clk,,
nvdla,B,https://github.com/nvdla/hw.git,8e06b1b9d85aab65b40d43d08eec5ea4681ff715,nvdlav1,NV_NVDLA_CDP_REG_dual,vmod/nvdla/cdp/NV_NVDLA_CDP_REG_dual.v,NV_NVDLA_CDP_REG_dual,.v,0,37,0,nvdla_core_clk,,
nvdla,B,https://github.com/nvdla/hw.git,8e06b1b9d85aab65b40d43d08eec5ea4681ff715,nvdlav1,NV_NVDLA_CDP_REG_single,vmod/nvdla/cdp/NV_NVDLA_CDP_REG_single.v,NV_NVDLA_CDP_REG_single,.v,0,39,0,nvdla_core_clk,,
nvdla,B,https://github.com/nvdla/hw.git,8e06b1b9d85aab65b40d43d08eec5ea4681ff715,nvdlav1,NV_NVDLA_CDP_WDMA_cmd_fifo,vmod/nvdla/cdp/NV_NVDLA_CDP_wdma.v,NV_NVDLA_CDP_wdma,.v,0,10,4,nvdla_core_clk,,
nvdla,B,https://github.com/nvdla/hw.git,8e06b1b9d85aab65b40d43d08eec5ea4681ff715,nvdlav1,NV_NVDLA_CDP_WDMA_cmd_fifo_flopram_rwsa_3x15,vmod/nvdla/cdp/NV_NVDLA_CDP_wdma.v,NV_NVDLA_CDP_wdma,.v,0,7,33,clk,,
nvdla,B,https://github.com/nvdla/hw.git,8e06b1b9d85aab65b40d43d08eec5ea4681ff715,nvdlav1,NV_NVDLA_CDP_WDMA_dat_fifo,vmod/nvdla/cdp/NV_NVDLA_CDP_wdma.v,NV_NVDLA_CDP_wdma,.v,0,10,4,nvdla_core_clk,,
nvdla,B,https://github.com/nvdla/hw.git,8e06b1b9d85aab65b40d43d08eec5ea4681ff715,nvdlav1,NV_NVDLA_CDP_WDMA_dat_fifo_flopram_rwsa_3x64,vmod/nvdla/cdp/NV_NVDLA_CDP_wdma.v,NV_NVDLA_CDP_wdma,.v,0,7,33,clk,,
nvdla,B,https://github.com/nvdla/hw.git,8e06b1b9d85aab65b40d43d08eec5ea4681ff715,nvdlav1,NV_NVDLA_CDP_WDMA_intr_fifo,vmod/nvdla/cdp/NV_NVDLA_CDP_wdma.v,NV_NVDLA_CDP_wdma,.v,0,8,34,nvdla_core_clk,,
nvdla,B,https://github.com/nvdla/hw.git,8e06b1b9d85aab65b40d43d08eec5ea4681ff715,nvdlav1,NV_NVDLA_CDP_WDMA_pipe_p2,vmod/nvdla/cdp/NV_NVDLA_CDP_wdma.v,NV_NVDLA_CDP_wdma,.v,0,8,2,nvdla_core_clk_orig,,valid_ready
nvdla,B,https://github.com/nvdla/hw.git,8e06b1b9d85aab65b40d43d08eec5ea4681ff715,nvdlav1,NV_NVDLA_CDP_WDMA_pipe_p3,vmod/nvdla/cdp/NV_NVDLA_CDP_wdma.v,NV_NVDLA_CDP_wdma,.v,0,8,2,nvdla_core_clk_orig,,valid_ready
nvdla,B,https://github.com/nvdla/hw.git,8e06b1b9d85aab65b40d43d08eec5ea4681ff715,nvdlav1,NV_NVDLA_CDP_dp,vmod/nvdla/cdp/NV_NVDLA_CDP_dp.v,NV_NVDLA_CDP_dp,.v,0,64,9,nvdla_core_clk;nvdla_core_clk_orig;nvdla_op_gated_clk_fp16;nvdla_op_gated_clk_int,,valid_ready
nvdla,B,https://github.com/nvdla/hw.git,8e06b1b9d85aab65b40d43d08eec5ea4681ff715,nvdlav1,NV_NVDLA_CDP_rdma,vmod/nvdla/cdp/NV_NVDLA_CDP_rdma.v,NV_NVDLA_CDP_rdma,.v,0,28,5,nvdla_core_clk;dla_clk_ovr_on_sync;global_clk_ovr_on_sync;tmc2slcg_disable_clock_gating,,valid_ready
nvdla,B,https://github.com/nvdla/hw.git,8e06b1b9d85aab65b40d43d08eec5ea4681ff715,nvdlav1,NV_NVDLA_CDP_reg,vmod/nvdla/cdp/NV_NVDLA_CDP_reg.v,NV_NVDLA_CDP_reg,.v,0,76,13,nvdla_core_clk,,
nvdla,B,https://github.com/nvdla/hw.git,8e06b1b9d85aab65b40d43d08eec5ea4681ff715,nvdlav1,NV_NVDLA_CDP_slcg,vmod/nvdla/cdp/NV_NVDLA_CDP_slcg.v,NV_NVDLA_CDP_slcg,.v,0,7,5,dla_clk_ovr_on_sync;global_clk_ovr_on_sync;nvdla_core_clk;tmc2slcg_disable_clock_gating;nvdla_core_gated_clk,,
nvdla,B,https://github.com/nvdla/hw.git,8e06b1b9d85aab65b40d43d08eec5ea4681ff715,nvdlav1,NV_NVDLA_CDP_wdma,vmod/nvdla/cdp/NV_NVDLA_CDP_wdma.v,NV_NVDLA_CDP_wdma,.v,0,29,38,nvdla_core_clk;nvdla_core_clk_orig,,valid_ready
nvdla,B,https://github.com/nvdla/hw.git,8e06b1b9d85aab65b40d43d08eec5ea4681ff715,nvdlav1,NV_NVDLA_CMAC_CORE_MAC_booth,vmod/nvdla/cmac/NV_NVDLA_CMAC_CORE_MAC_mul.v,NV_NVDLA_CMAC_CORE_MAC_mul,.v,0,6,0,,,
nvdla,B,https://github.com/nvdla/hw.git,8e06b1b9d85aab65b40d43d08eec5ea4681ff715,nvdlav1,NV_NVDLA_CMAC_CORE_MAC_exp,vmod/nvdla/cmac/NV_NVDLA_CMAC_CORE_MAC_exp.v,NV_NVDLA_CMAC_CORE_MAC_exp,.v,0,78,38,nvdla_core_clk,,
nvdla,B,https://github.com/nvdla/hw.git,8e06b1b9d85aab65b40d43d08eec5ea4681ff715,nvdlav1,NV_NVDLA_CMAC_CORE_MAC_mul,vmod/nvdla/cmac/NV_NVDLA_CMAC_CORE_MAC_mul.v,NV_NVDLA_CMAC_CORE_MAC_mul,.v,0,15,17,nvdla_core_clk,,
nvdla,B,https://github.com/nvdla/hw.git,8e06b1b9d85aab65b40d43d08eec5ea4681ff715,nvdlav1,NV_NVDLA_CMAC_CORE_MAC_nan,vmod/nvdla/cmac/NV_NVDLA_CMAC_CORE_MAC_nan.v,NV_NVDLA_CMAC_CORE_MAC_nan,.v,0,10,1,nvdla_core_clk,,
nvdla,B,https://github.com/nvdla/hw.git,8e06b1b9d85aab65b40d43d08eec5ea4681ff715,nvdlav1,NV_NVDLA_CMAC_CORE_active,vmod/nvdla/cmac/NV_NVDLA_CMAC_CORE_active.v,NV_NVDLA_CMAC_CORE_active,.v,0,397,11,nvdla_core_clk,,
nvdla,B,https://github.com/nvdla/hw.git,8e06b1b9d85aab65b40d43d08eec5ea4681ff715,nvdlav1,NV_NVDLA_CMAC_CORE_cfg,vmod/nvdla/cmac/NV_NVDLA_CMAC_CORE_cfg.v,NV_NVDLA_CMAC_CORE_cfg,.v,0,12,2,nvdla_core_clk,,
nvdla,B,https://github.com/nvdla/hw.git,8e06b1b9d85aab65b40d43d08eec5ea4681ff715,nvdlav1,NV_NVDLA_CMAC_CORE_mac,vmod/nvdla/cmac/NV_NVDLA_CMAC_CORE_mac.v,NV_NVDLA_CMAC_CORE_mac,.v,0,27,241,nvdla_core_clk;nvdla_wg_clk,,
nvdla,B,https://github.com/nvdla/hw.git,8e06b1b9d85aab65b40d43d08eec5ea4681ff715,nvdlav1,NV_NVDLA_CMAC_CORE_rt_in,vmod/nvdla/cmac/NV_NVDLA_CMAC_CORE_rt_in.v,NV_NVDLA_CMAC_CORE_rt_in,.v,0,528,4,nvdla_core_clk,,
nvdla,B,https://github.com/nvdla/hw.git,8e06b1b9d85aab65b40d43d08eec5ea4681ff715,nvdlav1,NV_NVDLA_CMAC_CORE_rt_out,vmod/nvdla/cmac/NV_NVDLA_CMAC_CORE_rt_out.v,NV_NVDLA_CMAC_CORE_rt_out,.v,0,29,5,nvdla_core_clk;nvdla_wg_clk,,
nvdla,B,https://github.com/nvdla/hw.git,8e06b1b9d85aab65b40d43d08eec5ea4681ff715,nvdlav1,NV_NVDLA_CMAC_CORE_slcg,vmod/nvdla/cmac/NV_NVDLA_CMAC_CORE_slcg.v,NV_NVDLA_CMAC_CORE_slcg,.v,0,8,5,dla_clk_ovr_on_sync;global_clk_ovr_on_sync;nvdla_core_clk;tmc2slcg_disable_clock_gating;nvdla_core_gated_clk,,
nvdla,B,https://github.com/nvdla/hw.git,8e06b1b9d85aab65b40d43d08eec5ea4681ff715,nvdlav1,NV_NVDLA_CMAC_REG_dual,vmod/nvdla/cmac/NV_NVDLA_CMAC_REG_dual.v,NV_NVDLA_CMAC_REG_dual,.v,0,10,0,nvdla_core_clk,,
nvdla,B,https://github.com/nvdla/hw.git,8e06b1b9d85aab65b40d43d08eec5ea4681ff715,nvdlav1,NV_NVDLA_CMAC_REG_single,vmod/nvdla/cmac/NV_NVDLA_CMAC_REG_single.v,NV_NVDLA_CMAC_REG_single,.v,0,10,0,nvdla_core_clk,,
nvdla,B,https://github.com/nvdla/hw.git,8e06b1b9d85aab65b40d43d08eec5ea4681ff715,nvdlav1,NV_NVDLA_CMAC_core,vmod/nvdla/cmac/NV_NVDLA_CMAC_core.v,NV_NVDLA_CMAC_core,.v,0,284,38,nvdla_core_clk;dla_clk_ovr_on_sync;global_clk_ovr_on_sync;tmc2slcg_disable_clock_gating,,
nvdla,B,https://github.com/nvdla/hw.git,8e06b1b9d85aab65b40d43d08eec5ea4681ff715,nvdlav1,NV_NVDLA_CMAC_reg,vmod/nvdla/cmac/NV_NVDLA_CMAC_reg.v,NV_NVDLA_CMAC_reg,.v,0,12,7,nvdla_core_clk,,
nvdla,B,https://github.com/nvdla/hw.git,8e06b1b9d85aab65b40d43d08eec5ea4681ff715,nvdlav1,NV_NVDLA_CSB_MASTER_csb2falcon_fifo,vmod/nvdla/csb_master/NV_NVDLA_CSB_MASTER_csb2falcon_fifo.v,NV_NVDLA_CSB_MASTER_csb2falcon_fifo,.v,0,11,22,wr_clk;rd_clk,wr_reset_;rd_reset_,
nvdla,B,https://github.com/nvdla/hw.git,8e06b1b9d85aab65b40d43d08eec5ea4681ff715,nvdlav1,NV_NVDLA_CSB_MASTER_csb2falcon_fifo_flopram_rwa_2x34,vmod/nvdla/csb_master/NV_NVDLA_CSB_MASTER_csb2falcon_fifo.v,NV_NVDLA_CSB_MASTER_csb2falcon_fifo,.v,0,9,33,clk;clk_mgated,,
nvdla,B,https://github.com/nvdla/hw.git,8e06b1b9d85aab65b40d43d08eec5ea4681ff715,nvdlav1,NV_NVDLA_CSB_MASTER_csb2falcon_fifo_gray_cntr,vmod/nvdla/csb_master/NV_NVDLA_CSB_MASTER_csb2falcon_fifo.v,NV_NVDLA_CSB_MASTER_csb2falcon_fifo,.v,0,4,0,clk,reset_,
nvdla,B,https://github.com/nvdla/hw.git,8e06b1b9d85aab65b40d43d08eec5ea4681ff715,nvdlav1,NV_NVDLA_CSB_MASTER_csb2falcon_fifo_gray_cntr_strict,vmod/nvdla/csb_master/NV_NVDLA_CSB_MASTER_csb2falcon_fifo.v,NV_NVDLA_CSB_MASTER_csb2falcon_fifo,.v,0,3,0,,,
nvdla,B,https://github.com/nvdla/hw.git,8e06b1b9d85aab65b40d43d08eec5ea4681ff715,nvdlav1,NV_NVDLA_CSB_MASTER_falcon2csb_fifo,vmod/nvdla/csb_master/NV_NVDLA_CSB_MASTER_falcon2csb_fifo.v,NV_NVDLA_CSB_MASTER_falcon2csb_fifo,.v,0,12,24,wr_clk;rd_clk,wr_reset_;rd_reset_,
nvdla,B,https://github.com/nvdla/hw.git,8e06b1b9d85aab65b40d43d08eec5ea4681ff715,nvdlav1,NV_NVDLA_CSB_MASTER_falcon2csb_fifo_flopram_rwa_4x50,vmod/nvdla/csb_master/NV_NVDLA_CSB_MASTER_falcon2csb_fifo.v,NV_NVDLA_CSB_MASTER_falcon2csb_fifo,.v,0,9,33,clk;clk_mgated,,
nvdla,B,https://github.com/nvdla/hw.git,8e06b1b9d85aab65b40d43d08eec5ea4681ff715,nvdlav1,NV_NVDLA_CSB_MASTER_falcon2csb_fifo_gray_cntr,vmod/nvdla/csb_master/NV_NVDLA_CSB_MASTER_falcon2csb_fifo.v,NV_NVDLA_CSB_MASTER_falcon2csb_fifo,.v,0,4,0,clk,reset_,
nvdla,B,https://github.com/nvdla/hw.git,8e06b1b9d85aab65b40d43d08eec5ea4681ff715,nvdlav1,NV_NVDLA_CSB_MASTER_falcon2csb_fifo_gray_cntr_strict,vmod/nvdla/csb_master/NV_NVDLA_CSB_MASTER_falcon2csb_fifo.v,NV_NVDLA_CSB_MASTER_falcon2csb_fifo,.v,0,3,0,,,
nvdla,B,https://github.com/nvdla/hw.git,8e06b1b9d85aab65b40d43d08eec5ea4681ff715,nvdlav1,NV_NVDLA_CSC_SG_dat_fifo,vmod/nvdla/csc/NV_NVDLA_CSC_SG_dat_fifo.v,NV_NVDLA_CSC_SG_dat_fifo,.v,0,10,4,clk,reset_,
nvdla,B,https://github.com/nvdla/hw.git,8e06b1b9d85aab65b40d43d08eec5ea4681ff715,nvdlav1,NV_NVDLA_CSC_SG_dat_fifo_flopram_rwsa_4x33,vmod/nvdla/csc/NV_NVDLA_CSC_SG_dat_fifo.v,NV_NVDLA_CSC_SG_dat_fifo,.v,0,9,33,clk;clk_mgated,,
nvdla,B,https://github.com/nvdla/hw.git,8e06b1b9d85aab65b40d43d08eec5ea4681ff715,nvdlav1,NV_NVDLA_CSC_SG_wt_fifo,vmod/nvdla/csc/NV_NVDLA_CSC_SG_wt_fifo.v,NV_NVDLA_CSC_SG_wt_fifo,.v,0,10,4,clk,reset_,
nvdla,B,https://github.com/nvdla/hw.git,8e06b1b9d85aab65b40d43d08eec5ea4681ff715,nvdlav1,NV_NVDLA_CSC_SG_wt_fifo_flopram_rwsa_4x20,vmod/nvdla/csc/NV_NVDLA_CSC_SG_wt_fifo.v,NV_NVDLA_CSC_SG_wt_fifo,.v,0,9,33,clk;clk_mgated,,
nvdla,B,https://github.com/nvdla/hw.git,8e06b1b9d85aab65b40d43d08eec5ea4681ff715,nvdlav1,NV_NVDLA_CSC_WL_dec,vmod/nvdla/csc/NV_NVDLA_CSC_WL_dec.v,NV_NVDLA_CSC_WL_dec,.v,0,140,128,nvdla_core_clk,,
nvdla,B,https://github.com/nvdla/hw.git,8e06b1b9d85aab65b40d43d08eec5ea4681ff715,nvdlav1,NV_NVDLA_CSC_dl,vmod/nvdla/csc/NV_NVDLA_CSC_dl.v,NV_NVDLA_CSC_dl,.v,0,305,230,nvdla_core_clk;nvdla_core_ng_clk;nvdla_wg_clk,,
nvdla,B,https://github.com/nvdla/hw.git,8e06b1b9d85aab65b40d43d08eec5ea4681ff715,nvdlav1,NV_NVDLA_CSC_dual_reg,vmod/nvdla/csc/NV_NVDLA_CSC_dual_reg.v,NV_NVDLA_CSC_dual_reg,.v,0,45,0,nvdla_core_clk,,
nvdla,B,https://github.com/nvdla/hw.git,8e06b1b9d85aab65b40d43d08eec5ea4681ff715,nvdlav1,NV_NVDLA_CSC_pra_cell,vmod/nvdla/csc/NV_NVDLA_CSC_pra_cell.v,NV_NVDLA_CSC_pra_cell,.v,0,10,3,nvdla_core_clk,,
nvdla,B,https://github.com/nvdla/hw.git,8e06b1b9d85aab65b40d43d08eec5ea4681ff715,nvdlav1,NV_NVDLA_CSC_pra_cell_core,vmod/nvdla/csc/NV_NVDLA_CSC_pra_cell.v,NV_NVDLA_CSC_pra_cell,.v,0,14,229,nvdla_core_clk,,
nvdla,B,https://github.com/nvdla/hw.git,8e06b1b9d85aab65b40d43d08eec5ea4681ff715,nvdlav1,NV_NVDLA_CSC_pra_cell_core_chn_data_in_rsci,vmod/nvdla/csc/NV_NVDLA_CSC_pra_cell.v,NV_NVDLA_CSC_pra_cell,.v,0,13,3,nvdla_core_clk,,
nvdla,B,https://github.com/nvdla/hw.git,8e06b1b9d85aab65b40d43d08eec5ea4681ff715,nvdlav1,NV_NVDLA_CSC_pra_cell_core_chn_data_in_rsci_chn_data_in_wait_ctrl,vmod/nvdla/csc/NV_NVDLA_CSC_pra_cell.v,NV_NVDLA_CSC_pra_cell,.v,0,11,0,nvdla_core_clk,,
nvdla,B,https://github.com/nvdla/hw.git,8e06b1b9d85aab65b40d43d08eec5ea4681ff715,nvdlav1,NV_NVDLA_CSC_pra_cell_core_chn_data_in_rsci_chn_data_in_wait_dp,vmod/nvdla/csc/NV_NVDLA_CSC_pra_cell.v,NV_NVDLA_CSC_pra_cell,.v,0,9,0,nvdla_core_clk,,
nvdla,B,https://github.com/nvdla/hw.git,8e06b1b9d85aab65b40d43d08eec5ea4681ff715,nvdlav1,NV_NVDLA_CSC_pra_cell_core_chn_data_out_rsci,vmod/nvdla/csc/NV_NVDLA_CSC_pra_cell.v,NV_NVDLA_CSC_pra_cell,.v,0,13,3,nvdla_core_clk,,
nvdla,B,https://github.com/nvdla/hw.git,8e06b1b9d85aab65b40d43d08eec5ea4681ff715,nvdlav1,NV_NVDLA_CSC_pra_cell_core_chn_data_out_rsci_chn_data_out_wait_ctrl,vmod/nvdla/csc/NV_NVDLA_CSC_pra_cell.v,NV_NVDLA_CSC_pra_cell,.v,0,11,0,nvdla_core_clk,,
nvdla,B,https://github.com/nvdla/hw.git,8e06b1b9d85aab65b40d43d08eec5ea4681ff715,nvdlav1,NV_NVDLA_CSC_pra_cell_core_chn_data_out_rsci_chn_data_out_wait_dp,vmod/nvdla/csc/NV_NVDLA_CSC_pra_cell.v,NV_NVDLA_CSC_pra_cell,.v,0,7,0,nvdla_core_clk,,
nvdla,B,https://github.com/nvdla/hw.git,8e06b1b9d85aab65b40d43d08eec5ea4681ff715,nvdlav1,NV_NVDLA_CSC_pra_cell_core_core_fsm,vmod/nvdla/csc/NV_NVDLA_CSC_pra_cell.v,NV_NVDLA_CSC_pra_cell,.v,0,4,0,nvdla_core_clk,,
nvdla,B,https://github.com/nvdla/hw.git,8e06b1b9d85aab65b40d43d08eec5ea4681ff715,nvdlav1,NV_NVDLA_CSC_pra_cell_core_staller,vmod/nvdla/csc/NV_NVDLA_CSC_pra_cell.v,NV_NVDLA_CSC_pra_cell,.v,0,6,0,nvdla_core_clk,,
nvdla,B,https://github.com/nvdla/hw.git,8e06b1b9d85aab65b40d43d08eec5ea4681ff715,nvdlav1,NV_NVDLA_CSC_regfile,vmod/nvdla/csc/NV_NVDLA_CSC_regfile.v,NV_NVDLA_CSC_regfile,.v,0,47,7,nvdla_core_clk,,
nvdla,B,https://github.com/nvdla/hw.git,8e06b1b9d85aab65b40d43d08eec5ea4681ff715,nvdlav1,NV_NVDLA_CSC_sg,vmod/nvdla/csc/NV_NVDLA_CSC_sg.v,NV_NVDLA_CSC_sg,.v,0,46,127,nvdla_core_clk;nvdla_core_ng_clk,,
nvdla,B,https://github.com/nvdla/hw.git,8e06b1b9d85aab65b40d43d08eec5ea4681ff715,nvdlav1,NV_NVDLA_CSC_single_reg,vmod/nvdla/csc/NV_NVDLA_CSC_single_reg.v,NV_NVDLA_CSC_single_reg,.v,0,10,0,nvdla_core_clk,,
nvdla,B,https://github.com/nvdla/hw.git,8e06b1b9d85aab65b40d43d08eec5ea4681ff715,nvdlav1,NV_NVDLA_CSC_slcg,vmod/nvdla/csc/NV_NVDLA_CSC_slcg.v,NV_NVDLA_CSC_slcg,.v,0,8,5,dla_clk_ovr_on_sync;global_clk_ovr_on_sync;nvdla_core_clk;tmc2slcg_disable_clock_gating;nvdla_core_gated_clk,,
nvdla,B,https://github.com/nvdla/hw.git,8e06b1b9d85aab65b40d43d08eec5ea4681ff715,nvdlav1,NV_NVDLA_CSC_wl,vmod/nvdla/csc/NV_NVDLA_CSC_wl.v,NV_NVDLA_CSC_wl,.v,0,297,130,nvdla_core_clk;nvdla_core_ng_clk,,
nvdla,B,https://github.com/nvdla/hw.git,8e06b1b9d85aab65b40d43d08eec5ea4681ff715,nvdlav1,NV_NVDLA_CVIF_CSB_reg,vmod/nvdla/nocif/NV_NVDLA_CVIF_CSB_reg.v,NV_NVDLA_CVIF_CSB_reg,.v,0,29,0,nvdla_core_clk,,
nvdla,B,https://github.com/nvdla/hw.git,8e06b1b9d85aab65b40d43d08eec5ea4681ff715,nvdlav1,NV_NVDLA_CVIF_READ_EG_lat_fifo,vmod/nvdla/nocif/NV_NVDLA_CVIF_READ_eg.v,NV_NVDLA_CVIF_READ_eg,.v,0,10,4,nvdla_core_clk,,
nvdla,B,https://github.com/nvdla/hw.git,8e06b1b9d85aab65b40d43d08eec5ea4681ff715,nvdlav1,NV_NVDLA_CVIF_READ_EG_lat_fifo_flopram_rwsa_4x512,vmod/nvdla/nocif/NV_NVDLA_CVIF_READ_eg.v,NV_NVDLA_CVIF_READ_eg,.v,0,7,33,clk,,
nvdla,B,https://github.com/nvdla/hw.git,8e06b1b9d85aab65b40d43d08eec5ea4681ff715,nvdlav1,NV_NVDLA_CVIF_READ_EG_pipe_p1,vmod/nvdla/nocif/NV_NVDLA_CVIF_READ_eg.v,NV_NVDLA_CVIF_READ_eg,.v,0,8,2,nvdla_core_clk,,valid_ready
nvdla,B,https://github.com/nvdla/hw.git,8e06b1b9d85aab65b40d43d08eec5ea4681ff715,nvdlav1,NV_NVDLA_CVIF_READ_EG_pipe_p10,vmod/nvdla/nocif/NV_NVDLA_CVIF_READ_eg.v,NV_NVDLA_CVIF_READ_eg,.v,0,8,2,nvdla_core_clk,,valid_ready
nvdla,B,https://github.com/nvdla/hw.git,8e06b1b9d85aab65b40d43d08eec5ea4681ff715,nvdlav1,NV_NVDLA_CVIF_READ_EG_pipe_p11,vmod/nvdla/nocif/NV_NVDLA_CVIF_READ_eg.v,NV_NVDLA_CVIF_READ_eg,.v,0,8,2,nvdla_core_clk,,valid_ready
nvdla,B,https://github.com/nvdla/hw.git,8e06b1b9d85aab65b40d43d08eec5ea4681ff715,nvdlav1,NV_NVDLA_CVIF_READ_EG_pipe_p2,vmod/nvdla/nocif/NV_NVDLA_CVIF_READ_eg.v,NV_NVDLA_CVIF_READ_eg,.v,0,8,2,nvdla_core_clk,,valid_ready
nvdla,B,https://github.com/nvdla/hw.git,8e06b1b9d85aab65b40d43d08eec5ea4681ff715,nvdlav1,NV_NVDLA_CVIF_READ_EG_pipe_p3,vmod/nvdla/nocif/NV_NVDLA_CVIF_READ_eg.v,NV_NVDLA_CVIF_READ_eg,.v,0,8,2,nvdla_core_clk,,valid_ready
nvdla,B,https://github.com/nvdla/hw.git,8e06b1b9d85aab65b40d43d08eec5ea4681ff715,nvdlav1,NV_NVDLA_CVIF_READ_EG_pipe_p4,vmod/nvdla/nocif/NV_NVDLA_CVIF_READ_eg.v,NV_NVDLA_CVIF_READ_eg,.v,0,8,2,nvdla_core_clk,,valid_ready
nvdla,B,https://github.com/nvdla/hw.git,8e06b1b9d85aab65b40d43d08eec5ea4681ff715,nvdlav1,NV_NVDLA_CVIF_READ_EG_pipe_p5,vmod/nvdla/nocif/NV_NVDLA_CVIF_READ_eg.v,NV_NVDLA_CVIF_READ_eg,.v,0,8,2,nvdla_core_clk,,valid_ready
nvdla,B,https://github.com/nvdla/hw.git,8e06b1b9d85aab65b40d43d08eec5ea4681ff715,nvdlav1,NV_NVDLA_CVIF_READ_EG_pipe_p6,vmod/nvdla/nocif/NV_NVDLA_CVIF_READ_eg.v,NV_NVDLA_CVIF_READ_eg,.v,0,8,2,nvdla_core_clk,,valid_ready
nvdla,B,https://github.com/nvdla/hw.git,8e06b1b9d85aab65b40d43d08eec5ea4681ff715,nvdlav1,NV_NVDLA_CVIF_READ_EG_pipe_p7,vmod/nvdla/nocif/NV_NVDLA_CVIF_READ_eg.v,NV_NVDLA_CVIF_READ_eg,.v,0,8,2,nvdla_core_clk,,valid_ready
nvdla,B,https://github.com/nvdla/hw.git,8e06b1b9d85aab65b40d43d08eec5ea4681ff715,nvdlav1,NV_NVDLA_CVIF_READ_EG_pipe_p8,vmod/nvdla/nocif/NV_NVDLA_CVIF_READ_eg.v,NV_NVDLA_CVIF_READ_eg,.v,0,8,2,nvdla_core_clk,,valid_ready
nvdla,B,https://github.com/nvdla/hw.git,8e06b1b9d85aab65b40d43d08eec5ea4681ff715,nvdlav1,NV_NVDLA_CVIF_READ_EG_pipe_p9,vmod/nvdla/nocif/NV_NVDLA_CVIF_READ_eg.v,NV_NVDLA_CVIF_READ_eg,.v,0,8,2,nvdla_core_clk,,valid_ready
nvdla,B,https://github.com/nvdla/hw.git,8e06b1b9d85aab65b40d43d08eec5ea4681ff715,nvdlav1,NV_NVDLA_CVIF_READ_EG_ro_fifo,vmod/nvdla/nocif/NV_NVDLA_CVIF_READ_eg.v,NV_NVDLA_CVIF_READ_eg,.v,0,10,4,nvdla_core_clk,,
nvdla,B,https://github.com/nvdla/hw.git,8e06b1b9d85aab65b40d43d08eec5ea4681ff715,nvdlav1,NV_NVDLA_CVIF_READ_EG_ro_fifo_flopram_rwsa_4x257,vmod/nvdla/nocif/NV_NVDLA_CVIF_READ_eg.v,NV_NVDLA_CVIF_READ_eg,.v,0,7,33,clk,,
nvdla,B,https://github.com/nvdla/hw.git,8e06b1b9d85aab65b40d43d08eec5ea4681ff715,nvdlav1,NV_NVDLA_CVIF_READ_IG_ARB_pipe_p1,vmod/nvdla/nocif/NV_NVDLA_CVIF_READ_IG_arb.v,NV_NVDLA_CVIF_READ_IG_arb,.v,0,8,2,nvdla_core_clk,,valid_ready
nvdla,B,https://github.com/nvdla/hw.git,8e06b1b9d85aab65b40d43d08eec5ea4681ff715,nvdlav1,NV_NVDLA_CVIF_READ_IG_ARB_pipe_p10,vmod/nvdla/nocif/NV_NVDLA_CVIF_READ_IG_arb.v,NV_NVDLA_CVIF_READ_IG_arb,.v,0,8,2,nvdla_core_clk,,valid_ready
nvdla,B,https://github.com/nvdla/hw.git,8e06b1b9d85aab65b40d43d08eec5ea4681ff715,nvdlav1,NV_NVDLA_CVIF_READ_IG_ARB_pipe_p2,vmod/nvdla/nocif/NV_NVDLA_CVIF_READ_IG_arb.v,NV_NVDLA_CVIF_READ_IG_arb,.v,0,8,2,nvdla_core_clk,,valid_ready
nvdla,B,https://github.com/nvdla/hw.git,8e06b1b9d85aab65b40d43d08eec5ea4681ff715,nvdlav1,NV_NVDLA_CVIF_READ_IG_ARB_pipe_p3,vmod/nvdla/nocif/NV_NVDLA_CVIF_READ_IG_arb.v,NV_NVDLA_CVIF_READ_IG_arb,.v,0,8,2,nvdla_core_clk,,valid_ready
nvdla,B,https://github.com/nvdla/hw.git,8e06b1b9d85aab65b40d43d08eec5ea4681ff715,nvdlav1,NV_NVDLA_CVIF_READ_IG_ARB_pipe_p4,vmod/nvdla/nocif/NV_NVDLA_CVIF_READ_IG_arb.v,NV_NVDLA_CVIF_READ_IG_arb,.v,0,8,2,nvdla_core_clk,,valid_ready
nvdla,B,https://github.com/nvdla/hw.git,8e06b1b9d85aab65b40d43d08eec5ea4681ff715,nvdlav1,NV_NVDLA_CVIF_READ_IG_ARB_pipe_p5,vmod/nvdla/nocif/NV_NVDLA_CVIF_READ_IG_arb.v,NV_NVDLA_CVIF_READ_IG_arb,.v,0,8,2,nvdla_core_clk,,valid_ready
nvdla,B,https://github.com/nvdla/hw.git,8e06b1b9d85aab65b40d43d08eec5ea4681ff715,nvdlav1,NV_NVDLA_CVIF_READ_IG_ARB_pipe_p6,vmod/nvdla/nocif/NV_NVDLA_CVIF_READ_IG_arb.v,NV_NVDLA_CVIF_READ_IG_arb,.v,0,8,2,nvdla_core_clk,,valid_ready
nvdla,B,https://github.com/nvdla/hw.git,8e06b1b9d85aab65b40d43d08eec5ea4681ff715,nvdlav1,NV_NVDLA_CVIF_READ_IG_ARB_pipe_p7,vmod/nvdla/nocif/NV_NVDLA_CVIF_READ_IG_arb.v,NV_NVDLA_CVIF_READ_IG_arb,.v,0,8,2,nvdla_core_clk,,valid_ready
nvdla,B,https://github.com/nvdla/hw.git,8e06b1b9d85aab65b40d43d08eec5ea4681ff715,nvdlav1,NV_NVDLA_CVIF_READ_IG_ARB_pipe_p8,vmod/nvdla/nocif/NV_NVDLA_CVIF_READ_IG_arb.v,NV_NVDLA_CVIF_READ_IG_arb,.v,0,8,2,nvdla_core_clk,,valid_ready
nvdla,B,https://github.com/nvdla/hw.git,8e06b1b9d85aab65b40d43d08eec5ea4681ff715,nvdlav1,NV_NVDLA_CVIF_READ_IG_ARB_pipe_p9,vmod/nvdla/nocif/NV_NVDLA_CVIF_READ_IG_arb.v,NV_NVDLA_CVIF_READ_IG_arb,.v,0,8,2,nvdla_core_clk,,valid_ready
nvdla,B,https://github.com/nvdla/hw.git,8e06b1b9d85aab65b40d43d08eec5ea4681ff715,nvdlav1,NV_NVDLA_CVIF_READ_IG_BPT_pipe_p1,vmod/nvdla/nocif/NV_NVDLA_CVIF_READ_IG_bpt.v,NV_NVDLA_CVIF_READ_IG_bpt,.v,0,8,2,nvdla_core_clk,,valid_ready
nvdla,B,https://github.com/nvdla/hw.git,8e06b1b9d85aab65b40d43d08eec5ea4681ff715,nvdlav1,NV_NVDLA_CVIF_READ_IG_BPT_pipe_p2,vmod/nvdla/nocif/NV_NVDLA_CVIF_READ_IG_bpt.v,NV_NVDLA_CVIF_READ_IG_bpt,.v,0,8,2,nvdla_core_clk,,
nvdla,B,https://github.com/nvdla/hw.git,8e06b1b9d85aab65b40d43d08eec5ea4681ff715,nvdlav1,NV_NVDLA_CVIF_READ_IG_CVT_pipe_p1,vmod/nvdla/nocif/NV_NVDLA_CVIF_READ_IG_cvt.v,NV_NVDLA_CVIF_READ_IG_cvt,.v,0,8,2,nvdla_core_clk,,
nvdla,B,https://github.com/nvdla/hw.git,8e06b1b9d85aab65b40d43d08eec5ea4681ff715,nvdlav1,NV_NVDLA_CVIF_READ_IG_SPT_pipe_p1,vmod/nvdla/nocif/NV_NVDLA_CVIF_READ_IG_spt.v,NV_NVDLA_CVIF_READ_IG_spt,.v,0,8,2,nvdla_core_clk,,valid_ready
nvdla,B,https://github.com/nvdla/hw.git,8e06b1b9d85aab65b40d43d08eec5ea4681ff715,nvdlav1,NV_NVDLA_CVIF_READ_IG_arb,vmod/nvdla/nocif/NV_NVDLA_CVIF_READ_IG_arb.v,NV_NVDLA_CVIF_READ_IG_arb,.v,0,45,11,nvdla_core_clk,,valid_ready
nvdla,B,https://github.com/nvdla/hw.git,8e06b1b9d85aab65b40d43d08eec5ea4681ff715,nvdlav1,NV_NVDLA_CVIF_READ_IG_bpt,vmod/nvdla/nocif/NV_NVDLA_CVIF_READ_IG_bpt.v,NV_NVDLA_CVIF_READ_IG_bpt,.v,0,11,7,nvdla_core_clk,,valid_ready
nvdla,B,https://github.com/nvdla/hw.git,8e06b1b9d85aab65b40d43d08eec5ea4681ff715,nvdlav1,NV_NVDLA_CVIF_READ_IG_cvt,vmod/nvdla/nocif/NV_NVDLA_CVIF_READ_IG_cvt.v,NV_NVDLA_CVIF_READ_IG_cvt,.v,0,16,5,nvdla_core_clk,,valid_ready
nvdla,B,https://github.com/nvdla/hw.git,8e06b1b9d85aab65b40d43d08eec5ea4681ff715,nvdlav1,NV_NVDLA_CVIF_READ_IG_spt,vmod/nvdla/nocif/NV_NVDLA_CVIF_READ_IG_spt.v,NV_NVDLA_CVIF_READ_IG_spt,.v,0,8,4,nvdla_core_clk,,valid_ready
nvdla,B,https://github.com/nvdla/hw.git,8e06b1b9d85aab65b40d43d08eec5ea4681ff715,nvdlav1,NV_NVDLA_CVIF_READ_cq,vmod/nvdla/nocif/NV_NVDLA_CVIF_READ_cq.v,NV_NVDLA_CVIF_READ_cq,.v,0,38,16,nvdla_core_clk,,
nvdla,B,https://github.com/nvdla/hw.git,8e06b1b9d85aab65b40d43d08eec5ea4681ff715,nvdlav1,NV_NVDLA_CVIF_READ_eg,vmod/nvdla/nocif/NV_NVDLA_CVIF_READ_eg.v,NV_NVDLA_CVIF_READ_eg,.v,0,69,52,nvdla_core_clk,,valid_ready
nvdla,B,https://github.com/nvdla/hw.git,8e06b1b9d85aab65b40d43d08eec5ea4681ff715,nvdlav1,NV_NVDLA_CVIF_READ_ig,vmod/nvdla/nocif/NV_NVDLA_CVIF_READ_ig.v,NV_NVDLA_CVIF_READ_ig,.v,0,61,13,nvdla_core_clk,,valid_ready
nvdla,B,https://github.com/nvdla/hw.git,8e06b1b9d85aab65b40d43d08eec5ea4681ff715,nvdlav1,NV_NVDLA_CVIF_WRITE_IG_ARB_dfifo,vmod/nvdla/nocif/NV_NVDLA_CVIF_WRITE_IG_arb.v,NV_NVDLA_CVIF_WRITE_IG_arb,.v,0,10,4,nvdla_core_clk,,
nvdla,B,https://github.com/nvdla/hw.git,8e06b1b9d85aab65b40d43d08eec5ea4681ff715,nvdlav1,NV_NVDLA_CVIF_WRITE_IG_ARB_dfifo_flopram_rwsa_4x514,vmod/nvdla/nocif/NV_NVDLA_CVIF_WRITE_IG_arb.v,NV_NVDLA_CVIF_WRITE_IG_arb,.v,0,7,33,clk,,
nvdla,B,https://github.com/nvdla/hw.git,8e06b1b9d85aab65b40d43d08eec5ea4681ff715,nvdlav1,NV_NVDLA_CVIF_WRITE_IG_ARB_pipe_p1,vmod/nvdla/nocif/NV_NVDLA_CVIF_WRITE_IG_arb.v,NV_NVDLA_CVIF_WRITE_IG_arb,.v,0,8,2,nvdla_core_clk,,valid_ready
nvdla,B,https://github.com/nvdla/hw.git,8e06b1b9d85aab65b40d43d08eec5ea4681ff715,nvdlav1,NV_NVDLA_CVIF_WRITE_IG_ARB_pipe_p2,vmod/nvdla/nocif/NV_NVDLA_CVIF_WRITE_IG_arb.v,NV_NVDLA_CVIF_WRITE_IG_arb,.v,0,8,2,nvdla_core_clk,,valid_ready
nvdla,B,https://github.com/nvdla/hw.git,8e06b1b9d85aab65b40d43d08eec5ea4681ff715,nvdlav1,NV_NVDLA_CVIF_WRITE_IG_ARB_pipe_p3,vmod/nvdla/nocif/NV_NVDLA_CVIF_WRITE_IG_arb.v,NV_NVDLA_CVIF_WRITE_IG_arb,.v,0,8,2,nvdla_core_clk,,valid_ready
nvdla,B,https://github.com/nvdla/hw.git,8e06b1b9d85aab65b40d43d08eec5ea4681ff715,nvdlav1,NV_NVDLA_CVIF_WRITE_IG_ARB_pipe_p4,vmod/nvdla/nocif/NV_NVDLA_CVIF_WRITE_IG_arb.v,NV_NVDLA_CVIF_WRITE_IG_arb,.v,0,8,2,nvdla_core_clk,,valid_ready
nvdla,B,https://github.com/nvdla/hw.git,8e06b1b9d85aab65b40d43d08eec5ea4681ff715,nvdlav1,NV_NVDLA_CVIF_WRITE_IG_ARB_pipe_p5,vmod/nvdla/nocif/NV_NVDLA_CVIF_WRITE_IG_arb.v,NV_NVDLA_CVIF_WRITE_IG_arb,.v,0,8,2,nvdla_core_clk,,valid_ready
nvdla,B,https://github.com/nvdla/hw.git,8e06b1b9d85aab65b40d43d08eec5ea4681ff715,nvdlav1,NV_NVDLA_CVIF_WRITE_IG_BPT_dfifo,vmod/nvdla/nocif/NV_NVDLA_CVIF_WRITE_IG_bpt.v,NV_NVDLA_CVIF_WRITE_IG_bpt,.v,0,11,4,nvdla_core_clk,,
nvdla,B,https://github.com/nvdla/hw.git,8e06b1b9d85aab65b40d43d08eec5ea4681ff715,nvdlav1,NV_NVDLA_CVIF_WRITE_IG_BPT_dfifo_flopram_rwsa_1x256,vmod/nvdla/nocif/NV_NVDLA_CVIF_WRITE_IG_bpt.v,NV_NVDLA_CVIF_WRITE_IG_bpt,.v,0,8,32,clk;clk_mgated,,
nvdla,B,https://github.com/nvdla/hw.git,8e06b1b9d85aab65b40d43d08eec5ea4681ff715,nvdlav1,NV_NVDLA_CVIF_WRITE_IG_BPT_pipe_p1,vmod/nvdla/nocif/NV_NVDLA_CVIF_WRITE_IG_bpt.v,NV_NVDLA_CVIF_WRITE_IG_bpt,.v,0,8,2,nvdla_core_clk,,valid_ready
nvdla,B,https://github.com/nvdla/hw.git,8e06b1b9d85aab65b40d43d08eec5ea4681ff715,nvdlav1,NV_NVDLA_CVIF_WRITE_IG_BPT_pipe_p2,vmod/nvdla/nocif/NV_NVDLA_CVIF_WRITE_IG_bpt.v,NV_NVDLA_CVIF_WRITE_IG_bpt,.v,0,8,2,nvdla_core_clk,,
nvdla,B,https://github.com/nvdla/hw.git,8e06b1b9d85aab65b40d43d08eec5ea4681ff715,nvdlav1,NV_NVDLA_CVIF_WRITE_IG_BPT_pipe_p3,vmod/nvdla/nocif/NV_NVDLA_CVIF_WRITE_IG_bpt.v,NV_NVDLA_CVIF_WRITE_IG_bpt,.v,0,8,2,nvdla_core_clk,,
nvdla,B,https://github.com/nvdla/hw.git,8e06b1b9d85aab65b40d43d08eec5ea4681ff715,nvdlav1,NV_NVDLA_CVIF_WRITE_IG_CVT_pipe_p1,vmod/nvdla/nocif/NV_NVDLA_CVIF_WRITE_IG_cvt.v,NV_NVDLA_CVIF_WRITE_IG_cvt,.v,0,8,2,nvdla_core_clk,,valid_ready
nvdla,B,https://github.com/nvdla/hw.git,8e06b1b9d85aab65b40d43d08eec5ea4681ff715,nvdlav1,NV_NVDLA_CVIF_WRITE_IG_CVT_pipe_p2,vmod/nvdla/nocif/NV_NVDLA_CVIF_WRITE_IG_cvt.v,NV_NVDLA_CVIF_WRITE_IG_cvt,.v,0,8,2,nvdla_core_clk,,valid_ready
nvdla,B,https://github.com/nvdla/hw.git,8e06b1b9d85aab65b40d43d08eec5ea4681ff715,nvdlav1,NV_NVDLA_CVIF_WRITE_IG_CVT_pipe_p3,vmod/nvdla/nocif/NV_NVDLA_CVIF_WRITE_IG_cvt.v,NV_NVDLA_CVIF_WRITE_IG_cvt,.v,0,8,2,nvdla_core_clk,,valid_ready
nvdla,B,https://github.com/nvdla/hw.git,8e06b1b9d85aab65b40d43d08eec5ea4681ff715,nvdlav1,NV_NVDLA_CVIF_WRITE_IG_CVT_pipe_p4,vmod/nvdla/nocif/NV_NVDLA_CVIF_WRITE_IG_cvt.v,NV_NVDLA_CVIF_WRITE_IG_cvt,.v,0,8,2,nvdla_core_clk,,valid_ready
nvdla,B,https://github.com/nvdla/hw.git,8e06b1b9d85aab65b40d43d08eec5ea4681ff715,nvdlav1,NV_NVDLA_CVIF_WRITE_IG_SPT_dfifo,vmod/nvdla/nocif/NV_NVDLA_CVIF_WRITE_IG_spt.v,NV_NVDLA_CVIF_WRITE_IG_spt,.v,0,9,5,nvdla_core_clk,,
nvdla,B,https://github.com/nvdla/hw.git,8e06b1b9d85aab65b40d43d08eec5ea4681ff715,nvdlav1,NV_NVDLA_CVIF_WRITE_IG_SPT_dfifo_flopram_rwsa_5x514,vmod/nvdla/nocif/NV_NVDLA_CVIF_WRITE_IG_spt.v,NV_NVDLA_CVIF_WRITE_IG_spt,.v,0,7,33,clk,,
nvdla,B,https://github.com/nvdla/hw.git,8e06b1b9d85aab65b40d43d08eec5ea4681ff715,nvdlav1,NV_NVDLA_CVIF_WRITE_IG_SPT_pipe_p1,vmod/nvdla/nocif/NV_NVDLA_CVIF_WRITE_IG_spt.v,NV_NVDLA_CVIF_WRITE_IG_spt,.v,0,8,2,nvdla_core_clk,,valid_ready
nvdla,B,https://github.com/nvdla/hw.git,8e06b1b9d85aab65b40d43d08eec5ea4681ff715,nvdlav1,NV_NVDLA_CVIF_WRITE_IG_arb,vmod/nvdla/nocif/NV_NVDLA_CVIF_WRITE_IG_arb.v,NV_NVDLA_CVIF_WRITE_IG_arb,.v,0,44,18,nvdla_core_clk,,valid_ready
nvdla,B,https://github.com/nvdla/hw.git,8e06b1b9d85aab65b40d43d08eec5ea4681ff715,nvdlav1,NV_NVDLA_CVIF_WRITE_IG_bpt,vmod/nvdla/nocif/NV_NVDLA_CVIF_WRITE_IG_bpt.v,NV_NVDLA_CVIF_WRITE_IG_bpt,.v,0,13,9,nvdla_core_clk,,valid_ready
nvdla,B,https://github.com/nvdla/hw.git,8e06b1b9d85aab65b40d43d08eec5ea4681ff715,nvdlav1,NV_NVDLA_CVIF_WRITE_IG_cvt,vmod/nvdla/nocif/NV_NVDLA_CVIF_WRITE_IG_cvt.v,NV_NVDLA_CVIF_WRITE_IG_cvt,.v,0,25,8,nvdla_core_clk,,valid_ready
nvdla,B,https://github.com/nvdla/hw.git,8e06b1b9d85aab65b40d43d08eec5ea4681ff715,nvdlav1,NV_NVDLA_CVIF_WRITE_IG_spt,vmod/nvdla/nocif/NV_NVDLA_CVIF_WRITE_IG_spt.v,NV_NVDLA_CVIF_WRITE_IG_spt,.v,0,15,2,nvdla_core_clk,,valid_ready
nvdla,B,https://github.com/nvdla/hw.git,8e06b1b9d85aab65b40d43d08eec5ea4681ff715,nvdlav1,NV_NVDLA_CVIF_WRITE_cq,vmod/nvdla/nocif/NV_NVDLA_CVIF_WRITE_cq.v,NV_NVDLA_CVIF_WRITE_cq,.v,0,23,11,nvdla_core_clk,,
nvdla,B,https://github.com/nvdla/hw.git,8e06b1b9d85aab65b40d43d08eec5ea4681ff715,nvdlav1,NV_NVDLA_CVIF_WRITE_eg,vmod/nvdla/nocif/NV_NVDLA_CVIF_WRITE_eg.v,NV_NVDLA_CVIF_WRITE_eg,.v,0,27,1,nvdla_core_clk,,valid_ready
nvdla,B,https://github.com/nvdla/hw.git,8e06b1b9d85aab65b40d43d08eec5ea4681ff715,nvdlav1,NV_NVDLA_CVIF_WRITE_ig,vmod/nvdla/nocif/NV_NVDLA_CVIF_WRITE_ig.v,NV_NVDLA_CVIF_WRITE_ig,.v,0,40,8,nvdla_core_clk,,valid_ready
nvdla,B,https://github.com/nvdla/hw.git,8e06b1b9d85aab65b40d43d08eec5ea4681ff715,nvdlav1,NV_NVDLA_CVIF_csb,vmod/nvdla/nocif/NV_NVDLA_CVIF_csb.v,NV_NVDLA_CVIF_csb,.v,0,30,1,nvdla_core_clk,,
nvdla,B,https://github.com/nvdla/hw.git,8e06b1b9d85aab65b40d43d08eec5ea4681ff715,nvdlav1,NV_NVDLA_CVIF_read,vmod/nvdla/nocif/NV_NVDLA_CVIF_read.v,NV_NVDLA_CVIF_read,.v,0,92,3,nvdla_core_clk,,valid_ready
nvdla,B,https://github.com/nvdla/hw.git,8e06b1b9d85aab65b40d43d08eec5ea4681ff715,nvdlav1,NV_NVDLA_CVIF_write,vmod/nvdla/nocif/NV_NVDLA_CVIF_write.v,NV_NVDLA_CVIF_write,.v,0,42,3,nvdla_core_clk,,valid_ready
nvdla,B,https://github.com/nvdla/hw.git,8e06b1b9d85aab65b40d43d08eec5ea4681ff715,nvdlav1,NV_NVDLA_GLB_CSB_reg,vmod/nvdla/glb/NV_NVDLA_GLB_CSB_reg.v,NV_NVDLA_GLB_CSB_reg,.v,0,56,0,nvdla_core_clk,,
nvdla,B,https://github.com/nvdla/hw.git,8e06b1b9d85aab65b40d43d08eec5ea4681ff715,nvdlav1,NV_NVDLA_GLB_csb,vmod/nvdla/glb/NV_NVDLA_GLB_csb.v,NV_NVDLA_GLB_csb,.v,0,42,1,nvdla_core_clk,,
nvdla,B,https://github.com/nvdla/hw.git,8e06b1b9d85aab65b40d43d08eec5ea4681ff715,nvdlav1,NV_NVDLA_GLB_fc,vmod/nvdla/glb/NV_NVDLA_GLB_fc.v,NV_NVDLA_GLB_fc,.v,0,11,1,nvdla_core_clk;nvdla_falcon_clk,direct_reset_,
nvdla,B,https://github.com/nvdla/hw.git,8e06b1b9d85aab65b40d43d08eec5ea4681ff715,nvdlav1,NV_NVDLA_GLB_ic,vmod/nvdla/glb/NV_NVDLA_GLB_ic.v,NV_NVDLA_GLB_ic,.v,0,48,10,nvdla_core_clk;nvdla_falcon_clk,,
nvdla,B,https://github.com/nvdla/hw.git,8e06b1b9d85aab65b40d43d08eec5ea4681ff715,nvdlav1,NV_NVDLA_MCIF_CSB_reg,vmod/nvdla/nocif/NV_NVDLA_MCIF_CSB_reg.v,NV_NVDLA_MCIF_CSB_reg,.v,0,29,0,nvdla_core_clk,,
nvdla,B,https://github.com/nvdla/hw.git,8e06b1b9d85aab65b40d43d08eec5ea4681ff715,nvdlav1,NV_NVDLA_MCIF_READ_EG_lat_fifo,vmod/nvdla/nocif/NV_NVDLA_MCIF_READ_eg.v,NV_NVDLA_MCIF_READ_eg,.v,0,10,4,nvdla_core_clk,,
nvdla,B,https://github.com/nvdla/hw.git,8e06b1b9d85aab65b40d43d08eec5ea4681ff715,nvdlav1,NV_NVDLA_MCIF_READ_EG_lat_fifo_flopram_rwsa_4x512,vmod/nvdla/nocif/NV_NVDLA_MCIF_READ_eg.v,NV_NVDLA_MCIF_READ_eg,.v,0,7,33,clk,,
nvdla,B,https://github.com/nvdla/hw.git,8e06b1b9d85aab65b40d43d08eec5ea4681ff715,nvdlav1,NV_NVDLA_MCIF_READ_EG_pipe_p1,vmod/nvdla/nocif/NV_NVDLA_MCIF_READ_eg.v,NV_NVDLA_MCIF_READ_eg,.v,0,8,2,nvdla_core_clk,,valid_ready
nvdla,B,https://github.com/nvdla/hw.git,8e06b1b9d85aab65b40d43d08eec5ea4681ff715,nvdlav1,NV_NVDLA_MCIF_READ_EG_pipe_p10,vmod/nvdla/nocif/NV_NVDLA_MCIF_READ_eg.v,NV_NVDLA_MCIF_READ_eg,.v,0,8,2,nvdla_core_clk,,valid_ready
nvdla,B,https://github.com/nvdla/hw.git,8e06b1b9d85aab65b40d43d08eec5ea4681ff715,nvdlav1,NV_NVDLA_MCIF_READ_EG_pipe_p11,vmod/nvdla/nocif/NV_NVDLA_MCIF_READ_eg.v,NV_NVDLA_MCIF_READ_eg,.v,0,8,2,nvdla_core_clk,,valid_ready
nvdla,B,https://github.com/nvdla/hw.git,8e06b1b9d85aab65b40d43d08eec5ea4681ff715,nvdlav1,NV_NVDLA_MCIF_READ_EG_pipe_p2,vmod/nvdla/nocif/NV_NVDLA_MCIF_READ_eg.v,NV_NVDLA_MCIF_READ_eg,.v,0,8,2,nvdla_core_clk,,valid_ready
nvdla,B,https://github.com/nvdla/hw.git,8e06b1b9d85aab65b40d43d08eec5ea4681ff715,nvdlav1,NV_NVDLA_MCIF_READ_EG_pipe_p3,vmod/nvdla/nocif/NV_NVDLA_MCIF_READ_eg.v,NV_NVDLA_MCIF_READ_eg,.v,0,8,2,nvdla_core_clk,,valid_ready
nvdla,B,https://github.com/nvdla/hw.git,8e06b1b9d85aab65b40d43d08eec5ea4681ff715,nvdlav1,NV_NVDLA_MCIF_READ_EG_pipe_p4,vmod/nvdla/nocif/NV_NVDLA_MCIF_READ_eg.v,NV_NVDLA_MCIF_READ_eg,.v,0,8,2,nvdla_core_clk,,valid_ready
nvdla,B,https://github.com/nvdla/hw.git,8e06b1b9d85aab65b40d43d08eec5ea4681ff715,nvdlav1,NV_NVDLA_MCIF_READ_EG_pipe_p5,vmod/nvdla/nocif/NV_NVDLA_MCIF_READ_eg.v,NV_NVDLA_MCIF_READ_eg,.v,0,8,2,nvdla_core_clk,,valid_ready
nvdla,B,https://github.com/nvdla/hw.git,8e06b1b9d85aab65b40d43d08eec5ea4681ff715,nvdlav1,NV_NVDLA_MCIF_READ_EG_pipe_p6,vmod/nvdla/nocif/NV_NVDLA_MCIF_READ_eg.v,NV_NVDLA_MCIF_READ_eg,.v,0,8,2,nvdla_core_clk,,valid_ready
nvdla,B,https://github.com/nvdla/hw.git,8e06b1b9d85aab65b40d43d08eec5ea4681ff715,nvdlav1,NV_NVDLA_MCIF_READ_EG_pipe_p7,vmod/nvdla/nocif/NV_NVDLA_MCIF_READ_eg.v,NV_NVDLA_MCIF_READ_eg,.v,0,8,2,nvdla_core_clk,,valid_ready
nvdla,B,https://github.com/nvdla/hw.git,8e06b1b9d85aab65b40d43d08eec5ea4681ff715,nvdlav1,NV_NVDLA_MCIF_READ_EG_pipe_p8,vmod/nvdla/nocif/NV_NVDLA_MCIF_READ_eg.v,NV_NVDLA_MCIF_READ_eg,.v,0,8,2,nvdla_core_clk,,valid_ready
nvdla,B,https://github.com/nvdla/hw.git,8e06b1b9d85aab65b40d43d08eec5ea4681ff715,nvdlav1,NV_NVDLA_MCIF_READ_EG_pipe_p9,vmod/nvdla/nocif/NV_NVDLA_MCIF_READ_eg.v,NV_NVDLA_MCIF_READ_eg,.v,0,8,2,nvdla_core_clk,,valid_ready
nvdla,B,https://github.com/nvdla/hw.git,8e06b1b9d85aab65b40d43d08eec5ea4681ff715,nvdlav1,NV_NVDLA_MCIF_READ_EG_ro_fifo,vmod/nvdla/nocif/NV_NVDLA_MCIF_READ_eg.v,NV_NVDLA_MCIF_READ_eg,.v,0,10,4,nvdla_core_clk,,
nvdla,B,https://github.com/nvdla/hw.git,8e06b1b9d85aab65b40d43d08eec5ea4681ff715,nvdlav1,NV_NVDLA_MCIF_READ_EG_ro_fifo_flopram_rwsa_4x257,vmod/nvdla/nocif/NV_NVDLA_MCIF_READ_eg.v,NV_NVDLA_MCIF_READ_eg,.v,0,7,33,clk,,
nvdla,B,https://github.com/nvdla/hw.git,8e06b1b9d85aab65b40d43d08eec5ea4681ff715,nvdlav1,NV_NVDLA_MCIF_READ_IG_ARB_pipe_p1,vmod/nvdla/nocif/NV_NVDLA_MCIF_READ_IG_arb.v,NV_NVDLA_MCIF_READ_IG_arb,.v,0,8,2,nvdla_core_clk,,valid_ready
nvdla,B,https://github.com/nvdla/hw.git,8e06b1b9d85aab65b40d43d08eec5ea4681ff715,nvdlav1,NV_NVDLA_MCIF_READ_IG_ARB_pipe_p10,vmod/nvdla/nocif/NV_NVDLA_MCIF_READ_IG_arb.v,NV_NVDLA_MCIF_READ_IG_arb,.v,0,8,2,nvdla_core_clk,,valid_ready
nvdla,B,https://github.com/nvdla/hw.git,8e06b1b9d85aab65b40d43d08eec5ea4681ff715,nvdlav1,NV_NVDLA_MCIF_READ_IG_ARB_pipe_p2,vmod/nvdla/nocif/NV_NVDLA_MCIF_READ_IG_arb.v,NV_NVDLA_MCIF_READ_IG_arb,.v,0,8,2,nvdla_core_clk,,valid_ready
nvdla,B,https://github.com/nvdla/hw.git,8e06b1b9d85aab65b40d43d08eec5ea4681ff715,nvdlav1,NV_NVDLA_MCIF_READ_IG_ARB_pipe_p3,vmod/nvdla/nocif/NV_NVDLA_MCIF_READ_IG_arb.v,NV_NVDLA_MCIF_READ_IG_arb,.v,0,8,2,nvdla_core_clk,,valid_ready
nvdla,B,https://github.com/nvdla/hw.git,8e06b1b9d85aab65b40d43d08eec5ea4681ff715,nvdlav1,NV_NVDLA_MCIF_READ_IG_ARB_pipe_p4,vmod/nvdla/nocif/NV_NVDLA_MCIF_READ_IG_arb.v,NV_NVDLA_MCIF_READ_IG_arb,.v,0,8,2,nvdla_core_clk,,valid_ready
nvdla,B,https://github.com/nvdla/hw.git,8e06b1b9d85aab65b40d43d08eec5ea4681ff715,nvdlav1,NV_NVDLA_MCIF_READ_IG_ARB_pipe_p5,vmod/nvdla/nocif/NV_NVDLA_MCIF_READ_IG_arb.v,NV_NVDLA_MCIF_READ_IG_arb,.v,0,8,2,nvdla_core_clk,,valid_ready
nvdla,B,https://github.com/nvdla/hw.git,8e06b1b9d85aab65b40d43d08eec5ea4681ff715,nvdlav1,NV_NVDLA_MCIF_READ_IG_ARB_pipe_p6,vmod/nvdla/nocif/NV_NVDLA_MCIF_READ_IG_arb.v,NV_NVDLA_MCIF_READ_IG_arb,.v,0,8,2,nvdla_core_clk,,valid_ready
nvdla,B,https://github.com/nvdla/hw.git,8e06b1b9d85aab65b40d43d08eec5ea4681ff715,nvdlav1,NV_NVDLA_MCIF_READ_IG_ARB_pipe_p7,vmod/nvdla/nocif/NV_NVDLA_MCIF_READ_IG_arb.v,NV_NVDLA_MCIF_READ_IG_arb,.v,0,8,2,nvdla_core_clk,,valid_ready
nvdla,B,https://github.com/nvdla/hw.git,8e06b1b9d85aab65b40d43d08eec5ea4681ff715,nvdlav1,NV_NVDLA_MCIF_READ_IG_ARB_pipe_p8,vmod/nvdla/nocif/NV_NVDLA_MCIF_READ_IG_arb.v,NV_NVDLA_MCIF_READ_IG_arb,.v,0,8,2,nvdla_core_clk,,valid_ready
nvdla,B,https://github.com/nvdla/hw.git,8e06b1b9d85aab65b40d43d08eec5ea4681ff715,nvdlav1,NV_NVDLA_MCIF_READ_IG_ARB_pipe_p9,vmod/nvdla/nocif/NV_NVDLA_MCIF_READ_IG_arb.v,NV_NVDLA_MCIF_READ_IG_arb,.v,0,8,2,nvdla_core_clk,,valid_ready
nvdla,B,https://github.com/nvdla/hw.git,8e06b1b9d85aab65b40d43d08eec5ea4681ff715,nvdlav1,NV_NVDLA_MCIF_READ_IG_BPT_pipe_p1,vmod/nvdla/nocif/NV_NVDLA_MCIF_READ_IG_bpt.v,NV_NVDLA_MCIF_READ_IG_bpt,.v,0,8,2,nvdla_core_clk,,valid_ready
nvdla,B,https://github.com/nvdla/hw.git,8e06b1b9d85aab65b40d43d08eec5ea4681ff715,nvdlav1,NV_NVDLA_MCIF_READ_IG_BPT_pipe_p2,vmod/nvdla/nocif/NV_NVDLA_MCIF_READ_IG_bpt.v,NV_NVDLA_MCIF_READ_IG_bpt,.v,0,8,2,nvdla_core_clk,,
nvdla,B,https://github.com/nvdla/hw.git,8e06b1b9d85aab65b40d43d08eec5ea4681ff715,nvdlav1,NV_NVDLA_MCIF_READ_IG_CVT_pipe_p1,vmod/nvdla/nocif/NV_NVDLA_MCIF_READ_IG_cvt.v,NV_NVDLA_MCIF_READ_IG_cvt,.v,0,8,2,nvdla_core_clk,,
nvdla,B,https://github.com/nvdla/hw.git,8e06b1b9d85aab65b40d43d08eec5ea4681ff715,nvdlav1,NV_NVDLA_MCIF_READ_IG_SPT_pipe_p1,vmod/nvdla/nocif/NV_NVDLA_MCIF_READ_IG_spt.v,NV_NVDLA_MCIF_READ_IG_spt,.v,0,8,2,nvdla_core_clk,,valid_ready
nvdla,B,https://github.com/nvdla/hw.git,8e06b1b9d85aab65b40d43d08eec5ea4681ff715,nvdlav1,NV_NVDLA_MCIF_READ_IG_arb,vmod/nvdla/nocif/NV_NVDLA_MCIF_READ_IG_arb.v,NV_NVDLA_MCIF_READ_IG_arb,.v,0,45,11,nvdla_core_clk,,valid_ready
nvdla,B,https://github.com/nvdla/hw.git,8e06b1b9d85aab65b40d43d08eec5ea4681ff715,nvdlav1,NV_NVDLA_MCIF_READ_IG_bpt,vmod/nvdla/nocif/NV_NVDLA_MCIF_READ_IG_bpt.v,NV_NVDLA_MCIF_READ_IG_bpt,.v,0,11,7,nvdla_core_clk,,valid_ready
nvdla,B,https://github.com/nvdla/hw.git,8e06b1b9d85aab65b40d43d08eec5ea4681ff715,nvdlav1,NV_NVDLA_MCIF_READ_IG_cvt,vmod/nvdla/nocif/NV_NVDLA_MCIF_READ_IG_cvt.v,NV_NVDLA_MCIF_READ_IG_cvt,.v,0,16,5,nvdla_core_clk,,valid_ready
nvdla,B,https://github.com/nvdla/hw.git,8e06b1b9d85aab65b40d43d08eec5ea4681ff715,nvdlav1,NV_NVDLA_MCIF_READ_IG_spt,vmod/nvdla/nocif/NV_NVDLA_MCIF_READ_IG_spt.v,NV_NVDLA_MCIF_READ_IG_spt,.v,0,8,6,nvdla_core_clk,,valid_ready
nvdla,B,https://github.com/nvdla/hw.git,8e06b1b9d85aab65b40d43d08eec5ea4681ff715,nvdlav1,NV_NVDLA_MCIF_READ_cq,vmod/nvdla/nocif/NV_NVDLA_MCIF_READ_cq.v,NV_NVDLA_MCIF_READ_cq,.v,0,38,16,nvdla_core_clk,,
nvdla,B,https://github.com/nvdla/hw.git,8e06b1b9d85aab65b40d43d08eec5ea4681ff715,nvdlav1,NV_NVDLA_MCIF_READ_eg,vmod/nvdla/nocif/NV_NVDLA_MCIF_READ_eg.v,NV_NVDLA_MCIF_READ_eg,.v,0,69,52,nvdla_core_clk,,valid_ready
nvdla,B,https://github.com/nvdla/hw.git,8e06b1b9d85aab65b40d43d08eec5ea4681ff715,nvdlav1,NV_NVDLA_MCIF_READ_ig,vmod/nvdla/nocif/NV_NVDLA_MCIF_READ_ig.v,NV_NVDLA_MCIF_READ_ig,.v,0,61,13,nvdla_core_clk,,valid_ready
nvdla,B,https://github.com/nvdla/hw.git,8e06b1b9d85aab65b40d43d08eec5ea4681ff715,nvdlav1,NV_NVDLA_MCIF_WRITE_IG_ARB_dfifo,vmod/nvdla/nocif/NV_NVDLA_MCIF_WRITE_IG_arb.v,NV_NVDLA_MCIF_WRITE_IG_arb,.v,0,10,4,nvdla_core_clk,,
nvdla,B,https://github.com/nvdla/hw.git,8e06b1b9d85aab65b40d43d08eec5ea4681ff715,nvdlav1,NV_NVDLA_MCIF_WRITE_IG_ARB_dfifo_flopram_rwsa_4x514,vmod/nvdla/nocif/NV_NVDLA_MCIF_WRITE_IG_arb.v,NV_NVDLA_MCIF_WRITE_IG_arb,.v,0,7,33,clk,,
nvdla,B,https://github.com/nvdla/hw.git,8e06b1b9d85aab65b40d43d08eec5ea4681ff715,nvdlav1,NV_NVDLA_MCIF_WRITE_IG_ARB_pipe_p1,vmod/nvdla/nocif/NV_NVDLA_MCIF_WRITE_IG_arb.v,NV_NVDLA_MCIF_WRITE_IG_arb,.v,0,8,2,nvdla_core_clk,,valid_ready
nvdla,B,https://github.com/nvdla/hw.git,8e06b1b9d85aab65b40d43d08eec5ea4681ff715,nvdlav1,NV_NVDLA_MCIF_WRITE_IG_ARB_pipe_p2,vmod/nvdla/nocif/NV_NVDLA_MCIF_WRITE_IG_arb.v,NV_NVDLA_MCIF_WRITE_IG_arb,.v,0,8,2,nvdla_core_clk,,valid_ready
nvdla,B,https://github.com/nvdla/hw.git,8e06b1b9d85aab65b40d43d08eec5ea4681ff715,nvdlav1,NV_NVDLA_MCIF_WRITE_IG_ARB_pipe_p3,vmod/nvdla/nocif/NV_NVDLA_MCIF_WRITE_IG_arb.v,NV_NVDLA_MCIF_WRITE_IG_arb,.v,0,8,2,nvdla_core_clk,,valid_ready
nvdla,B,https://github.com/nvdla/hw.git,8e06b1b9d85aab65b40d43d08eec5ea4681ff715,nvdlav1,NV_NVDLA_MCIF_WRITE_IG_ARB_pipe_p4,vmod/nvdla/nocif/NV_NVDLA_MCIF_WRITE_IG_arb.v,NV_NVDLA_MCIF_WRITE_IG_arb,.v,0,8,2,nvdla_core_clk,,valid_ready
nvdla,B,https://github.com/nvdla/hw.git,8e06b1b9d85aab65b40d43d08eec5ea4681ff715,nvdlav1,NV_NVDLA_MCIF_WRITE_IG_ARB_pipe_p5,vmod/nvdla/nocif/NV_NVDLA_MCIF_WRITE_IG_arb.v,NV_NVDLA_MCIF_WRITE_IG_arb,.v,0,8,2,nvdla_core_clk,,valid_ready
nvdla,B,https://github.com/nvdla/hw.git,8e06b1b9d85aab65b40d43d08eec5ea4681ff715,nvdlav1,NV_NVDLA_MCIF_WRITE_IG_BPT_dfifo,vmod/nvdla/nocif/NV_NVDLA_MCIF_WRITE_IG_bpt.v,NV_NVDLA_MCIF_WRITE_IG_bpt,.v,0,11,4,nvdla_core_clk,,
nvdla,B,https://github.com/nvdla/hw.git,8e06b1b9d85aab65b40d43d08eec5ea4681ff715,nvdlav1,NV_NVDLA_MCIF_WRITE_IG_BPT_dfifo_flopram_rwsa_1x256,vmod/nvdla/nocif/NV_NVDLA_MCIF_WRITE_IG_bpt.v,NV_NVDLA_MCIF_WRITE_IG_bpt,.v,0,8,32,clk;clk_mgated,,
nvdla,B,https://github.com/nvdla/hw.git,8e06b1b9d85aab65b40d43d08eec5ea4681ff715,nvdlav1,NV_NVDLA_MCIF_WRITE_IG_BPT_pipe_p1,vmod/nvdla/nocif/NV_NVDLA_MCIF_WRITE_IG_bpt.v,NV_NVDLA_MCIF_WRITE_IG_bpt,.v,0,8,2,nvdla_core_clk,,valid_ready
nvdla,B,https://github.com/nvdla/hw.git,8e06b1b9d85aab65b40d43d08eec5ea4681ff715,nvdlav1,NV_NVDLA_MCIF_WRITE_IG_BPT_pipe_p2,vmod/nvdla/nocif/NV_NVDLA_MCIF_WRITE_IG_bpt.v,NV_NVDLA_MCIF_WRITE_IG_bpt,.v,0,8,2,nvdla_core_clk,,
nvdla,B,https://github.com/nvdla/hw.git,8e06b1b9d85aab65b40d43d08eec5ea4681ff715,nvdlav1,NV_NVDLA_MCIF_WRITE_IG_BPT_pipe_p3,vmod/nvdla/nocif/NV_NVDLA_MCIF_WRITE_IG_bpt.v,NV_NVDLA_MCIF_WRITE_IG_bpt,.v,0,8,2,nvdla_core_clk,,
nvdla,B,https://github.com/nvdla/hw.git,8e06b1b9d85aab65b40d43d08eec5ea4681ff715,nvdlav1,NV_NVDLA_MCIF_WRITE_IG_CVT_pipe_p1,vmod/nvdla/nocif/NV_NVDLA_MCIF_WRITE_IG_cvt.v,NV_NVDLA_MCIF_WRITE_IG_cvt,.v,0,8,2,nvdla_core_clk,,valid_ready
nvdla,B,https://github.com/nvdla/hw.git,8e06b1b9d85aab65b40d43d08eec5ea4681ff715,nvdlav1,NV_NVDLA_MCIF_WRITE_IG_CVT_pipe_p2,vmod/nvdla/nocif/NV_NVDLA_MCIF_WRITE_IG_cvt.v,NV_NVDLA_MCIF_WRITE_IG_cvt,.v,0,8,2,nvdla_core_clk,,valid_ready
nvdla,B,https://github.com/nvdla/hw.git,8e06b1b9d85aab65b40d43d08eec5ea4681ff715,nvdlav1,NV_NVDLA_MCIF_WRITE_IG_CVT_pipe_p3,vmod/nvdla/nocif/NV_NVDLA_MCIF_WRITE_IG_cvt.v,NV_NVDLA_MCIF_WRITE_IG_cvt,.v,0,8,2,nvdla_core_clk,,valid_ready
nvdla,B,https://github.com/nvdla/hw.git,8e06b1b9d85aab65b40d43d08eec5ea4681ff715,nvdlav1,NV_NVDLA_MCIF_WRITE_IG_CVT_pipe_p4,vmod/nvdla/nocif/NV_NVDLA_MCIF_WRITE_IG_cvt.v,NV_NVDLA_MCIF_WRITE_IG_cvt,.v,0,8,2,nvdla_core_clk,,valid_ready
nvdla,B,https://github.com/nvdla/hw.git,8e06b1b9d85aab65b40d43d08eec5ea4681ff715,nvdlav1,NV_NVDLA_MCIF_WRITE_IG_SPT_dfifo,vmod/nvdla/nocif/NV_NVDLA_MCIF_WRITE_IG_spt.v,NV_NVDLA_MCIF_WRITE_IG_spt,.v,0,9,5,nvdla_core_clk,,
nvdla,B,https://github.com/nvdla/hw.git,8e06b1b9d85aab65b40d43d08eec5ea4681ff715,nvdlav1,NV_NVDLA_MCIF_WRITE_IG_SPT_dfifo_flopram_rwsa_5x514,vmod/nvdla/nocif/NV_NVDLA_MCIF_WRITE_IG_spt.v,NV_NVDLA_MCIF_WRITE_IG_spt,.v,0,7,33,clk,,
nvdla,B,https://github.com/nvdla/hw.git,8e06b1b9d85aab65b40d43d08eec5ea4681ff715,nvdlav1,NV_NVDLA_MCIF_WRITE_IG_SPT_pipe_p1,vmod/nvdla/nocif/NV_NVDLA_MCIF_WRITE_IG_spt.v,NV_NVDLA_MCIF_WRITE_IG_spt,.v,0,8,2,nvdla_core_clk,,valid_ready
nvdla,B,https://github.com/nvdla/hw.git,8e06b1b9d85aab65b40d43d08eec5ea4681ff715,nvdlav1,NV_NVDLA_MCIF_WRITE_IG_arb,vmod/nvdla/nocif/NV_NVDLA_MCIF_WRITE_IG_arb.v,NV_NVDLA_MCIF_WRITE_IG_arb,.v,0,44,18,nvdla_core_clk,,valid_ready
nvdla,B,https://github.com/nvdla/hw.git,8e06b1b9d85aab65b40d43d08eec5ea4681ff715,nvdlav1,NV_NVDLA_MCIF_WRITE_IG_bpt,vmod/nvdla/nocif/NV_NVDLA_MCIF_WRITE_IG_bpt.v,NV_NVDLA_MCIF_WRITE_IG_bpt,.v,0,13,9,nvdla_core_clk,,valid_ready
nvdla,B,https://github.com/nvdla/hw.git,8e06b1b9d85aab65b40d43d08eec5ea4681ff715,nvdlav1,NV_NVDLA_MCIF_WRITE_IG_cvt,vmod/nvdla/nocif/NV_NVDLA_MCIF_WRITE_IG_cvt.v,NV_NVDLA_MCIF_WRITE_IG_cvt,.v,0,25,8,nvdla_core_clk,,valid_ready
nvdla,B,https://github.com/nvdla/hw.git,8e06b1b9d85aab65b40d43d08eec5ea4681ff715,nvdlav1,NV_NVDLA_MCIF_WRITE_IG_spt,vmod/nvdla/nocif/NV_NVDLA_MCIF_WRITE_IG_spt.v,NV_NVDLA_MCIF_WRITE_IG_spt,.v,0,15,3,nvdla_core_clk,,valid_ready
nvdla,B,https://github.com/nvdla/hw.git,8e06b1b9d85aab65b40d43d08eec5ea4681ff715,nvdlav1,NV_NVDLA_MCIF_WRITE_cq,vmod/nvdla/nocif/NV_NVDLA_MCIF_WRITE_cq.v,NV_NVDLA_MCIF_WRITE_cq,.v,0,23,11,nvdla_core_clk,,
nvdla,B,https://github.com/nvdla/hw.git,8e06b1b9d85aab65b40d43d08eec5ea4681ff715,nvdlav1,NV_NVDLA_MCIF_WRITE_eg,vmod/nvdla/nocif/NV_NVDLA_MCIF_WRITE_eg.v,NV_NVDLA_MCIF_WRITE_eg,.v,0,27,1,nvdla_core_clk,,valid_ready
nvdla,B,https://github.com/nvdla/hw.git,8e06b1b9d85aab65b40d43d08eec5ea4681ff715,nvdlav1,NV_NVDLA_MCIF_WRITE_ig,vmod/nvdla/nocif/NV_NVDLA_MCIF_WRITE_ig.v,NV_NVDLA_MCIF_WRITE_ig,.v,0,40,8,nvdla_core_clk,,valid_ready
nvdla,B,https://github.com/nvdla/hw.git,8e06b1b9d85aab65b40d43d08eec5ea4681ff715,nvdlav1,NV_NVDLA_MCIF_csb,vmod/nvdla/nocif/NV_NVDLA_MCIF_csb.v,NV_NVDLA_MCIF_csb,.v,0,30,1,nvdla_core_clk,,
nvdla,B,https://github.com/nvdla/hw.git,8e06b1b9d85aab65b40d43d08eec5ea4681ff715,nvdlav1,NV_NVDLA_MCIF_read,vmod/nvdla/nocif/NV_NVDLA_MCIF_read.v,NV_NVDLA_MCIF_read,.v,0,92,3,nvdla_core_clk,,valid_ready
nvdla,B,https://github.com/nvdla/hw.git,8e06b1b9d85aab65b40d43d08eec5ea4681ff715,nvdlav1,NV_NVDLA_MCIF_write,vmod/nvdla/nocif/NV_NVDLA_MCIF_write.v,NV_NVDLA_MCIF_write,.v,0,42,3,nvdla_core_clk,,valid_ready
nvdla,B,https://github.com/nvdla/hw.git,8e06b1b9d85aab65b40d43d08eec5ea4681ff715,nvdlav1,NV_NVDLA_PDP_CORE_CAL1D_pipe_p1,vmod/nvdla/pdp/NV_NVDLA_PDP_CORE_cal1d.v,NV_NVDLA_PDP_CORE_cal1d,.v,0,8,2,nvdla_core_clk,,
nvdla,B,https://github.com/nvdla/hw.git,8e06b1b9d85aab65b40d43d08eec5ea4681ff715,nvdlav1,NV_NVDLA_PDP_CORE_CAL2D_pipe_p1,vmod/nvdla/pdp/NV_NVDLA_PDP_CORE_cal2d.v,NV_NVDLA_PDP_CORE_cal2d,.v,0,8,2,nvdla_op_gated_clk_fp16,,
nvdla,B,https://github.com/nvdla/hw.git,8e06b1b9d85aab65b40d43d08eec5ea4681ff715,nvdlav1,NV_NVDLA_PDP_CORE_CAL2D_pipe_p2,vmod/nvdla/pdp/NV_NVDLA_PDP_CORE_cal2d.v,NV_NVDLA_PDP_CORE_cal2d,.v,0,8,2,nvdla_op_gated_clk_fp16,,
nvdla,B,https://github.com/nvdla/hw.git,8e06b1b9d85aab65b40d43d08eec5ea4681ff715,nvdlav1,NV_NVDLA_PDP_CORE_CAL2D_pipe_p3,vmod/nvdla/pdp/NV_NVDLA_PDP_CORE_cal2d.v,NV_NVDLA_PDP_CORE_cal2d,.v,0,8,2,nvdla_op_gated_clk_fp16,,
nvdla,B,https://github.com/nvdla/hw.git,8e06b1b9d85aab65b40d43d08eec5ea4681ff715,nvdlav1,NV_NVDLA_PDP_CORE_CAL2D_pipe_p4,vmod/nvdla/pdp/NV_NVDLA_PDP_CORE_cal2d.v,NV_NVDLA_PDP_CORE_cal2d,.v,0,8,2,nvdla_op_gated_clk_fp16,,
nvdla,B,https://github.com/nvdla/hw.git,8e06b1b9d85aab65b40d43d08eec5ea4681ff715,nvdlav1,NV_NVDLA_PDP_CORE_CAL2D_pipe_p5,vmod/nvdla/pdp/NV_NVDLA_PDP_CORE_cal2d.v,NV_NVDLA_PDP_CORE_cal2d,.v,0,8,2,nvdla_op_gated_clk_fp16,,
nvdla,B,https://github.com/nvdla/hw.git,8e06b1b9d85aab65b40d43d08eec5ea4681ff715,nvdlav1,NV_NVDLA_PDP_CORE_CAL2D_pipe_p6,vmod/nvdla/pdp/NV_NVDLA_PDP_CORE_cal2d.v,NV_NVDLA_PDP_CORE_cal2d,.v,0,8,2,nvdla_op_gated_clk_fp16,,
nvdla,B,https://github.com/nvdla/hw.git,8e06b1b9d85aab65b40d43d08eec5ea4681ff715,nvdlav1,NV_NVDLA_PDP_CORE_CAL2D_pipe_p7,vmod/nvdla/pdp/NV_NVDLA_PDP_CORE_cal2d.v,NV_NVDLA_PDP_CORE_cal2d,.v,0,8,2,nvdla_op_gated_clk_fp16,,
nvdla,B,https://github.com/nvdla/hw.git,8e06b1b9d85aab65b40d43d08eec5ea4681ff715,nvdlav1,NV_NVDLA_PDP_CORE_UNIT1D_pipe_p1,vmod/nvdla/pdp/NV_NVDLA_PDP_CORE_unit1d.v,NV_NVDLA_PDP_CORE_unit1d,.v,0,8,2,nvdla_core_clk,,
nvdla,B,https://github.com/nvdla/hw.git,8e06b1b9d85aab65b40d43d08eec5ea4681ff715,nvdlav1,NV_NVDLA_PDP_CORE_UNIT1D_pipe_p2,vmod/nvdla/pdp/NV_NVDLA_PDP_CORE_unit1d.v,NV_NVDLA_PDP_CORE_unit1d,.v,0,8,2,nvdla_core_clk,,
nvdla,B,https://github.com/nvdla/hw.git,8e06b1b9d85aab65b40d43d08eec5ea4681ff715,nvdlav1,NV_NVDLA_PDP_CORE_UNIT1D_pipe_p3,vmod/nvdla/pdp/NV_NVDLA_PDP_CORE_unit1d.v,NV_NVDLA_PDP_CORE_unit1d,.v,0,8,2,nvdla_core_clk,,
nvdla,B,https://github.com/nvdla/hw.git,8e06b1b9d85aab65b40d43d08eec5ea4681ff715,nvdlav1,NV_NVDLA_PDP_CORE_UNIT1D_pipe_p4,vmod/nvdla/pdp/NV_NVDLA_PDP_CORE_unit1d.v,NV_NVDLA_PDP_CORE_unit1d,.v,0,8,2,nvdla_core_clk,,
nvdla,B,https://github.com/nvdla/hw.git,8e06b1b9d85aab65b40d43d08eec5ea4681ff715,nvdlav1,NV_NVDLA_PDP_CORE_cal1d,vmod/nvdla/pdp/NV_NVDLA_PDP_CORE_cal1d.v,NV_NVDLA_PDP_CORE_cal1d,.v,0,48,30,nvdla_core_clk;nvdla_op_gated_clk_fp16,,valid_ready
nvdla,B,https://github.com/nvdla/hw.git,8e06b1b9d85aab65b40d43d08eec5ea4681ff715,nvdlav1,NV_NVDLA_PDP_CORE_cal2d,vmod/nvdla/pdp/NV_NVDLA_PDP_CORE_cal2d.v,NV_NVDLA_PDP_CORE_cal2d,.v,0,42,135,nvdla_core_clk;nvdla_op_gated_clk_fp16,,valid_ready
nvdla,B,https://github.com/nvdla/hw.git,8e06b1b9d85aab65b40d43d08eec5ea4681ff715,nvdlav1,NV_NVDLA_PDP_CORE_preproc,vmod/nvdla/pdp/NV_NVDLA_PDP_CORE_preproc.v,NV_NVDLA_PDP_CORE_preproc,.v,0,15,7,nvdla_core_clk,,valid_ready
nvdla,B,https://github.com/nvdla/hw.git,8e06b1b9d85aab65b40d43d08eec5ea4681ff715,nvdlav1,NV_NVDLA_PDP_CORE_unit1d,vmod/nvdla/pdp/NV_NVDLA_PDP_CORE_unit1d.v,NV_NVDLA_PDP_CORE_unit1d,.v,0,20,5,nvdla_core_clk;nvdla_op_gated_clk_fp16,,
nvdla,B,https://github.com/nvdla/hw.git,8e06b1b9d85aab65b40d43d08eec5ea4681ff715,nvdlav1,NV_NVDLA_PDP_RDMA_EG_pipe_p1,vmod/nvdla/pdp/NV_NVDLA_PDP_RDMA_eg.v,NV_NVDLA_PDP_RDMA_eg,.v,0,8,2,nvdla_core_clk,,valid_ready
nvdla,B,https://github.com/nvdla/hw.git,8e06b1b9d85aab65b40d43d08eec5ea4681ff715,nvdlav1,NV_NVDLA_PDP_RDMA_EG_pipe_p2,vmod/nvdla/pdp/NV_NVDLA_PDP_RDMA_eg.v,NV_NVDLA_PDP_RDMA_eg,.v,0,8,2,nvdla_core_clk,,valid_ready
nvdla,B,https://github.com/nvdla/hw.git,8e06b1b9d85aab65b40d43d08eec5ea4681ff715,nvdlav1,NV_NVDLA_PDP_RDMA_EG_pipe_p3,vmod/nvdla/pdp/NV_NVDLA_PDP_RDMA_eg.v,NV_NVDLA_PDP_RDMA_eg,.v,0,8,2,nvdla_core_clk,,valid_ready
nvdla,B,https://github.com/nvdla/hw.git,8e06b1b9d85aab65b40d43d08eec5ea4681ff715,nvdlav1,NV_NVDLA_PDP_RDMA_EG_pipe_p4,vmod/nvdla/pdp/NV_NVDLA_PDP_RDMA_eg.v,NV_NVDLA_PDP_RDMA_eg,.v,0,8,2,nvdla_core_clk,,valid_ready
nvdla,B,https://github.com/nvdla/hw.git,8e06b1b9d85aab65b40d43d08eec5ea4681ff715,nvdlav1,NV_NVDLA_PDP_RDMA_IG_pipe_p1,vmod/nvdla/pdp/NV_NVDLA_PDP_RDMA_ig.v,NV_NVDLA_PDP_RDMA_ig,.v,0,8,2,nvdla_core_clk,,valid_ready
nvdla,B,https://github.com/nvdla/hw.git,8e06b1b9d85aab65b40d43d08eec5ea4681ff715,nvdlav1,NV_NVDLA_PDP_RDMA_IG_pipe_p2,vmod/nvdla/pdp/NV_NVDLA_PDP_RDMA_ig.v,NV_NVDLA_PDP_RDMA_ig,.v,0,8,2,nvdla_core_clk,,valid_ready
nvdla,B,https://github.com/nvdla/hw.git,8e06b1b9d85aab65b40d43d08eec5ea4681ff715,nvdlav1,NV_NVDLA_PDP_RDMA_IG_pipe_p3,vmod/nvdla/pdp/NV_NVDLA_PDP_RDMA_ig.v,NV_NVDLA_PDP_RDMA_ig,.v,0,8,2,nvdla_core_clk,,valid_ready
nvdla,B,https://github.com/nvdla/hw.git,8e06b1b9d85aab65b40d43d08eec5ea4681ff715,nvdlav1,NV_NVDLA_PDP_RDMA_IG_pipe_p4,vmod/nvdla/pdp/NV_NVDLA_PDP_RDMA_ig.v,NV_NVDLA_PDP_RDMA_ig,.v,0,8,2,nvdla_core_clk,,valid_ready
nvdla,B,https://github.com/nvdla/hw.git,8e06b1b9d85aab65b40d43d08eec5ea4681ff715,nvdlav1,NV_NVDLA_PDP_RDMA_REG_dual,vmod/nvdla/pdp/NV_NVDLA_PDP_RDMA_REG_dual.v,NV_NVDLA_PDP_RDMA_REG_dual,.v,0,28,0,nvdla_core_clk,,
nvdla,B,https://github.com/nvdla/hw.git,8e06b1b9d85aab65b40d43d08eec5ea4681ff715,nvdlav1,NV_NVDLA_PDP_RDMA_REG_single,vmod/nvdla/pdp/NV_NVDLA_PDP_RDMA_REG_single.v,NV_NVDLA_PDP_RDMA_REG_single,.v,0,10,0,nvdla_core_clk,,
nvdla,B,https://github.com/nvdla/hw.git,8e06b1b9d85aab65b40d43d08eec5ea4681ff715,nvdlav1,NV_NVDLA_PDP_RDMA_cq,vmod/nvdla/pdp/NV_NVDLA_PDP_RDMA_cq.v,NV_NVDLA_PDP_RDMA_cq,.v,0,9,4,nvdla_core_clk,,
nvdla,B,https://github.com/nvdla/hw.git,8e06b1b9d85aab65b40d43d08eec5ea4681ff715,nvdlav1,NV_NVDLA_PDP_RDMA_cq_flopram_rwsa_16x18,vmod/nvdla/pdp/NV_NVDLA_PDP_RDMA_cq.v,NV_NVDLA_PDP_RDMA_cq,.v,0,7,33,clk,,
nvdla,B,https://github.com/nvdla/hw.git,8e06b1b9d85aab65b40d43d08eec5ea4681ff715,nvdlav1,NV_NVDLA_PDP_RDMA_eg,vmod/nvdla/pdp/NV_NVDLA_PDP_RDMA_eg.v,NV_NVDLA_PDP_RDMA_eg,.v,0,21,24,nvdla_core_clk,,valid_ready
nvdla,B,https://github.com/nvdla/hw.git,8e06b1b9d85aab65b40d43d08eec5ea4681ff715,nvdlav1,NV_NVDLA_PDP_RDMA_ig,vmod/nvdla/pdp/NV_NVDLA_PDP_RDMA_ig.v,NV_NVDLA_PDP_RDMA_ig,.v,0,32,15,nvdla_core_clk,,valid_ready
nvdla,B,https://github.com/nvdla/hw.git,8e06b1b9d85aab65b40d43d08eec5ea4681ff715,nvdlav1,NV_NVDLA_PDP_RDMA_lat_fifo,vmod/nvdla/pdp/NV_NVDLA_PDP_RDMA_eg.v,NV_NVDLA_PDP_RDMA_eg,.v,0,10,4,nvdla_core_clk,,
nvdla,B,https://github.com/nvdla/hw.git,8e06b1b9d85aab65b40d43d08eec5ea4681ff715,nvdlav1,NV_NVDLA_PDP_RDMA_reg,vmod/nvdla/pdp/NV_NVDLA_PDP_RDMA_reg.v,NV_NVDLA_PDP_RDMA_reg,.v,0,31,7,nvdla_core_clk,,
nvdla,B,https://github.com/nvdla/hw.git,8e06b1b9d85aab65b40d43d08eec5ea4681ff715,nvdlav1,NV_NVDLA_PDP_RDMA_ro_fifo,vmod/nvdla/pdp/NV_NVDLA_PDP_RDMA_eg.v,NV_NVDLA_PDP_RDMA_eg,.v,0,9,4,nvdla_core_clk,,
nvdla,B,https://github.com/nvdla/hw.git,8e06b1b9d85aab65b40d43d08eec5ea4681ff715,nvdlav1,NV_NVDLA_PDP_RDMA_ro_fifo_flopram_rwsa_3x64,vmod/nvdla/pdp/NV_NVDLA_PDP_RDMA_eg.v,NV_NVDLA_PDP_RDMA_eg,.v,0,7,33,clk,,
nvdla,B,https://github.com/nvdla/hw.git,8e06b1b9d85aab65b40d43d08eec5ea4681ff715,nvdlav1,NV_NVDLA_PDP_REG_dual,vmod/nvdla/pdp/NV_NVDLA_PDP_REG_dual.v,NV_NVDLA_PDP_REG_dual,.v,0,57,0,nvdla_core_clk,,
nvdla,B,https://github.com/nvdla/hw.git,8e06b1b9d85aab65b40d43d08eec5ea4681ff715,nvdlav1,NV_NVDLA_PDP_REG_single,vmod/nvdla/pdp/NV_NVDLA_PDP_REG_single.v,NV_NVDLA_PDP_REG_single,.v,0,10,0,nvdla_core_clk,,
nvdla,B,https://github.com/nvdla/hw.git,8e06b1b9d85aab65b40d43d08eec5ea4681ff715,nvdlav1,NV_NVDLA_PDP_SDPIN_ro_fifo,vmod/nvdla/pdp/NV_NVDLA_PDP_CORE_preproc.v,NV_NVDLA_PDP_CORE_preproc,.v,0,9,4,nvdla_core_clk,,
nvdla,B,https://github.com/nvdla/hw.git,8e06b1b9d85aab65b40d43d08eec5ea4681ff715,nvdlav1,NV_NVDLA_PDP_SDPIN_ro_fifo_flopram_rwsa_4x64,vmod/nvdla/pdp/NV_NVDLA_PDP_CORE_preproc.v,NV_NVDLA_PDP_CORE_preproc,.v,0,7,33,clk,,
nvdla,B,https://github.com/nvdla/hw.git,8e06b1b9d85aab65b40d43d08eec5ea4681ff715,nvdlav1,NV_NVDLA_PDP_WDMA_CMD_fifo,vmod/nvdla/pdp/NV_NVDLA_PDP_WDMA_cmd.v,NV_NVDLA_PDP_WDMA_cmd,.v,0,10,4,nvdla_core_clk,,
nvdla,B,https://github.com/nvdla/hw.git,8e06b1b9d85aab65b40d43d08eec5ea4681ff715,nvdlav1,NV_NVDLA_PDP_WDMA_CMD_fifo_flopram_rwsa_1x80,vmod/nvdla/pdp/NV_NVDLA_PDP_WDMA_cmd.v,NV_NVDLA_PDP_WDMA_cmd,.v,0,8,32,clk;clk_mgated,,
nvdla,B,https://github.com/nvdla/hw.git,8e06b1b9d85aab65b40d43d08eec5ea4681ff715,nvdlav1,NV_NVDLA_PDP_WDMA_DAT_fifo,vmod/nvdla/pdp/NV_NVDLA_PDP_WDMA_dat.v,NV_NVDLA_PDP_WDMA_dat,.v,0,9,4,nvdla_core_clk,,
nvdla,B,https://github.com/nvdla/hw.git,8e06b1b9d85aab65b40d43d08eec5ea4681ff715,nvdlav1,NV_NVDLA_PDP_WDMA_DAT_fifo_flopram_rwsa_3x64,vmod/nvdla/pdp/NV_NVDLA_PDP_WDMA_dat.v,NV_NVDLA_PDP_WDMA_dat,.v,0,7,33,clk,,
nvdla,B,https://github.com/nvdla/hw.git,8e06b1b9d85aab65b40d43d08eec5ea4681ff715,nvdlav1,NV_NVDLA_PDP_WDMA_cmd,vmod/nvdla/pdp/NV_NVDLA_PDP_WDMA_cmd.v,NV_NVDLA_PDP_WDMA_cmd,.v,0,19,4,nvdla_core_clk,,
nvdla,B,https://github.com/nvdla/hw.git,8e06b1b9d85aab65b40d43d08eec5ea4681ff715,nvdlav1,NV_NVDLA_PDP_WDMA_dat,vmod/nvdla/pdp/NV_NVDLA_PDP_WDMA_dat.v,NV_NVDLA_PDP_WDMA_dat,.v,0,40,25,nvdla_core_clk,,
nvdla,B,https://github.com/nvdla/hw.git,8e06b1b9d85aab65b40d43d08eec5ea4681ff715,nvdlav1,NV_NVDLA_PDP_WDMA_intr_fifo,vmod/nvdla/pdp/NV_NVDLA_PDP_wdma.v,NV_NVDLA_PDP_wdma,.v,0,8,34,nvdla_core_clk,,
nvdla,B,https://github.com/nvdla/hw.git,8e06b1b9d85aab65b40d43d08eec5ea4681ff715,nvdlav1,NV_NVDLA_PDP_WDMA_pipe_p2,vmod/nvdla/pdp/NV_NVDLA_PDP_wdma.v,NV_NVDLA_PDP_wdma,.v,0,8,2,nvdla_core_clk_orig,,valid_ready
nvdla,B,https://github.com/nvdla/hw.git,8e06b1b9d85aab65b40d43d08eec5ea4681ff715,nvdlav1,NV_NVDLA_PDP_WDMA_pipe_p3,vmod/nvdla/pdp/NV_NVDLA_PDP_wdma.v,NV_NVDLA_PDP_wdma,.v,0,8,2,nvdla_core_clk_orig,,valid_ready
nvdla,B,https://github.com/nvdla/hw.git,8e06b1b9d85aab65b40d43d08eec5ea4681ff715,nvdlav1,NV_NVDLA_PDP_WDMA_pipe_p4,vmod/nvdla/pdp/NV_NVDLA_PDP_wdma.v,NV_NVDLA_PDP_wdma,.v,0,8,2,nvdla_core_clk_orig,,valid_ready
nvdla,B,https://github.com/nvdla/hw.git,8e06b1b9d85aab65b40d43d08eec5ea4681ff715,nvdlav1,NV_NVDLA_PDP_WDMA_pipe_p5,vmod/nvdla/pdp/NV_NVDLA_PDP_wdma.v,NV_NVDLA_PDP_wdma,.v,0,8,2,nvdla_core_clk_orig,,valid_ready
nvdla,B,https://github.com/nvdla/hw.git,8e06b1b9d85aab65b40d43d08eec5ea4681ff715,nvdlav1,NV_NVDLA_PDP_cal1d_info_fifo,vmod/nvdla/pdp/NV_NVDLA_PDP_CORE_cal1d.v,NV_NVDLA_PDP_CORE_cal1d,.v,0,9,4,nvdla_core_clk,,
nvdla,B,https://github.com/nvdla/hw.git,8e06b1b9d85aab65b40d43d08eec5ea4681ff715,nvdlav1,NV_NVDLA_PDP_cal1d_info_fifo_flopram_rwsa_8x12,vmod/nvdla/pdp/NV_NVDLA_PDP_CORE_cal1d.v,NV_NVDLA_PDP_CORE_cal1d,.v,0,7,33,clk,,
nvdla,B,https://github.com/nvdla/hw.git,8e06b1b9d85aab65b40d43d08eec5ea4681ff715,nvdlav1,NV_NVDLA_PDP_core,vmod/nvdla/pdp/NV_NVDLA_PDP_core.v,NV_NVDLA_PDP_core,.v,0,57,4,nvdla_core_clk;nvdla_op_gated_clk_fp16,,valid_ready
nvdla,B,https://github.com/nvdla/hw.git,8e06b1b9d85aab65b40d43d08eec5ea4681ff715,nvdlav1,NV_NVDLA_PDP_nan,vmod/nvdla/pdp/NV_NVDLA_PDP_nan.v,NV_NVDLA_PDP_nan,.v,0,15,5,nvdla_core_clk,,valid_ready
nvdla,B,https://github.com/nvdla/hw.git,8e06b1b9d85aab65b40d43d08eec5ea4681ff715,nvdlav1,NV_NVDLA_PDP_rdma,vmod/nvdla/pdp/NV_NVDLA_PDP_rdma.v,NV_NVDLA_PDP_rdma,.v,0,29,5,dla_clk_ovr_on_sync;global_clk_ovr_on_sync;nvdla_core_clk;tmc2slcg_disable_clock_gating,,valid_ready
nvdla,B,https://github.com/nvdla/hw.git,8e06b1b9d85aab65b40d43d08eec5ea4681ff715,nvdlav1,NV_NVDLA_PDP_reg,vmod/nvdla/pdp/NV_NVDLA_PDP_reg.v,NV_NVDLA_PDP_reg,.v,0,61,13,nvdla_core_clk,,
nvdla,B,https://github.com/nvdla/hw.git,8e06b1b9d85aab65b40d43d08eec5ea4681ff715,nvdlav1,NV_NVDLA_PDP_slcg,vmod/nvdla/pdp/NV_NVDLA_PDP_slcg.v,NV_NVDLA_PDP_slcg,.v,0,7,5,dla_clk_ovr_on_sync;global_clk_ovr_on_sync;nvdla_core_clk;tmc2slcg_disable_clock_gating;nvdla_core_gated_clk,,
nvdla,B,https://github.com/nvdla/hw.git,8e06b1b9d85aab65b40d43d08eec5ea4681ff715,nvdlav1,NV_NVDLA_PDP_wdma,vmod/nvdla/pdp/NV_NVDLA_PDP_wdma.v,NV_NVDLA_PDP_wdma,.v,0,38,27,nvdla_core_clk;nvdla_core_clk_orig,,valid_ready
nvdla,B,https://github.com/nvdla/hw.git,8e06b1b9d85aab65b40d43d08eec5ea4681ff715,nvdlav1,NV_NVDLA_RT_SDP2NOCIF_pipe_p1,vmod/nvdla/retiming/NV_NVDLA_RT_sdp2nocif.v,NV_NVDLA_RT_sdp2nocif,.v,0,8,2,nvdla_core_clk,,valid_ready
nvdla,B,https://github.com/nvdla/hw.git,8e06b1b9d85aab65b40d43d08eec5ea4681ff715,nvdlav1,NV_NVDLA_RT_SDP2NOCIF_pipe_p2,vmod/nvdla/retiming/NV_NVDLA_RT_sdp2nocif.v,NV_NVDLA_RT_sdp2nocif,.v,0,8,2,nvdla_core_clk,,valid_ready
nvdla,B,https://github.com/nvdla/hw.git,8e06b1b9d85aab65b40d43d08eec5ea4681ff715,nvdlav1,NV_NVDLA_RT_SDP2NOCIF_pipe_p3,vmod/nvdla/retiming/NV_NVDLA_RT_sdp2nocif.v,NV_NVDLA_RT_sdp2nocif,.v,0,8,2,nvdla_core_clk,,valid_ready
nvdla,B,https://github.com/nvdla/hw.git,8e06b1b9d85aab65b40d43d08eec5ea4681ff715,nvdlav1,NV_NVDLA_RT_SDP2NOCIF_pipe_p4,vmod/nvdla/retiming/NV_NVDLA_RT_sdp2nocif.v,NV_NVDLA_RT_sdp2nocif,.v,0,8,2,nvdla_core_clk,,valid_ready
nvdla,B,https://github.com/nvdla/hw.git,8e06b1b9d85aab65b40d43d08eec5ea4681ff715,nvdlav1,NV_NVDLA_RT_SDP2NOCIF_pipe_p5,vmod/nvdla/retiming/NV_NVDLA_RT_sdp2nocif.v,NV_NVDLA_RT_sdp2nocif,.v,0,8,2,nvdla_core_clk,,valid_ready
nvdla,B,https://github.com/nvdla/hw.git,8e06b1b9d85aab65b40d43d08eec5ea4681ff715,nvdlav1,NV_NVDLA_RT_SDP2NOCIF_pipe_p6,vmod/nvdla/retiming/NV_NVDLA_RT_sdp2nocif.v,NV_NVDLA_RT_sdp2nocif,.v,0,8,2,nvdla_core_clk,,valid_ready
nvdla,B,https://github.com/nvdla/hw.git,8e06b1b9d85aab65b40d43d08eec5ea4681ff715,nvdlav1,NV_NVDLA_RT_SDP2NOCIF_pipe_p7,vmod/nvdla/retiming/NV_NVDLA_RT_sdp2nocif.v,NV_NVDLA_RT_sdp2nocif,.v,0,8,2,nvdla_core_clk,,valid_ready
nvdla,B,https://github.com/nvdla/hw.git,8e06b1b9d85aab65b40d43d08eec5ea4681ff715,nvdlav1,NV_NVDLA_RT_SDP2NOCIF_pipe_p8,vmod/nvdla/retiming/NV_NVDLA_RT_sdp2nocif.v,NV_NVDLA_RT_sdp2nocif,.v,0,8,2,nvdla_core_clk,,valid_ready
nvdla,B,https://github.com/nvdla/hw.git,8e06b1b9d85aab65b40d43d08eec5ea4681ff715,nvdlav1,NV_NVDLA_RT_cacc2glb,vmod/nvdla/retiming/NV_NVDLA_RT_cacc2glb.v,NV_NVDLA_RT_cacc2glb,.v,0,4,0,nvdla_core_clk,,
nvdla,B,https://github.com/nvdla/hw.git,8e06b1b9d85aab65b40d43d08eec5ea4681ff715,nvdlav1,NV_NVDLA_RT_cmac_a2cacc,vmod/nvdla/retiming/NV_NVDLA_RT_cmac_a2cacc.v,NV_NVDLA_RT_cmac_a2cacc,.v,0,26,0,nvdla_core_clk,,
nvdla,B,https://github.com/nvdla/hw.git,8e06b1b9d85aab65b40d43d08eec5ea4681ff715,nvdlav1,NV_NVDLA_RT_cmac_b2cacc,vmod/nvdla/retiming/NV_NVDLA_RT_cmac_b2cacc.v,NV_NVDLA_RT_cmac_b2cacc,.v,0,26,0,nvdla_core_clk,,
nvdla,B,https://github.com/nvdla/hw.git,8e06b1b9d85aab65b40d43d08eec5ea4681ff715,nvdlav1,NV_NVDLA_RT_csb2cacc,vmod/nvdla/retiming/NV_NVDLA_RT_csb2cacc.v,NV_NVDLA_RT_csb2cacc,.v,0,12,0,nvdla_core_clk,,
nvdla,B,https://github.com/nvdla/hw.git,8e06b1b9d85aab65b40d43d08eec5ea4681ff715,nvdlav1,NV_NVDLA_RT_csb2cmac,vmod/nvdla/retiming/NV_NVDLA_RT_csb2cmac.v,NV_NVDLA_RT_csb2cmac,.v,0,12,0,nvdla_core_clk,,
nvdla,B,https://github.com/nvdla/hw.git,8e06b1b9d85aab65b40d43d08eec5ea4681ff715,nvdlav1,NV_NVDLA_RT_csc2cmac_a,vmod/nvdla/retiming/NV_NVDLA_RT_csc2cmac_a.v,NV_NVDLA_RT_csc2cmac_a,.v,0,526,8,nvdla_core_clk,,
nvdla,B,https://github.com/nvdla/hw.git,8e06b1b9d85aab65b40d43d08eec5ea4681ff715,nvdlav1,NV_NVDLA_RT_csc2cmac_b,vmod/nvdla/retiming/NV_NVDLA_RT_csc2cmac_b.v,NV_NVDLA_RT_csc2cmac_b,.v,0,526,4,nvdla_core_clk,,
nvdla,B,https://github.com/nvdla/hw.git,8e06b1b9d85aab65b40d43d08eec5ea4681ff715,nvdlav1,NV_NVDLA_RT_sdp2nocif,vmod/nvdla/retiming/NV_NVDLA_RT_sdp2nocif.v,NV_NVDLA_RT_sdp2nocif,.v,0,58,8,nvdla_core_clk,,valid_ready
nvdla,B,https://github.com/nvdla/hw.git,8e06b1b9d85aab65b40d43d08eec5ea4681ff715,nvdlav1,NV_NVDLA_RUBIK_DMA_pipe_p1,vmod/nvdla/rubik/NV_NVDLA_RUBIK_dma.v,NV_NVDLA_RUBIK_dma,.v,0,8,2,nvdla_core_clk,,valid_ready
nvdla,B,https://github.com/nvdla/hw.git,8e06b1b9d85aab65b40d43d08eec5ea4681ff715,nvdlav1,NV_NVDLA_RUBIK_DMA_pipe_p2,vmod/nvdla/rubik/NV_NVDLA_RUBIK_dma.v,NV_NVDLA_RUBIK_dma,.v,0,8,2,nvdla_core_clk,,valid_ready
nvdla,B,https://github.com/nvdla/hw.git,8e06b1b9d85aab65b40d43d08eec5ea4681ff715,nvdlav1,NV_NVDLA_RUBIK_DMA_pipe_p3,vmod/nvdla/rubik/NV_NVDLA_RUBIK_dma.v,NV_NVDLA_RUBIK_dma,.v,0,8,2,nvdla_core_clk,,valid_ready
nvdla,B,https://github.com/nvdla/hw.git,8e06b1b9d85aab65b40d43d08eec5ea4681ff715,nvdlav1,NV_NVDLA_RUBIK_DMA_pipe_p4,vmod/nvdla/rubik/NV_NVDLA_RUBIK_dma.v,NV_NVDLA_RUBIK_dma,.v,0,8,2,nvdla_core_clk,,valid_ready
nvdla,B,https://github.com/nvdla/hw.git,8e06b1b9d85aab65b40d43d08eec5ea4681ff715,nvdlav1,NV_NVDLA_RUBIK_DMA_pipe_p5,vmod/nvdla/rubik/NV_NVDLA_RUBIK_dma.v,NV_NVDLA_RUBIK_dma,.v,0,8,2,nvdla_core_clk,,valid_ready
nvdla,B,https://github.com/nvdla/hw.git,8e06b1b9d85aab65b40d43d08eec5ea4681ff715,nvdlav1,NV_NVDLA_RUBIK_DMA_pipe_p6,vmod/nvdla/rubik/NV_NVDLA_RUBIK_dma.v,NV_NVDLA_RUBIK_dma,.v,0,8,2,nvdla_core_clk,,valid_ready
nvdla,B,https://github.com/nvdla/hw.git,8e06b1b9d85aab65b40d43d08eec5ea4681ff715,nvdlav1,NV_NVDLA_RUBIK_RF_CORE_pipe_p1,vmod/nvdla/rubik/NV_NVDLA_RUBIK_rf_core.v,NV_NVDLA_RUBIK_rf_core,.v,0,8,2,nvdla_core_clk,,
nvdla,B,https://github.com/nvdla/hw.git,8e06b1b9d85aab65b40d43d08eec5ea4681ff715,nvdlav1,NV_NVDLA_RUBIK_RF_CORE_pipe_p2,vmod/nvdla/rubik/NV_NVDLA_RUBIK_rf_core.v,NV_NVDLA_RUBIK_rf_core,.v,0,8,2,nvdla_core_clk,,
nvdla,B,https://github.com/nvdla/hw.git,8e06b1b9d85aab65b40d43d08eec5ea4681ff715,nvdlav1,NV_NVDLA_RUBIK_dma,vmod/nvdla/rubik/NV_NVDLA_RUBIK_dma.v,NV_NVDLA_RUBIK_dma,.v,0,37,17,nvdla_core_clk,,valid_ready
nvdla,B,https://github.com/nvdla/hw.git,8e06b1b9d85aab65b40d43d08eec5ea4681ff715,nvdlav1,NV_NVDLA_RUBIK_dr2drc,vmod/nvdla/rubik/NV_NVDLA_RUBIK_dr2drc.v,NV_NVDLA_RUBIK_dr2drc,.v,0,10,2,nvdla_core_clk,,
nvdla,B,https://github.com/nvdla/hw.git,8e06b1b9d85aab65b40d43d08eec5ea4681ff715,nvdlav1,NV_NVDLA_RUBIK_dual_reg,vmod/nvdla/rubik/NV_NVDLA_RUBIK_dual_reg.v,NV_NVDLA_RUBIK_dual_reg,.v,0,33,0,nvdla_core_clk,,
nvdla,B,https://github.com/nvdla/hw.git,8e06b1b9d85aab65b40d43d08eec5ea4681ff715,nvdlav1,NV_NVDLA_RUBIK_fifo,vmod/nvdla/rubik/NV_NVDLA_RUBIK_fifo.v,NV_NVDLA_RUBIK_fifo,.v,0,10,4,nvdla_core_clk,,
nvdla,B,https://github.com/nvdla/hw.git,8e06b1b9d85aab65b40d43d08eec5ea4681ff715,nvdlav1,NV_NVDLA_RUBIK_intr,vmod/nvdla/rubik/NV_NVDLA_RUBIK_intr.v,NV_NVDLA_RUBIK_intr,.v,0,8,1,nvdla_core_clk,,
nvdla,B,https://github.com/nvdla/hw.git,8e06b1b9d85aab65b40d43d08eec5ea4681ff715,nvdlav1,NV_NVDLA_RUBIK_opdone_fifo,vmod/nvdla/rubik/NV_NVDLA_RUBIK_intr.v,NV_NVDLA_RUBIK_intr,.v,0,10,4,nvdla_core_clk,,
nvdla,B,https://github.com/nvdla/hw.git,8e06b1b9d85aab65b40d43d08eec5ea4681ff715,nvdlav1,NV_NVDLA_RUBIK_opdone_fifo_flopram_rwsa_4x1,vmod/nvdla/rubik/NV_NVDLA_RUBIK_intr.v,NV_NVDLA_RUBIK_intr,.v,0,7,33,clk,,
nvdla,B,https://github.com/nvdla/hw.git,8e06b1b9d85aab65b40d43d08eec5ea4681ff715,nvdlav1,NV_NVDLA_RUBIK_regfile,vmod/nvdla/rubik/NV_NVDLA_RUBIK_regfile.v,NV_NVDLA_RUBIK_regfile,.v,0,38,7,nvdla_core_clk,,
nvdla,B,https://github.com/nvdla/hw.git,8e06b1b9d85aab65b40d43d08eec5ea4681ff715,nvdlav1,NV_NVDLA_RUBIK_rf_core,vmod/nvdla/rubik/NV_NVDLA_RUBIK_rf_core.v,NV_NVDLA_RUBIK_rf_core,.v,0,18,67,nvdla_core_clk,,
nvdla,B,https://github.com/nvdla/hw.git,8e06b1b9d85aab65b40d43d08eec5ea4681ff715,nvdlav1,NV_NVDLA_RUBIK_rf_ctrl,vmod/nvdla/rubik/NV_NVDLA_RUBIK_rf_ctrl.v,NV_NVDLA_RUBIK_rf_ctrl,.v,0,26,3,nvdla_core_clk,,
nvdla,B,https://github.com/nvdla/hw.git,8e06b1b9d85aab65b40d43d08eec5ea4681ff715,nvdlav1,NV_NVDLA_RUBIK_rf_rcmd,vmod/nvdla/rubik/NV_NVDLA_RUBIK_rf_rcmd.v,NV_NVDLA_RUBIK_rf_rcmd,.v,0,9,4,nvdla_core_clk,,
nvdla,B,https://github.com/nvdla/hw.git,8e06b1b9d85aab65b40d43d08eec5ea4681ff715,nvdlav1,NV_NVDLA_RUBIK_rf_rcmd_flopram_rwsa_4x12,vmod/nvdla/rubik/NV_NVDLA_RUBIK_rf_rcmd.v,NV_NVDLA_RUBIK_rf_rcmd,.v,0,9,33,clk;clk_mgated,,
nvdla,B,https://github.com/nvdla/hw.git,8e06b1b9d85aab65b40d43d08eec5ea4681ff715,nvdlav1,NV_NVDLA_RUBIK_rf_wcmd,vmod/nvdla/rubik/NV_NVDLA_RUBIK_rf_wcmd.v,NV_NVDLA_RUBIK_rf_wcmd,.v,0,9,4,nvdla_core_clk,,
nvdla,B,https://github.com/nvdla/hw.git,8e06b1b9d85aab65b40d43d08eec5ea4681ff715,nvdlav1,NV_NVDLA_RUBIK_seq_gen,vmod/nvdla/rubik/NV_NVDLA_RUBIK_seq_gen.v,NV_NVDLA_RUBIK_seq_gen,.v,0,44,3,nvdla_core_clk,,
nvdla,B,https://github.com/nvdla/hw.git,8e06b1b9d85aab65b40d43d08eec5ea4681ff715,nvdlav1,NV_NVDLA_RUBIK_single_reg,vmod/nvdla/rubik/NV_NVDLA_RUBIK_single_reg.v,NV_NVDLA_RUBIK_single_reg,.v,0,10,0,nvdla_core_clk,,
nvdla,B,https://github.com/nvdla/hw.git,8e06b1b9d85aab65b40d43d08eec5ea4681ff715,nvdlav1,NV_NVDLA_RUBIK_slcg,vmod/nvdla/rubik/NV_NVDLA_RUBIK_slcg.v,NV_NVDLA_RUBIK_slcg,.v,0,7,5,dla_clk_ovr_on_sync;global_clk_ovr_on_sync;nvdla_core_clk;tmc2slcg_disable_clock_gating;nvdla_core_gated_clk,,
nvdla,B,https://github.com/nvdla/hw.git,8e06b1b9d85aab65b40d43d08eec5ea4681ff715,nvdlav1,NV_NVDLA_RUBIK_wr_req,vmod/nvdla/rubik/NV_NVDLA_RUBIK_wr_req.v,NV_NVDLA_RUBIK_wr_req,.v,0,19,4,nvdla_core_clk,,
nvdla,B,https://github.com/nvdla/hw.git,8e06b1b9d85aab65b40d43d08eec5ea4681ff715,nvdlav1,NV_NVDLA_RUBIK_wrdma_cmd,vmod/nvdla/rubik/NV_NVDLA_RUBIK_wrdma_cmd.v,NV_NVDLA_RUBIK_wrdma_cmd,.v,0,9,4,nvdla_core_clk,,
nvdla,B,https://github.com/nvdla/hw.git,8e06b1b9d85aab65b40d43d08eec5ea4681ff715,nvdlav1,NV_NVDLA_RUBIK_wrdma_cmd_flopram_rwsa_4x73,vmod/nvdla/rubik/NV_NVDLA_RUBIK_wrdma_cmd.v,NV_NVDLA_RUBIK_wrdma_cmd,.v,0,9,33,clk;clk_mgated,,
nvdla,B,https://github.com/nvdla/hw.git,8e06b1b9d85aab65b40d43d08eec5ea4681ff715,nvdlav1,NV_NVDLA_RUBIK_wrdma_data,vmod/nvdla/rubik/NV_NVDLA_RUBIK_wrdma_data.v,NV_NVDLA_RUBIK_wrdma_data,.v,0,10,4,nvdla_core_clk,,
nvdla,B,https://github.com/nvdla/hw.git,8e06b1b9d85aab65b40d43d08eec5ea4681ff715,nvdlav1,NV_NVDLA_RUBIK_wrdma_data_flopram_rwsa_4x256,vmod/nvdla/rubik/NV_NVDLA_RUBIK_wrdma_data.v,NV_NVDLA_RUBIK_wrdma_data,.v,0,9,33,clk;clk_mgated,,
nvdla,B,https://github.com/nvdla/hw.git,8e06b1b9d85aab65b40d43d08eec5ea4681ff715,nvdlav1,NV_NVDLA_SDP_BRDMA_EG_RO_cfifo,vmod/nvdla/sdp/NV_NVDLA_SDP_BRDMA_EG_ro.v,NV_NVDLA_SDP_BRDMA_EG_ro,.v,0,9,4,nvdla_core_clk,,
nvdla,B,https://github.com/nvdla/hw.git,8e06b1b9d85aab65b40d43d08eec5ea4681ff715,nvdlav1,NV_NVDLA_SDP_BRDMA_EG_RO_cfifo_flopram_rwsa_4x4,vmod/nvdla/sdp/NV_NVDLA_SDP_BRDMA_EG_ro.v,NV_NVDLA_SDP_BRDMA_EG_ro,.v,0,7,33,clk,,
nvdla,B,https://github.com/nvdla/hw.git,8e06b1b9d85aab65b40d43d08eec5ea4681ff715,nvdlav1,NV_NVDLA_SDP_BRDMA_EG_RO_dfifo,vmod/nvdla/sdp/NV_NVDLA_SDP_BRDMA_EG_ro.v,NV_NVDLA_SDP_BRDMA_EG_ro,.v,0,9,4,nvdla_core_clk,,
nvdla,B,https://github.com/nvdla/hw.git,8e06b1b9d85aab65b40d43d08eec5ea4681ff715,nvdlav1,NV_NVDLA_SDP_BRDMA_EG_RO_dfifo_flopram_rwsa_1x256,vmod/nvdla/sdp/NV_NVDLA_SDP_BRDMA_EG_ro.v,NV_NVDLA_SDP_BRDMA_EG_ro,.v,0,6,32,clk,,
nvdla,B,https://github.com/nvdla/hw.git,8e06b1b9d85aab65b40d43d08eec5ea4681ff715,nvdlav1,NV_NVDLA_SDP_BRDMA_EG_RO_pipe_p1,vmod/nvdla/sdp/NV_NVDLA_SDP_BRDMA_EG_ro.v,NV_NVDLA_SDP_BRDMA_EG_ro,.v,0,8,2,nvdla_core_clk,,valid_ready
nvdla,B,https://github.com/nvdla/hw.git,8e06b1b9d85aab65b40d43d08eec5ea4681ff715,nvdlav1,NV_NVDLA_SDP_BRDMA_EG_lat_fifo,vmod/nvdla/sdp/NV_NVDLA_SDP_BRDMA_eg.v,NV_NVDLA_SDP_BRDMA_eg,.v,0,10,4,nvdla_core_clk,,
nvdla,B,https://github.com/nvdla/hw.git,8e06b1b9d85aab65b40d43d08eec5ea4681ff715,nvdlav1,NV_NVDLA_SDP_BRDMA_EG_pipe_p1,vmod/nvdla/sdp/NV_NVDLA_SDP_BRDMA_eg.v,NV_NVDLA_SDP_BRDMA_eg,.v,0,8,2,nvdla_core_clk,,valid_ready
nvdla,B,https://github.com/nvdla/hw.git,8e06b1b9d85aab65b40d43d08eec5ea4681ff715,nvdlav1,NV_NVDLA_SDP_BRDMA_EG_pipe_p2,vmod/nvdla/sdp/NV_NVDLA_SDP_BRDMA_eg.v,NV_NVDLA_SDP_BRDMA_eg,.v,0,8,2,nvdla_core_clk,,valid_ready
nvdla,B,https://github.com/nvdla/hw.git,8e06b1b9d85aab65b40d43d08eec5ea4681ff715,nvdlav1,NV_NVDLA_SDP_BRDMA_EG_pipe_p3,vmod/nvdla/sdp/NV_NVDLA_SDP_BRDMA_eg.v,NV_NVDLA_SDP_BRDMA_eg,.v,0,8,2,nvdla_core_clk,,valid_ready
nvdla,B,https://github.com/nvdla/hw.git,8e06b1b9d85aab65b40d43d08eec5ea4681ff715,nvdlav1,NV_NVDLA_SDP_BRDMA_EG_pipe_p4,vmod/nvdla/sdp/NV_NVDLA_SDP_BRDMA_eg.v,NV_NVDLA_SDP_BRDMA_eg,.v,0,8,2,nvdla_core_clk,,valid_ready
nvdla,B,https://github.com/nvdla/hw.git,8e06b1b9d85aab65b40d43d08eec5ea4681ff715,nvdlav1,NV_NVDLA_SDP_BRDMA_EG_ro,vmod/nvdla/sdp/NV_NVDLA_SDP_BRDMA_EG_ro.v,NV_NVDLA_SDP_BRDMA_EG_ro,.v,0,25,8,nvdla_core_clk,,valid_ready
nvdla,B,https://github.com/nvdla/hw.git,8e06b1b9d85aab65b40d43d08eec5ea4681ff715,nvdlav1,NV_NVDLA_SDP_BRDMA_IG_pipe_p1,vmod/nvdla/sdp/NV_NVDLA_SDP_BRDMA_ig.v,NV_NVDLA_SDP_BRDMA_ig,.v,0,8,2,nvdla_core_clk,,valid_ready
nvdla,B,https://github.com/nvdla/hw.git,8e06b1b9d85aab65b40d43d08eec5ea4681ff715,nvdlav1,NV_NVDLA_SDP_BRDMA_IG_pipe_p2,vmod/nvdla/sdp/NV_NVDLA_SDP_BRDMA_ig.v,NV_NVDLA_SDP_BRDMA_ig,.v,0,8,2,nvdla_core_clk,,valid_ready
nvdla,B,https://github.com/nvdla/hw.git,8e06b1b9d85aab65b40d43d08eec5ea4681ff715,nvdlav1,NV_NVDLA_SDP_BRDMA_IG_pipe_p3,vmod/nvdla/sdp/NV_NVDLA_SDP_BRDMA_ig.v,NV_NVDLA_SDP_BRDMA_ig,.v,0,8,2,nvdla_core_clk,,valid_ready
nvdla,B,https://github.com/nvdla/hw.git,8e06b1b9d85aab65b40d43d08eec5ea4681ff715,nvdlav1,NV_NVDLA_SDP_BRDMA_IG_pipe_p4,vmod/nvdla/sdp/NV_NVDLA_SDP_BRDMA_ig.v,NV_NVDLA_SDP_BRDMA_ig,.v,0,8,2,nvdla_core_clk,,valid_ready
nvdla,B,https://github.com/nvdla/hw.git,8e06b1b9d85aab65b40d43d08eec5ea4681ff715,nvdlav1,NV_NVDLA_SDP_BRDMA_cq,vmod/nvdla/sdp/NV_NVDLA_SDP_BRDMA_cq.v,NV_NVDLA_SDP_BRDMA_cq,.v,0,9,4,nvdla_core_clk,,
nvdla,B,https://github.com/nvdla/hw.git,8e06b1b9d85aab65b40d43d08eec5ea4681ff715,nvdlav1,NV_NVDLA_SDP_BRDMA_eg,vmod/nvdla/sdp/NV_NVDLA_SDP_BRDMA_eg.v,NV_NVDLA_SDP_BRDMA_eg,.v,0,32,10,nvdla_core_clk,,valid_ready
nvdla,B,https://github.com/nvdla/hw.git,8e06b1b9d85aab65b40d43d08eec5ea4681ff715,nvdlav1,NV_NVDLA_SDP_BRDMA_gate,vmod/nvdla/sdp/NV_NVDLA_SDP_BRDMA_gate.v,NV_NVDLA_SDP_BRDMA_gate,.v,0,8,5,nvdla_core_clk;dla_clk_ovr_on_sync;global_clk_ovr_on_sync;tmc2slcg_disable_clock_gating;nvdla_gated_clk,,
nvdla,B,https://github.com/nvdla/hw.git,8e06b1b9d85aab65b40d43d08eec5ea4681ff715,nvdlav1,NV_NVDLA_SDP_BRDMA_ig,vmod/nvdla/sdp/NV_NVDLA_SDP_BRDMA_ig.v,NV_NVDLA_SDP_BRDMA_ig,.v,0,28,12,nvdla_core_clk,,valid_ready
nvdla,B,https://github.com/nvdla/hw.git,8e06b1b9d85aab65b40d43d08eec5ea4681ff715,nvdlav1,NV_NVDLA_SDP_CMUX_pipe_p1,vmod/nvdla/sdp/NV_NVDLA_SDP_cmux.v,NV_NVDLA_SDP_cmux,.v,0,8,2,nvdla_core_clk,,valid_ready
nvdla,B,https://github.com/nvdla/hw.git,8e06b1b9d85aab65b40d43d08eec5ea4681ff715,nvdlav1,NV_NVDLA_SDP_CMUX_pipe_p2,vmod/nvdla/sdp/NV_NVDLA_SDP_cmux.v,NV_NVDLA_SDP_cmux,.v,0,8,2,nvdla_core_clk,,valid_ready
nvdla,B,https://github.com/nvdla/hw.git,8e06b1b9d85aab65b40d43d08eec5ea4681ff715,nvdlav1,NV_NVDLA_SDP_CORE_Y_LUT_cmd,vmod/nvdla/sdp/NV_NVDLA_SDP_CORE_Y_lut.v,NV_NVDLA_SDP_CORE_Y_lut,.v,0,9,4,nvdla_core_clk,,
nvdla,B,https://github.com/nvdla/hw.git,8e06b1b9d85aab65b40d43d08eec5ea4681ff715,nvdlav1,NV_NVDLA_SDP_CORE_Y_LUT_cmd_flopram_rwsa_2x280,vmod/nvdla/sdp/NV_NVDLA_SDP_CORE_Y_lut.v,NV_NVDLA_SDP_CORE_Y_lut,.v,0,7,33,clk,,
nvdla,B,https://github.com/nvdla/hw.git,8e06b1b9d85aab65b40d43d08eec5ea4681ff715,nvdlav1,NV_NVDLA_SDP_CORE_Y_LUT_dat,vmod/nvdla/sdp/NV_NVDLA_SDP_CORE_Y_lut.v,NV_NVDLA_SDP_CORE_Y_lut,.v,0,8,5,nvdla_core_clk,,
nvdla,B,https://github.com/nvdla/hw.git,8e06b1b9d85aab65b40d43d08eec5ea4681ff715,nvdlav1,NV_NVDLA_SDP_CORE_Y_LUT_dat_flopram_rwsa_2x128,vmod/nvdla/sdp/NV_NVDLA_SDP_CORE_Y_lut.v,NV_NVDLA_SDP_CORE_Y_lut,.v,0,7,33,clk,,
nvdla,B,https://github.com/nvdla/hw.git,8e06b1b9d85aab65b40d43d08eec5ea4681ff715,nvdlav1,NV_NVDLA_SDP_CORE_Y_core,vmod/nvdla/sdp/NV_NVDLA_SDP_CORE_Y_core.v,NV_NVDLA_SDP_CORE_Y_core,.v,0,33,3,nvdla_core_clk,,
nvdla,B,https://github.com/nvdla/hw.git,8e06b1b9d85aab65b40d43d08eec5ea4681ff715,nvdlav1,NV_NVDLA_SDP_CORE_Y_cvt,vmod/nvdla/sdp/NV_NVDLA_SDP_CORE_Y_cvt.v,NV_NVDLA_SDP_CORE_Y_cvt,.v,0,14,3,nvdla_core_clk,,
nvdla,B,https://github.com/nvdla/hw.git,8e06b1b9d85aab65b40d43d08eec5ea4681ff715,nvdlav1,NV_NVDLA_SDP_CORE_Y_cvt_core,vmod/nvdla/sdp/NV_NVDLA_SDP_CORE_Y_cvt.v,NV_NVDLA_SDP_CORE_Y_cvt,.v,0,18,22,nvdla_core_clk,,
nvdla,B,https://github.com/nvdla/hw.git,8e06b1b9d85aab65b40d43d08eec5ea4681ff715,nvdlav1,NV_NVDLA_SDP_CORE_Y_cvt_core_chn_in_rsci,vmod/nvdla/sdp/NV_NVDLA_SDP_CORE_Y_cvt.v,NV_NVDLA_SDP_CORE_Y_cvt,.v,0,13,3,nvdla_core_clk,,
nvdla,B,https://github.com/nvdla/hw.git,8e06b1b9d85aab65b40d43d08eec5ea4681ff715,nvdlav1,NV_NVDLA_SDP_CORE_Y_cvt_core_chn_in_rsci_chn_in_wait_ctrl,vmod/nvdla/sdp/NV_NVDLA_SDP_CORE_Y_cvt.v,NV_NVDLA_SDP_CORE_Y_cvt,.v,0,11,0,nvdla_core_clk,,
nvdla,B,https://github.com/nvdla/hw.git,8e06b1b9d85aab65b40d43d08eec5ea4681ff715,nvdlav1,NV_NVDLA_SDP_CORE_Y_cvt_core_chn_in_rsci_chn_in_wait_dp,vmod/nvdla/sdp/NV_NVDLA_SDP_CORE_Y_cvt.v,NV_NVDLA_SDP_CORE_Y_cvt,.v,0,9,0,nvdla_core_clk,,
nvdla,B,https://github.com/nvdla/hw.git,8e06b1b9d85aab65b40d43d08eec5ea4681ff715,nvdlav1,NV_NVDLA_SDP_CORE_Y_cvt_core_chn_out_rsci,vmod/nvdla/sdp/NV_NVDLA_SDP_CORE_Y_cvt.v,NV_NVDLA_SDP_CORE_Y_cvt,.v,0,13,3,nvdla_core_clk,,
nvdla,B,https://github.com/nvdla/hw.git,8e06b1b9d85aab65b40d43d08eec5ea4681ff715,nvdlav1,NV_NVDLA_SDP_CORE_Y_cvt_core_chn_out_rsci_chn_out_wait_ctrl,vmod/nvdla/sdp/NV_NVDLA_SDP_CORE_Y_cvt.v,NV_NVDLA_SDP_CORE_Y_cvt,.v,0,11,0,nvdla_core_clk,,
nvdla,B,https://github.com/nvdla/hw.git,8e06b1b9d85aab65b40d43d08eec5ea4681ff715,nvdlav1,NV_NVDLA_SDP_CORE_Y_cvt_core_chn_out_rsci_chn_out_wait_dp,vmod/nvdla/sdp/NV_NVDLA_SDP_CORE_Y_cvt.v,NV_NVDLA_SDP_CORE_Y_cvt,.v,0,7,0,nvdla_core_clk,,
nvdla,B,https://github.com/nvdla/hw.git,8e06b1b9d85aab65b40d43d08eec5ea4681ff715,nvdlav1,NV_NVDLA_SDP_CORE_Y_cvt_core_core_fsm,vmod/nvdla/sdp/NV_NVDLA_SDP_CORE_Y_cvt.v,NV_NVDLA_SDP_CORE_Y_cvt,.v,0,4,0,nvdla_core_clk,,
nvdla,B,https://github.com/nvdla/hw.git,8e06b1b9d85aab65b40d43d08eec5ea4681ff715,nvdlav1,NV_NVDLA_SDP_CORE_Y_cvt_core_staller,vmod/nvdla/sdp/NV_NVDLA_SDP_CORE_Y_cvt.v,NV_NVDLA_SDP_CORE_Y_cvt,.v,0,6,0,nvdla_core_clk,,
nvdla,B,https://github.com/nvdla/hw.git,8e06b1b9d85aab65b40d43d08eec5ea4681ff715,nvdlav1,NV_NVDLA_SDP_CORE_Y_dmapack,vmod/nvdla/sdp/NV_NVDLA_SDP_CORE_Y_dmapack.v,NV_NVDLA_SDP_CORE_Y_dmapack,.v,0,8,1,nvdla_core_clk,,
nvdla,B,https://github.com/nvdla/hw.git,8e06b1b9d85aab65b40d43d08eec5ea4681ff715,nvdlav1,NV_NVDLA_SDP_CORE_Y_dppack,vmod/nvdla/sdp/NV_NVDLA_SDP_CORE_Y_dppack.v,NV_NVDLA_SDP_CORE_Y_dppack,.v,0,8,1,nvdla_core_clk,,
nvdla,B,https://github.com/nvdla/hw.git,8e06b1b9d85aab65b40d43d08eec5ea4681ff715,nvdlav1,NV_NVDLA_SDP_CORE_Y_dpunpack,vmod/nvdla/sdp/NV_NVDLA_SDP_CORE_Y_dpunpack.v,NV_NVDLA_SDP_CORE_Y_dpunpack,.v,0,8,1,nvdla_core_clk,,
nvdla,B,https://github.com/nvdla/hw.git,8e06b1b9d85aab65b40d43d08eec5ea4681ff715,nvdlav1,NV_NVDLA_SDP_CORE_Y_idx,vmod/nvdla/sdp/NV_NVDLA_SDP_CORE_Y_idx.v,NV_NVDLA_SDP_CORE_Y_idx,.v,0,18,3,nvdla_core_clk,,
nvdla,B,https://github.com/nvdla/hw.git,8e06b1b9d85aab65b40d43d08eec5ea4681ff715,nvdlav1,NV_NVDLA_SDP_CORE_Y_idx_core,vmod/nvdla/sdp/NV_NVDLA_SDP_CORE_Y_idx.v,NV_NVDLA_SDP_CORE_Y_idx,.v,0,22,104,nvdla_core_clk,,
nvdla,B,https://github.com/nvdla/hw.git,8e06b1b9d85aab65b40d43d08eec5ea4681ff715,nvdlav1,NV_NVDLA_SDP_CORE_Y_idx_core_chn_lut_in_rsci,vmod/nvdla/sdp/NV_NVDLA_SDP_CORE_Y_idx.v,NV_NVDLA_SDP_CORE_Y_idx,.v,0,13,3,nvdla_core_clk,,
nvdla,B,https://github.com/nvdla/hw.git,8e06b1b9d85aab65b40d43d08eec5ea4681ff715,nvdlav1,NV_NVDLA_SDP_CORE_Y_idx_core_chn_lut_in_rsci_chn_lut_in_wait_ctrl,vmod/nvdla/sdp/NV_NVDLA_SDP_CORE_Y_idx.v,NV_NVDLA_SDP_CORE_Y_idx,.v,0,11,0,nvdla_core_clk,,
nvdla,B,https://github.com/nvdla/hw.git,8e06b1b9d85aab65b40d43d08eec5ea4681ff715,nvdlav1,NV_NVDLA_SDP_CORE_Y_idx_core_chn_lut_in_rsci_chn_lut_in_wait_dp,vmod/nvdla/sdp/NV_NVDLA_SDP_CORE_Y_idx.v,NV_NVDLA_SDP_CORE_Y_idx,.v,0,9,0,nvdla_core_clk,,
nvdla,B,https://github.com/nvdla/hw.git,8e06b1b9d85aab65b40d43d08eec5ea4681ff715,nvdlav1,NV_NVDLA_SDP_CORE_Y_idx_core_chn_lut_out_rsci,vmod/nvdla/sdp/NV_NVDLA_SDP_CORE_Y_idx.v,NV_NVDLA_SDP_CORE_Y_idx,.v,0,13,3,nvdla_core_clk,,
nvdla,B,https://github.com/nvdla/hw.git,8e06b1b9d85aab65b40d43d08eec5ea4681ff715,nvdlav1,NV_NVDLA_SDP_CORE_Y_idx_core_chn_lut_out_rsci_chn_lut_out_wait_ctrl,vmod/nvdla/sdp/NV_NVDLA_SDP_CORE_Y_idx.v,NV_NVDLA_SDP_CORE_Y_idx,.v,0,11,0,nvdla_core_clk,,
nvdla,B,https://github.com/nvdla/hw.git,8e06b1b9d85aab65b40d43d08eec5ea4681ff715,nvdlav1,NV_NVDLA_SDP_CORE_Y_idx_core_chn_lut_out_rsci_chn_lut_out_wait_dp,vmod/nvdla/sdp/NV_NVDLA_SDP_CORE_Y_idx.v,NV_NVDLA_SDP_CORE_Y_idx,.v,0,7,0,nvdla_core_clk,,
nvdla,B,https://github.com/nvdla/hw.git,8e06b1b9d85aab65b40d43d08eec5ea4681ff715,nvdlav1,NV_NVDLA_SDP_CORE_Y_idx_core_core_fsm,vmod/nvdla/sdp/NV_NVDLA_SDP_CORE_Y_idx.v,NV_NVDLA_SDP_CORE_Y_idx,.v,0,4,0,nvdla_core_clk,,
nvdla,B,https://github.com/nvdla/hw.git,8e06b1b9d85aab65b40d43d08eec5ea4681ff715,nvdlav1,NV_NVDLA_SDP_CORE_Y_idx_core_staller,vmod/nvdla/sdp/NV_NVDLA_SDP_CORE_Y_idx.v,NV_NVDLA_SDP_CORE_Y_idx,.v,0,6,0,nvdla_core_clk,,
nvdla,B,https://github.com/nvdla/hw.git,8e06b1b9d85aab65b40d43d08eec5ea4681ff715,nvdlav1,NV_NVDLA_SDP_CORE_Y_inp,vmod/nvdla/sdp/NV_NVDLA_SDP_CORE_Y_inp.v,NV_NVDLA_SDP_CORE_Y_inp,.v,0,9,3,nvdla_core_clk,,
nvdla,B,https://github.com/nvdla/hw.git,8e06b1b9d85aab65b40d43d08eec5ea4681ff715,nvdlav1,NV_NVDLA_SDP_CORE_Y_inp_core,vmod/nvdla/sdp/NV_NVDLA_SDP_CORE_Y_inp.v,NV_NVDLA_SDP_CORE_Y_inp,.v,0,13,123,nvdla_core_clk,,
nvdla,B,https://github.com/nvdla/hw.git,8e06b1b9d85aab65b40d43d08eec5ea4681ff715,nvdlav1,NV_NVDLA_SDP_CORE_Y_inp_core_chn_inp_in_rsci,vmod/nvdla/sdp/NV_NVDLA_SDP_CORE_Y_inp.v,NV_NVDLA_SDP_CORE_Y_inp,.v,0,13,3,nvdla_core_clk,,
nvdla,B,https://github.com/nvdla/hw.git,8e06b1b9d85aab65b40d43d08eec5ea4681ff715,nvdlav1,NV_NVDLA_SDP_CORE_Y_inp_core_chn_inp_in_rsci_chn_inp_in_wait_ctrl,vmod/nvdla/sdp/NV_NVDLA_SDP_CORE_Y_inp.v,NV_NVDLA_SDP_CORE_Y_inp,.v,0,11,0,nvdla_core_clk,,
nvdla,B,https://github.com/nvdla/hw.git,8e06b1b9d85aab65b40d43d08eec5ea4681ff715,nvdlav1,NV_NVDLA_SDP_CORE_Y_inp_core_chn_inp_in_rsci_chn_inp_in_wait_dp,vmod/nvdla/sdp/NV_NVDLA_SDP_CORE_Y_inp.v,NV_NVDLA_SDP_CORE_Y_inp,.v,0,9,0,nvdla_core_clk,,
nvdla,B,https://github.com/nvdla/hw.git,8e06b1b9d85aab65b40d43d08eec5ea4681ff715,nvdlav1,NV_NVDLA_SDP_CORE_Y_inp_core_chn_inp_out_rsci,vmod/nvdla/sdp/NV_NVDLA_SDP_CORE_Y_inp.v,NV_NVDLA_SDP_CORE_Y_inp,.v,0,13,3,nvdla_core_clk,,
nvdla,B,https://github.com/nvdla/hw.git,8e06b1b9d85aab65b40d43d08eec5ea4681ff715,nvdlav1,NV_NVDLA_SDP_CORE_Y_inp_core_chn_inp_out_rsci_chn_inp_out_wait_ctrl,vmod/nvdla/sdp/NV_NVDLA_SDP_CORE_Y_inp.v,NV_NVDLA_SDP_CORE_Y_inp,.v,0,11,0,nvdla_core_clk,,
nvdla,B,https://github.com/nvdla/hw.git,8e06b1b9d85aab65b40d43d08eec5ea4681ff715,nvdlav1,NV_NVDLA_SDP_CORE_Y_inp_core_chn_inp_out_rsci_chn_inp_out_wait_dp,vmod/nvdla/sdp/NV_NVDLA_SDP_CORE_Y_inp.v,NV_NVDLA_SDP_CORE_Y_inp,.v,0,7,0,nvdla_core_clk,,
nvdla,B,https://github.com/nvdla/hw.git,8e06b1b9d85aab65b40d43d08eec5ea4681ff715,nvdlav1,NV_NVDLA_SDP_CORE_Y_inp_core_core_fsm,vmod/nvdla/sdp/NV_NVDLA_SDP_CORE_Y_inp.v,NV_NVDLA_SDP_CORE_Y_inp,.v,0,4,0,nvdla_core_clk,,
nvdla,B,https://github.com/nvdla/hw.git,8e06b1b9d85aab65b40d43d08eec5ea4681ff715,nvdlav1,NV_NVDLA_SDP_CORE_Y_inp_core_staller,vmod/nvdla/sdp/NV_NVDLA_SDP_CORE_Y_inp.v,NV_NVDLA_SDP_CORE_Y_inp,.v,0,6,0,nvdla_core_clk,,
nvdla,B,https://github.com/nvdla/hw.git,8e06b1b9d85aab65b40d43d08eec5ea4681ff715,nvdlav1,NV_NVDLA_SDP_CORE_Y_lut,vmod/nvdla/sdp/NV_NVDLA_SDP_CORE_Y_lut.v,NV_NVDLA_SDP_CORE_Y_lut,.v,0,37,331,nvdla_core_clk,,
nvdla,B,https://github.com/nvdla/hw.git,8e06b1b9d85aab65b40d43d08eec5ea4681ff715,nvdlav1,NV_NVDLA_SDP_CORE_c,vmod/nvdla/sdp/NV_NVDLA_SDP_CORE_c.v,NV_NVDLA_SDP_CORE_c,.v,0,14,3,nvdla_core_clk,,
nvdla,B,https://github.com/nvdla/hw.git,8e06b1b9d85aab65b40d43d08eec5ea4681ff715,nvdlav1,NV_NVDLA_SDP_CORE_c_core,vmod/nvdla/sdp/NV_NVDLA_SDP_CORE_c.v,NV_NVDLA_SDP_CORE_c,.v,0,18,138,nvdla_core_clk,,
nvdla,B,https://github.com/nvdla/hw.git,8e06b1b9d85aab65b40d43d08eec5ea4681ff715,nvdlav1,NV_NVDLA_SDP_CORE_c_core_chn_in_rsci,vmod/nvdla/sdp/NV_NVDLA_SDP_CORE_c.v,NV_NVDLA_SDP_CORE_c,.v,0,13,3,nvdla_core_clk,,
nvdla,B,https://github.com/nvdla/hw.git,8e06b1b9d85aab65b40d43d08eec5ea4681ff715,nvdlav1,NV_NVDLA_SDP_CORE_c_core_chn_in_rsci_chn_in_wait_ctrl,vmod/nvdla/sdp/NV_NVDLA_SDP_CORE_c.v,NV_NVDLA_SDP_CORE_c,.v,0,11,0,nvdla_core_clk,,
nvdla,B,https://github.com/nvdla/hw.git,8e06b1b9d85aab65b40d43d08eec5ea4681ff715,nvdlav1,NV_NVDLA_SDP_CORE_c_core_chn_in_rsci_chn_in_wait_dp,vmod/nvdla/sdp/NV_NVDLA_SDP_CORE_c.v,NV_NVDLA_SDP_CORE_c,.v,0,9,0,nvdla_core_clk,,
nvdla,B,https://github.com/nvdla/hw.git,8e06b1b9d85aab65b40d43d08eec5ea4681ff715,nvdlav1,NV_NVDLA_SDP_CORE_c_core_chn_out_rsci,vmod/nvdla/sdp/NV_NVDLA_SDP_CORE_c.v,NV_NVDLA_SDP_CORE_c,.v,0,13,3,nvdla_core_clk,,
nvdla,B,https://github.com/nvdla/hw.git,8e06b1b9d85aab65b40d43d08eec5ea4681ff715,nvdlav1,NV_NVDLA_SDP_CORE_c_core_chn_out_rsci_chn_out_wait_ctrl,vmod/nvdla/sdp/NV_NVDLA_SDP_CORE_c.v,NV_NVDLA_SDP_CORE_c,.v,0,11,0,nvdla_core_clk,,
nvdla,B,https://github.com/nvdla/hw.git,8e06b1b9d85aab65b40d43d08eec5ea4681ff715,nvdlav1,NV_NVDLA_SDP_CORE_c_core_chn_out_rsci_chn_out_wait_dp,vmod/nvdla/sdp/NV_NVDLA_SDP_CORE_c.v,NV_NVDLA_SDP_CORE_c,.v,0,7,0,nvdla_core_clk,,
nvdla,B,https://github.com/nvdla/hw.git,8e06b1b9d85aab65b40d43d08eec5ea4681ff715,nvdlav1,NV_NVDLA_SDP_CORE_c_core_core_fsm,vmod/nvdla/sdp/NV_NVDLA_SDP_CORE_c.v,NV_NVDLA_SDP_CORE_c,.v,0,4,0,nvdla_core_clk,,
nvdla,B,https://github.com/nvdla/hw.git,8e06b1b9d85aab65b40d43d08eec5ea4681ff715,nvdlav1,NV_NVDLA_SDP_CORE_c_core_staller,vmod/nvdla/sdp/NV_NVDLA_SDP_CORE_c.v,NV_NVDLA_SDP_CORE_c,.v,0,6,0,nvdla_core_clk,,
nvdla,B,https://github.com/nvdla/hw.git,8e06b1b9d85aab65b40d43d08eec5ea4681ff715,nvdlav1,NV_NVDLA_SDP_CORE_gate,vmod/nvdla/sdp/NV_NVDLA_SDP_CORE_gate.v,NV_NVDLA_SDP_CORE_gate,.v,0,11,15,dla_clk_ovr_on_sync;global_clk_ovr_on_sync;nvdla_core_clk;tmc2slcg_disable_clock_gating;nvdla_gated_bcore_clk;nvdla_gated_ecore_clk;nvdla_gated_ncore_clk,,
nvdla,B,https://github.com/nvdla/hw.git,8e06b1b9d85aab65b40d43d08eec5ea4681ff715,nvdlav1,NV_NVDLA_SDP_CORE_pipe_p1,vmod/nvdla/sdp/NV_NVDLA_SDP_core.v,NV_NVDLA_SDP_core,.v,0,8,2,nvdla_core_clk,,valid_ready
nvdla,B,https://github.com/nvdla/hw.git,8e06b1b9d85aab65b40d43d08eec5ea4681ff715,nvdlav1,NV_NVDLA_SDP_CORE_pipe_p10,vmod/nvdla/sdp/NV_NVDLA_SDP_core.v,NV_NVDLA_SDP_core,.v,0,8,2,nvdla_core_clk,,valid_ready
nvdla,B,https://github.com/nvdla/hw.git,8e06b1b9d85aab65b40d43d08eec5ea4681ff715,nvdlav1,NV_NVDLA_SDP_CORE_pipe_p11,vmod/nvdla/sdp/NV_NVDLA_SDP_core.v,NV_NVDLA_SDP_core,.v,0,8,2,nvdla_core_clk,,valid_ready
nvdla,B,https://github.com/nvdla/hw.git,8e06b1b9d85aab65b40d43d08eec5ea4681ff715,nvdlav1,NV_NVDLA_SDP_CORE_pipe_p2,vmod/nvdla/sdp/NV_NVDLA_SDP_core.v,NV_NVDLA_SDP_core,.v,0,8,2,nvdla_core_clk,,valid_ready
nvdla,B,https://github.com/nvdla/hw.git,8e06b1b9d85aab65b40d43d08eec5ea4681ff715,nvdlav1,NV_NVDLA_SDP_CORE_pipe_p3,vmod/nvdla/sdp/NV_NVDLA_SDP_core.v,NV_NVDLA_SDP_core,.v,0,8,2,nvdla_core_clk,,valid_ready
nvdla,B,https://github.com/nvdla/hw.git,8e06b1b9d85aab65b40d43d08eec5ea4681ff715,nvdlav1,NV_NVDLA_SDP_CORE_pipe_p4,vmod/nvdla/sdp/NV_NVDLA_SDP_core.v,NV_NVDLA_SDP_core,.v,0,8,2,nvdla_core_clk,,valid_ready
nvdla,B,https://github.com/nvdla/hw.git,8e06b1b9d85aab65b40d43d08eec5ea4681ff715,nvdlav1,NV_NVDLA_SDP_CORE_pipe_p5,vmod/nvdla/sdp/NV_NVDLA_SDP_core.v,NV_NVDLA_SDP_core,.v,0,8,2,nvdla_core_clk,,valid_ready
nvdla,B,https://github.com/nvdla/hw.git,8e06b1b9d85aab65b40d43d08eec5ea4681ff715,nvdlav1,NV_NVDLA_SDP_CORE_pipe_p6,vmod/nvdla/sdp/NV_NVDLA_SDP_core.v,NV_NVDLA_SDP_core,.v,0,8,2,nvdla_core_clk,,valid_ready
nvdla,B,https://github.com/nvdla/hw.git,8e06b1b9d85aab65b40d43d08eec5ea4681ff715,nvdlav1,NV_NVDLA_SDP_CORE_pipe_p7,vmod/nvdla/sdp/NV_NVDLA_SDP_core.v,NV_NVDLA_SDP_core,.v,0,8,2,nvdla_core_clk,,
nvdla,B,https://github.com/nvdla/hw.git,8e06b1b9d85aab65b40d43d08eec5ea4681ff715,nvdlav1,NV_NVDLA_SDP_CORE_pipe_p8,vmod/nvdla/sdp/NV_NVDLA_SDP_core.v,NV_NVDLA_SDP_core,.v,0,8,2,nvdla_core_clk,,
nvdla,B,https://github.com/nvdla/hw.git,8e06b1b9d85aab65b40d43d08eec5ea4681ff715,nvdlav1,NV_NVDLA_SDP_CORE_pipe_p9,vmod/nvdla/sdp/NV_NVDLA_SDP_core.v,NV_NVDLA_SDP_core,.v,0,8,2,nvdla_core_clk,,
nvdla,B,https://github.com/nvdla/hw.git,8e06b1b9d85aab65b40d43d08eec5ea4681ff715,nvdlav1,NV_NVDLA_SDP_CORE_x,vmod/nvdla/sdp/NV_NVDLA_SDP_CORE_x.v,NV_NVDLA_SDP_CORE_x,.v,0,38,7,nvdla_core_clk,,
nvdla,B,https://github.com/nvdla/hw.git,8e06b1b9d85aab65b40d43d08eec5ea4681ff715,nvdlav1,NV_NVDLA_SDP_CORE_y,vmod/nvdla/sdp/NV_NVDLA_SDP_CORE_y.v,NV_NVDLA_SDP_CORE_y,.v,0,67,10,nvdla_core_clk,,
nvdla,B,https://github.com/nvdla/hw.git,8e06b1b9d85aab65b40d43d08eec5ea4681ff715,nvdlav1,NV_NVDLA_SDP_ERDMA_EG_RO_cfifo,vmod/nvdla/sdp/NV_NVDLA_SDP_ERDMA_EG_ro.v,NV_NVDLA_SDP_ERDMA_EG_ro,.v,0,9,4,nvdla_core_clk,,
nvdla,B,https://github.com/nvdla/hw.git,8e06b1b9d85aab65b40d43d08eec5ea4681ff715,nvdlav1,NV_NVDLA_SDP_ERDMA_EG_RO_cfifo_flopram_rwsa_4x4,vmod/nvdla/sdp/NV_NVDLA_SDP_ERDMA_EG_ro.v,NV_NVDLA_SDP_ERDMA_EG_ro,.v,0,7,33,clk,,
nvdla,B,https://github.com/nvdla/hw.git,8e06b1b9d85aab65b40d43d08eec5ea4681ff715,nvdlav1,NV_NVDLA_SDP_ERDMA_EG_RO_dfifo,vmod/nvdla/sdp/NV_NVDLA_SDP_ERDMA_EG_ro.v,NV_NVDLA_SDP_ERDMA_EG_ro,.v,0,9,4,nvdla_core_clk,,
nvdla,B,https://github.com/nvdla/hw.git,8e06b1b9d85aab65b40d43d08eec5ea4681ff715,nvdlav1,NV_NVDLA_SDP_ERDMA_EG_RO_dfifo_flopram_rwsa_1x256,vmod/nvdla/sdp/NV_NVDLA_SDP_ERDMA_EG_ro.v,NV_NVDLA_SDP_ERDMA_EG_ro,.v,0,6,32,clk,,
nvdla,B,https://github.com/nvdla/hw.git,8e06b1b9d85aab65b40d43d08eec5ea4681ff715,nvdlav1,NV_NVDLA_SDP_ERDMA_EG_RO_pipe_p1,vmod/nvdla/sdp/NV_NVDLA_SDP_ERDMA_EG_ro.v,NV_NVDLA_SDP_ERDMA_EG_ro,.v,0,8,2,nvdla_core_clk,,valid_ready
nvdla,B,https://github.com/nvdla/hw.git,8e06b1b9d85aab65b40d43d08eec5ea4681ff715,nvdlav1,NV_NVDLA_SDP_ERDMA_EG_lat_fifo,vmod/nvdla/sdp/NV_NVDLA_SDP_ERDMA_eg.v,NV_NVDLA_SDP_ERDMA_eg,.v,0,10,4,nvdla_core_clk,,
nvdla,B,https://github.com/nvdla/hw.git,8e06b1b9d85aab65b40d43d08eec5ea4681ff715,nvdlav1,NV_NVDLA_SDP_ERDMA_EG_pipe_p1,vmod/nvdla/sdp/NV_NVDLA_SDP_ERDMA_eg.v,NV_NVDLA_SDP_ERDMA_eg,.v,0,8,2,nvdla_core_clk,,valid_ready
nvdla,B,https://github.com/nvdla/hw.git,8e06b1b9d85aab65b40d43d08eec5ea4681ff715,nvdlav1,NV_NVDLA_SDP_ERDMA_EG_pipe_p2,vmod/nvdla/sdp/NV_NVDLA_SDP_ERDMA_eg.v,NV_NVDLA_SDP_ERDMA_eg,.v,0,8,2,nvdla_core_clk,,valid_ready
nvdla,B,https://github.com/nvdla/hw.git,8e06b1b9d85aab65b40d43d08eec5ea4681ff715,nvdlav1,NV_NVDLA_SDP_ERDMA_EG_pipe_p3,vmod/nvdla/sdp/NV_NVDLA_SDP_ERDMA_eg.v,NV_NVDLA_SDP_ERDMA_eg,.v,0,8,2,nvdla_core_clk,,valid_ready
nvdla,B,https://github.com/nvdla/hw.git,8e06b1b9d85aab65b40d43d08eec5ea4681ff715,nvdlav1,NV_NVDLA_SDP_ERDMA_EG_pipe_p4,vmod/nvdla/sdp/NV_NVDLA_SDP_ERDMA_eg.v,NV_NVDLA_SDP_ERDMA_eg,.v,0,8,2,nvdla_core_clk,,valid_ready
nvdla,B,https://github.com/nvdla/hw.git,8e06b1b9d85aab65b40d43d08eec5ea4681ff715,nvdlav1,NV_NVDLA_SDP_ERDMA_EG_ro,vmod/nvdla/sdp/NV_NVDLA_SDP_ERDMA_EG_ro.v,NV_NVDLA_SDP_ERDMA_EG_ro,.v,0,25,8,nvdla_core_clk,,valid_ready
nvdla,B,https://github.com/nvdla/hw.git,8e06b1b9d85aab65b40d43d08eec5ea4681ff715,nvdlav1,NV_NVDLA_SDP_ERDMA_IG_pipe_p1,vmod/nvdla/sdp/NV_NVDLA_SDP_ERDMA_ig.v,NV_NVDLA_SDP_ERDMA_ig,.v,0,8,2,nvdla_core_clk,,valid_ready
nvdla,B,https://github.com/nvdla/hw.git,8e06b1b9d85aab65b40d43d08eec5ea4681ff715,nvdlav1,NV_NVDLA_SDP_ERDMA_IG_pipe_p2,vmod/nvdla/sdp/NV_NVDLA_SDP_ERDMA_ig.v,NV_NVDLA_SDP_ERDMA_ig,.v,0,8,2,nvdla_core_clk,,valid_ready
nvdla,B,https://github.com/nvdla/hw.git,8e06b1b9d85aab65b40d43d08eec5ea4681ff715,nvdlav1,NV_NVDLA_SDP_ERDMA_IG_pipe_p3,vmod/nvdla/sdp/NV_NVDLA_SDP_ERDMA_ig.v,NV_NVDLA_SDP_ERDMA_ig,.v,0,8,2,nvdla_core_clk,,valid_ready
nvdla,B,https://github.com/nvdla/hw.git,8e06b1b9d85aab65b40d43d08eec5ea4681ff715,nvdlav1,NV_NVDLA_SDP_ERDMA_IG_pipe_p4,vmod/nvdla/sdp/NV_NVDLA_SDP_ERDMA_ig.v,NV_NVDLA_SDP_ERDMA_ig,.v,0,8,2,nvdla_core_clk,,valid_ready
nvdla,B,https://github.com/nvdla/hw.git,8e06b1b9d85aab65b40d43d08eec5ea4681ff715,nvdlav1,NV_NVDLA_SDP_ERDMA_cq,vmod/nvdla/sdp/NV_NVDLA_SDP_ERDMA_cq.v,NV_NVDLA_SDP_ERDMA_cq,.v,0,9,4,nvdla_core_clk,,
nvdla,B,https://github.com/nvdla/hw.git,8e06b1b9d85aab65b40d43d08eec5ea4681ff715,nvdlav1,NV_NVDLA_SDP_ERDMA_eg,vmod/nvdla/sdp/NV_NVDLA_SDP_ERDMA_eg.v,NV_NVDLA_SDP_ERDMA_eg,.v,0,32,10,nvdla_core_clk,,valid_ready
nvdla,B,https://github.com/nvdla/hw.git,8e06b1b9d85aab65b40d43d08eec5ea4681ff715,nvdlav1,NV_NVDLA_SDP_ERDMA_gate,vmod/nvdla/sdp/NV_NVDLA_SDP_ERDMA_gate.v,NV_NVDLA_SDP_ERDMA_gate,.v,0,8,5,nvdla_core_clk;dla_clk_ovr_on_sync;global_clk_ovr_on_sync;tmc2slcg_disable_clock_gating;nvdla_gated_clk,,
nvdla,B,https://github.com/nvdla/hw.git,8e06b1b9d85aab65b40d43d08eec5ea4681ff715,nvdlav1,NV_NVDLA_SDP_ERDMA_ig,vmod/nvdla/sdp/NV_NVDLA_SDP_ERDMA_ig.v,NV_NVDLA_SDP_ERDMA_ig,.v,0,28,12,nvdla_core_clk,,valid_ready
nvdla,B,https://github.com/nvdla/hw.git,8e06b1b9d85aab65b40d43d08eec5ea4681ff715,nvdlav1,NV_NVDLA_SDP_MRDMA_EG_CMD_dfifo,vmod/nvdla/sdp/NV_NVDLA_SDP_MRDMA_EG_cmd.v,NV_NVDLA_SDP_MRDMA_EG_cmd,.v,0,9,4,nvdla_core_clk,,
nvdla,B,https://github.com/nvdla/hw.git,8e06b1b9d85aab65b40d43d08eec5ea4681ff715,nvdlav1,NV_NVDLA_SDP_MRDMA_EG_CMD_dfifo_flopram_rwsa_4x15,vmod/nvdla/sdp/NV_NVDLA_SDP_MRDMA_EG_cmd.v,NV_NVDLA_SDP_MRDMA_EG_cmd,.v,0,7,33,clk,,
nvdla,B,https://github.com/nvdla/hw.git,8e06b1b9d85aab65b40d43d08eec5ea4681ff715,nvdlav1,NV_NVDLA_SDP_MRDMA_EG_CMD_sfifo,vmod/nvdla/sdp/NV_NVDLA_SDP_MRDMA_EG_cmd.v,NV_NVDLA_SDP_MRDMA_EG_cmd,.v,0,9,4,nvdla_core_clk,,
nvdla,B,https://github.com/nvdla/hw.git,8e06b1b9d85aab65b40d43d08eec5ea4681ff715,nvdlav1,NV_NVDLA_SDP_MRDMA_EG_CMD_sfifo_flopram_rwsa_4x13,vmod/nvdla/sdp/NV_NVDLA_SDP_MRDMA_EG_cmd.v,NV_NVDLA_SDP_MRDMA_EG_cmd,.v,0,7,33,clk,,
nvdla,B,https://github.com/nvdla/hw.git,8e06b1b9d85aab65b40d43d08eec5ea4681ff715,nvdlav1,NV_NVDLA_SDP_MRDMA_EG_DIN_pipe_p1,vmod/nvdla/sdp/NV_NVDLA_SDP_MRDMA_EG_din.v,NV_NVDLA_SDP_MRDMA_EG_din,.v,0,8,2,nvdla_core_clk,,valid_ready
nvdla,B,https://github.com/nvdla/hw.git,8e06b1b9d85aab65b40d43d08eec5ea4681ff715,nvdlav1,NV_NVDLA_SDP_MRDMA_EG_DIN_pipe_p2,vmod/nvdla/sdp/NV_NVDLA_SDP_MRDMA_EG_din.v,NV_NVDLA_SDP_MRDMA_EG_din,.v,0,8,2,nvdla_core_clk,,valid_ready
nvdla,B,https://github.com/nvdla/hw.git,8e06b1b9d85aab65b40d43d08eec5ea4681ff715,nvdlav1,NV_NVDLA_SDP_MRDMA_EG_DIN_pipe_p3,vmod/nvdla/sdp/NV_NVDLA_SDP_MRDMA_EG_din.v,NV_NVDLA_SDP_MRDMA_EG_din,.v,0,8,2,nvdla_core_clk,,valid_ready
nvdla,B,https://github.com/nvdla/hw.git,8e06b1b9d85aab65b40d43d08eec5ea4681ff715,nvdlav1,NV_NVDLA_SDP_MRDMA_EG_DIN_pipe_p4,vmod/nvdla/sdp/NV_NVDLA_SDP_MRDMA_EG_din.v,NV_NVDLA_SDP_MRDMA_EG_din,.v,0,8,2,nvdla_core_clk,,valid_ready
nvdla,B,https://github.com/nvdla/hw.git,8e06b1b9d85aab65b40d43d08eec5ea4681ff715,nvdlav1,NV_NVDLA_SDP_MRDMA_EG_DOUT_pipe_p1,vmod/nvdla/sdp/NV_NVDLA_SDP_MRDMA_EG_dout.v,NV_NVDLA_SDP_MRDMA_EG_dout,.v,0,8,2,nvdla_core_clk,,valid_ready
nvdla,B,https://github.com/nvdla/hw.git,8e06b1b9d85aab65b40d43d08eec5ea4681ff715,nvdlav1,NV_NVDLA_SDP_MRDMA_EG_cmd,vmod/nvdla/sdp/NV_NVDLA_SDP_MRDMA_EG_cmd.v,NV_NVDLA_SDP_MRDMA_EG_cmd,.v,0,17,6,nvdla_core_clk,,
nvdla,B,https://github.com/nvdla/hw.git,8e06b1b9d85aab65b40d43d08eec5ea4681ff715,nvdlav1,NV_NVDLA_SDP_MRDMA_EG_din,vmod/nvdla/sdp/NV_NVDLA_SDP_MRDMA_EG_din.v,NV_NVDLA_SDP_MRDMA_EG_din,.v,0,33,12,nvdla_core_clk,,valid_ready
nvdla,B,https://github.com/nvdla/hw.git,8e06b1b9d85aab65b40d43d08eec5ea4681ff715,nvdlav1,NV_NVDLA_SDP_MRDMA_EG_dout,vmod/nvdla/sdp/NV_NVDLA_SDP_MRDMA_EG_dout.v,NV_NVDLA_SDP_MRDMA_EG_dout,.v,0,35,6,nvdla_core_clk,,valid_ready
nvdla,B,https://github.com/nvdla/hw.git,8e06b1b9d85aab65b40d43d08eec5ea4681ff715,nvdlav1,NV_NVDLA_SDP_MRDMA_EG_lat_fifo,vmod/nvdla/sdp/NV_NVDLA_SDP_MRDMA_EG_din.v,NV_NVDLA_SDP_MRDMA_EG_din,.v,0,10,4,nvdla_core_clk,,
nvdla,B,https://github.com/nvdla/hw.git,8e06b1b9d85aab65b40d43d08eec5ea4681ff715,nvdlav1,NV_NVDLA_SDP_MRDMA_EG_pfifo,vmod/nvdla/sdp/NV_NVDLA_SDP_MRDMA_EG_din.v,NV_NVDLA_SDP_MRDMA_EG_din,.v,0,9,4,nvdla_core_clk,,
nvdla,B,https://github.com/nvdla/hw.git,8e06b1b9d85aab65b40d43d08eec5ea4681ff715,nvdlav1,NV_NVDLA_SDP_MRDMA_EG_pfifo_flopram_rwsa_3x128,vmod/nvdla/sdp/NV_NVDLA_SDP_MRDMA_EG_din.v,NV_NVDLA_SDP_MRDMA_EG_din,.v,0,7,33,clk,,
nvdla,B,https://github.com/nvdla/hw.git,8e06b1b9d85aab65b40d43d08eec5ea4681ff715,nvdlav1,NV_NVDLA_SDP_MRDMA_EG_sfifo,vmod/nvdla/sdp/NV_NVDLA_SDP_MRDMA_EG_din.v,NV_NVDLA_SDP_MRDMA_EG_din,.v,0,9,4,nvdla_core_clk,,
nvdla,B,https://github.com/nvdla/hw.git,8e06b1b9d85aab65b40d43d08eec5ea4681ff715,nvdlav1,NV_NVDLA_SDP_MRDMA_EG_sfifo_flopram_rwsa_1x256,vmod/nvdla/sdp/NV_NVDLA_SDP_MRDMA_EG_din.v,NV_NVDLA_SDP_MRDMA_EG_din,.v,0,6,32,clk,,
nvdla,B,https://github.com/nvdla/hw.git,8e06b1b9d85aab65b40d43d08eec5ea4681ff715,nvdlav1,NV_NVDLA_SDP_MRDMA_IG_pipe_p1,vmod/nvdla/sdp/NV_NVDLA_SDP_MRDMA_ig.v,NV_NVDLA_SDP_MRDMA_ig,.v,0,8,2,nvdla_core_clk,,valid_ready
nvdla,B,https://github.com/nvdla/hw.git,8e06b1b9d85aab65b40d43d08eec5ea4681ff715,nvdlav1,NV_NVDLA_SDP_MRDMA_IG_pipe_p2,vmod/nvdla/sdp/NV_NVDLA_SDP_MRDMA_ig.v,NV_NVDLA_SDP_MRDMA_ig,.v,0,8,2,nvdla_core_clk,,valid_ready
nvdla,B,https://github.com/nvdla/hw.git,8e06b1b9d85aab65b40d43d08eec5ea4681ff715,nvdlav1,NV_NVDLA_SDP_MRDMA_IG_pipe_p3,vmod/nvdla/sdp/NV_NVDLA_SDP_MRDMA_ig.v,NV_NVDLA_SDP_MRDMA_ig,.v,0,8,2,nvdla_core_clk,,valid_ready
nvdla,B,https://github.com/nvdla/hw.git,8e06b1b9d85aab65b40d43d08eec5ea4681ff715,nvdlav1,NV_NVDLA_SDP_MRDMA_IG_pipe_p4,vmod/nvdla/sdp/NV_NVDLA_SDP_MRDMA_ig.v,NV_NVDLA_SDP_MRDMA_ig,.v,0,8,2,nvdla_core_clk,,valid_ready
nvdla,B,https://github.com/nvdla/hw.git,8e06b1b9d85aab65b40d43d08eec5ea4681ff715,nvdlav1,NV_NVDLA_SDP_MRDMA_cq,vmod/nvdla/sdp/NV_NVDLA_SDP_MRDMA_cq.v,NV_NVDLA_SDP_MRDMA_cq,.v,0,9,4,nvdla_core_clk,,
nvdla,B,https://github.com/nvdla/hw.git,8e06b1b9d85aab65b40d43d08eec5ea4681ff715,nvdlav1,NV_NVDLA_SDP_MRDMA_eg,vmod/nvdla/sdp/NV_NVDLA_SDP_MRDMA_eg.v,NV_NVDLA_SDP_MRDMA_eg,.v,0,27,3,nvdla_core_clk,,valid_ready
nvdla,B,https://github.com/nvdla/hw.git,8e06b1b9d85aab65b40d43d08eec5ea4681ff715,nvdlav1,NV_NVDLA_SDP_MRDMA_gate,vmod/nvdla/sdp/NV_NVDLA_SDP_MRDMA_gate.v,NV_NVDLA_SDP_MRDMA_gate,.v,0,8,5,nvdla_core_clk;dla_clk_ovr_on_sync;global_clk_ovr_on_sync;tmc2slcg_disable_clock_gating;nvdla_gated_clk,,
nvdla,B,https://github.com/nvdla/hw.git,8e06b1b9d85aab65b40d43d08eec5ea4681ff715,nvdlav1,NV_NVDLA_SDP_MRDMA_ig,vmod/nvdla/sdp/NV_NVDLA_SDP_MRDMA_ig.v,NV_NVDLA_SDP_MRDMA_ig,.v,0,25,12,nvdla_core_clk,,valid_ready
nvdla,B,https://github.com/nvdla/hw.git,8e06b1b9d85aab65b40d43d08eec5ea4681ff715,nvdlav1,NV_NVDLA_SDP_NRDMA_EG_RO_cfifo,vmod/nvdla/sdp/NV_NVDLA_SDP_NRDMA_EG_ro.v,NV_NVDLA_SDP_NRDMA_EG_ro,.v,0,9,4,nvdla_core_clk,,
nvdla,B,https://github.com/nvdla/hw.git,8e06b1b9d85aab65b40d43d08eec5ea4681ff715,nvdlav1,NV_NVDLA_SDP_NRDMA_EG_RO_cfifo_flopram_rwsa_4x4,vmod/nvdla/sdp/NV_NVDLA_SDP_NRDMA_EG_ro.v,NV_NVDLA_SDP_NRDMA_EG_ro,.v,0,7,33,clk,,
nvdla,B,https://github.com/nvdla/hw.git,8e06b1b9d85aab65b40d43d08eec5ea4681ff715,nvdlav1,NV_NVDLA_SDP_NRDMA_EG_RO_dfifo,vmod/nvdla/sdp/NV_NVDLA_SDP_NRDMA_EG_ro.v,NV_NVDLA_SDP_NRDMA_EG_ro,.v,0,9,4,nvdla_core_clk,,
nvdla,B,https://github.com/nvdla/hw.git,8e06b1b9d85aab65b40d43d08eec5ea4681ff715,nvdlav1,NV_NVDLA_SDP_NRDMA_EG_RO_dfifo_flopram_rwsa_1x256,vmod/nvdla/sdp/NV_NVDLA_SDP_NRDMA_EG_ro.v,NV_NVDLA_SDP_NRDMA_EG_ro,.v,0,6,32,clk,,
nvdla,B,https://github.com/nvdla/hw.git,8e06b1b9d85aab65b40d43d08eec5ea4681ff715,nvdlav1,NV_NVDLA_SDP_NRDMA_EG_RO_pipe_p1,vmod/nvdla/sdp/NV_NVDLA_SDP_NRDMA_EG_ro.v,NV_NVDLA_SDP_NRDMA_EG_ro,.v,0,8,2,nvdla_core_clk,,valid_ready
nvdla,B,https://github.com/nvdla/hw.git,8e06b1b9d85aab65b40d43d08eec5ea4681ff715,nvdlav1,NV_NVDLA_SDP_NRDMA_EG_lat_fifo,vmod/nvdla/sdp/NV_NVDLA_SDP_NRDMA_eg.v,NV_NVDLA_SDP_NRDMA_eg,.v,0,10,4,nvdla_core_clk,,
nvdla,B,https://github.com/nvdla/hw.git,8e06b1b9d85aab65b40d43d08eec5ea4681ff715,nvdlav1,NV_NVDLA_SDP_NRDMA_EG_pipe_p1,vmod/nvdla/sdp/NV_NVDLA_SDP_NRDMA_eg.v,NV_NVDLA_SDP_NRDMA_eg,.v,0,8,2,nvdla_core_clk,,valid_ready
nvdla,B,https://github.com/nvdla/hw.git,8e06b1b9d85aab65b40d43d08eec5ea4681ff715,nvdlav1,NV_NVDLA_SDP_NRDMA_EG_pipe_p2,vmod/nvdla/sdp/NV_NVDLA_SDP_NRDMA_eg.v,NV_NVDLA_SDP_NRDMA_eg,.v,0,8,2,nvdla_core_clk,,valid_ready
nvdla,B,https://github.com/nvdla/hw.git,8e06b1b9d85aab65b40d43d08eec5ea4681ff715,nvdlav1,NV_NVDLA_SDP_NRDMA_EG_pipe_p3,vmod/nvdla/sdp/NV_NVDLA_SDP_NRDMA_eg.v,NV_NVDLA_SDP_NRDMA_eg,.v,0,8,2,nvdla_core_clk,,valid_ready
nvdla,B,https://github.com/nvdla/hw.git,8e06b1b9d85aab65b40d43d08eec5ea4681ff715,nvdlav1,NV_NVDLA_SDP_NRDMA_EG_pipe_p4,vmod/nvdla/sdp/NV_NVDLA_SDP_NRDMA_eg.v,NV_NVDLA_SDP_NRDMA_eg,.v,0,8,2,nvdla_core_clk,,valid_ready
nvdla,B,https://github.com/nvdla/hw.git,8e06b1b9d85aab65b40d43d08eec5ea4681ff715,nvdlav1,NV_NVDLA_SDP_NRDMA_EG_ro,vmod/nvdla/sdp/NV_NVDLA_SDP_NRDMA_EG_ro.v,NV_NVDLA_SDP_NRDMA_EG_ro,.v,0,25,8,nvdla_core_clk,,valid_ready
nvdla,B,https://github.com/nvdla/hw.git,8e06b1b9d85aab65b40d43d08eec5ea4681ff715,nvdlav1,NV_NVDLA_SDP_NRDMA_IG_pipe_p1,vmod/nvdla/sdp/NV_NVDLA_SDP_NRDMA_ig.v,NV_NVDLA_SDP_NRDMA_ig,.v,0,8,2,nvdla_core_clk,,valid_ready
nvdla,B,https://github.com/nvdla/hw.git,8e06b1b9d85aab65b40d43d08eec5ea4681ff715,nvdlav1,NV_NVDLA_SDP_NRDMA_IG_pipe_p2,vmod/nvdla/sdp/NV_NVDLA_SDP_NRDMA_ig.v,NV_NVDLA_SDP_NRDMA_ig,.v,0,8,2,nvdla_core_clk,,valid_ready
nvdla,B,https://github.com/nvdla/hw.git,8e06b1b9d85aab65b40d43d08eec5ea4681ff715,nvdlav1,NV_NVDLA_SDP_NRDMA_IG_pipe_p3,vmod/nvdla/sdp/NV_NVDLA_SDP_NRDMA_ig.v,NV_NVDLA_SDP_NRDMA_ig,.v,0,8,2,nvdla_core_clk,,valid_ready
nvdla,B,https://github.com/nvdla/hw.git,8e06b1b9d85aab65b40d43d08eec5ea4681ff715,nvdlav1,NV_NVDLA_SDP_NRDMA_IG_pipe_p4,vmod/nvdla/sdp/NV_NVDLA_SDP_NRDMA_ig.v,NV_NVDLA_SDP_NRDMA_ig,.v,0,8,2,nvdla_core_clk,,valid_ready
nvdla,B,https://github.com/nvdla/hw.git,8e06b1b9d85aab65b40d43d08eec5ea4681ff715,nvdlav1,NV_NVDLA_SDP_NRDMA_cq,vmod/nvdla/sdp/NV_NVDLA_SDP_NRDMA_cq.v,NV_NVDLA_SDP_NRDMA_cq,.v,0,9,4,nvdla_core_clk,,
nvdla,B,https://github.com/nvdla/hw.git,8e06b1b9d85aab65b40d43d08eec5ea4681ff715,nvdlav1,NV_NVDLA_SDP_NRDMA_eg,vmod/nvdla/sdp/NV_NVDLA_SDP_NRDMA_eg.v,NV_NVDLA_SDP_NRDMA_eg,.v,0,32,10,nvdla_core_clk,,valid_ready
nvdla,B,https://github.com/nvdla/hw.git,8e06b1b9d85aab65b40d43d08eec5ea4681ff715,nvdlav1,NV_NVDLA_SDP_NRDMA_gate,vmod/nvdla/sdp/NV_NVDLA_SDP_NRDMA_gate.v,NV_NVDLA_SDP_NRDMA_gate,.v,0,8,5,nvdla_core_clk;dla_clk_ovr_on_sync;global_clk_ovr_on_sync;tmc2slcg_disable_clock_gating;nvdla_gated_clk,,
nvdla,B,https://github.com/nvdla/hw.git,8e06b1b9d85aab65b40d43d08eec5ea4681ff715,nvdlav1,NV_NVDLA_SDP_NRDMA_ig,vmod/nvdla/sdp/NV_NVDLA_SDP_NRDMA_ig.v,NV_NVDLA_SDP_NRDMA_ig,.v,0,28,12,nvdla_core_clk,,valid_ready
nvdla,B,https://github.com/nvdla/hw.git,8e06b1b9d85aab65b40d43d08eec5ea4681ff715,nvdlav1,NV_NVDLA_SDP_RDMA_REG_dual,vmod/nvdla/sdp/NV_NVDLA_SDP_RDMA_REG_dual.v,NV_NVDLA_SDP_RDMA_REG_dual,.v,0,60,0,nvdla_core_clk,,
nvdla,B,https://github.com/nvdla/hw.git,8e06b1b9d85aab65b40d43d08eec5ea4681ff715,nvdlav1,NV_NVDLA_SDP_RDMA_REG_single,vmod/nvdla/sdp/NV_NVDLA_SDP_RDMA_REG_single.v,NV_NVDLA_SDP_RDMA_REG_single,.v,0,10,0,nvdla_core_clk,,
nvdla,B,https://github.com/nvdla/hw.git,8e06b1b9d85aab65b40d43d08eec5ea4681ff715,nvdlav1,NV_NVDLA_SDP_RDMA_reg,vmod/nvdla/sdp/NV_NVDLA_SDP_RDMA_reg.v,NV_NVDLA_SDP_RDMA_reg,.v,0,62,19,nvdla_core_clk,,
nvdla,B,https://github.com/nvdla/hw.git,8e06b1b9d85aab65b40d43d08eec5ea4681ff715,nvdlav1,NV_NVDLA_SDP_REG_dual,vmod/nvdla/sdp/NV_NVDLA_SDP_REG_dual.v,NV_NVDLA_SDP_REG_dual,.v,0,85,0,nvdla_core_clk,,
nvdla,B,https://github.com/nvdla/hw.git,8e06b1b9d85aab65b40d43d08eec5ea4681ff715,nvdlav1,NV_NVDLA_SDP_REG_single,vmod/nvdla/sdp/NV_NVDLA_SDP_REG_single.v,NV_NVDLA_SDP_REG_single,.v,0,35,0,nvdla_core_clk,,
nvdla,B,https://github.com/nvdla/hw.git,8e06b1b9d85aab65b40d43d08eec5ea4681ff715,nvdlav1,NV_NVDLA_SDP_WDMA_CMD_dfifo,vmod/nvdla/sdp/NV_NVDLA_SDP_WDMA_cmd.v,NV_NVDLA_SDP_WDMA_cmd,.v,0,9,4,nvdla_core_clk,,
nvdla,B,https://github.com/nvdla/hw.git,8e06b1b9d85aab65b40d43d08eec5ea4681ff715,nvdlav1,NV_NVDLA_SDP_WDMA_CMD_dfifo_flopram_rwsa_4x74,vmod/nvdla/sdp/NV_NVDLA_SDP_WDMA_cmd.v,NV_NVDLA_SDP_WDMA_cmd,.v,0,7,33,clk,,
nvdla,B,https://github.com/nvdla/hw.git,8e06b1b9d85aab65b40d43d08eec5ea4681ff715,nvdlav1,NV_NVDLA_SDP_WDMA_CMD_sfifo,vmod/nvdla/sdp/NV_NVDLA_SDP_WDMA_cmd.v,NV_NVDLA_SDP_WDMA_cmd,.v,0,9,4,nvdla_core_clk,,
nvdla,B,https://github.com/nvdla/hw.git,8e06b1b9d85aab65b40d43d08eec5ea4681ff715,nvdlav1,NV_NVDLA_SDP_WDMA_CMD_sfifo_flopram_rwsa_4x15,vmod/nvdla/sdp/NV_NVDLA_SDP_WDMA_cmd.v,NV_NVDLA_SDP_WDMA_cmd,.v,0,7,33,clk,,
nvdla,B,https://github.com/nvdla/hw.git,8e06b1b9d85aab65b40d43d08eec5ea4681ff715,nvdlav1,NV_NVDLA_SDP_WDMA_DAT_DMAIF_intr_fifo,vmod/nvdla/sdp/NV_NVDLA_SDP_WDMA_dmaif.v,NV_NVDLA_SDP_WDMA_dmaif,.v,0,8,34,nvdla_core_clk,,
nvdla,B,https://github.com/nvdla/hw.git,8e06b1b9d85aab65b40d43d08eec5ea4681ff715,nvdlav1,NV_NVDLA_SDP_WDMA_DAT_IN_dfifo,vmod/nvdla/sdp/NV_NVDLA_SDP_WDMA_DAT_in.v,NV_NVDLA_SDP_WDMA_DAT_in,.v,0,9,4,nvdla_core_clk,,
nvdla,B,https://github.com/nvdla/hw.git,8e06b1b9d85aab65b40d43d08eec5ea4681ff715,nvdlav1,NV_NVDLA_SDP_WDMA_DAT_IN_dfifo_flopram_rwsa_3x128,vmod/nvdla/sdp/NV_NVDLA_SDP_WDMA_DAT_in.v,NV_NVDLA_SDP_WDMA_DAT_in,.v,0,7,33,clk,,
nvdla,B,https://github.com/nvdla/hw.git,8e06b1b9d85aab65b40d43d08eec5ea4681ff715,nvdlav1,NV_NVDLA_SDP_WDMA_DAT_in,vmod/nvdla/sdp/NV_NVDLA_SDP_WDMA_DAT_in.v,NV_NVDLA_SDP_WDMA_DAT_in,.v,0,29,8,nvdla_core_clk,,valid_ready
nvdla,B,https://github.com/nvdla/hw.git,8e06b1b9d85aab65b40d43d08eec5ea4681ff715,nvdlav1,NV_NVDLA_SDP_WDMA_DAT_out,vmod/nvdla/sdp/NV_NVDLA_SDP_WDMA_DAT_out.v,NV_NVDLA_SDP_WDMA_DAT_out,.v,0,38,6,nvdla_core_clk,,
nvdla,B,https://github.com/nvdla/hw.git,8e06b1b9d85aab65b40d43d08eec5ea4681ff715,nvdlav1,NV_NVDLA_SDP_WDMA_DMAIF_pipe_p1,vmod/nvdla/sdp/NV_NVDLA_SDP_WDMA_dmaif.v,NV_NVDLA_SDP_WDMA_dmaif,.v,0,8,2,nvdla_core_clk,,valid_ready
nvdla,B,https://github.com/nvdla/hw.git,8e06b1b9d85aab65b40d43d08eec5ea4681ff715,nvdlav1,NV_NVDLA_SDP_WDMA_DMAIF_pipe_p2,vmod/nvdla/sdp/NV_NVDLA_SDP_WDMA_dmaif.v,NV_NVDLA_SDP_WDMA_dmaif,.v,0,8,2,nvdla_core_clk,,valid_ready
nvdla,B,https://github.com/nvdla/hw.git,8e06b1b9d85aab65b40d43d08eec5ea4681ff715,nvdlav1,NV_NVDLA_SDP_WDMA_DMAIF_pipe_p3,vmod/nvdla/sdp/NV_NVDLA_SDP_WDMA_dmaif.v,NV_NVDLA_SDP_WDMA_dmaif,.v,0,8,2,nvdla_core_clk,,valid_ready
nvdla,B,https://github.com/nvdla/hw.git,8e06b1b9d85aab65b40d43d08eec5ea4681ff715,nvdlav1,NV_NVDLA_SDP_WDMA_DMAIF_pipe_p4,vmod/nvdla/sdp/NV_NVDLA_SDP_WDMA_dmaif.v,NV_NVDLA_SDP_WDMA_dmaif,.v,0,8,2,nvdla_core_clk,,valid_ready
nvdla,B,https://github.com/nvdla/hw.git,8e06b1b9d85aab65b40d43d08eec5ea4681ff715,nvdlav1,NV_NVDLA_SDP_WDMA_cmd,vmod/nvdla/sdp/NV_NVDLA_SDP_WDMA_cmd.v,NV_NVDLA_SDP_WDMA_cmd,.v,0,26,11,nvdla_core_clk,,
nvdla,B,https://github.com/nvdla/hw.git,8e06b1b9d85aab65b40d43d08eec5ea4681ff715,nvdlav1,NV_NVDLA_SDP_WDMA_dat,vmod/nvdla/sdp/NV_NVDLA_SDP_WDMA_dat.v,NV_NVDLA_SDP_WDMA_dat,.v,0,34,2,nvdla_core_clk,,valid_ready
nvdla,B,https://github.com/nvdla/hw.git,8e06b1b9d85aab65b40d43d08eec5ea4681ff715,nvdlav1,NV_NVDLA_SDP_WDMA_dmaif,vmod/nvdla/sdp/NV_NVDLA_SDP_WDMA_dmaif.v,NV_NVDLA_SDP_WDMA_dmaif,.v,0,26,18,nvdla_core_clk,,valid_ready
nvdla,B,https://github.com/nvdla/hw.git,8e06b1b9d85aab65b40d43d08eec5ea4681ff715,nvdlav1,NV_NVDLA_SDP_WDMA_gate,vmod/nvdla/sdp/NV_NVDLA_SDP_WDMA_gate.v,NV_NVDLA_SDP_WDMA_gate,.v,0,7,5,dla_clk_ovr_on_sync;global_clk_ovr_on_sync;nvdla_core_clk;tmc2slcg_disable_clock_gating;nvdla_gated_clk,,
nvdla,B,https://github.com/nvdla/hw.git,8e06b1b9d85aab65b40d43d08eec5ea4681ff715,nvdlav1,NV_NVDLA_SDP_brdma,vmod/nvdla/sdp/NV_NVDLA_SDP_brdma.v,NV_NVDLA_SDP_brdma,.v,0,47,4,nvdla_core_clk;dla_clk_ovr_on_sync;global_clk_ovr_on_sync;tmc2slcg_disable_clock_gating,,valid_ready
nvdla,B,https://github.com/nvdla/hw.git,8e06b1b9d85aab65b40d43d08eec5ea4681ff715,nvdlav1,NV_NVDLA_SDP_cmux,vmod/nvdla/sdp/NV_NVDLA_SDP_cmux.v,NV_NVDLA_SDP_cmux,.v,0,15,2,nvdla_core_clk,,valid_ready
nvdla,B,https://github.com/nvdla/hw.git,8e06b1b9d85aab65b40d43d08eec5ea4681ff715,nvdlav1,NV_NVDLA_SDP_core,vmod/nvdla/sdp/NV_NVDLA_SDP_core.v,NV_NVDLA_SDP_core,.v,0,126,17,nvdla_core_clk;dla_clk_ovr_on_sync;global_clk_ovr_on_sync;tmc2slcg_disable_clock_gating,,valid_ready
nvdla,B,https://github.com/nvdla/hw.git,8e06b1b9d85aab65b40d43d08eec5ea4681ff715,nvdlav1,NV_NVDLA_SDP_erdma,vmod/nvdla/sdp/NV_NVDLA_SDP_erdma.v,NV_NVDLA_SDP_erdma,.v,0,47,4,nvdla_core_clk;dla_clk_ovr_on_sync;global_clk_ovr_on_sync;tmc2slcg_disable_clock_gating,,valid_ready
nvdla,B,https://github.com/nvdla/hw.git,8e06b1b9d85aab65b40d43d08eec5ea4681ff715,nvdlav1,NV_NVDLA_SDP_mrdma,vmod/nvdla/sdp/NV_NVDLA_SDP_mrdma.v,NV_NVDLA_SDP_mrdma,.v,0,43,4,nvdla_core_clk;dla_clk_ovr_on_sync;global_clk_ovr_on_sync;tmc2slcg_disable_clock_gating,,valid_ready
nvdla,B,https://github.com/nvdla/hw.git,8e06b1b9d85aab65b40d43d08eec5ea4681ff715,nvdlav1,NV_NVDLA_SDP_nrdma,vmod/nvdla/sdp/NV_NVDLA_SDP_nrdma.v,NV_NVDLA_SDP_nrdma,.v,0,47,4,nvdla_core_clk;dla_clk_ovr_on_sync;global_clk_ovr_on_sync;tmc2slcg_disable_clock_gating,,valid_ready
nvdla,B,https://github.com/nvdla/hw.git,8e06b1b9d85aab65b40d43d08eec5ea4681ff715,nvdlav1,NV_NVDLA_SDP_rdma,vmod/nvdla/sdp/NV_NVDLA_SDP_rdma.v,NV_NVDLA_SDP_rdma,.v,0,88,5,nvdla_core_clk;dla_clk_ovr_on_sync;global_clk_ovr_on_sync;tmc2slcg_disable_clock_gating,,valid_ready
nvdla,B,https://github.com/nvdla/hw.git,8e06b1b9d85aab65b40d43d08eec5ea4681ff715,nvdlav1,NV_NVDLA_SDP_reg,vmod/nvdla/sdp/NV_NVDLA_SDP_reg.v,NV_NVDLA_SDP_reg,.v,0,117,32,nvdla_core_clk,,
nvdla,B,https://github.com/nvdla/hw.git,8e06b1b9d85aab65b40d43d08eec5ea4681ff715,nvdlav1,NV_NVDLA_SDP_wdma,vmod/nvdla/sdp/NV_NVDLA_SDP_wdma.v,NV_NVDLA_SDP_wdma,.v,0,43,4,nvdla_core_clk;dla_clk_ovr_on_sync;global_clk_ovr_on_sync;tmc2slcg_disable_clock_gating,,valid_ready
nvdla,B,https://github.com/nvdla/hw.git,8e06b1b9d85aab65b40d43d08eec5ea4681ff715,nvdlav1,NV_NVDLA_apb2csb,vmod/nvdla/apb2csb/NV_NVDLA_apb2csb.v,NV_NVDLA_apb2csb,.v,0,17,0,,,valid_ready
nvdla,B,https://github.com/nvdla/hw.git,8e06b1b9d85aab65b40d43d08eec5ea4681ff715,nvdlav1,NV_NVDLA_bdma,vmod/nvdla/bdma/NV_NVDLA_bdma.v,NV_NVDLA_bdma,.v,0,34,5,dla_clk_ovr_on_sync;global_clk_ovr_on_sync;nvdla_core_clk;tmc2slcg_disable_clock_gating,,valid_ready
nvdla,B,https://github.com/nvdla/hw.git,8e06b1b9d85aab65b40d43d08eec5ea4681ff715,nvdlav1,NV_NVDLA_cacc,vmod/nvdla/cacc/NV_NVDLA_cacc.v,NV_NVDLA_cacc,.v,0,41,13,dla_clk_ovr_on_sync;global_clk_ovr_on_sync;nvdla_core_clk;tmc2slcg_disable_clock_gating,,valid_ready
nvdla,B,https://github.com/nvdla/hw.git,8e06b1b9d85aab65b40d43d08eec5ea4681ff715,nvdlav1,NV_NVDLA_cbuf,vmod/nvdla/cbuf/NV_NVDLA_cbuf.v,NV_NVDLA_cbuf,.v,0,23,52,nvdla_core_clk,,
nvdla,B,https://github.com/nvdla/hw.git,8e06b1b9d85aab65b40d43d08eec5ea4681ff715,nvdlav1,NV_NVDLA_cdma,vmod/nvdla/cdma/NV_NVDLA_cdma.v,NV_NVDLA_cdma,.v,0,63,21,dla_clk_ovr_on_sync;global_clk_ovr_on_sync;nvdla_core_clk;tmc2slcg_disable_clock_gating,,valid_ready
nvdla,B,https://github.com/nvdla/hw.git,8e06b1b9d85aab65b40d43d08eec5ea4681ff715,nvdlav1,NV_NVDLA_cdp,vmod/nvdla/cdp/NV_NVDLA_cdp.v,NV_NVDLA_cdp,.v,0,39,24,dla_clk_ovr_on_sync;global_clk_ovr_on_sync;tmc2slcg_disable_clock_gating;nvdla_core_clk,,valid_ready
nvdla,B,https://github.com/nvdla/hw.git,8e06b1b9d85aab65b40d43d08eec5ea4681ff715,nvdlav1,NV_NVDLA_cmac,vmod/nvdla/cmac/NV_NVDLA_cmac.v,NV_NVDLA_cmac,.v,0,284,2,dla_clk_ovr_on_sync;global_clk_ovr_on_sync;nvdla_core_clk;tmc2slcg_disable_clock_gating,,
nvdla,B,https://github.com/nvdla/hw.git,8e06b1b9d85aab65b40d43d08eec5ea4681ff715,nvdlav1,NV_NVDLA_core_reset,vmod/nvdla/car/NV_NVDLA_core_reset.v,NV_NVDLA_core_reset,.v,0,6,3,nvdla_clk,dla_reset_rstn;direct_reset_;core_reset_rstn,
nvdla,B,https://github.com/nvdla/hw.git,8e06b1b9d85aab65b40d43d08eec5ea4681ff715,nvdlav1,NV_NVDLA_csb_master,vmod/nvdla/csb_master/NV_NVDLA_csb_master.v,NV_NVDLA_csb_master,.v,0,99,6,nvdla_core_clk;nvdla_falcon_clk,,valid_ready
nvdla,B,https://github.com/nvdla/hw.git,8e06b1b9d85aab65b40d43d08eec5ea4681ff715,nvdlav1,NV_NVDLA_csc,vmod/nvdla/csc/NV_NVDLA_csc.v,NV_NVDLA_csc,.v,0,567,9,dla_clk_ovr_on_sync;global_clk_ovr_on_sync;nvdla_core_clk;tmc2slcg_disable_clock_gating,,
nvdla,B,https://github.com/nvdla/hw.git,8e06b1b9d85aab65b40d43d08eec5ea4681ff715,nvdlav1,NV_NVDLA_cvif,vmod/nvdla/nocif/NV_NVDLA_cvif.v,NV_NVDLA_cvif,.v,0,119,3,nvdla_core_clk,,valid_ready
nvdla,B,https://github.com/nvdla/hw.git,8e06b1b9d85aab65b40d43d08eec5ea4681ff715,nvdlav1,NV_NVDLA_glb,vmod/nvdla/glb/NV_NVDLA_glb.v,NV_NVDLA_glb,.v,0,25,3,nvdla_core_clk;nvdla_falcon_clk,direct_reset_,
nvdla,B,https://github.com/nvdla/hw.git,8e06b1b9d85aab65b40d43d08eec5ea4681ff715,nvdlav1,NV_NVDLA_mcif,vmod/nvdla/nocif/NV_NVDLA_mcif.v,NV_NVDLA_mcif,.v,0,119,3,nvdla_core_clk,,valid_ready
nvdla,B,https://github.com/nvdla/hw.git,8e06b1b9d85aab65b40d43d08eec5ea4681ff715,nvdlav1,NV_NVDLA_partition_a,vmod/nvdla/top/NV_NVDLA_partition_a.v,NV_NVDLA_partition_a,.v,0,43,5,global_clk_ovr_on;nvdla_clk_ovr_on;nvdla_core_clk;tmc2slcg_disable_clock_gating,direct_reset_;dla_reset_rstn,valid_ready
nvdla,B,https://github.com/nvdla/hw.git,8e06b1b9d85aab65b40d43d08eec5ea4681ff715,nvdlav1,NV_NVDLA_partition_c,vmod/nvdla/top/NV_NVDLA_partition_c.v,NV_NVDLA_partition_c,.v,0,592,12,global_clk_ovr_on;nvdla_clk_ovr_on;nvdla_core_clk;tmc2slcg_disable_clock_gating,direct_reset_;dla_reset_rstn,valid_ready
nvdla,B,https://github.com/nvdla/hw.git,8e06b1b9d85aab65b40d43d08eec5ea4681ff715,nvdlav1,NV_NVDLA_partition_m,vmod/nvdla/top/NV_NVDLA_partition_m.v,NV_NVDLA_partition_m,.v,0,286,4,global_clk_ovr_on;nvdla_clk_ovr_on;nvdla_core_clk;tmc2slcg_disable_clock_gating,direct_reset_;dla_reset_rstn,
nvdla,B,https://github.com/nvdla/hw.git,8e06b1b9d85aab65b40d43d08eec5ea4681ff715,nvdlav1,NV_NVDLA_partition_o,vmod/nvdla/top/NV_NVDLA_partition_o.v,NV_NVDLA_partition_o,.v,0,720,14,global_clk_ovr_on;tmc2slcg_disable_clock_gating;nvdla_core_clk;nvdla_falcon_clk;nvdla_clk_ovr_on,direct_reset_;dla_reset_rstn,valid_ready
nvdla,B,https://github.com/nvdla/hw.git,8e06b1b9d85aab65b40d43d08eec5ea4681ff715,nvdlav1,NV_NVDLA_partition_p,vmod/nvdla/top/NV_NVDLA_partition_p.v,NV_NVDLA_partition_p,.v,0,113,5,global_clk_ovr_on;nvdla_clk_ovr_on;nvdla_core_clk;tmc2slcg_disable_clock_gating,direct_reset_;dla_reset_rstn,valid_ready
nvdla,B,https://github.com/nvdla/hw.git,8e06b1b9d85aab65b40d43d08eec5ea4681ff715,nvdlav1,NV_NVDLA_pdp,vmod/nvdla/pdp/NV_NVDLA_pdp.v,NV_NVDLA_pdp,.v,0,42,47,dla_clk_ovr_on_sync;global_clk_ovr_on_sync;tmc2slcg_disable_clock_gating;nvdla_core_clk,,valid_ready
nvdla,B,https://github.com/nvdla/hw.git,8e06b1b9d85aab65b40d43d08eec5ea4681ff715,nvdlav1,NV_NVDLA_reset,vmod/nvdla/car/NV_NVDLA_reset.v,NV_NVDLA_reset,.v,0,5,1,nvdla_clk,dla_reset_rstn;direct_reset_,
nvdla,B,https://github.com/nvdla/hw.git,8e06b1b9d85aab65b40d43d08eec5ea4681ff715,nvdlav1,NV_NVDLA_rubik,vmod/nvdla/rubik/NV_NVDLA_rubik.v,NV_NVDLA_rubik,.v,0,34,11,nvdla_core_clk;dla_clk_ovr_on_sync;global_clk_ovr_on_sync;tmc2slcg_disable_clock_gating,,valid_ready
nvdla,B,https://github.com/nvdla/hw.git,8e06b1b9d85aab65b40d43d08eec5ea4681ff715,nvdlav1,NV_NVDLA_sdp,vmod/nvdla/sdp/NV_NVDLA_sdp.v,NV_NVDLA_sdp,.v,0,87,4,dla_clk_ovr_on_sync;global_clk_ovr_on_sync;nvdla_core_clk;tmc2slcg_disable_clock_gating,,valid_ready
nvdla,B,https://github.com/nvdla/hw.git,8e06b1b9d85aab65b40d43d08eec5ea4681ff715,nvdlav1,NV_NVDLA_ssync3d,vmod/nvdla/car/NV_NVDLA_ssync3d.v,NV_NVDLA_ssync3d,.v,0,4,1,i_clk;o_clk,,
nvdla,B,https://github.com/nvdla/hw.git,8e06b1b9d85aab65b40d43d08eec5ea4681ff715,nvdlav1,NV_NVDLA_ssync3d_c,vmod/nvdla/car/NV_NVDLA_ssync3d_c.v,NV_NVDLA_ssync3d_c,.v,0,6,1,i_clk;o_clk,,
nvdla,B,https://github.com/nvdla/hw.git,8e06b1b9d85aab65b40d43d08eec5ea4681ff715,nvdlav1,NV_NVDLA_sync3d,vmod/nvdla/car/NV_NVDLA_sync3d.v,NV_NVDLA_sync3d,.v,0,3,4,clk,,
nvdla,B,https://github.com/nvdla/hw.git,8e06b1b9d85aab65b40d43d08eec5ea4681ff715,nvdlav1,NV_NVDLA_sync3d_c,vmod/nvdla/car/NV_NVDLA_sync3d_c.v,NV_NVDLA_sync3d_c,.v,0,4,4,clk,rst,
nvdla,B,https://github.com/nvdla/hw.git,8e06b1b9d85aab65b40d43d08eec5ea4681ff715,nvdlav1,NV_NVDLA_sync3d_s,vmod/nvdla/car/NV_NVDLA_sync3d_s.v,NV_NVDLA_sync3d_s,.v,0,4,4,clk,,
nvdla,B,https://github.com/nvdla/hw.git,8e06b1b9d85aab65b40d43d08eec5ea4681ff715,nvdlav1,NV_nvdla,vmod/nvdla/top/NV_nvdla.v,NV_nvdla,.v,0,69,6,dla_core_clk;dla_csb_clk;global_clk_ovr_on;tmc2slcg_disable_clock_gating,dla_reset_rstn;direct_reset_,valid_ready
nvdla,B,https://github.com/nvdla/hw.git,8e06b1b9d85aab65b40d43d08eec5ea4681ff715,nvdlav1,SDP_C_chn_in_rsci_unreg,vmod/nvdla/sdp/NV_NVDLA_SDP_CORE_c.v,NV_NVDLA_SDP_CORE_c,.v,0,2,0,,,
nvdla,B,https://github.com/nvdla/hw.git,8e06b1b9d85aab65b40d43d08eec5ea4681ff715,nvdlav1,SDP_C_chn_out_rsci_unreg,vmod/nvdla/sdp/NV_NVDLA_SDP_CORE_c.v,NV_NVDLA_SDP_CORE_c,.v,0,2,0,,,
nvdla,B,https://github.com/nvdla/hw.git,8e06b1b9d85aab65b40d43d08eec5ea4681ff715,nvdlav1,SDP_C_leading_sign_17_0,vmod/nvdla/sdp/NV_NVDLA_SDP_CORE_c.v,NV_NVDLA_SDP_CORE_c,.v,0,2,0,,,
nvdla,B,https://github.com/nvdla/hw.git,8e06b1b9d85aab65b40d43d08eec5ea4681ff715,nvdlav1,SDP_C_mgc_in_wire_v1,vmod/nvdla/sdp/NV_NVDLA_SDP_CORE_c.v,NV_NVDLA_SDP_CORE_c,.v,0,2,0,,,
nvdla,B,https://github.com/nvdla/hw.git,8e06b1b9d85aab65b40d43d08eec5ea4681ff715,nvdlav1,SDP_C_mgc_in_wire_wait_v1,vmod/nvdla/sdp/NV_NVDLA_SDP_CORE_c.v,NV_NVDLA_SDP_CORE_c,.v,0,6,0,,,
nvdla,B,https://github.com/nvdla/hw.git,8e06b1b9d85aab65b40d43d08eec5ea4681ff715,nvdlav1,SDP_C_mgc_out_stdreg_wait_v1,vmod/nvdla/sdp/NV_NVDLA_SDP_CORE_c.v,NV_NVDLA_SDP_CORE_c,.v,0,6,0,,,
nvdla,B,https://github.com/nvdla/hw.git,8e06b1b9d85aab65b40d43d08eec5ea4681ff715,nvdlav1,SDP_C_mgc_shift_br_v4,vmod/nvdla/sdp/NV_NVDLA_SDP_CORE_c.v,NV_NVDLA_SDP_CORE_c,.v,0,3,0,,,
nvdla,B,https://github.com/nvdla/hw.git,8e06b1b9d85aab65b40d43d08eec5ea4681ff715,nvdlav1,SDP_C_mgc_shift_l_v4,vmod/nvdla/sdp/NV_NVDLA_SDP_CORE_c.v,NV_NVDLA_SDP_CORE_c,.v,0,3,0,,,
nvdla,B,https://github.com/nvdla/hw.git,8e06b1b9d85aab65b40d43d08eec5ea4681ff715,nvdlav1,SDP_C_mgc_shift_r_v4,vmod/nvdla/sdp/NV_NVDLA_SDP_CORE_c.v,NV_NVDLA_SDP_CORE_c,.v,0,3,0,,,
nvdla,B,https://github.com/nvdla/hw.git,8e06b1b9d85aab65b40d43d08eec5ea4681ff715,nvdlav1,SDP_X_X_alu,vmod/nvdla/sdp/NV_NVDLA_SDP_CORE_x.v,NV_NVDLA_SDP_CORE_x,.v,0,23,14,nvdla_core_clk,,
nvdla,B,https://github.com/nvdla/hw.git,8e06b1b9d85aab65b40d43d08eec5ea4681ff715,nvdlav1,SDP_X_X_alu_core,vmod/nvdla/sdp/NV_NVDLA_SDP_CORE_x.v,NV_NVDLA_SDP_CORE_x,.v,0,35,122,nvdla_core_clk,,
nvdla,B,https://github.com/nvdla/hw.git,8e06b1b9d85aab65b40d43d08eec5ea4681ff715,nvdlav1,SDP_X_X_alu_core_cfg_alu_algo_rsc_triosy_obj,vmod/nvdla/sdp/NV_NVDLA_SDP_CORE_x.v,NV_NVDLA_SDP_CORE_x,.v,0,8,3,nvdla_core_clk,,
nvdla,B,https://github.com/nvdla/hw.git,8e06b1b9d85aab65b40d43d08eec5ea4681ff715,nvdlav1,SDP_X_X_alu_core_cfg_alu_algo_rsc_triosy_obj_cfg_alu_algo_rsc_triosy_wait_ctrl,vmod/nvdla/sdp/NV_NVDLA_SDP_CORE_x.v,NV_NVDLA_SDP_CORE_x,.v,0,6,0,,,
nvdla,B,https://github.com/nvdla/hw.git,8e06b1b9d85aab65b40d43d08eec5ea4681ff715,nvdlav1,SDP_X_X_alu_core_cfg_alu_algo_rsc_triosy_obj_cfg_alu_algo_rsc_triosy_wait_dp,vmod/nvdla/sdp/NV_NVDLA_SDP_CORE_x.v,NV_NVDLA_SDP_CORE_x,.v,0,5,0,nvdla_core_clk,,
nvdla,B,https://github.com/nvdla/hw.git,8e06b1b9d85aab65b40d43d08eec5ea4681ff715,nvdlav1,SDP_X_X_alu_core_cfg_alu_bypass_rsc_triosy_obj,vmod/nvdla/sdp/NV_NVDLA_SDP_CORE_x.v,NV_NVDLA_SDP_CORE_x,.v,0,8,3,nvdla_core_clk,,
nvdla,B,https://github.com/nvdla/hw.git,8e06b1b9d85aab65b40d43d08eec5ea4681ff715,nvdlav1,SDP_X_X_alu_core_cfg_alu_bypass_rsc_triosy_obj_cfg_alu_bypass_rsc_triosy_wait_ctrl,vmod/nvdla/sdp/NV_NVDLA_SDP_CORE_x.v,NV_NVDLA_SDP_CORE_x,.v,0,6,0,,,
nvdla,B,https://github.com/nvdla/hw.git,8e06b1b9d85aab65b40d43d08eec5ea4681ff715,nvdlav1,SDP_X_X_alu_core_cfg_alu_bypass_rsc_triosy_obj_cfg_alu_bypass_rsc_triosy_wait_dp,vmod/nvdla/sdp/NV_NVDLA_SDP_CORE_x.v,NV_NVDLA_SDP_CORE_x,.v,0,5,0,nvdla_core_clk,,
nvdla,B,https://github.com/nvdla/hw.git,8e06b1b9d85aab65b40d43d08eec5ea4681ff715,nvdlav1,SDP_X_X_alu_core_cfg_alu_op_rsc_triosy_obj,vmod/nvdla/sdp/NV_NVDLA_SDP_CORE_x.v,NV_NVDLA_SDP_CORE_x,.v,0,8,3,nvdla_core_clk,,
nvdla,B,https://github.com/nvdla/hw.git,8e06b1b9d85aab65b40d43d08eec5ea4681ff715,nvdlav1,SDP_X_X_alu_core_cfg_alu_op_rsc_triosy_obj_cfg_alu_op_rsc_triosy_wait_ctrl,vmod/nvdla/sdp/NV_NVDLA_SDP_CORE_x.v,NV_NVDLA_SDP_CORE_x,.v,0,6,0,,,
nvdla,B,https://github.com/nvdla/hw.git,8e06b1b9d85aab65b40d43d08eec5ea4681ff715,nvdlav1,SDP_X_X_alu_core_cfg_alu_op_rsc_triosy_obj_cfg_alu_op_rsc_triosy_wait_dp,vmod/nvdla/sdp/NV_NVDLA_SDP_CORE_x.v,NV_NVDLA_SDP_CORE_x,.v,0,5,0,nvdla_core_clk,,
nvdla,B,https://github.com/nvdla/hw.git,8e06b1b9d85aab65b40d43d08eec5ea4681ff715,nvdlav1,SDP_X_X_alu_core_cfg_alu_shift_value_rsc_triosy_obj,vmod/nvdla/sdp/NV_NVDLA_SDP_CORE_x.v,NV_NVDLA_SDP_CORE_x,.v,0,8,3,nvdla_core_clk,,
nvdla,B,https://github.com/nvdla/hw.git,8e06b1b9d85aab65b40d43d08eec5ea4681ff715,nvdlav1,SDP_X_X_alu_core_cfg_alu_shift_value_rsc_triosy_obj_cfg_alu_shift_value_rsc_triosy_wait_ctrl,vmod/nvdla/sdp/NV_NVDLA_SDP_CORE_x.v,NV_NVDLA_SDP_CORE_x,.v,0,6,0,,,
nvdla,B,https://github.com/nvdla/hw.git,8e06b1b9d85aab65b40d43d08eec5ea4681ff715,nvdlav1,SDP_X_X_alu_core_cfg_alu_shift_value_rsc_triosy_obj_cfg_alu_shift_value_rsc_triosy_wait_dp,vmod/nvdla/sdp/NV_NVDLA_SDP_CORE_x.v,NV_NVDLA_SDP_CORE_x,.v,0,5,0,nvdla_core_clk,,
nvdla,B,https://github.com/nvdla/hw.git,8e06b1b9d85aab65b40d43d08eec5ea4681ff715,nvdlav1,SDP_X_X_alu_core_cfg_alu_src_rsc_triosy_obj,vmod/nvdla/sdp/NV_NVDLA_SDP_CORE_x.v,NV_NVDLA_SDP_CORE_x,.v,0,8,3,nvdla_core_clk,,
nvdla,B,https://github.com/nvdla/hw.git,8e06b1b9d85aab65b40d43d08eec5ea4681ff715,nvdlav1,SDP_X_X_alu_core_cfg_alu_src_rsc_triosy_obj_cfg_alu_src_rsc_triosy_wait_ctrl,vmod/nvdla/sdp/NV_NVDLA_SDP_CORE_x.v,NV_NVDLA_SDP_CORE_x,.v,0,6,0,,,
nvdla,B,https://github.com/nvdla/hw.git,8e06b1b9d85aab65b40d43d08eec5ea4681ff715,nvdlav1,SDP_X_X_alu_core_cfg_alu_src_rsc_triosy_obj_cfg_alu_src_rsc_triosy_wait_dp,vmod/nvdla/sdp/NV_NVDLA_SDP_CORE_x.v,NV_NVDLA_SDP_CORE_x,.v,0,5,0,nvdla_core_clk,,
nvdla,B,https://github.com/nvdla/hw.git,8e06b1b9d85aab65b40d43d08eec5ea4681ff715,nvdlav1,SDP_X_X_alu_core_chn_alu_in_rsci,vmod/nvdla/sdp/NV_NVDLA_SDP_CORE_x.v,NV_NVDLA_SDP_CORE_x,.v,0,13,3,nvdla_core_clk,,
nvdla,B,https://github.com/nvdla/hw.git,8e06b1b9d85aab65b40d43d08eec5ea4681ff715,nvdlav1,SDP_X_X_alu_core_chn_alu_in_rsci_chn_alu_in_wait_ctrl,vmod/nvdla/sdp/NV_NVDLA_SDP_CORE_x.v,NV_NVDLA_SDP_CORE_x,.v,0,11,0,nvdla_core_clk,,
nvdla,B,https://github.com/nvdla/hw.git,8e06b1b9d85aab65b40d43d08eec5ea4681ff715,nvdlav1,SDP_X_X_alu_core_chn_alu_in_rsci_chn_alu_in_wait_dp,vmod/nvdla/sdp/NV_NVDLA_SDP_CORE_x.v,NV_NVDLA_SDP_CORE_x,.v,0,9,0,nvdla_core_clk,,
nvdla,B,https://github.com/nvdla/hw.git,8e06b1b9d85aab65b40d43d08eec5ea4681ff715,nvdlav1,SDP_X_X_alu_core_chn_alu_op_rsci,vmod/nvdla/sdp/NV_NVDLA_SDP_CORE_x.v,NV_NVDLA_SDP_CORE_x,.v,0,13,3,nvdla_core_clk,,
nvdla,B,https://github.com/nvdla/hw.git,8e06b1b9d85aab65b40d43d08eec5ea4681ff715,nvdlav1,SDP_X_X_alu_core_chn_alu_op_rsci_chn_alu_op_wait_ctrl,vmod/nvdla/sdp/NV_NVDLA_SDP_CORE_x.v,NV_NVDLA_SDP_CORE_x,.v,0,11,0,nvdla_core_clk,,
nvdla,B,https://github.com/nvdla/hw.git,8e06b1b9d85aab65b40d43d08eec5ea4681ff715,nvdlav1,SDP_X_X_alu_core_chn_alu_op_rsci_chn_alu_op_wait_dp,vmod/nvdla/sdp/NV_NVDLA_SDP_CORE_x.v,NV_NVDLA_SDP_CORE_x,.v,0,9,0,nvdla_core_clk,,
nvdla,B,https://github.com/nvdla/hw.git,8e06b1b9d85aab65b40d43d08eec5ea4681ff715,nvdlav1,SDP_X_X_alu_core_chn_alu_out_rsci,vmod/nvdla/sdp/NV_NVDLA_SDP_CORE_x.v,NV_NVDLA_SDP_CORE_x,.v,0,13,3,nvdla_core_clk,,
nvdla,B,https://github.com/nvdla/hw.git,8e06b1b9d85aab65b40d43d08eec5ea4681ff715,nvdlav1,SDP_X_X_alu_core_chn_alu_out_rsci_chn_alu_out_wait_ctrl,vmod/nvdla/sdp/NV_NVDLA_SDP_CORE_x.v,NV_NVDLA_SDP_CORE_x,.v,0,11,0,nvdla_core_clk,,
nvdla,B,https://github.com/nvdla/hw.git,8e06b1b9d85aab65b40d43d08eec5ea4681ff715,nvdlav1,SDP_X_X_alu_core_chn_alu_out_rsci_chn_alu_out_wait_dp,vmod/nvdla/sdp/NV_NVDLA_SDP_CORE_x.v,NV_NVDLA_SDP_CORE_x,.v,0,7,0,nvdla_core_clk,,
nvdla,B,https://github.com/nvdla/hw.git,8e06b1b9d85aab65b40d43d08eec5ea4681ff715,nvdlav1,SDP_X_X_alu_core_core_fsm,vmod/nvdla/sdp/NV_NVDLA_SDP_CORE_x.v,NV_NVDLA_SDP_CORE_x,.v,0,4,0,nvdla_core_clk,,
nvdla,B,https://github.com/nvdla/hw.git,8e06b1b9d85aab65b40d43d08eec5ea4681ff715,nvdlav1,SDP_X_X_alu_core_staller,vmod/nvdla/sdp/NV_NVDLA_SDP_CORE_x.v,NV_NVDLA_SDP_CORE_x,.v,0,7,0,nvdla_core_clk,,
nvdla,B,https://github.com/nvdla/hw.git,8e06b1b9d85aab65b40d43d08eec5ea4681ff715,nvdlav1,SDP_X_X_mul,vmod/nvdla/sdp/NV_NVDLA_SDP_CORE_x.v,NV_NVDLA_SDP_CORE_x,.v,0,23,12,nvdla_core_clk,,
nvdla,B,https://github.com/nvdla/hw.git,8e06b1b9d85aab65b40d43d08eec5ea4681ff715,nvdlav1,SDP_X_X_mul_core,vmod/nvdla/sdp/NV_NVDLA_SDP_CORE_x.v,NV_NVDLA_SDP_CORE_x,.v,0,34,41,nvdla_core_clk,,
nvdla,B,https://github.com/nvdla/hw.git,8e06b1b9d85aab65b40d43d08eec5ea4681ff715,nvdlav1,SDP_X_X_mul_core_cfg_mul_bypass_rsc_triosy_obj,vmod/nvdla/sdp/NV_NVDLA_SDP_CORE_x.v,NV_NVDLA_SDP_CORE_x,.v,0,8,3,nvdla_core_clk,,
nvdla,B,https://github.com/nvdla/hw.git,8e06b1b9d85aab65b40d43d08eec5ea4681ff715,nvdlav1,SDP_X_X_mul_core_cfg_mul_bypass_rsc_triosy_obj_cfg_mul_bypass_rsc_triosy_wait_ctrl,vmod/nvdla/sdp/NV_NVDLA_SDP_CORE_x.v,NV_NVDLA_SDP_CORE_x,.v,0,6,0,,,
nvdla,B,https://github.com/nvdla/hw.git,8e06b1b9d85aab65b40d43d08eec5ea4681ff715,nvdlav1,SDP_X_X_mul_core_cfg_mul_bypass_rsc_triosy_obj_cfg_mul_bypass_rsc_triosy_wait_dp,vmod/nvdla/sdp/NV_NVDLA_SDP_CORE_x.v,NV_NVDLA_SDP_CORE_x,.v,0,5,0,nvdla_core_clk,,
nvdla,B,https://github.com/nvdla/hw.git,8e06b1b9d85aab65b40d43d08eec5ea4681ff715,nvdlav1,SDP_X_X_mul_core_cfg_mul_op_rsc_triosy_obj,vmod/nvdla/sdp/NV_NVDLA_SDP_CORE_x.v,NV_NVDLA_SDP_CORE_x,.v,0,8,3,nvdla_core_clk,,
nvdla,B,https://github.com/nvdla/hw.git,8e06b1b9d85aab65b40d43d08eec5ea4681ff715,nvdlav1,SDP_X_X_mul_core_cfg_mul_op_rsc_triosy_obj_cfg_mul_op_rsc_triosy_wait_ctrl,vmod/nvdla/sdp/NV_NVDLA_SDP_CORE_x.v,NV_NVDLA_SDP_CORE_x,.v,0,6,0,,,
nvdla,B,https://github.com/nvdla/hw.git,8e06b1b9d85aab65b40d43d08eec5ea4681ff715,nvdlav1,SDP_X_X_mul_core_cfg_mul_op_rsc_triosy_obj_cfg_mul_op_rsc_triosy_wait_dp,vmod/nvdla/sdp/NV_NVDLA_SDP_CORE_x.v,NV_NVDLA_SDP_CORE_x,.v,0,5,0,nvdla_core_clk,,
nvdla,B,https://github.com/nvdla/hw.git,8e06b1b9d85aab65b40d43d08eec5ea4681ff715,nvdlav1,SDP_X_X_mul_core_cfg_mul_prelu_rsc_triosy_obj,vmod/nvdla/sdp/NV_NVDLA_SDP_CORE_x.v,NV_NVDLA_SDP_CORE_x,.v,0,8,3,nvdla_core_clk,,
nvdla,B,https://github.com/nvdla/hw.git,8e06b1b9d85aab65b40d43d08eec5ea4681ff715,nvdlav1,SDP_X_X_mul_core_cfg_mul_prelu_rsc_triosy_obj_cfg_mul_prelu_rsc_triosy_wait_ctrl,vmod/nvdla/sdp/NV_NVDLA_SDP_CORE_x.v,NV_NVDLA_SDP_CORE_x,.v,0,6,0,,,
nvdla,B,https://github.com/nvdla/hw.git,8e06b1b9d85aab65b40d43d08eec5ea4681ff715,nvdlav1,SDP_X_X_mul_core_cfg_mul_prelu_rsc_triosy_obj_cfg_mul_prelu_rsc_triosy_wait_dp,vmod/nvdla/sdp/NV_NVDLA_SDP_CORE_x.v,NV_NVDLA_SDP_CORE_x,.v,0,5,0,nvdla_core_clk,,
nvdla,B,https://github.com/nvdla/hw.git,8e06b1b9d85aab65b40d43d08eec5ea4681ff715,nvdlav1,SDP_X_X_mul_core_cfg_mul_src_rsc_triosy_obj,vmod/nvdla/sdp/NV_NVDLA_SDP_CORE_x.v,NV_NVDLA_SDP_CORE_x,.v,0,8,3,nvdla_core_clk,,
nvdla,B,https://github.com/nvdla/hw.git,8e06b1b9d85aab65b40d43d08eec5ea4681ff715,nvdlav1,SDP_X_X_mul_core_cfg_mul_src_rsc_triosy_obj_cfg_mul_src_rsc_triosy_wait_ctrl,vmod/nvdla/sdp/NV_NVDLA_SDP_CORE_x.v,NV_NVDLA_SDP_CORE_x,.v,0,6,0,,,
nvdla,B,https://github.com/nvdla/hw.git,8e06b1b9d85aab65b40d43d08eec5ea4681ff715,nvdlav1,SDP_X_X_mul_core_cfg_mul_src_rsc_triosy_obj_cfg_mul_src_rsc_triosy_wait_dp,vmod/nvdla/sdp/NV_NVDLA_SDP_CORE_x.v,NV_NVDLA_SDP_CORE_x,.v,0,5,0,nvdla_core_clk,,
nvdla,B,https://github.com/nvdla/hw.git,8e06b1b9d85aab65b40d43d08eec5ea4681ff715,nvdlav1,SDP_X_X_mul_core_chn_mul_in_rsci,vmod/nvdla/sdp/NV_NVDLA_SDP_CORE_x.v,NV_NVDLA_SDP_CORE_x,.v,0,15,3,nvdla_core_clk,,
nvdla,B,https://github.com/nvdla/hw.git,8e06b1b9d85aab65b40d43d08eec5ea4681ff715,nvdlav1,SDP_X_X_mul_core_chn_mul_in_rsci_chn_mul_in_wait_ctrl,vmod/nvdla/sdp/NV_NVDLA_SDP_CORE_x.v,NV_NVDLA_SDP_CORE_x,.v,0,11,0,nvdla_core_clk,,
nvdla,B,https://github.com/nvdla/hw.git,8e06b1b9d85aab65b40d43d08eec5ea4681ff715,nvdlav1,SDP_X_X_mul_core_chn_mul_in_rsci_chn_mul_in_wait_dp,vmod/nvdla/sdp/NV_NVDLA_SDP_CORE_x.v,NV_NVDLA_SDP_CORE_x,.v,0,9,0,nvdla_core_clk,,
nvdla,B,https://github.com/nvdla/hw.git,8e06b1b9d85aab65b40d43d08eec5ea4681ff715,nvdlav1,SDP_X_X_mul_core_chn_mul_op_rsci,vmod/nvdla/sdp/NV_NVDLA_SDP_CORE_x.v,NV_NVDLA_SDP_CORE_x,.v,0,13,3,nvdla_core_clk,,
nvdla,B,https://github.com/nvdla/hw.git,8e06b1b9d85aab65b40d43d08eec5ea4681ff715,nvdlav1,SDP_X_X_mul_core_chn_mul_op_rsci_chn_mul_op_wait_ctrl,vmod/nvdla/sdp/NV_NVDLA_SDP_CORE_x.v,NV_NVDLA_SDP_CORE_x,.v,0,11,0,nvdla_core_clk,,
nvdla,B,https://github.com/nvdla/hw.git,8e06b1b9d85aab65b40d43d08eec5ea4681ff715,nvdlav1,SDP_X_X_mul_core_chn_mul_op_rsci_chn_mul_op_wait_dp,vmod/nvdla/sdp/NV_NVDLA_SDP_CORE_x.v,NV_NVDLA_SDP_CORE_x,.v,0,9,0,nvdla_core_clk,,
nvdla,B,https://github.com/nvdla/hw.git,8e06b1b9d85aab65b40d43d08eec5ea4681ff715,nvdlav1,SDP_X_X_mul_core_chn_mul_out_rsci,vmod/nvdla/sdp/NV_NVDLA_SDP_CORE_x.v,NV_NVDLA_SDP_CORE_x,.v,0,13,3,nvdla_core_clk,,
nvdla,B,https://github.com/nvdla/hw.git,8e06b1b9d85aab65b40d43d08eec5ea4681ff715,nvdlav1,SDP_X_X_mul_core_chn_mul_out_rsci_chn_mul_out_wait_ctrl,vmod/nvdla/sdp/NV_NVDLA_SDP_CORE_x.v,NV_NVDLA_SDP_CORE_x,.v,0,11,0,nvdla_core_clk,,
nvdla,B,https://github.com/nvdla/hw.git,8e06b1b9d85aab65b40d43d08eec5ea4681ff715,nvdlav1,SDP_X_X_mul_core_chn_mul_out_rsci_chn_mul_out_wait_dp,vmod/nvdla/sdp/NV_NVDLA_SDP_CORE_x.v,NV_NVDLA_SDP_CORE_x,.v,0,7,0,nvdla_core_clk,,
nvdla,B,https://github.com/nvdla/hw.git,8e06b1b9d85aab65b40d43d08eec5ea4681ff715,nvdlav1,SDP_X_X_mul_core_core_fsm,vmod/nvdla/sdp/NV_NVDLA_SDP_CORE_x.v,NV_NVDLA_SDP_CORE_x,.v,0,4,0,nvdla_core_clk,,
nvdla,B,https://github.com/nvdla/hw.git,8e06b1b9d85aab65b40d43d08eec5ea4681ff715,nvdlav1,SDP_X_X_mul_core_staller,vmod/nvdla/sdp/NV_NVDLA_SDP_CORE_x.v,NV_NVDLA_SDP_CORE_x,.v,0,7,0,nvdla_core_clk,,
nvdla,B,https://github.com/nvdla/hw.git,8e06b1b9d85aab65b40d43d08eec5ea4681ff715,nvdlav1,SDP_X_X_relu,vmod/nvdla/sdp/NV_NVDLA_SDP_CORE_x.v,NV_NVDLA_SDP_CORE_x,.v,0,11,5,nvdla_core_clk,,
nvdla,B,https://github.com/nvdla/hw.git,8e06b1b9d85aab65b40d43d08eec5ea4681ff715,nvdlav1,SDP_X_X_relu_core,vmod/nvdla/sdp/NV_NVDLA_SDP_CORE_x.v,NV_NVDLA_SDP_CORE_x,.v,0,16,5,nvdla_core_clk,,
nvdla,B,https://github.com/nvdla/hw.git,8e06b1b9d85aab65b40d43d08eec5ea4681ff715,nvdlav1,SDP_X_X_relu_core_cfg_relu_bypass_rsc_triosy_obj,vmod/nvdla/sdp/NV_NVDLA_SDP_CORE_x.v,NV_NVDLA_SDP_CORE_x,.v,0,8,3,nvdla_core_clk,,
nvdla,B,https://github.com/nvdla/hw.git,8e06b1b9d85aab65b40d43d08eec5ea4681ff715,nvdlav1,SDP_X_X_relu_core_cfg_relu_bypass_rsc_triosy_obj_cfg_relu_bypass_rsc_triosy_wait_ctrl,vmod/nvdla/sdp/NV_NVDLA_SDP_CORE_x.v,NV_NVDLA_SDP_CORE_x,.v,0,6,0,,,
nvdla,B,https://github.com/nvdla/hw.git,8e06b1b9d85aab65b40d43d08eec5ea4681ff715,nvdlav1,SDP_X_X_relu_core_cfg_relu_bypass_rsc_triosy_obj_cfg_relu_bypass_rsc_triosy_wait_dp,vmod/nvdla/sdp/NV_NVDLA_SDP_CORE_x.v,NV_NVDLA_SDP_CORE_x,.v,0,5,0,nvdla_core_clk,,
nvdla,B,https://github.com/nvdla/hw.git,8e06b1b9d85aab65b40d43d08eec5ea4681ff715,nvdlav1,SDP_X_X_relu_core_chn_relu_in_rsci,vmod/nvdla/sdp/NV_NVDLA_SDP_CORE_x.v,NV_NVDLA_SDP_CORE_x,.v,0,13,3,nvdla_core_clk,,
nvdla,B,https://github.com/nvdla/hw.git,8e06b1b9d85aab65b40d43d08eec5ea4681ff715,nvdlav1,SDP_X_X_relu_core_chn_relu_in_rsci_chn_relu_in_wait_ctrl,vmod/nvdla/sdp/NV_NVDLA_SDP_CORE_x.v,NV_NVDLA_SDP_CORE_x,.v,0,11,0,nvdla_core_clk,,
nvdla,B,https://github.com/nvdla/hw.git,8e06b1b9d85aab65b40d43d08eec5ea4681ff715,nvdlav1,SDP_X_X_relu_core_chn_relu_in_rsci_chn_relu_in_wait_dp,vmod/nvdla/sdp/NV_NVDLA_SDP_CORE_x.v,NV_NVDLA_SDP_CORE_x,.v,0,9,0,nvdla_core_clk,,
nvdla,B,https://github.com/nvdla/hw.git,8e06b1b9d85aab65b40d43d08eec5ea4681ff715,nvdlav1,SDP_X_X_relu_core_chn_relu_out_rsci,vmod/nvdla/sdp/NV_NVDLA_SDP_CORE_x.v,NV_NVDLA_SDP_CORE_x,.v,0,13,3,nvdla_core_clk,,
nvdla,B,https://github.com/nvdla/hw.git,8e06b1b9d85aab65b40d43d08eec5ea4681ff715,nvdlav1,SDP_X_X_relu_core_chn_relu_out_rsci_chn_relu_out_wait_ctrl,vmod/nvdla/sdp/NV_NVDLA_SDP_CORE_x.v,NV_NVDLA_SDP_CORE_x,.v,0,11,0,nvdla_core_clk,,
nvdla,B,https://github.com/nvdla/hw.git,8e06b1b9d85aab65b40d43d08eec5ea4681ff715,nvdlav1,SDP_X_X_relu_core_chn_relu_out_rsci_chn_relu_out_wait_dp,vmod/nvdla/sdp/NV_NVDLA_SDP_CORE_x.v,NV_NVDLA_SDP_CORE_x,.v,0,7,0,nvdla_core_clk,,
nvdla,B,https://github.com/nvdla/hw.git,8e06b1b9d85aab65b40d43d08eec5ea4681ff715,nvdlav1,SDP_X_X_relu_core_core_fsm,vmod/nvdla/sdp/NV_NVDLA_SDP_CORE_x.v,NV_NVDLA_SDP_CORE_x,.v,0,4,0,nvdla_core_clk,,
nvdla,B,https://github.com/nvdla/hw.git,8e06b1b9d85aab65b40d43d08eec5ea4681ff715,nvdlav1,SDP_X_X_relu_core_staller,vmod/nvdla/sdp/NV_NVDLA_SDP_CORE_x.v,NV_NVDLA_SDP_CORE_x,.v,0,6,0,nvdla_core_clk,,
nvdla,B,https://github.com/nvdla/hw.git,8e06b1b9d85aab65b40d43d08eec5ea4681ff715,nvdlav1,SDP_X_X_trt,vmod/nvdla/sdp/NV_NVDLA_SDP_CORE_x.v,NV_NVDLA_SDP_CORE_x,.v,0,13,5,nvdla_core_clk,,
nvdla,B,https://github.com/nvdla/hw.git,8e06b1b9d85aab65b40d43d08eec5ea4681ff715,nvdlav1,SDP_X_X_trt_core,vmod/nvdla/sdp/NV_NVDLA_SDP_CORE_x.v,NV_NVDLA_SDP_CORE_x,.v,0,18,21,nvdla_core_clk,,
nvdla,B,https://github.com/nvdla/hw.git,8e06b1b9d85aab65b40d43d08eec5ea4681ff715,nvdlav1,SDP_X_X_trt_core_cfg_mul_shift_value_rsc_triosy_obj,vmod/nvdla/sdp/NV_NVDLA_SDP_CORE_x.v,NV_NVDLA_SDP_CORE_x,.v,0,8,3,nvdla_core_clk,,
nvdla,B,https://github.com/nvdla/hw.git,8e06b1b9d85aab65b40d43d08eec5ea4681ff715,nvdlav1,SDP_X_X_trt_core_cfg_mul_shift_value_rsc_triosy_obj_cfg_mul_shift_value_rsc_triosy_wait_ctrl,vmod/nvdla/sdp/NV_NVDLA_SDP_CORE_x.v,NV_NVDLA_SDP_CORE_x,.v,0,6,0,,,
nvdla,B,https://github.com/nvdla/hw.git,8e06b1b9d85aab65b40d43d08eec5ea4681ff715,nvdlav1,SDP_X_X_trt_core_cfg_mul_shift_value_rsc_triosy_obj_cfg_mul_shift_value_rsc_triosy_wait_dp,vmod/nvdla/sdp/NV_NVDLA_SDP_CORE_x.v,NV_NVDLA_SDP_CORE_x,.v,0,5,0,nvdla_core_clk,,
nvdla,B,https://github.com/nvdla/hw.git,8e06b1b9d85aab65b40d43d08eec5ea4681ff715,nvdlav1,SDP_X_X_trt_core_chn_trt_in_rsci,vmod/nvdla/sdp/NV_NVDLA_SDP_CORE_x.v,NV_NVDLA_SDP_CORE_x,.v,0,15,3,nvdla_core_clk,,
nvdla,B,https://github.com/nvdla/hw.git,8e06b1b9d85aab65b40d43d08eec5ea4681ff715,nvdlav1,SDP_X_X_trt_core_chn_trt_in_rsci_chn_trt_in_wait_ctrl,vmod/nvdla/sdp/NV_NVDLA_SDP_CORE_x.v,NV_NVDLA_SDP_CORE_x,.v,0,11,0,nvdla_core_clk,,
nvdla,B,https://github.com/nvdla/hw.git,8e06b1b9d85aab65b40d43d08eec5ea4681ff715,nvdlav1,SDP_X_X_trt_core_chn_trt_in_rsci_chn_trt_in_wait_dp,vmod/nvdla/sdp/NV_NVDLA_SDP_CORE_x.v,NV_NVDLA_SDP_CORE_x,.v,0,9,0,nvdla_core_clk,,
nvdla,B,https://github.com/nvdla/hw.git,8e06b1b9d85aab65b40d43d08eec5ea4681ff715,nvdlav1,SDP_X_X_trt_core_chn_trt_out_rsci,vmod/nvdla/sdp/NV_NVDLA_SDP_CORE_x.v,NV_NVDLA_SDP_CORE_x,.v,0,13,3,nvdla_core_clk,,
nvdla,B,https://github.com/nvdla/hw.git,8e06b1b9d85aab65b40d43d08eec5ea4681ff715,nvdlav1,SDP_X_X_trt_core_chn_trt_out_rsci_chn_trt_out_wait_ctrl,vmod/nvdla/sdp/NV_NVDLA_SDP_CORE_x.v,NV_NVDLA_SDP_CORE_x,.v,0,11,0,nvdla_core_clk,,
nvdla,B,https://github.com/nvdla/hw.git,8e06b1b9d85aab65b40d43d08eec5ea4681ff715,nvdlav1,SDP_X_X_trt_core_chn_trt_out_rsci_chn_trt_out_wait_dp,vmod/nvdla/sdp/NV_NVDLA_SDP_CORE_x.v,NV_NVDLA_SDP_CORE_x,.v,0,7,0,nvdla_core_clk,,
nvdla,B,https://github.com/nvdla/hw.git,8e06b1b9d85aab65b40d43d08eec5ea4681ff715,nvdlav1,SDP_X_X_trt_core_core_fsm,vmod/nvdla/sdp/NV_NVDLA_SDP_CORE_x.v,NV_NVDLA_SDP_CORE_x,.v,0,4,0,nvdla_core_clk,,
nvdla,B,https://github.com/nvdla/hw.git,8e06b1b9d85aab65b40d43d08eec5ea4681ff715,nvdlav1,SDP_X_X_trt_core_staller,vmod/nvdla/sdp/NV_NVDLA_SDP_CORE_x.v,NV_NVDLA_SDP_CORE_x,.v,0,6,0,nvdla_core_clk,,
nvdla,B,https://github.com/nvdla/hw.git,8e06b1b9d85aab65b40d43d08eec5ea4681ff715,nvdlav1,SDP_X_cfg_alu_algo_rsc_triosy_obj_unreg,vmod/nvdla/sdp/NV_NVDLA_SDP_CORE_x.v,NV_NVDLA_SDP_CORE_x,.v,0,2,0,,,
nvdla,B,https://github.com/nvdla/hw.git,8e06b1b9d85aab65b40d43d08eec5ea4681ff715,nvdlav1,SDP_X_cfg_alu_bypass_rsc_triosy_obj_unreg,vmod/nvdla/sdp/NV_NVDLA_SDP_CORE_x.v,NV_NVDLA_SDP_CORE_x,.v,0,2,0,,,
nvdla,B,https://github.com/nvdla/hw.git,8e06b1b9d85aab65b40d43d08eec5ea4681ff715,nvdlav1,SDP_X_cfg_alu_op_rsc_triosy_obj_unreg,vmod/nvdla/sdp/NV_NVDLA_SDP_CORE_x.v,NV_NVDLA_SDP_CORE_x,.v,0,2,0,,,
nvdla,B,https://github.com/nvdla/hw.git,8e06b1b9d85aab65b40d43d08eec5ea4681ff715,nvdlav1,SDP_X_cfg_alu_shift_value_rsc_triosy_obj_unreg,vmod/nvdla/sdp/NV_NVDLA_SDP_CORE_x.v,NV_NVDLA_SDP_CORE_x,.v,0,2,0,,,
nvdla,B,https://github.com/nvdla/hw.git,8e06b1b9d85aab65b40d43d08eec5ea4681ff715,nvdlav1,SDP_X_cfg_alu_src_rsc_triosy_obj_unreg,vmod/nvdla/sdp/NV_NVDLA_SDP_CORE_x.v,NV_NVDLA_SDP_CORE_x,.v,0,2,0,,,
nvdla,B,https://github.com/nvdla/hw.git,8e06b1b9d85aab65b40d43d08eec5ea4681ff715,nvdlav1,SDP_X_cfg_mul_bypass_rsc_triosy_obj_unreg,vmod/nvdla/sdp/NV_NVDLA_SDP_CORE_x.v,NV_NVDLA_SDP_CORE_x,.v,0,2,0,,,
nvdla,B,https://github.com/nvdla/hw.git,8e06b1b9d85aab65b40d43d08eec5ea4681ff715,nvdlav1,SDP_X_cfg_mul_op_rsc_triosy_obj_unreg,vmod/nvdla/sdp/NV_NVDLA_SDP_CORE_x.v,NV_NVDLA_SDP_CORE_x,.v,0,2,0,,,
nvdla,B,https://github.com/nvdla/hw.git,8e06b1b9d85aab65b40d43d08eec5ea4681ff715,nvdlav1,SDP_X_cfg_mul_prelu_rsc_triosy_obj_unreg,vmod/nvdla/sdp/NV_NVDLA_SDP_CORE_x.v,NV_NVDLA_SDP_CORE_x,.v,0,2,0,,,
nvdla,B,https://github.com/nvdla/hw.git,8e06b1b9d85aab65b40d43d08eec5ea4681ff715,nvdlav1,SDP_X_cfg_mul_shift_value_rsc_triosy_obj_unreg,vmod/nvdla/sdp/NV_NVDLA_SDP_CORE_x.v,NV_NVDLA_SDP_CORE_x,.v,0,2,0,,,
nvdla,B,https://github.com/nvdla/hw.git,8e06b1b9d85aab65b40d43d08eec5ea4681ff715,nvdlav1,SDP_X_cfg_mul_src_rsc_triosy_obj_unreg,vmod/nvdla/sdp/NV_NVDLA_SDP_CORE_x.v,NV_NVDLA_SDP_CORE_x,.v,0,2,0,,,
nvdla,B,https://github.com/nvdla/hw.git,8e06b1b9d85aab65b40d43d08eec5ea4681ff715,nvdlav1,SDP_X_cfg_relu_bypass_rsc_triosy_obj_unreg,vmod/nvdla/sdp/NV_NVDLA_SDP_CORE_x.v,NV_NVDLA_SDP_CORE_x,.v,0,2,0,,,
nvdla,B,https://github.com/nvdla/hw.git,8e06b1b9d85aab65b40d43d08eec5ea4681ff715,nvdlav1,SDP_X_chn_alu_in_rsci_unreg,vmod/nvdla/sdp/NV_NVDLA_SDP_CORE_x.v,NV_NVDLA_SDP_CORE_x,.v,0,2,0,,,
nvdla,B,https://github.com/nvdla/hw.git,8e06b1b9d85aab65b40d43d08eec5ea4681ff715,nvdlav1,SDP_X_chn_alu_op_rsci_unreg,vmod/nvdla/sdp/NV_NVDLA_SDP_CORE_x.v,NV_NVDLA_SDP_CORE_x,.v,0,2,0,,,
nvdla,B,https://github.com/nvdla/hw.git,8e06b1b9d85aab65b40d43d08eec5ea4681ff715,nvdlav1,SDP_X_chn_alu_out_rsci_unreg,vmod/nvdla/sdp/NV_NVDLA_SDP_CORE_x.v,NV_NVDLA_SDP_CORE_x,.v,0,2,0,,,
nvdla,B,https://github.com/nvdla/hw.git,8e06b1b9d85aab65b40d43d08eec5ea4681ff715,nvdlav1,SDP_X_chn_mul_in_rsci_unreg,vmod/nvdla/sdp/NV_NVDLA_SDP_CORE_x.v,NV_NVDLA_SDP_CORE_x,.v,0,2,0,,,
nvdla,B,https://github.com/nvdla/hw.git,8e06b1b9d85aab65b40d43d08eec5ea4681ff715,nvdlav1,SDP_X_chn_mul_op_rsci_unreg,vmod/nvdla/sdp/NV_NVDLA_SDP_CORE_x.v,NV_NVDLA_SDP_CORE_x,.v,0,2,0,,,
nvdla,B,https://github.com/nvdla/hw.git,8e06b1b9d85aab65b40d43d08eec5ea4681ff715,nvdlav1,SDP_X_chn_mul_out_rsci_unreg,vmod/nvdla/sdp/NV_NVDLA_SDP_CORE_x.v,NV_NVDLA_SDP_CORE_x,.v,0,2,0,,,
nvdla,B,https://github.com/nvdla/hw.git,8e06b1b9d85aab65b40d43d08eec5ea4681ff715,nvdlav1,SDP_X_chn_relu_in_rsci_unreg,vmod/nvdla/sdp/NV_NVDLA_SDP_CORE_x.v,NV_NVDLA_SDP_CORE_x,.v,0,2,0,,,
nvdla,B,https://github.com/nvdla/hw.git,8e06b1b9d85aab65b40d43d08eec5ea4681ff715,nvdlav1,SDP_X_chn_relu_out_rsci_unreg,vmod/nvdla/sdp/NV_NVDLA_SDP_CORE_x.v,NV_NVDLA_SDP_CORE_x,.v,0,2,0,,,
nvdla,B,https://github.com/nvdla/hw.git,8e06b1b9d85aab65b40d43d08eec5ea4681ff715,nvdlav1,SDP_X_chn_trt_in_rsci_unreg,vmod/nvdla/sdp/NV_NVDLA_SDP_CORE_x.v,NV_NVDLA_SDP_CORE_x,.v,0,2,0,,,
nvdla,B,https://github.com/nvdla/hw.git,8e06b1b9d85aab65b40d43d08eec5ea4681ff715,nvdlav1,SDP_X_chn_trt_out_rsci_unreg,vmod/nvdla/sdp/NV_NVDLA_SDP_CORE_x.v,NV_NVDLA_SDP_CORE_x,.v,0,2,0,,,
nvdla,B,https://github.com/nvdla/hw.git,8e06b1b9d85aab65b40d43d08eec5ea4681ff715,nvdlav1,SDP_X_leading_sign_23_0,vmod/nvdla/sdp/NV_NVDLA_SDP_CORE_x.v,NV_NVDLA_SDP_CORE_x,.v,0,2,0,,,
nvdla,B,https://github.com/nvdla/hw.git,8e06b1b9d85aab65b40d43d08eec5ea4681ff715,nvdlav1,SDP_X_leading_sign_49_0,vmod/nvdla/sdp/NV_NVDLA_SDP_CORE_x.v,NV_NVDLA_SDP_CORE_x,.v,0,2,0,,,
nvdla,B,https://github.com/nvdla/hw.git,8e06b1b9d85aab65b40d43d08eec5ea4681ff715,nvdlav1,SDP_X_mgc_chan_in_v2,vmod/nvdla/sdp/NV_NVDLA_SDP_CORE_x.v,NV_NVDLA_SDP_CORE_x,.v,0,10,0,,,
nvdla,B,https://github.com/nvdla/hw.git,8e06b1b9d85aab65b40d43d08eec5ea4681ff715,nvdlav1,SDP_X_mgc_in_sync_v1,vmod/nvdla/sdp/NV_NVDLA_SDP_CORE_x.v,NV_NVDLA_SDP_CORE_x,.v,0,2,0,,,
nvdla,B,https://github.com/nvdla/hw.git,8e06b1b9d85aab65b40d43d08eec5ea4681ff715,nvdlav1,SDP_X_mgc_in_wire_v1,vmod/nvdla/sdp/NV_NVDLA_SDP_CORE_x.v,NV_NVDLA_SDP_CORE_x,.v,0,2,0,,,
nvdla,B,https://github.com/nvdla/hw.git,8e06b1b9d85aab65b40d43d08eec5ea4681ff715,nvdlav1,SDP_X_mgc_in_wire_wait_v1,vmod/nvdla/sdp/NV_NVDLA_SDP_CORE_x.v,NV_NVDLA_SDP_CORE_x,.v,0,6,0,,,
nvdla,B,https://github.com/nvdla/hw.git,8e06b1b9d85aab65b40d43d08eec5ea4681ff715,nvdlav1,SDP_X_mgc_io_sync_v1,vmod/nvdla/sdp/NV_NVDLA_SDP_CORE_x.v,NV_NVDLA_SDP_CORE_x,.v,0,2,0,,,
nvdla,B,https://github.com/nvdla/hw.git,8e06b1b9d85aab65b40d43d08eec5ea4681ff715,nvdlav1,SDP_X_mgc_out_fifo_wait_core_v9,vmod/nvdla/sdp/NV_NVDLA_SDP_CORE_x.v,NV_NVDLA_SDP_CORE_x,.v,0,11,0,clk,,
nvdla,B,https://github.com/nvdla/hw.git,8e06b1b9d85aab65b40d43d08eec5ea4681ff715,nvdlav1,SDP_X_mgc_out_stdreg_wait_v1,vmod/nvdla/sdp/NV_NVDLA_SDP_CORE_x.v,NV_NVDLA_SDP_CORE_x,.v,0,6,0,,,
nvdla,B,https://github.com/nvdla/hw.git,8e06b1b9d85aab65b40d43d08eec5ea4681ff715,nvdlav1,SDP_X_mgc_pipe_v10,vmod/nvdla/sdp/NV_NVDLA_SDP_CORE_x.v,NV_NVDLA_SDP_CORE_x,.v,0,11,1,clk,,
nvdla,B,https://github.com/nvdla/hw.git,8e06b1b9d85aab65b40d43d08eec5ea4681ff715,nvdlav1,SDP_X_mgc_shift_bl_v4,vmod/nvdla/sdp/NV_NVDLA_SDP_CORE_x.v,NV_NVDLA_SDP_CORE_x,.v,0,3,0,,,
nvdla,B,https://github.com/nvdla/hw.git,8e06b1b9d85aab65b40d43d08eec5ea4681ff715,nvdlav1,SDP_X_mgc_shift_l_v4,vmod/nvdla/sdp/NV_NVDLA_SDP_CORE_x.v,NV_NVDLA_SDP_CORE_x,.v,0,3,0,,,
nvdla,B,https://github.com/nvdla/hw.git,8e06b1b9d85aab65b40d43d08eec5ea4681ff715,nvdlav1,SDP_X_mgc_shift_r_v4,vmod/nvdla/sdp/NV_NVDLA_SDP_CORE_x.v,NV_NVDLA_SDP_CORE_x,.v,0,3,0,,,
nvdla,B,https://github.com/nvdla/hw.git,8e06b1b9d85aab65b40d43d08eec5ea4681ff715,nvdlav1,SDP_Y_CORE_Y_alu,vmod/nvdla/sdp/NV_NVDLA_SDP_CORE_Y_core.v,NV_NVDLA_SDP_CORE_Y_core,.v,0,20,12,nvdla_core_clk,,
nvdla,B,https://github.com/nvdla/hw.git,8e06b1b9d85aab65b40d43d08eec5ea4681ff715,nvdlav1,SDP_Y_CORE_Y_alu_core,vmod/nvdla/sdp/NV_NVDLA_SDP_CORE_Y_core.v,NV_NVDLA_SDP_CORE_Y_core,.v,0,31,25,nvdla_core_clk,,
nvdla,B,https://github.com/nvdla/hw.git,8e06b1b9d85aab65b40d43d08eec5ea4681ff715,nvdlav1,SDP_Y_CORE_Y_alu_core_cfg_alu_algo_rsc_triosy_obj,vmod/nvdla/sdp/NV_NVDLA_SDP_CORE_Y_core.v,NV_NVDLA_SDP_CORE_Y_core,.v,0,8,3,nvdla_core_clk,,
nvdla,B,https://github.com/nvdla/hw.git,8e06b1b9d85aab65b40d43d08eec5ea4681ff715,nvdlav1,SDP_Y_CORE_Y_alu_core_cfg_alu_algo_rsc_triosy_obj_cfg_alu_algo_rsc_triosy_wait_ctrl,vmod/nvdla/sdp/NV_NVDLA_SDP_CORE_Y_core.v,NV_NVDLA_SDP_CORE_Y_core,.v,0,6,0,,,
nvdla,B,https://github.com/nvdla/hw.git,8e06b1b9d85aab65b40d43d08eec5ea4681ff715,nvdlav1,SDP_Y_CORE_Y_alu_core_cfg_alu_algo_rsc_triosy_obj_cfg_alu_algo_rsc_triosy_wait_dp,vmod/nvdla/sdp/NV_NVDLA_SDP_CORE_Y_core.v,NV_NVDLA_SDP_CORE_Y_core,.v,0,5,0,nvdla_core_clk,,
nvdla,B,https://github.com/nvdla/hw.git,8e06b1b9d85aab65b40d43d08eec5ea4681ff715,nvdlav1,SDP_Y_CORE_Y_alu_core_cfg_alu_bypass_rsc_triosy_obj,vmod/nvdla/sdp/NV_NVDLA_SDP_CORE_Y_core.v,NV_NVDLA_SDP_CORE_Y_core,.v,0,8,3,nvdla_core_clk,,
nvdla,B,https://github.com/nvdla/hw.git,8e06b1b9d85aab65b40d43d08eec5ea4681ff715,nvdlav1,SDP_Y_CORE_Y_alu_core_cfg_alu_bypass_rsc_triosy_obj_cfg_alu_bypass_rsc_triosy_wait_ctrl,vmod/nvdla/sdp/NV_NVDLA_SDP_CORE_Y_core.v,NV_NVDLA_SDP_CORE_Y_core,.v,0,6,0,,,
nvdla,B,https://github.com/nvdla/hw.git,8e06b1b9d85aab65b40d43d08eec5ea4681ff715,nvdlav1,SDP_Y_CORE_Y_alu_core_cfg_alu_bypass_rsc_triosy_obj_cfg_alu_bypass_rsc_triosy_wait_dp,vmod/nvdla/sdp/NV_NVDLA_SDP_CORE_Y_core.v,NV_NVDLA_SDP_CORE_Y_core,.v,0,5,0,nvdla_core_clk,,
nvdla,B,https://github.com/nvdla/hw.git,8e06b1b9d85aab65b40d43d08eec5ea4681ff715,nvdlav1,SDP_Y_CORE_Y_alu_core_cfg_alu_op_rsc_triosy_obj,vmod/nvdla/sdp/NV_NVDLA_SDP_CORE_Y_core.v,NV_NVDLA_SDP_CORE_Y_core,.v,0,8,3,nvdla_core_clk,,
nvdla,B,https://github.com/nvdla/hw.git,8e06b1b9d85aab65b40d43d08eec5ea4681ff715,nvdlav1,SDP_Y_CORE_Y_alu_core_cfg_alu_op_rsc_triosy_obj_cfg_alu_op_rsc_triosy_wait_ctrl,vmod/nvdla/sdp/NV_NVDLA_SDP_CORE_Y_core.v,NV_NVDLA_SDP_CORE_Y_core,.v,0,6,0,,,
nvdla,B,https://github.com/nvdla/hw.git,8e06b1b9d85aab65b40d43d08eec5ea4681ff715,nvdlav1,SDP_Y_CORE_Y_alu_core_cfg_alu_op_rsc_triosy_obj_cfg_alu_op_rsc_triosy_wait_dp,vmod/nvdla/sdp/NV_NVDLA_SDP_CORE_Y_core.v,NV_NVDLA_SDP_CORE_Y_core,.v,0,5,0,nvdla_core_clk,,
nvdla,B,https://github.com/nvdla/hw.git,8e06b1b9d85aab65b40d43d08eec5ea4681ff715,nvdlav1,SDP_Y_CORE_Y_alu_core_cfg_alu_src_rsc_triosy_obj,vmod/nvdla/sdp/NV_NVDLA_SDP_CORE_Y_core.v,NV_NVDLA_SDP_CORE_Y_core,.v,0,8,3,nvdla_core_clk,,
nvdla,B,https://github.com/nvdla/hw.git,8e06b1b9d85aab65b40d43d08eec5ea4681ff715,nvdlav1,SDP_Y_CORE_Y_alu_core_cfg_alu_src_rsc_triosy_obj_cfg_alu_src_rsc_triosy_wait_ctrl,vmod/nvdla/sdp/NV_NVDLA_SDP_CORE_Y_core.v,NV_NVDLA_SDP_CORE_Y_core,.v,0,6,0,,,
nvdla,B,https://github.com/nvdla/hw.git,8e06b1b9d85aab65b40d43d08eec5ea4681ff715,nvdlav1,SDP_Y_CORE_Y_alu_core_cfg_alu_src_rsc_triosy_obj_cfg_alu_src_rsc_triosy_wait_dp,vmod/nvdla/sdp/NV_NVDLA_SDP_CORE_Y_core.v,NV_NVDLA_SDP_CORE_Y_core,.v,0,5,0,nvdla_core_clk,,
nvdla,B,https://github.com/nvdla/hw.git,8e06b1b9d85aab65b40d43d08eec5ea4681ff715,nvdlav1,SDP_Y_CORE_Y_alu_core_chn_alu_in_rsci,vmod/nvdla/sdp/NV_NVDLA_SDP_CORE_Y_core.v,NV_NVDLA_SDP_CORE_Y_core,.v,0,13,3,nvdla_core_clk,,
nvdla,B,https://github.com/nvdla/hw.git,8e06b1b9d85aab65b40d43d08eec5ea4681ff715,nvdlav1,SDP_Y_CORE_Y_alu_core_chn_alu_in_rsci_chn_alu_in_wait_ctrl,vmod/nvdla/sdp/NV_NVDLA_SDP_CORE_Y_core.v,NV_NVDLA_SDP_CORE_Y_core,.v,0,11,0,nvdla_core_clk,,
nvdla,B,https://github.com/nvdla/hw.git,8e06b1b9d85aab65b40d43d08eec5ea4681ff715,nvdlav1,SDP_Y_CORE_Y_alu_core_chn_alu_in_rsci_chn_alu_in_wait_dp,vmod/nvdla/sdp/NV_NVDLA_SDP_CORE_Y_core.v,NV_NVDLA_SDP_CORE_Y_core,.v,0,9,0,nvdla_core_clk,,
nvdla,B,https://github.com/nvdla/hw.git,8e06b1b9d85aab65b40d43d08eec5ea4681ff715,nvdlav1,SDP_Y_CORE_Y_alu_core_chn_alu_op_rsci,vmod/nvdla/sdp/NV_NVDLA_SDP_CORE_Y_core.v,NV_NVDLA_SDP_CORE_Y_core,.v,0,13,3,nvdla_core_clk,,
nvdla,B,https://github.com/nvdla/hw.git,8e06b1b9d85aab65b40d43d08eec5ea4681ff715,nvdlav1,SDP_Y_CORE_Y_alu_core_chn_alu_op_rsci_chn_alu_op_wait_ctrl,vmod/nvdla/sdp/NV_NVDLA_SDP_CORE_Y_core.v,NV_NVDLA_SDP_CORE_Y_core,.v,0,11,0,nvdla_core_clk,,
nvdla,B,https://github.com/nvdla/hw.git,8e06b1b9d85aab65b40d43d08eec5ea4681ff715,nvdlav1,SDP_Y_CORE_Y_alu_core_chn_alu_op_rsci_chn_alu_op_wait_dp,vmod/nvdla/sdp/NV_NVDLA_SDP_CORE_Y_core.v,NV_NVDLA_SDP_CORE_Y_core,.v,0,9,0,nvdla_core_clk,,
nvdla,B,https://github.com/nvdla/hw.git,8e06b1b9d85aab65b40d43d08eec5ea4681ff715,nvdlav1,SDP_Y_CORE_Y_alu_core_chn_alu_out_rsci,vmod/nvdla/sdp/NV_NVDLA_SDP_CORE_Y_core.v,NV_NVDLA_SDP_CORE_Y_core,.v,0,13,3,nvdla_core_clk,,
nvdla,B,https://github.com/nvdla/hw.git,8e06b1b9d85aab65b40d43d08eec5ea4681ff715,nvdlav1,SDP_Y_CORE_Y_alu_core_chn_alu_out_rsci_chn_alu_out_wait_ctrl,vmod/nvdla/sdp/NV_NVDLA_SDP_CORE_Y_core.v,NV_NVDLA_SDP_CORE_Y_core,.v,0,11,0,nvdla_core_clk,,
nvdla,B,https://github.com/nvdla/hw.git,8e06b1b9d85aab65b40d43d08eec5ea4681ff715,nvdlav1,SDP_Y_CORE_Y_alu_core_chn_alu_out_rsci_chn_alu_out_wait_dp,vmod/nvdla/sdp/NV_NVDLA_SDP_CORE_Y_core.v,NV_NVDLA_SDP_CORE_Y_core,.v,0,7,0,nvdla_core_clk,,
nvdla,B,https://github.com/nvdla/hw.git,8e06b1b9d85aab65b40d43d08eec5ea4681ff715,nvdlav1,SDP_Y_CORE_Y_alu_core_core_fsm,vmod/nvdla/sdp/NV_NVDLA_SDP_CORE_Y_core.v,NV_NVDLA_SDP_CORE_Y_core,.v,0,4,0,nvdla_core_clk,,
nvdla,B,https://github.com/nvdla/hw.git,8e06b1b9d85aab65b40d43d08eec5ea4681ff715,nvdlav1,SDP_Y_CORE_Y_alu_core_staller,vmod/nvdla/sdp/NV_NVDLA_SDP_CORE_Y_core.v,NV_NVDLA_SDP_CORE_Y_core,.v,0,7,0,nvdla_core_clk,,
nvdla,B,https://github.com/nvdla/hw.git,8e06b1b9d85aab65b40d43d08eec5ea4681ff715,nvdlav1,SDP_Y_CORE_Y_mul,vmod/nvdla/sdp/NV_NVDLA_SDP_CORE_Y_core.v,NV_NVDLA_SDP_CORE_Y_core,.v,0,22,14,nvdla_core_clk,,
nvdla,B,https://github.com/nvdla/hw.git,8e06b1b9d85aab65b40d43d08eec5ea4681ff715,nvdlav1,SDP_Y_CORE_Y_mul_core,vmod/nvdla/sdp/NV_NVDLA_SDP_CORE_Y_core.v,NV_NVDLA_SDP_CORE_Y_core,.v,0,34,14,nvdla_core_clk,,
nvdla,B,https://github.com/nvdla/hw.git,8e06b1b9d85aab65b40d43d08eec5ea4681ff715,nvdlav1,SDP_Y_CORE_Y_mul_core_cfg_mul_bypass_rsc_triosy_obj,vmod/nvdla/sdp/NV_NVDLA_SDP_CORE_Y_core.v,NV_NVDLA_SDP_CORE_Y_core,.v,0,8,3,nvdla_core_clk,,
nvdla,B,https://github.com/nvdla/hw.git,8e06b1b9d85aab65b40d43d08eec5ea4681ff715,nvdlav1,SDP_Y_CORE_Y_mul_core_cfg_mul_bypass_rsc_triosy_obj_cfg_mul_bypass_rsc_triosy_wait_ctrl,vmod/nvdla/sdp/NV_NVDLA_SDP_CORE_Y_core.v,NV_NVDLA_SDP_CORE_Y_core,.v,0,6,0,,,
nvdla,B,https://github.com/nvdla/hw.git,8e06b1b9d85aab65b40d43d08eec5ea4681ff715,nvdlav1,SDP_Y_CORE_Y_mul_core_cfg_mul_bypass_rsc_triosy_obj_cfg_mul_bypass_rsc_triosy_wait_dp,vmod/nvdla/sdp/NV_NVDLA_SDP_CORE_Y_core.v,NV_NVDLA_SDP_CORE_Y_core,.v,0,5,0,nvdla_core_clk,,
nvdla,B,https://github.com/nvdla/hw.git,8e06b1b9d85aab65b40d43d08eec5ea4681ff715,nvdlav1,SDP_Y_CORE_Y_mul_core_cfg_mul_op_rsc_triosy_obj,vmod/nvdla/sdp/NV_NVDLA_SDP_CORE_Y_core.v,NV_NVDLA_SDP_CORE_Y_core,.v,0,8,3,nvdla_core_clk,,
nvdla,B,https://github.com/nvdla/hw.git,8e06b1b9d85aab65b40d43d08eec5ea4681ff715,nvdlav1,SDP_Y_CORE_Y_mul_core_cfg_mul_op_rsc_triosy_obj_cfg_mul_op_rsc_triosy_wait_ctrl,vmod/nvdla/sdp/NV_NVDLA_SDP_CORE_Y_core.v,NV_NVDLA_SDP_CORE_Y_core,.v,0,6,0,,,
nvdla,B,https://github.com/nvdla/hw.git,8e06b1b9d85aab65b40d43d08eec5ea4681ff715,nvdlav1,SDP_Y_CORE_Y_mul_core_cfg_mul_op_rsc_triosy_obj_cfg_mul_op_rsc_triosy_wait_dp,vmod/nvdla/sdp/NV_NVDLA_SDP_CORE_Y_core.v,NV_NVDLA_SDP_CORE_Y_core,.v,0,5,0,nvdla_core_clk,,
nvdla,B,https://github.com/nvdla/hw.git,8e06b1b9d85aab65b40d43d08eec5ea4681ff715,nvdlav1,SDP_Y_CORE_Y_mul_core_cfg_mul_prelu_rsc_triosy_obj,vmod/nvdla/sdp/NV_NVDLA_SDP_CORE_Y_core.v,NV_NVDLA_SDP_CORE_Y_core,.v,0,8,3,nvdla_core_clk,,
nvdla,B,https://github.com/nvdla/hw.git,8e06b1b9d85aab65b40d43d08eec5ea4681ff715,nvdlav1,SDP_Y_CORE_Y_mul_core_cfg_mul_prelu_rsc_triosy_obj_cfg_mul_prelu_rsc_triosy_wait_ctrl,vmod/nvdla/sdp/NV_NVDLA_SDP_CORE_Y_core.v,NV_NVDLA_SDP_CORE_Y_core,.v,0,6,0,,,
nvdla,B,https://github.com/nvdla/hw.git,8e06b1b9d85aab65b40d43d08eec5ea4681ff715,nvdlav1,SDP_Y_CORE_Y_mul_core_cfg_mul_prelu_rsc_triosy_obj_cfg_mul_prelu_rsc_triosy_wait_dp,vmod/nvdla/sdp/NV_NVDLA_SDP_CORE_Y_core.v,NV_NVDLA_SDP_CORE_Y_core,.v,0,5,0,nvdla_core_clk,,
nvdla,B,https://github.com/nvdla/hw.git,8e06b1b9d85aab65b40d43d08eec5ea4681ff715,nvdlav1,SDP_Y_CORE_Y_mul_core_cfg_mul_src_rsc_triosy_obj,vmod/nvdla/sdp/NV_NVDLA_SDP_CORE_Y_core.v,NV_NVDLA_SDP_CORE_Y_core,.v,0,8,3,nvdla_core_clk,,
nvdla,B,https://github.com/nvdla/hw.git,8e06b1b9d85aab65b40d43d08eec5ea4681ff715,nvdlav1,SDP_Y_CORE_Y_mul_core_cfg_mul_src_rsc_triosy_obj_cfg_mul_src_rsc_triosy_wait_ctrl,vmod/nvdla/sdp/NV_NVDLA_SDP_CORE_Y_core.v,NV_NVDLA_SDP_CORE_Y_core,.v,0,6,0,,,
nvdla,B,https://github.com/nvdla/hw.git,8e06b1b9d85aab65b40d43d08eec5ea4681ff715,nvdlav1,SDP_Y_CORE_Y_mul_core_cfg_mul_src_rsc_triosy_obj_cfg_mul_src_rsc_triosy_wait_dp,vmod/nvdla/sdp/NV_NVDLA_SDP_CORE_Y_core.v,NV_NVDLA_SDP_CORE_Y_core,.v,0,5,0,nvdla_core_clk,,
nvdla,B,https://github.com/nvdla/hw.git,8e06b1b9d85aab65b40d43d08eec5ea4681ff715,nvdlav1,SDP_Y_CORE_Y_mul_core_cfg_truncate_rsc_triosy_obj,vmod/nvdla/sdp/NV_NVDLA_SDP_CORE_Y_core.v,NV_NVDLA_SDP_CORE_Y_core,.v,0,8,3,nvdla_core_clk,,
nvdla,B,https://github.com/nvdla/hw.git,8e06b1b9d85aab65b40d43d08eec5ea4681ff715,nvdlav1,SDP_Y_CORE_Y_mul_core_cfg_truncate_rsc_triosy_obj_cfg_truncate_rsc_triosy_wait_ctrl,vmod/nvdla/sdp/NV_NVDLA_SDP_CORE_Y_core.v,NV_NVDLA_SDP_CORE_Y_core,.v,0,6,0,,,
nvdla,B,https://github.com/nvdla/hw.git,8e06b1b9d85aab65b40d43d08eec5ea4681ff715,nvdlav1,SDP_Y_CORE_Y_mul_core_cfg_truncate_rsc_triosy_obj_cfg_truncate_rsc_triosy_wait_dp,vmod/nvdla/sdp/NV_NVDLA_SDP_CORE_Y_core.v,NV_NVDLA_SDP_CORE_Y_core,.v,0,5,0,nvdla_core_clk,,
nvdla,B,https://github.com/nvdla/hw.git,8e06b1b9d85aab65b40d43d08eec5ea4681ff715,nvdlav1,SDP_Y_CORE_Y_mul_core_chn_mul_in_rsci,vmod/nvdla/sdp/NV_NVDLA_SDP_CORE_Y_core.v,NV_NVDLA_SDP_CORE_Y_core,.v,0,13,3,nvdla_core_clk,,
nvdla,B,https://github.com/nvdla/hw.git,8e06b1b9d85aab65b40d43d08eec5ea4681ff715,nvdlav1,SDP_Y_CORE_Y_mul_core_chn_mul_in_rsci_chn_mul_in_wait_ctrl,vmod/nvdla/sdp/NV_NVDLA_SDP_CORE_Y_core.v,NV_NVDLA_SDP_CORE_Y_core,.v,0,11,0,nvdla_core_clk,,
nvdla,B,https://github.com/nvdla/hw.git,8e06b1b9d85aab65b40d43d08eec5ea4681ff715,nvdlav1,SDP_Y_CORE_Y_mul_core_chn_mul_in_rsci_chn_mul_in_wait_dp,vmod/nvdla/sdp/NV_NVDLA_SDP_CORE_Y_core.v,NV_NVDLA_SDP_CORE_Y_core,.v,0,9,0,nvdla_core_clk,,
nvdla,B,https://github.com/nvdla/hw.git,8e06b1b9d85aab65b40d43d08eec5ea4681ff715,nvdlav1,SDP_Y_CORE_Y_mul_core_chn_mul_op_rsci,vmod/nvdla/sdp/NV_NVDLA_SDP_CORE_Y_core.v,NV_NVDLA_SDP_CORE_Y_core,.v,0,13,3,nvdla_core_clk,,
nvdla,B,https://github.com/nvdla/hw.git,8e06b1b9d85aab65b40d43d08eec5ea4681ff715,nvdlav1,SDP_Y_CORE_Y_mul_core_chn_mul_op_rsci_chn_mul_op_wait_ctrl,vmod/nvdla/sdp/NV_NVDLA_SDP_CORE_Y_core.v,NV_NVDLA_SDP_CORE_Y_core,.v,0,11,0,nvdla_core_clk,,
nvdla,B,https://github.com/nvdla/hw.git,8e06b1b9d85aab65b40d43d08eec5ea4681ff715,nvdlav1,SDP_Y_CORE_Y_mul_core_chn_mul_op_rsci_chn_mul_op_wait_dp,vmod/nvdla/sdp/NV_NVDLA_SDP_CORE_Y_core.v,NV_NVDLA_SDP_CORE_Y_core,.v,0,9,0,nvdla_core_clk,,
nvdla,B,https://github.com/nvdla/hw.git,8e06b1b9d85aab65b40d43d08eec5ea4681ff715,nvdlav1,SDP_Y_CORE_Y_mul_core_chn_mul_out_rsci,vmod/nvdla/sdp/NV_NVDLA_SDP_CORE_Y_core.v,NV_NVDLA_SDP_CORE_Y_core,.v,0,13,3,nvdla_core_clk,,
nvdla,B,https://github.com/nvdla/hw.git,8e06b1b9d85aab65b40d43d08eec5ea4681ff715,nvdlav1,SDP_Y_CORE_Y_mul_core_chn_mul_out_rsci_chn_mul_out_wait_ctrl,vmod/nvdla/sdp/NV_NVDLA_SDP_CORE_Y_core.v,NV_NVDLA_SDP_CORE_Y_core,.v,0,11,0,nvdla_core_clk,,
nvdla,B,https://github.com/nvdla/hw.git,8e06b1b9d85aab65b40d43d08eec5ea4681ff715,nvdlav1,SDP_Y_CORE_Y_mul_core_chn_mul_out_rsci_chn_mul_out_wait_dp,vmod/nvdla/sdp/NV_NVDLA_SDP_CORE_Y_core.v,NV_NVDLA_SDP_CORE_Y_core,.v,0,7,0,nvdla_core_clk,,
nvdla,B,https://github.com/nvdla/hw.git,8e06b1b9d85aab65b40d43d08eec5ea4681ff715,nvdlav1,SDP_Y_CORE_Y_mul_core_core_fsm,vmod/nvdla/sdp/NV_NVDLA_SDP_CORE_Y_core.v,NV_NVDLA_SDP_CORE_Y_core,.v,0,4,0,nvdla_core_clk,,
nvdla,B,https://github.com/nvdla/hw.git,8e06b1b9d85aab65b40d43d08eec5ea4681ff715,nvdlav1,SDP_Y_CORE_Y_mul_core_staller,vmod/nvdla/sdp/NV_NVDLA_SDP_CORE_Y_core.v,NV_NVDLA_SDP_CORE_Y_core,.v,0,7,0,nvdla_core_clk,,
nvdla,B,https://github.com/nvdla/hw.git,8e06b1b9d85aab65b40d43d08eec5ea4681ff715,nvdlav1,SDP_Y_CORE_cfg_alu_algo_rsc_triosy_obj_unreg,vmod/nvdla/sdp/NV_NVDLA_SDP_CORE_Y_core.v,NV_NVDLA_SDP_CORE_Y_core,.v,0,2,0,,,
nvdla,B,https://github.com/nvdla/hw.git,8e06b1b9d85aab65b40d43d08eec5ea4681ff715,nvdlav1,SDP_Y_CORE_cfg_alu_bypass_rsc_triosy_obj_unreg,vmod/nvdla/sdp/NV_NVDLA_SDP_CORE_Y_core.v,NV_NVDLA_SDP_CORE_Y_core,.v,0,2,0,,,
nvdla,B,https://github.com/nvdla/hw.git,8e06b1b9d85aab65b40d43d08eec5ea4681ff715,nvdlav1,SDP_Y_CORE_cfg_alu_op_rsc_triosy_obj_unreg,vmod/nvdla/sdp/NV_NVDLA_SDP_CORE_Y_core.v,NV_NVDLA_SDP_CORE_Y_core,.v,0,2,0,,,
nvdla,B,https://github.com/nvdla/hw.git,8e06b1b9d85aab65b40d43d08eec5ea4681ff715,nvdlav1,SDP_Y_CORE_cfg_alu_src_rsc_triosy_obj_unreg,vmod/nvdla/sdp/NV_NVDLA_SDP_CORE_Y_core.v,NV_NVDLA_SDP_CORE_Y_core,.v,0,2,0,,,
nvdla,B,https://github.com/nvdla/hw.git,8e06b1b9d85aab65b40d43d08eec5ea4681ff715,nvdlav1,SDP_Y_CORE_cfg_mul_bypass_rsc_triosy_obj_unreg,vmod/nvdla/sdp/NV_NVDLA_SDP_CORE_Y_core.v,NV_NVDLA_SDP_CORE_Y_core,.v,0,2,0,,,
nvdla,B,https://github.com/nvdla/hw.git,8e06b1b9d85aab65b40d43d08eec5ea4681ff715,nvdlav1,SDP_Y_CORE_cfg_mul_op_rsc_triosy_obj_unreg,vmod/nvdla/sdp/NV_NVDLA_SDP_CORE_Y_core.v,NV_NVDLA_SDP_CORE_Y_core,.v,0,2,0,,,
nvdla,B,https://github.com/nvdla/hw.git,8e06b1b9d85aab65b40d43d08eec5ea4681ff715,nvdlav1,SDP_Y_CORE_cfg_mul_prelu_rsc_triosy_obj_unreg,vmod/nvdla/sdp/NV_NVDLA_SDP_CORE_Y_core.v,NV_NVDLA_SDP_CORE_Y_core,.v,0,2,0,,,
nvdla,B,https://github.com/nvdla/hw.git,8e06b1b9d85aab65b40d43d08eec5ea4681ff715,nvdlav1,SDP_Y_CORE_cfg_mul_src_rsc_triosy_obj_unreg,vmod/nvdla/sdp/NV_NVDLA_SDP_CORE_Y_core.v,NV_NVDLA_SDP_CORE_Y_core,.v,0,2,0,,,
nvdla,B,https://github.com/nvdla/hw.git,8e06b1b9d85aab65b40d43d08eec5ea4681ff715,nvdlav1,SDP_Y_CORE_cfg_truncate_rsc_triosy_obj_unreg,vmod/nvdla/sdp/NV_NVDLA_SDP_CORE_Y_core.v,NV_NVDLA_SDP_CORE_Y_core,.v,0,2,0,,,
nvdla,B,https://github.com/nvdla/hw.git,8e06b1b9d85aab65b40d43d08eec5ea4681ff715,nvdlav1,SDP_Y_CORE_chn_alu_in_rsci_unreg,vmod/nvdla/sdp/NV_NVDLA_SDP_CORE_Y_core.v,NV_NVDLA_SDP_CORE_Y_core,.v,0,2,0,,,
nvdla,B,https://github.com/nvdla/hw.git,8e06b1b9d85aab65b40d43d08eec5ea4681ff715,nvdlav1,SDP_Y_CORE_chn_alu_op_rsci_unreg,vmod/nvdla/sdp/NV_NVDLA_SDP_CORE_Y_core.v,NV_NVDLA_SDP_CORE_Y_core,.v,0,2,0,,,
nvdla,B,https://github.com/nvdla/hw.git,8e06b1b9d85aab65b40d43d08eec5ea4681ff715,nvdlav1,SDP_Y_CORE_chn_alu_out_rsci_unreg,vmod/nvdla/sdp/NV_NVDLA_SDP_CORE_Y_core.v,NV_NVDLA_SDP_CORE_Y_core,.v,0,2,0,,,
nvdla,B,https://github.com/nvdla/hw.git,8e06b1b9d85aab65b40d43d08eec5ea4681ff715,nvdlav1,SDP_Y_CORE_chn_mul_in_rsci_unreg,vmod/nvdla/sdp/NV_NVDLA_SDP_CORE_Y_core.v,NV_NVDLA_SDP_CORE_Y_core,.v,0,2,0,,,
nvdla,B,https://github.com/nvdla/hw.git,8e06b1b9d85aab65b40d43d08eec5ea4681ff715,nvdlav1,SDP_Y_CORE_chn_mul_op_rsci_unreg,vmod/nvdla/sdp/NV_NVDLA_SDP_CORE_Y_core.v,NV_NVDLA_SDP_CORE_Y_core,.v,0,2,0,,,
nvdla,B,https://github.com/nvdla/hw.git,8e06b1b9d85aab65b40d43d08eec5ea4681ff715,nvdlav1,SDP_Y_CORE_chn_mul_out_rsci_unreg,vmod/nvdla/sdp/NV_NVDLA_SDP_CORE_Y_core.v,NV_NVDLA_SDP_CORE_Y_core,.v,0,2,0,,,
nvdla,B,https://github.com/nvdla/hw.git,8e06b1b9d85aab65b40d43d08eec5ea4681ff715,nvdlav1,SDP_Y_CORE_leading_sign_49_0,vmod/nvdla/sdp/NV_NVDLA_SDP_CORE_Y_core.v,NV_NVDLA_SDP_CORE_Y_core,.v,0,2,0,,,
nvdla,B,https://github.com/nvdla/hw.git,8e06b1b9d85aab65b40d43d08eec5ea4681ff715,nvdlav1,SDP_Y_CORE_mgc_in_sync_v1,vmod/nvdla/sdp/NV_NVDLA_SDP_CORE_Y_core.v,NV_NVDLA_SDP_CORE_Y_core,.v,0,2,0,,,
nvdla,B,https://github.com/nvdla/hw.git,8e06b1b9d85aab65b40d43d08eec5ea4681ff715,nvdlav1,SDP_Y_CORE_mgc_in_wire_v1,vmod/nvdla/sdp/NV_NVDLA_SDP_CORE_Y_core.v,NV_NVDLA_SDP_CORE_Y_core,.v,0,2,0,,,
nvdla,B,https://github.com/nvdla/hw.git,8e06b1b9d85aab65b40d43d08eec5ea4681ff715,nvdlav1,SDP_Y_CORE_mgc_in_wire_wait_v1,vmod/nvdla/sdp/NV_NVDLA_SDP_CORE_Y_core.v,NV_NVDLA_SDP_CORE_Y_core,.v,0,6,0,,,
nvdla,B,https://github.com/nvdla/hw.git,8e06b1b9d85aab65b40d43d08eec5ea4681ff715,nvdlav1,SDP_Y_CORE_mgc_io_sync_v1,vmod/nvdla/sdp/NV_NVDLA_SDP_CORE_Y_core.v,NV_NVDLA_SDP_CORE_Y_core,.v,0,2,0,,,
nvdla,B,https://github.com/nvdla/hw.git,8e06b1b9d85aab65b40d43d08eec5ea4681ff715,nvdlav1,SDP_Y_CORE_mgc_out_fifo_wait_core_v9,vmod/nvdla/sdp/NV_NVDLA_SDP_CORE_Y_core.v,NV_NVDLA_SDP_CORE_Y_core,.v,0,11,0,clk,,
nvdla,B,https://github.com/nvdla/hw.git,8e06b1b9d85aab65b40d43d08eec5ea4681ff715,nvdlav1,SDP_Y_CORE_mgc_out_stdreg_wait_v1,vmod/nvdla/sdp/NV_NVDLA_SDP_CORE_Y_core.v,NV_NVDLA_SDP_CORE_Y_core,.v,0,6,0,,,
nvdla,B,https://github.com/nvdla/hw.git,8e06b1b9d85aab65b40d43d08eec5ea4681ff715,nvdlav1,SDP_Y_CORE_mgc_pipe_v10,vmod/nvdla/sdp/NV_NVDLA_SDP_CORE_Y_core.v,NV_NVDLA_SDP_CORE_Y_core,.v,0,11,1,clk,,
nvdla,B,https://github.com/nvdla/hw.git,8e06b1b9d85aab65b40d43d08eec5ea4681ff715,nvdlav1,SDP_Y_CORE_mgc_shift_bl_v4,vmod/nvdla/sdp/NV_NVDLA_SDP_CORE_Y_core.v,NV_NVDLA_SDP_CORE_Y_core,.v,0,3,0,,,
nvdla,B,https://github.com/nvdla/hw.git,8e06b1b9d85aab65b40d43d08eec5ea4681ff715,nvdlav1,SDP_Y_CORE_mgc_shift_l_v4,vmod/nvdla/sdp/NV_NVDLA_SDP_CORE_Y_core.v,NV_NVDLA_SDP_CORE_Y_core,.v,0,3,0,,,
nvdla,B,https://github.com/nvdla/hw.git,8e06b1b9d85aab65b40d43d08eec5ea4681ff715,nvdlav1,SDP_Y_CORE_mgc_shift_r_v4,vmod/nvdla/sdp/NV_NVDLA_SDP_CORE_Y_core.v,NV_NVDLA_SDP_CORE_Y_core,.v,0,3,0,,,
nvdla,B,https://github.com/nvdla/hw.git,8e06b1b9d85aab65b40d43d08eec5ea4681ff715,nvdlav1,SDP_Y_CVT_chn_in_rsci_unreg,vmod/nvdla/sdp/NV_NVDLA_SDP_CORE_Y_cvt.v,NV_NVDLA_SDP_CORE_Y_cvt,.v,0,2,0,,,
nvdla,B,https://github.com/nvdla/hw.git,8e06b1b9d85aab65b40d43d08eec5ea4681ff715,nvdlav1,SDP_Y_CVT_chn_out_rsci_unreg,vmod/nvdla/sdp/NV_NVDLA_SDP_CORE_Y_cvt.v,NV_NVDLA_SDP_CORE_Y_cvt,.v,0,2,0,,,
nvdla,B,https://github.com/nvdla/hw.git,8e06b1b9d85aab65b40d43d08eec5ea4681ff715,nvdlav1,SDP_Y_CVT_leading_sign_23_0,vmod/nvdla/sdp/NV_NVDLA_SDP_CORE_Y_cvt.v,NV_NVDLA_SDP_CORE_Y_cvt,.v,0,2,0,,,
nvdla,B,https://github.com/nvdla/hw.git,8e06b1b9d85aab65b40d43d08eec5ea4681ff715,nvdlav1,SDP_Y_CVT_mgc_in_wire_v1,vmod/nvdla/sdp/NV_NVDLA_SDP_CORE_Y_cvt.v,NV_NVDLA_SDP_CORE_Y_cvt,.v,0,2,0,,,
nvdla,B,https://github.com/nvdla/hw.git,8e06b1b9d85aab65b40d43d08eec5ea4681ff715,nvdlav1,SDP_Y_CVT_mgc_in_wire_wait_v1,vmod/nvdla/sdp/NV_NVDLA_SDP_CORE_Y_cvt.v,NV_NVDLA_SDP_CORE_Y_cvt,.v,0,6,0,,,
nvdla,B,https://github.com/nvdla/hw.git,8e06b1b9d85aab65b40d43d08eec5ea4681ff715,nvdlav1,SDP_Y_CVT_mgc_out_stdreg_wait_v1,vmod/nvdla/sdp/NV_NVDLA_SDP_CORE_Y_cvt.v,NV_NVDLA_SDP_CORE_Y_cvt,.v,0,6,0,,,
nvdla,B,https://github.com/nvdla/hw.git,8e06b1b9d85aab65b40d43d08eec5ea4681ff715,nvdlav1,SDP_Y_CVT_mgc_shift_l_v4,vmod/nvdla/sdp/NV_NVDLA_SDP_CORE_Y_cvt.v,NV_NVDLA_SDP_CORE_Y_cvt,.v,0,3,0,,,
nvdla,B,https://github.com/nvdla/hw.git,8e06b1b9d85aab65b40d43d08eec5ea4681ff715,nvdlav1,SDP_Y_CVT_mgc_shift_r_v4,vmod/nvdla/sdp/NV_NVDLA_SDP_CORE_Y_cvt.v,NV_NVDLA_SDP_CORE_Y_cvt,.v,0,3,0,,,
nvdla,B,https://github.com/nvdla/hw.git,8e06b1b9d85aab65b40d43d08eec5ea4681ff715,nvdlav1,SDP_Y_IDX_chn_lut_in_rsci_unreg,vmod/nvdla/sdp/NV_NVDLA_SDP_CORE_Y_idx.v,NV_NVDLA_SDP_CORE_Y_idx,.v,0,2,0,,,
nvdla,B,https://github.com/nvdla/hw.git,8e06b1b9d85aab65b40d43d08eec5ea4681ff715,nvdlav1,SDP_Y_IDX_chn_lut_out_rsci_unreg,vmod/nvdla/sdp/NV_NVDLA_SDP_CORE_Y_idx.v,NV_NVDLA_SDP_CORE_Y_idx,.v,0,2,0,,,
nvdla,B,https://github.com/nvdla/hw.git,8e06b1b9d85aab65b40d43d08eec5ea4681ff715,nvdlav1,SDP_Y_IDX_leading_sign_32_0,vmod/nvdla/sdp/NV_NVDLA_SDP_CORE_Y_idx.v,NV_NVDLA_SDP_CORE_Y_idx,.v,0,2,0,,,
nvdla,B,https://github.com/nvdla/hw.git,8e06b1b9d85aab65b40d43d08eec5ea4681ff715,nvdlav1,SDP_Y_IDX_leading_sign_49_0,vmod/nvdla/sdp/NV_NVDLA_SDP_CORE_Y_idx.v,NV_NVDLA_SDP_CORE_Y_idx,.v,0,2,0,,,
nvdla,B,https://github.com/nvdla/hw.git,8e06b1b9d85aab65b40d43d08eec5ea4681ff715,nvdlav1,SDP_Y_IDX_mgc_in_wire_v1,vmod/nvdla/sdp/NV_NVDLA_SDP_CORE_Y_idx.v,NV_NVDLA_SDP_CORE_Y_idx,.v,0,2,0,,,
nvdla,B,https://github.com/nvdla/hw.git,8e06b1b9d85aab65b40d43d08eec5ea4681ff715,nvdlav1,SDP_Y_IDX_mgc_in_wire_wait_v1,vmod/nvdla/sdp/NV_NVDLA_SDP_CORE_Y_idx.v,NV_NVDLA_SDP_CORE_Y_idx,.v,0,6,0,,,
nvdla,B,https://github.com/nvdla/hw.git,8e06b1b9d85aab65b40d43d08eec5ea4681ff715,nvdlav1,SDP_Y_IDX_mgc_out_stdreg_wait_v1,vmod/nvdla/sdp/NV_NVDLA_SDP_CORE_Y_idx.v,NV_NVDLA_SDP_CORE_Y_idx,.v,0,6,0,,,
nvdla,B,https://github.com/nvdla/hw.git,8e06b1b9d85aab65b40d43d08eec5ea4681ff715,nvdlav1,SDP_Y_IDX_mgc_shift_bl_v4,vmod/nvdla/sdp/NV_NVDLA_SDP_CORE_Y_idx.v,NV_NVDLA_SDP_CORE_Y_idx,.v,0,3,0,,,
nvdla,B,https://github.com/nvdla/hw.git,8e06b1b9d85aab65b40d43d08eec5ea4681ff715,nvdlav1,SDP_Y_IDX_mgc_shift_br_v4,vmod/nvdla/sdp/NV_NVDLA_SDP_CORE_Y_idx.v,NV_NVDLA_SDP_CORE_Y_idx,.v,0,3,0,,,
nvdla,B,https://github.com/nvdla/hw.git,8e06b1b9d85aab65b40d43d08eec5ea4681ff715,nvdlav1,SDP_Y_IDX_mgc_shift_l_v4,vmod/nvdla/sdp/NV_NVDLA_SDP_CORE_Y_idx.v,NV_NVDLA_SDP_CORE_Y_idx,.v,0,3,0,,,
nvdla,B,https://github.com/nvdla/hw.git,8e06b1b9d85aab65b40d43d08eec5ea4681ff715,nvdlav1,SDP_Y_INP_chn_inp_in_rsci_unreg,vmod/nvdla/sdp/NV_NVDLA_SDP_CORE_Y_inp.v,NV_NVDLA_SDP_CORE_Y_inp,.v,0,2,0,,,
nvdla,B,https://github.com/nvdla/hw.git,8e06b1b9d85aab65b40d43d08eec5ea4681ff715,nvdlav1,SDP_Y_INP_chn_inp_out_rsci_unreg,vmod/nvdla/sdp/NV_NVDLA_SDP_CORE_Y_inp.v,NV_NVDLA_SDP_CORE_Y_inp,.v,0,2,0,,,
nvdla,B,https://github.com/nvdla/hw.git,8e06b1b9d85aab65b40d43d08eec5ea4681ff715,nvdlav1,SDP_Y_INP_leading_sign_10_0,vmod/nvdla/sdp/NV_NVDLA_SDP_CORE_Y_inp.v,NV_NVDLA_SDP_CORE_Y_inp,.v,0,2,0,,,
nvdla,B,https://github.com/nvdla/hw.git,8e06b1b9d85aab65b40d43d08eec5ea4681ff715,nvdlav1,SDP_Y_INP_leading_sign_23_0,vmod/nvdla/sdp/NV_NVDLA_SDP_CORE_Y_inp.v,NV_NVDLA_SDP_CORE_Y_inp,.v,0,2,0,,,
nvdla,B,https://github.com/nvdla/hw.git,8e06b1b9d85aab65b40d43d08eec5ea4681ff715,nvdlav1,SDP_Y_INP_leading_sign_35_0,vmod/nvdla/sdp/NV_NVDLA_SDP_CORE_Y_inp.v,NV_NVDLA_SDP_CORE_Y_inp,.v,0,2,0,,,
nvdla,B,https://github.com/nvdla/hw.git,8e06b1b9d85aab65b40d43d08eec5ea4681ff715,nvdlav1,SDP_Y_INP_leading_sign_49_0,vmod/nvdla/sdp/NV_NVDLA_SDP_CORE_Y_inp.v,NV_NVDLA_SDP_CORE_Y_inp,.v,0,2,0,,,
nvdla,B,https://github.com/nvdla/hw.git,8e06b1b9d85aab65b40d43d08eec5ea4681ff715,nvdlav1,SDP_Y_INP_mgc_in_wire_v1,vmod/nvdla/sdp/NV_NVDLA_SDP_CORE_Y_inp.v,NV_NVDLA_SDP_CORE_Y_inp,.v,0,2,0,,,
nvdla,B,https://github.com/nvdla/hw.git,8e06b1b9d85aab65b40d43d08eec5ea4681ff715,nvdlav1,SDP_Y_INP_mgc_in_wire_wait_v1,vmod/nvdla/sdp/NV_NVDLA_SDP_CORE_Y_inp.v,NV_NVDLA_SDP_CORE_Y_inp,.v,0,6,0,,,
nvdla,B,https://github.com/nvdla/hw.git,8e06b1b9d85aab65b40d43d08eec5ea4681ff715,nvdlav1,SDP_Y_INP_mgc_out_stdreg_wait_v1,vmod/nvdla/sdp/NV_NVDLA_SDP_CORE_Y_inp.v,NV_NVDLA_SDP_CORE_Y_inp,.v,0,6,0,,,
nvdla,B,https://github.com/nvdla/hw.git,8e06b1b9d85aab65b40d43d08eec5ea4681ff715,nvdlav1,SDP_Y_INP_mgc_shift_bl_v4,vmod/nvdla/sdp/NV_NVDLA_SDP_CORE_Y_inp.v,NV_NVDLA_SDP_CORE_Y_inp,.v,0,3,0,,,
nvdla,B,https://github.com/nvdla/hw.git,8e06b1b9d85aab65b40d43d08eec5ea4681ff715,nvdlav1,SDP_Y_INP_mgc_shift_br_v4,vmod/nvdla/sdp/NV_NVDLA_SDP_CORE_Y_inp.v,NV_NVDLA_SDP_CORE_Y_inp,.v,0,3,0,,,
nvdla,B,https://github.com/nvdla/hw.git,8e06b1b9d85aab65b40d43d08eec5ea4681ff715,nvdlav1,SDP_Y_INP_mgc_shift_l_v4,vmod/nvdla/sdp/NV_NVDLA_SDP_CORE_Y_inp.v,NV_NVDLA_SDP_CORE_Y_inp,.v,0,3,0,,,
nvdla,B,https://github.com/nvdla/hw.git,8e06b1b9d85aab65b40d43d08eec5ea4681ff715,nvdlav1,SDP_Y_INP_mgc_shift_r_v4,vmod/nvdla/sdp/NV_NVDLA_SDP_CORE_Y_inp.v,NV_NVDLA_SDP_CORE_Y_inp,.v,0,3,0,,,
nvdla,B,https://github.com/nvdla/hw.git,8e06b1b9d85aab65b40d43d08eec5ea4681ff715,nvdlav1,cal1d_fp16_pool_sum,vmod/nvdla/pdp/cal1d_fp16_pool_sum.v,cal1d_fp16_pool_sum,.v,0,18,4,nvdla_op_gated_clk_fp16,,
nvdla,B,https://github.com/nvdla/hw.git,8e06b1b9d85aab65b40d43d08eec5ea4681ff715,nvdlav1,fp16_4add,vmod/nvdla/pdp/fp16_4add.v,fp16_4add,.v,0,9,4,nvdla_core_clk,,
nvdla,B,https://github.com/nvdla/hw.git,8e06b1b9d85aab65b40d43d08eec5ea4681ff715,nvdlav1,fp_format_cvt,vmod/nvdla/cdp/fp_format_cvt.v,fp_format_cvt,.v,0,22,6,nvdla_core_clk,,
nvdla,B,https://github.com/nvdla/hw.git,8e06b1b9d85aab65b40d43d08eec5ea4681ff715,nvdlav1,fp_sum_block,vmod/nvdla/cdp/fp_sum_block.v,fp_sum_block,.v,0,21,24,nvdla_core_clk,,
nvdla,B,https://github.com/nvdla/hw.git,8e06b1b9d85aab65b40d43d08eec5ea4681ff715,nvdlav1,int_sum_block,vmod/nvdla/cdp/int_sum_block.v,int_sum_block,.v,0,38,18,nvdla_core_clk,,
nvdla,B,https://github.com/nvdla/hw.git,8e06b1b9d85aab65b40d43d08eec5ea4681ff715,nvdlav1,read_eg_arb,vmod/nvdla/nocif/NV_NVDLA_XXIF_libs.v,NV_NVDLA_XXIF_libs,.v,0,32,25,clk,reset_,req_gnt
nvdla,B,https://github.com/nvdla/hw.git,8e06b1b9d85aab65b40d43d08eec5ea4681ff715,nvdlav1,read_ig_arb,vmod/nvdla/nocif/NV_NVDLA_XXIF_libs.v,NV_NVDLA_XXIF_libs,.v,0,33,26,clk,reset_,req_gnt
nvdla,B,https://github.com/nvdla/hw.git,8e06b1b9d85aab65b40d43d08eec5ea4681ff715,nvdlav1,vmw_NV_NVDLA_BDMA_STORE_fifo_r2w_flopram_rwsa_4x514,vmod/nvdla/bdma/NV_NVDLA_BDMA_store.v,NV_NVDLA_BDMA_store,.v,0,5,0,,,
nvdla,B,https://github.com/nvdla/hw.git,8e06b1b9d85aab65b40d43d08eec5ea4681ff715,nvdlav1,vmw_NV_NVDLA_BDMA_cq_flopram_rwsa_20x161,vmod/nvdla/bdma/NV_NVDLA_BDMA_cq.v,NV_NVDLA_BDMA_cq,.v,0,5,0,,,
nvdla,B,https://github.com/nvdla/hw.git,8e06b1b9d85aab65b40d43d08eec5ea4681ff715,nvdlav1,vmw_NV_NVDLA_CDMA_IMG_sg2pack_fifo_flopram_rwsa_128x11,vmod/nvdla/cdma/NV_NVDLA_CDMA_IMG_sg2pack_fifo.v,NV_NVDLA_CDMA_IMG_sg2pack_fifo,.v,0,5,0,,,
nvdla,B,https://github.com/nvdla/hw.git,8e06b1b9d85aab65b40d43d08eec5ea4681ff715,nvdlav1,vmw_NV_NVDLA_CDP_RDMA_cq_flopram_rwsa_32x7,vmod/nvdla/cdp/NV_NVDLA_CDP_RDMA_cq.v,NV_NVDLA_CDP_RDMA_cq,.v,0,5,0,,,
nvdla,B,https://github.com/nvdla/hw.git,8e06b1b9d85aab65b40d43d08eec5ea4681ff715,nvdlav1,vmw_NV_NVDLA_CDP_RDMA_ro_fifo_flopram_rwsa_4x64,vmod/nvdla/cdp/NV_NVDLA_CDP_RDMA_eg.v,NV_NVDLA_CDP_RDMA_eg,.v,0,5,0,,,
nvdla,B,https://github.com/nvdla/hw.git,8e06b1b9d85aab65b40d43d08eec5ea4681ff715,nvdlav1,vmw_NV_NVDLA_CDP_WDMA_cmd_fifo_flopram_rwsa_3x15,vmod/nvdla/cdp/NV_NVDLA_CDP_wdma.v,NV_NVDLA_CDP_wdma,.v,0,5,0,,,
nvdla,B,https://github.com/nvdla/hw.git,8e06b1b9d85aab65b40d43d08eec5ea4681ff715,nvdlav1,vmw_NV_NVDLA_CDP_WDMA_dat_fifo_flopram_rwsa_3x64,vmod/nvdla/cdp/NV_NVDLA_CDP_wdma.v,NV_NVDLA_CDP_wdma,.v,0,5,0,,,
nvdla,B,https://github.com/nvdla/hw.git,8e06b1b9d85aab65b40d43d08eec5ea4681ff715,nvdlav1,vmw_NV_NVDLA_CSB_MASTER_csb2falcon_fifo_flopram_rwa_2x34,vmod/nvdla/csb_master/NV_NVDLA_CSB_MASTER_csb2falcon_fifo.v,NV_NVDLA_CSB_MASTER_csb2falcon_fifo,.v,0,5,0,,,
nvdla,B,https://github.com/nvdla/hw.git,8e06b1b9d85aab65b40d43d08eec5ea4681ff715,nvdlav1,vmw_NV_NVDLA_CSB_MASTER_falcon2csb_fifo_flopram_rwa_4x50,vmod/nvdla/csb_master/NV_NVDLA_CSB_MASTER_falcon2csb_fifo.v,NV_NVDLA_CSB_MASTER_falcon2csb_fifo,.v,0,5,0,,,
nvdla,B,https://github.com/nvdla/hw.git,8e06b1b9d85aab65b40d43d08eec5ea4681ff715,nvdlav1,vmw_NV_NVDLA_CSC_SG_dat_fifo_flopram_rwsa_4x33,vmod/nvdla/csc/NV_NVDLA_CSC_SG_dat_fifo.v,NV_NVDLA_CSC_SG_dat_fifo,.v,0,5,0,,,
nvdla,B,https://github.com/nvdla/hw.git,8e06b1b9d85aab65b40d43d08eec5ea4681ff715,nvdlav1,vmw_NV_NVDLA_CSC_SG_wt_fifo_flopram_rwsa_4x20,vmod/nvdla/csc/NV_NVDLA_CSC_SG_wt_fifo.v,NV_NVDLA_CSC_SG_wt_fifo,.v,0,5,0,,,
nvdla,B,https://github.com/nvdla/hw.git,8e06b1b9d85aab65b40d43d08eec5ea4681ff715,nvdlav1,vmw_NV_NVDLA_CVIF_READ_EG_lat_fifo_flopram_rwsa_4x512,vmod/nvdla/nocif/NV_NVDLA_CVIF_READ_eg.v,NV_NVDLA_CVIF_READ_eg,.v,0,5,0,,,
nvdla,B,https://github.com/nvdla/hw.git,8e06b1b9d85aab65b40d43d08eec5ea4681ff715,nvdlav1,vmw_NV_NVDLA_CVIF_READ_EG_ro_fifo_flopram_rwsa_4x257,vmod/nvdla/nocif/NV_NVDLA_CVIF_READ_eg.v,NV_NVDLA_CVIF_READ_eg,.v,0,5,0,,,
nvdla,B,https://github.com/nvdla/hw.git,8e06b1b9d85aab65b40d43d08eec5ea4681ff715,nvdlav1,vmw_NV_NVDLA_CVIF_WRITE_IG_ARB_dfifo_flopram_rwsa_4x514,vmod/nvdla/nocif/NV_NVDLA_CVIF_WRITE_IG_arb.v,NV_NVDLA_CVIF_WRITE_IG_arb,.v,0,5,0,,,
nvdla,B,https://github.com/nvdla/hw.git,8e06b1b9d85aab65b40d43d08eec5ea4681ff715,nvdlav1,vmw_NV_NVDLA_CVIF_WRITE_IG_SPT_dfifo_flopram_rwsa_5x514,vmod/nvdla/nocif/NV_NVDLA_CVIF_WRITE_IG_spt.v,NV_NVDLA_CVIF_WRITE_IG_spt,.v,0,5,0,,,
nvdla,B,https://github.com/nvdla/hw.git,8e06b1b9d85aab65b40d43d08eec5ea4681ff715,nvdlav1,vmw_NV_NVDLA_MCIF_READ_EG_lat_fifo_flopram_rwsa_4x512,vmod/nvdla/nocif/NV_NVDLA_MCIF_READ_eg.v,NV_NVDLA_MCIF_READ_eg,.v,0,5,0,,,
nvdla,B,https://github.com/nvdla/hw.git,8e06b1b9d85aab65b40d43d08eec5ea4681ff715,nvdlav1,vmw_NV_NVDLA_MCIF_READ_EG_ro_fifo_flopram_rwsa_4x257,vmod/nvdla/nocif/NV_NVDLA_MCIF_READ_eg.v,NV_NVDLA_MCIF_READ_eg,.v,0,5,0,,,
nvdla,B,https://github.com/nvdla/hw.git,8e06b1b9d85aab65b40d43d08eec5ea4681ff715,nvdlav1,vmw_NV_NVDLA_MCIF_WRITE_IG_ARB_dfifo_flopram_rwsa_4x514,vmod/nvdla/nocif/NV_NVDLA_MCIF_WRITE_IG_arb.v,NV_NVDLA_MCIF_WRITE_IG_arb,.v,0,5,0,,,
nvdla,B,https://github.com/nvdla/hw.git,8e06b1b9d85aab65b40d43d08eec5ea4681ff715,nvdlav1,vmw_NV_NVDLA_MCIF_WRITE_IG_SPT_dfifo_flopram_rwsa_5x514,vmod/nvdla/nocif/NV_NVDLA_MCIF_WRITE_IG_spt.v,NV_NVDLA_MCIF_WRITE_IG_spt,.v,0,5,0,,,
nvdla,B,https://github.com/nvdla/hw.git,8e06b1b9d85aab65b40d43d08eec5ea4681ff715,nvdlav1,vmw_NV_NVDLA_PDP_RDMA_cq_flopram_rwsa_16x18,vmod/nvdla/pdp/NV_NVDLA_PDP_RDMA_cq.v,NV_NVDLA_PDP_RDMA_cq,.v,0,5,0,,,
nvdla,B,https://github.com/nvdla/hw.git,8e06b1b9d85aab65b40d43d08eec5ea4681ff715,nvdlav1,vmw_NV_NVDLA_PDP_RDMA_ro_fifo_flopram_rwsa_3x64,vmod/nvdla/pdp/NV_NVDLA_PDP_RDMA_eg.v,NV_NVDLA_PDP_RDMA_eg,.v,0,5,0,,,
nvdla,B,https://github.com/nvdla/hw.git,8e06b1b9d85aab65b40d43d08eec5ea4681ff715,nvdlav1,vmw_NV_NVDLA_PDP_SDPIN_ro_fifo_flopram_rwsa_4x64,vmod/nvdla/pdp/NV_NVDLA_PDP_CORE_preproc.v,NV_NVDLA_PDP_CORE_preproc,.v,0,5,0,,,
nvdla,B,https://github.com/nvdla/hw.git,8e06b1b9d85aab65b40d43d08eec5ea4681ff715,nvdlav1,vmw_NV_NVDLA_PDP_WDMA_DAT_fifo_flopram_rwsa_3x64,vmod/nvdla/pdp/NV_NVDLA_PDP_WDMA_dat.v,NV_NVDLA_PDP_WDMA_dat,.v,0,5,0,,,
nvdla,B,https://github.com/nvdla/hw.git,8e06b1b9d85aab65b40d43d08eec5ea4681ff715,nvdlav1,vmw_NV_NVDLA_PDP_cal1d_info_fifo_flopram_rwsa_8x12,vmod/nvdla/pdp/NV_NVDLA_PDP_CORE_cal1d.v,NV_NVDLA_PDP_CORE_cal1d,.v,0,5,0,,,
nvdla,B,https://github.com/nvdla/hw.git,8e06b1b9d85aab65b40d43d08eec5ea4681ff715,nvdlav1,vmw_NV_NVDLA_RUBIK_opdone_fifo_flopram_rwsa_4x1,vmod/nvdla/rubik/NV_NVDLA_RUBIK_intr.v,NV_NVDLA_RUBIK_intr,.v,0,5,0,,,
nvdla,B,https://github.com/nvdla/hw.git,8e06b1b9d85aab65b40d43d08eec5ea4681ff715,nvdlav1,vmw_NV_NVDLA_RUBIK_rf_rcmd_flopram_rwsa_4x12,vmod/nvdla/rubik/NV_NVDLA_RUBIK_rf_rcmd.v,NV_NVDLA_RUBIK_rf_rcmd,.v,0,5,0,,,
nvdla,B,https://github.com/nvdla/hw.git,8e06b1b9d85aab65b40d43d08eec5ea4681ff715,nvdlav1,vmw_NV_NVDLA_RUBIK_wrdma_cmd_flopram_rwsa_4x73,vmod/nvdla/rubik/NV_NVDLA_RUBIK_wrdma_cmd.v,NV_NVDLA_RUBIK_wrdma_cmd,.v,0,5,0,,,
nvdla,B,https://github.com/nvdla/hw.git,8e06b1b9d85aab65b40d43d08eec5ea4681ff715,nvdlav1,vmw_NV_NVDLA_RUBIK_wrdma_data_flopram_rwsa_4x256,vmod/nvdla/rubik/NV_NVDLA_RUBIK_wrdma_data.v,NV_NVDLA_RUBIK_wrdma_data,.v,0,5,0,,,
nvdla,B,https://github.com/nvdla/hw.git,8e06b1b9d85aab65b40d43d08eec5ea4681ff715,nvdlav1,vmw_NV_NVDLA_SDP_BRDMA_EG_RO_cfifo_flopram_rwsa_4x4,vmod/nvdla/sdp/NV_NVDLA_SDP_BRDMA_EG_ro.v,NV_NVDLA_SDP_BRDMA_EG_ro,.v,0,5,0,,,
nvdla,B,https://github.com/nvdla/hw.git,8e06b1b9d85aab65b40d43d08eec5ea4681ff715,nvdlav1,vmw_NV_NVDLA_SDP_CORE_Y_LUT_cmd_flopram_rwsa_2x280,vmod/nvdla/sdp/NV_NVDLA_SDP_CORE_Y_lut.v,NV_NVDLA_SDP_CORE_Y_lut,.v,0,5,0,,,
nvdla,B,https://github.com/nvdla/hw.git,8e06b1b9d85aab65b40d43d08eec5ea4681ff715,nvdlav1,vmw_NV_NVDLA_SDP_CORE_Y_LUT_dat_flopram_rwsa_2x128,vmod/nvdla/sdp/NV_NVDLA_SDP_CORE_Y_lut.v,NV_NVDLA_SDP_CORE_Y_lut,.v,0,5,0,,,
nvdla,B,https://github.com/nvdla/hw.git,8e06b1b9d85aab65b40d43d08eec5ea4681ff715,nvdlav1,vmw_NV_NVDLA_SDP_ERDMA_EG_RO_cfifo_flopram_rwsa_4x4,vmod/nvdla/sdp/NV_NVDLA_SDP_ERDMA_EG_ro.v,NV_NVDLA_SDP_ERDMA_EG_ro,.v,0,5,0,,,
nvdla,B,https://github.com/nvdla/hw.git,8e06b1b9d85aab65b40d43d08eec5ea4681ff715,nvdlav1,vmw_NV_NVDLA_SDP_MRDMA_EG_CMD_dfifo_flopram_rwsa_4x15,vmod/nvdla/sdp/NV_NVDLA_SDP_MRDMA_EG_cmd.v,NV_NVDLA_SDP_MRDMA_EG_cmd,.v,0,5,0,,,
nvdla,B,https://github.com/nvdla/hw.git,8e06b1b9d85aab65b40d43d08eec5ea4681ff715,nvdlav1,vmw_NV_NVDLA_SDP_MRDMA_EG_CMD_sfifo_flopram_rwsa_4x13,vmod/nvdla/sdp/NV_NVDLA_SDP_MRDMA_EG_cmd.v,NV_NVDLA_SDP_MRDMA_EG_cmd,.v,0,5,0,,,
nvdla,B,https://github.com/nvdla/hw.git,8e06b1b9d85aab65b40d43d08eec5ea4681ff715,nvdlav1,vmw_NV_NVDLA_SDP_MRDMA_EG_pfifo_flopram_rwsa_3x128,vmod/nvdla/sdp/NV_NVDLA_SDP_MRDMA_EG_din.v,NV_NVDLA_SDP_MRDMA_EG_din,.v,0,5,0,,,
nvdla,B,https://github.com/nvdla/hw.git,8e06b1b9d85aab65b40d43d08eec5ea4681ff715,nvdlav1,vmw_NV_NVDLA_SDP_NRDMA_EG_RO_cfifo_flopram_rwsa_4x4,vmod/nvdla/sdp/NV_NVDLA_SDP_NRDMA_EG_ro.v,NV_NVDLA_SDP_NRDMA_EG_ro,.v,0,5,0,,,
nvdla,B,https://github.com/nvdla/hw.git,8e06b1b9d85aab65b40d43d08eec5ea4681ff715,nvdlav1,vmw_NV_NVDLA_SDP_WDMA_CMD_dfifo_flopram_rwsa_4x74,vmod/nvdla/sdp/NV_NVDLA_SDP_WDMA_cmd.v,NV_NVDLA_SDP_WDMA_cmd,.v,0,5,0,,,
nvdla,B,https://github.com/nvdla/hw.git,8e06b1b9d85aab65b40d43d08eec5ea4681ff715,nvdlav1,vmw_NV_NVDLA_SDP_WDMA_CMD_sfifo_flopram_rwsa_4x15,vmod/nvdla/sdp/NV_NVDLA_SDP_WDMA_cmd.v,NV_NVDLA_SDP_WDMA_cmd,.v,0,5,0,,,
nvdla,B,https://github.com/nvdla/hw.git,8e06b1b9d85aab65b40d43d08eec5ea4681ff715,nvdlav1,vmw_NV_NVDLA_SDP_WDMA_DAT_IN_dfifo_flopram_rwsa_3x128,vmod/nvdla/sdp/NV_NVDLA_SDP_WDMA_DAT_in.v,NV_NVDLA_SDP_WDMA_DAT_in,.v,0,5,0,,,
nvdla,B,https://github.com/nvdla/hw.git,8e06b1b9d85aab65b40d43d08eec5ea4681ff715,nvdlav1,write_eg_arb,vmod/nvdla/nocif/NV_NVDLA_XXIF_libs.v,NV_NVDLA_XXIF_libs,.v,0,17,15,clk,reset_,req_gnt
nvdla,B,https://github.com/nvdla/hw.git,8e06b1b9d85aab65b40d43d08eec5ea4681ff715,nvdlav1,write_ig_arb,vmod/nvdla/nocif/NV_NVDLA_XXIF_libs.v,NV_NVDLA_XXIF_libs,.v,0,18,16,clk,reset_,req_gnt
ohwr_general_cores,B,https://gitlab.com/ohwr/project/general-cores.git,60fe3cb954f25e34a8e8ef61da2f1cee8cbcafd1,master,jtag_cores,modules/wishbone/wb_lm32/src/jtag_cores.v,jtag_cores,.v,0,7,1,,,
ohwr_general_cores,B,https://gitlab.com/ohwr/project/general-cores.git,60fe3cb954f25e34a8e8ef61da2f1cee8cbcafd1,master,jtag_tap,modules/wishbone/wb_lm32/platform/altera/jtag_tap.v,jtag_tap,.v,0,8,1,,,
ohwr_general_cores,B,https://gitlab.com/ohwr/project/general-cores.git,60fe3cb954f25e34a8e8ef61da2f1cee8cbcafd1,master,jtag_tap,modules/wishbone/wb_lm32/platform/generic/jtag_tap.v,jtag_tap,.v,0,8,0,,,
ohwr_general_cores,B,https://gitlab.com/ohwr/project/general-cores.git,60fe3cb954f25e34a8e8ef61da2f1cee8cbcafd1,master,jtag_tap,modules/wishbone/wb_lm32/platform/kintex7/jtag_tap.v,jtag_tap,.v,0,8,1,,,
ohwr_general_cores,B,https://gitlab.com/ohwr/project/general-cores.git,60fe3cb954f25e34a8e8ef61da2f1cee8cbcafd1,master,jtag_tap,modules/wishbone/wb_lm32/platform/spartan6/jtag_tap.v,jtag_tap,.v,0,8,1,,,
ohwr_general_cores,B,https://gitlab.com/ohwr/project/general-cores.git,60fe3cb954f25e34a8e8ef61da2f1cee8cbcafd1,master,lm32_adder,modules/wishbone/wb_lm32/src/lm32_adder.v,lm32_adder,.v,0,7,1,,,
ohwr_general_cores,B,https://gitlab.com/ohwr/project/general-cores.git,60fe3cb954f25e34a8e8ef61da2f1cee8cbcafd1,master,lm32_addsub,modules/wishbone/wb_lm32/src/lm32_addsub.v,lm32_addsub,.v,0,6,0,,,
ohwr_general_cores,B,https://gitlab.com/ohwr/project/general-cores.git,60fe3cb954f25e34a8e8ef61da2f1cee8cbcafd1,master,lm32_cpu,modules/wishbone/wb_lm32/src/lm32_cpu.v,lm32_cpu,.v,0,64,15,clk_i;clk_n_i;jtag_clk,rst_i;dbg_reset_i,
ohwr_general_cores,B,https://gitlab.com/ohwr/project/general-cores.git,60fe3cb954f25e34a8e8ef61da2f1cee8cbcafd1,master,lm32_cpu_full,modules/wishbone/wb_lm32/generated/lm32_allprofiles.v,lm32_allprofiles,.v,0,29,11,clk_i,rst_i,
ohwr_general_cores,B,https://gitlab.com/ohwr/project/general-cores.git,60fe3cb954f25e34a8e8ef61da2f1cee8cbcafd1,master,lm32_cpu_full_debug,modules/wishbone/wb_lm32/generated/lm32_allprofiles.v,lm32_allprofiles,.v,0,35,13,clk_i;jtag_clk,rst_i,
ohwr_general_cores,B,https://gitlab.com/ohwr/project/general-cores.git,60fe3cb954f25e34a8e8ef61da2f1cee8cbcafd1,master,lm32_cpu_medium,modules/wishbone/wb_lm32/generated/lm32_allprofiles.v,lm32_allprofiles,.v,0,29,10,clk_i,rst_i,
ohwr_general_cores,B,https://gitlab.com/ohwr/project/general-cores.git,60fe3cb954f25e34a8e8ef61da2f1cee8cbcafd1,master,lm32_cpu_medium_debug,modules/wishbone/wb_lm32/generated/lm32_allprofiles.v,lm32_allprofiles,.v,0,35,12,clk_i;jtag_clk,rst_i,
ohwr_general_cores,B,https://gitlab.com/ohwr/project/general-cores.git,60fe3cb954f25e34a8e8ef61da2f1cee8cbcafd1,master,lm32_cpu_medium_icache,modules/wishbone/wb_lm32/generated/lm32_allprofiles.v,lm32_allprofiles,.v,0,29,10,clk_i,rst_i,
ohwr_general_cores,B,https://gitlab.com/ohwr/project/general-cores.git,60fe3cb954f25e34a8e8ef61da2f1cee8cbcafd1,master,lm32_cpu_medium_icache_debug,modules/wishbone/wb_lm32/generated/lm32_allprofiles.v,lm32_allprofiles,.v,0,35,12,clk_i;jtag_clk,rst_i,
ohwr_general_cores,B,https://gitlab.com/ohwr/project/general-cores.git,60fe3cb954f25e34a8e8ef61da2f1cee8cbcafd1,master,lm32_cpu_minimal,modules/wishbone/wb_lm32/generated/lm32_allprofiles.v,lm32_allprofiles,.v,0,29,8,clk_i,rst_i,
ohwr_general_cores,B,https://gitlab.com/ohwr/project/general-cores.git,60fe3cb954f25e34a8e8ef61da2f1cee8cbcafd1,master,lm32_cpu_wr_node,modules/wishbone/wb_lm32/generated/lm32_allprofiles.v,lm32_allprofiles,.v,0,38,12,clk_i,rst_i;dbg_reset_i,
ohwr_general_cores,B,https://gitlab.com/ohwr/project/general-cores.git,60fe3cb954f25e34a8e8ef61da2f1cee8cbcafd1,master,lm32_dcache,modules/wishbone/wb_lm32/src/lm32_dcache.v,lm32_dcache,.v,0,20,2,clk_i,rst_i,
ohwr_general_cores,B,https://gitlab.com/ohwr/project/general-cores.git,60fe3cb954f25e34a8e8ef61da2f1cee8cbcafd1,master,lm32_dcache_full,modules/wishbone/wb_lm32/generated/lm32_allprofiles.v,lm32_allprofiles,.v,0,20,2,clk_i,rst_i,
ohwr_general_cores,B,https://gitlab.com/ohwr/project/general-cores.git,60fe3cb954f25e34a8e8ef61da2f1cee8cbcafd1,master,lm32_dcache_full_debug,modules/wishbone/wb_lm32/generated/lm32_allprofiles.v,lm32_allprofiles,.v,0,20,2,clk_i,rst_i,
ohwr_general_cores,B,https://gitlab.com/ohwr/project/general-cores.git,60fe3cb954f25e34a8e8ef61da2f1cee8cbcafd1,master,lm32_debug,modules/wishbone/wb_lm32/src/lm32_debug.v,lm32_debug,.v,0,25,0,clk_i,rst_i,
ohwr_general_cores,B,https://gitlab.com/ohwr/project/general-cores.git,60fe3cb954f25e34a8e8ef61da2f1cee8cbcafd1,master,lm32_debug_full_debug,modules/wishbone/wb_lm32/generated/lm32_allprofiles.v,lm32_allprofiles,.v,0,22,0,clk_i,rst_i,
ohwr_general_cores,B,https://gitlab.com/ohwr/project/general-cores.git,60fe3cb954f25e34a8e8ef61da2f1cee8cbcafd1,master,lm32_debug_medium_debug,modules/wishbone/wb_lm32/generated/lm32_allprofiles.v,lm32_allprofiles,.v,0,21,0,clk_i,rst_i,
ohwr_general_cores,B,https://gitlab.com/ohwr/project/general-cores.git,60fe3cb954f25e34a8e8ef61da2f1cee8cbcafd1,master,lm32_debug_medium_icache_debug,modules/wishbone/wb_lm32/generated/lm32_allprofiles.v,lm32_allprofiles,.v,0,21,0,clk_i,rst_i,
ohwr_general_cores,B,https://gitlab.com/ohwr/project/general-cores.git,60fe3cb954f25e34a8e8ef61da2f1cee8cbcafd1,master,lm32_debug_wr_node,modules/wishbone/wb_lm32/generated/lm32_allprofiles.v,lm32_allprofiles,.v,0,21,0,clk_i,rst_i,
ohwr_general_cores,B,https://gitlab.com/ohwr/project/general-cores.git,60fe3cb954f25e34a8e8ef61da2f1cee8cbcafd1,master,lm32_decoder,modules/wishbone/wb_lm32/src/lm32_decoder.v,lm32_decoder,.v,0,47,0,,,
ohwr_general_cores,B,https://gitlab.com/ohwr/project/general-cores.git,60fe3cb954f25e34a8e8ef61da2f1cee8cbcafd1,master,lm32_decoder_full,modules/wishbone/wb_lm32/generated/lm32_allprofiles.v,lm32_allprofiles,.v,0,39,0,,,
ohwr_general_cores,B,https://gitlab.com/ohwr/project/general-cores.git,60fe3cb954f25e34a8e8ef61da2f1cee8cbcafd1,master,lm32_decoder_full_debug,modules/wishbone/wb_lm32/generated/lm32_allprofiles.v,lm32_allprofiles,.v,0,41,0,,,
ohwr_general_cores,B,https://gitlab.com/ohwr/project/general-cores.git,60fe3cb954f25e34a8e8ef61da2f1cee8cbcafd1,master,lm32_decoder_medium,modules/wishbone/wb_lm32/generated/lm32_allprofiles.v,lm32_allprofiles,.v,0,36,0,,,
ohwr_general_cores,B,https://gitlab.com/ohwr/project/general-cores.git,60fe3cb954f25e34a8e8ef61da2f1cee8cbcafd1,master,lm32_decoder_medium_debug,modules/wishbone/wb_lm32/generated/lm32_allprofiles.v,lm32_allprofiles,.v,0,38,0,,,
ohwr_general_cores,B,https://gitlab.com/ohwr/project/general-cores.git,60fe3cb954f25e34a8e8ef61da2f1cee8cbcafd1,master,lm32_decoder_medium_icache,modules/wishbone/wb_lm32/generated/lm32_allprofiles.v,lm32_allprofiles,.v,0,36,0,,,
ohwr_general_cores,B,https://gitlab.com/ohwr/project/general-cores.git,60fe3cb954f25e34a8e8ef61da2f1cee8cbcafd1,master,lm32_decoder_medium_icache_debug,modules/wishbone/wb_lm32/generated/lm32_allprofiles.v,lm32_allprofiles,.v,0,38,0,,,
ohwr_general_cores,B,https://gitlab.com/ohwr/project/general-cores.git,60fe3cb954f25e34a8e8ef61da2f1cee8cbcafd1,master,lm32_decoder_minimal,modules/wishbone/wb_lm32/generated/lm32_allprofiles.v,lm32_allprofiles,.v,0,33,0,,,
ohwr_general_cores,B,https://gitlab.com/ohwr/project/general-cores.git,60fe3cb954f25e34a8e8ef61da2f1cee8cbcafd1,master,lm32_decoder_wr_node,modules/wishbone/wb_lm32/generated/lm32_allprofiles.v,lm32_allprofiles,.v,0,41,0,,,
ohwr_general_cores,B,https://gitlab.com/ohwr/project/general-cores.git,60fe3cb954f25e34a8e8ef61da2f1cee8cbcafd1,master,lm32_dp_ram,modules/wishbone/wb_lm32/src/lm32_dp_ram.v,lm32_dp_ram,.v,0,7,0,clk_i,rst_i,
ohwr_general_cores,B,https://gitlab.com/ohwr/project/general-cores.git,60fe3cb954f25e34a8e8ef61da2f1cee8cbcafd1,master,lm32_icache,modules/wishbone/wb_lm32/src/lm32_icache.v,lm32_icache,.v,0,19,2,clk_i,rst_i,valid_ready
ohwr_general_cores,B,https://gitlab.com/ohwr/project/general-cores.git,60fe3cb954f25e34a8e8ef61da2f1cee8cbcafd1,master,lm32_icache_full,modules/wishbone/wb_lm32/generated/lm32_allprofiles.v,lm32_allprofiles,.v,0,18,2,clk_i,rst_i,valid_ready
ohwr_general_cores,B,https://gitlab.com/ohwr/project/general-cores.git,60fe3cb954f25e34a8e8ef61da2f1cee8cbcafd1,master,lm32_icache_full_debug,modules/wishbone/wb_lm32/generated/lm32_allprofiles.v,lm32_allprofiles,.v,0,18,2,clk_i,rst_i,valid_ready
ohwr_general_cores,B,https://gitlab.com/ohwr/project/general-cores.git,60fe3cb954f25e34a8e8ef61da2f1cee8cbcafd1,master,lm32_icache_medium_debug,modules/wishbone/wb_lm32/generated/lm32_allprofiles.v,lm32_allprofiles,.v,0,18,2,clk_i,rst_i,valid_ready
ohwr_general_cores,B,https://gitlab.com/ohwr/project/general-cores.git,60fe3cb954f25e34a8e8ef61da2f1cee8cbcafd1,master,lm32_icache_medium_icache,modules/wishbone/wb_lm32/generated/lm32_allprofiles.v,lm32_allprofiles,.v,0,18,2,clk_i,rst_i,valid_ready
ohwr_general_cores,B,https://gitlab.com/ohwr/project/general-cores.git,60fe3cb954f25e34a8e8ef61da2f1cee8cbcafd1,master,lm32_icache_medium_icache_debug,modules/wishbone/wb_lm32/generated/lm32_allprofiles.v,lm32_allprofiles,.v,0,18,2,clk_i,rst_i,valid_ready
ohwr_general_cores,B,https://gitlab.com/ohwr/project/general-cores.git,60fe3cb954f25e34a8e8ef61da2f1cee8cbcafd1,master,lm32_instruction_unit,modules/wishbone/wb_lm32/src/lm32_instruction_unit.v,lm32_instruction_unit,.v,0,56,1,clk_i,rst_i,
ohwr_general_cores,B,https://gitlab.com/ohwr/project/general-cores.git,60fe3cb954f25e34a8e8ef61da2f1cee8cbcafd1,master,lm32_instruction_unit_full,modules/wishbone/wb_lm32/generated/lm32_allprofiles.v,lm32_allprofiles,.v,0,47,1,clk_i,rst_i,
ohwr_general_cores,B,https://gitlab.com/ohwr/project/general-cores.git,60fe3cb954f25e34a8e8ef61da2f1cee8cbcafd1,master,lm32_instruction_unit_full_debug,modules/wishbone/wb_lm32/generated/lm32_allprofiles.v,lm32_allprofiles,.v,0,53,1,clk_i,rst_i,
ohwr_general_cores,B,https://gitlab.com/ohwr/project/general-cores.git,60fe3cb954f25e34a8e8ef61da2f1cee8cbcafd1,master,lm32_instruction_unit_medium,modules/wishbone/wb_lm32/generated/lm32_allprofiles.v,lm32_allprofiles,.v,0,36,0,clk_i,rst_i,
ohwr_general_cores,B,https://gitlab.com/ohwr/project/general-cores.git,60fe3cb954f25e34a8e8ef61da2f1cee8cbcafd1,master,lm32_instruction_unit_medium_debug,modules/wishbone/wb_lm32/generated/lm32_allprofiles.v,lm32_allprofiles,.v,0,47,1,clk_i,rst_i,
ohwr_general_cores,B,https://gitlab.com/ohwr/project/general-cores.git,60fe3cb954f25e34a8e8ef61da2f1cee8cbcafd1,master,lm32_instruction_unit_medium_icache,modules/wishbone/wb_lm32/generated/lm32_allprofiles.v,lm32_allprofiles,.v,0,41,1,clk_i,rst_i,
ohwr_general_cores,B,https://gitlab.com/ohwr/project/general-cores.git,60fe3cb954f25e34a8e8ef61da2f1cee8cbcafd1,master,lm32_instruction_unit_medium_icache_debug,modules/wishbone/wb_lm32/generated/lm32_allprofiles.v,lm32_allprofiles,.v,0,47,1,clk_i,rst_i,
ohwr_general_cores,B,https://gitlab.com/ohwr/project/general-cores.git,60fe3cb954f25e34a8e8ef61da2f1cee8cbcafd1,master,lm32_instruction_unit_minimal,modules/wishbone/wb_lm32/generated/lm32_allprofiles.v,lm32_allprofiles,.v,0,36,0,clk_i,rst_i,
ohwr_general_cores,B,https://gitlab.com/ohwr/project/general-cores.git,60fe3cb954f25e34a8e8ef61da2f1cee8cbcafd1,master,lm32_instruction_unit_wr_node,modules/wishbone/wb_lm32/generated/lm32_allprofiles.v,lm32_allprofiles,.v,0,33,0,clk_i,rst_i,
ohwr_general_cores,B,https://gitlab.com/ohwr/project/general-cores.git,60fe3cb954f25e34a8e8ef61da2f1cee8cbcafd1,master,lm32_interrupt,modules/wishbone/wb_lm32/src/lm32_interrupt.v,lm32_interrupt,.v,0,14,0,clk_i,rst_i,
ohwr_general_cores,B,https://gitlab.com/ohwr/project/general-cores.git,60fe3cb954f25e34a8e8ef61da2f1cee8cbcafd1,master,lm32_interrupt_full,modules/wishbone/wb_lm32/generated/lm32_allprofiles.v,lm32_allprofiles,.v,0,11,0,clk_i,rst_i,
ohwr_general_cores,B,https://gitlab.com/ohwr/project/general-cores.git,60fe3cb954f25e34a8e8ef61da2f1cee8cbcafd1,master,lm32_interrupt_full_debug,modules/wishbone/wb_lm32/generated/lm32_allprofiles.v,lm32_allprofiles,.v,0,13,0,clk_i,rst_i,
ohwr_general_cores,B,https://gitlab.com/ohwr/project/general-cores.git,60fe3cb954f25e34a8e8ef61da2f1cee8cbcafd1,master,lm32_interrupt_medium,modules/wishbone/wb_lm32/generated/lm32_allprofiles.v,lm32_allprofiles,.v,0,11,0,clk_i,rst_i,
ohwr_general_cores,B,https://gitlab.com/ohwr/project/general-cores.git,60fe3cb954f25e34a8e8ef61da2f1cee8cbcafd1,master,lm32_interrupt_medium_debug,modules/wishbone/wb_lm32/generated/lm32_allprofiles.v,lm32_allprofiles,.v,0,13,0,clk_i,rst_i,
ohwr_general_cores,B,https://gitlab.com/ohwr/project/general-cores.git,60fe3cb954f25e34a8e8ef61da2f1cee8cbcafd1,master,lm32_interrupt_medium_icache,modules/wishbone/wb_lm32/generated/lm32_allprofiles.v,lm32_allprofiles,.v,0,11,0,clk_i,rst_i,
ohwr_general_cores,B,https://gitlab.com/ohwr/project/general-cores.git,60fe3cb954f25e34a8e8ef61da2f1cee8cbcafd1,master,lm32_interrupt_medium_icache_debug,modules/wishbone/wb_lm32/generated/lm32_allprofiles.v,lm32_allprofiles,.v,0,13,0,clk_i,rst_i,
ohwr_general_cores,B,https://gitlab.com/ohwr/project/general-cores.git,60fe3cb954f25e34a8e8ef61da2f1cee8cbcafd1,master,lm32_interrupt_minimal,modules/wishbone/wb_lm32/generated/lm32_allprofiles.v,lm32_allprofiles,.v,0,11,0,clk_i,rst_i,
ohwr_general_cores,B,https://gitlab.com/ohwr/project/general-cores.git,60fe3cb954f25e34a8e8ef61da2f1cee8cbcafd1,master,lm32_interrupt_wr_node,modules/wishbone/wb_lm32/generated/lm32_allprofiles.v,lm32_allprofiles,.v,0,13,0,clk_i,rst_i,
ohwr_general_cores,B,https://gitlab.com/ohwr/project/general-cores.git,60fe3cb954f25e34a8e8ef61da2f1cee8cbcafd1,master,lm32_jtag,modules/wishbone/wb_lm32/src/lm32_jtag.v,lm32_jtag,.v,0,26,0,clk_i;jtag_clk,rst_i;jtag_reset,
ohwr_general_cores,B,https://gitlab.com/ohwr/project/general-cores.git,60fe3cb954f25e34a8e8ef61da2f1cee8cbcafd1,master,lm32_jtag_full_debug,modules/wishbone/wb_lm32/generated/lm32_allprofiles.v,lm32_allprofiles,.v,0,26,0,clk_i;jtag_clk,rst_i;jtag_reset,
ohwr_general_cores,B,https://gitlab.com/ohwr/project/general-cores.git,60fe3cb954f25e34a8e8ef61da2f1cee8cbcafd1,master,lm32_jtag_medium_debug,modules/wishbone/wb_lm32/generated/lm32_allprofiles.v,lm32_allprofiles,.v,0,26,0,clk_i;jtag_clk,rst_i;jtag_reset,
ohwr_general_cores,B,https://gitlab.com/ohwr/project/general-cores.git,60fe3cb954f25e34a8e8ef61da2f1cee8cbcafd1,master,lm32_jtag_medium_icache_debug,modules/wishbone/wb_lm32/generated/lm32_allprofiles.v,lm32_allprofiles,.v,0,26,0,clk_i;jtag_clk,rst_i;jtag_reset,
ohwr_general_cores,B,https://gitlab.com/ohwr/project/general-cores.git,60fe3cb954f25e34a8e8ef61da2f1cee8cbcafd1,master,lm32_load_store_unit,modules/wishbone/wb_lm32/src/lm32_load_store_unit.v,lm32_load_store_unit,.v,0,47,1,clk_i,rst_i,
ohwr_general_cores,B,https://gitlab.com/ohwr/project/general-cores.git,60fe3cb954f25e34a8e8ef61da2f1cee8cbcafd1,master,lm32_load_store_unit_full,modules/wishbone/wb_lm32/generated/lm32_allprofiles.v,lm32_allprofiles,.v,0,40,1,clk_i,rst_i,
ohwr_general_cores,B,https://gitlab.com/ohwr/project/general-cores.git,60fe3cb954f25e34a8e8ef61da2f1cee8cbcafd1,master,lm32_load_store_unit_full_debug,modules/wishbone/wb_lm32/generated/lm32_allprofiles.v,lm32_allprofiles,.v,0,40,1,clk_i,rst_i,
ohwr_general_cores,B,https://gitlab.com/ohwr/project/general-cores.git,60fe3cb954f25e34a8e8ef61da2f1cee8cbcafd1,master,lm32_load_store_unit_medium,modules/wishbone/wb_lm32/generated/lm32_allprofiles.v,lm32_allprofiles,.v,0,35,0,clk_i,rst_i,
ohwr_general_cores,B,https://gitlab.com/ohwr/project/general-cores.git,60fe3cb954f25e34a8e8ef61da2f1cee8cbcafd1,master,lm32_load_store_unit_medium_debug,modules/wishbone/wb_lm32/generated/lm32_allprofiles.v,lm32_allprofiles,.v,0,35,0,clk_i,rst_i,
ohwr_general_cores,B,https://gitlab.com/ohwr/project/general-cores.git,60fe3cb954f25e34a8e8ef61da2f1cee8cbcafd1,master,lm32_load_store_unit_medium_icache,modules/wishbone/wb_lm32/generated/lm32_allprofiles.v,lm32_allprofiles,.v,0,35,0,clk_i,rst_i,
ohwr_general_cores,B,https://gitlab.com/ohwr/project/general-cores.git,60fe3cb954f25e34a8e8ef61da2f1cee8cbcafd1,master,lm32_load_store_unit_medium_icache_debug,modules/wishbone/wb_lm32/generated/lm32_allprofiles.v,lm32_allprofiles,.v,0,35,0,clk_i,rst_i,
ohwr_general_cores,B,https://gitlab.com/ohwr/project/general-cores.git,60fe3cb954f25e34a8e8ef61da2f1cee8cbcafd1,master,lm32_load_store_unit_minimal,modules/wishbone/wb_lm32/generated/lm32_allprofiles.v,lm32_allprofiles,.v,0,35,0,clk_i,rst_i,
ohwr_general_cores,B,https://gitlab.com/ohwr/project/general-cores.git,60fe3cb954f25e34a8e8ef61da2f1cee8cbcafd1,master,lm32_load_store_unit_wr_node,modules/wishbone/wb_lm32/generated/lm32_allprofiles.v,lm32_allprofiles,.v,0,42,0,clk_i,rst_i,
ohwr_general_cores,B,https://gitlab.com/ohwr/project/general-cores.git,60fe3cb954f25e34a8e8ef61da2f1cee8cbcafd1,master,lm32_logic_op,modules/wishbone/wb_lm32/src/lm32_logic_op.v,lm32_logic_op,.v,0,4,0,,,
ohwr_general_cores,B,https://gitlab.com/ohwr/project/general-cores.git,60fe3cb954f25e34a8e8ef61da2f1cee8cbcafd1,master,lm32_mc_arithmetic,modules/wishbone/wb_lm32/src/lm32_mc_arithmetic.v,lm32_mc_arithmetic,.v,0,15,0,clk_i,rst_i,
ohwr_general_cores,B,https://gitlab.com/ohwr/project/general-cores.git,60fe3cb954f25e34a8e8ef61da2f1cee8cbcafd1,master,lm32_mc_arithmetic_full,modules/wishbone/wb_lm32/generated/lm32_allprofiles.v,lm32_allprofiles,.v,0,11,0,clk_i,rst_i,
ohwr_general_cores,B,https://gitlab.com/ohwr/project/general-cores.git,60fe3cb954f25e34a8e8ef61da2f1cee8cbcafd1,master,lm32_mc_arithmetic_full_debug,modules/wishbone/wb_lm32/generated/lm32_allprofiles.v,lm32_allprofiles,.v,0,11,0,clk_i,rst_i,
ohwr_general_cores,B,https://gitlab.com/ohwr/project/general-cores.git,60fe3cb954f25e34a8e8ef61da2f1cee8cbcafd1,master,lm32_mc_arithmetic_medium,modules/wishbone/wb_lm32/generated/lm32_allprofiles.v,lm32_allprofiles,.v,0,8,0,clk_i,rst_i,
ohwr_general_cores,B,https://gitlab.com/ohwr/project/general-cores.git,60fe3cb954f25e34a8e8ef61da2f1cee8cbcafd1,master,lm32_mc_arithmetic_medium_debug,modules/wishbone/wb_lm32/generated/lm32_allprofiles.v,lm32_allprofiles,.v,0,8,0,clk_i,rst_i,
ohwr_general_cores,B,https://gitlab.com/ohwr/project/general-cores.git,60fe3cb954f25e34a8e8ef61da2f1cee8cbcafd1,master,lm32_mc_arithmetic_medium_icache,modules/wishbone/wb_lm32/generated/lm32_allprofiles.v,lm32_allprofiles,.v,0,8,0,clk_i,rst_i,
ohwr_general_cores,B,https://gitlab.com/ohwr/project/general-cores.git,60fe3cb954f25e34a8e8ef61da2f1cee8cbcafd1,master,lm32_mc_arithmetic_medium_icache_debug,modules/wishbone/wb_lm32/generated/lm32_allprofiles.v,lm32_allprofiles,.v,0,8,0,clk_i,rst_i,
ohwr_general_cores,B,https://gitlab.com/ohwr/project/general-cores.git,60fe3cb954f25e34a8e8ef61da2f1cee8cbcafd1,master,lm32_mc_arithmetic_minimal,modules/wishbone/wb_lm32/generated/lm32_allprofiles.v,lm32_allprofiles,.v,0,8,0,clk_i,rst_i,
ohwr_general_cores,B,https://gitlab.com/ohwr/project/general-cores.git,60fe3cb954f25e34a8e8ef61da2f1cee8cbcafd1,master,lm32_mc_arithmetic_wr_node,modules/wishbone/wb_lm32/generated/lm32_allprofiles.v,lm32_allprofiles,.v,0,11,0,clk_i,rst_i,
ohwr_general_cores,B,https://gitlab.com/ohwr/project/general-cores.git,60fe3cb954f25e34a8e8ef61da2f1cee8cbcafd1,master,lm32_multiplier,modules/wishbone/wb_lm32/platform/generic/lm32_multiplier.v,lm32_multiplier,.v,0,7,0,clk_i,rst_i,
ohwr_general_cores,B,https://gitlab.com/ohwr/project/general-cores.git,60fe3cb954f25e34a8e8ef61da2f1cee8cbcafd1,master,lm32_multiplier,modules/wishbone/wb_lm32/platform/kintex7/lm32_multiplier.v,lm32_multiplier,.v,0,7,0,clk_i,rst_i,
ohwr_general_cores,B,https://gitlab.com/ohwr/project/general-cores.git,60fe3cb954f25e34a8e8ef61da2f1cee8cbcafd1,master,lm32_multiplier,modules/wishbone/wb_lm32/platform/spartan6/lm32_multiplier.v,lm32_multiplier,.v,0,7,3,clk_i,rst_i,
ohwr_general_cores,B,https://gitlab.com/ohwr/project/general-cores.git,60fe3cb954f25e34a8e8ef61da2f1cee8cbcafd1,master,lm32_ram,modules/wishbone/wb_lm32/src/lm32_ram.v,lm32_ram,.v,0,10,0,read_clk;write_clk,reset,
ohwr_general_cores,B,https://gitlab.com/ohwr/project/general-cores.git,60fe3cb954f25e34a8e8ef61da2f1cee8cbcafd1,master,lm32_shifter,modules/wishbone/wb_lm32/src/lm32_shifter.v,lm32_shifter,.v,0,8,0,clk_i,rst_i,
ohwr_general_cores,B,https://gitlab.com/ohwr/project/general-cores.git,60fe3cb954f25e34a8e8ef61da2f1cee8cbcafd1,master,lm32_top,modules/wishbone/wb_lm32/src/lm32_top.v,lm32_top,.v,0,35,2,clk_i,rst_i,
ohwr_general_cores,B,https://gitlab.com/ohwr/project/general-cores.git,60fe3cb954f25e34a8e8ef61da2f1cee8cbcafd1,master,lm32_top_full,modules/wishbone/wb_lm32/generated/lm32_allprofiles.v,lm32_allprofiles,.v,0,29,1,clk_i,rst_i,
ohwr_general_cores,B,https://gitlab.com/ohwr/project/general-cores.git,60fe3cb954f25e34a8e8ef61da2f1cee8cbcafd1,master,lm32_top_full_debug,modules/wishbone/wb_lm32/generated/lm32_allprofiles.v,lm32_allprofiles,.v,0,29,2,clk_i,rst_i,
ohwr_general_cores,B,https://gitlab.com/ohwr/project/general-cores.git,60fe3cb954f25e34a8e8ef61da2f1cee8cbcafd1,master,lm32_top_medium,modules/wishbone/wb_lm32/generated/lm32_allprofiles.v,lm32_allprofiles,.v,0,29,1,clk_i,rst_i,
ohwr_general_cores,B,https://gitlab.com/ohwr/project/general-cores.git,60fe3cb954f25e34a8e8ef61da2f1cee8cbcafd1,master,lm32_top_medium_debug,modules/wishbone/wb_lm32/generated/lm32_allprofiles.v,lm32_allprofiles,.v,0,29,2,clk_i,rst_i,
ohwr_general_cores,B,https://gitlab.com/ohwr/project/general-cores.git,60fe3cb954f25e34a8e8ef61da2f1cee8cbcafd1,master,lm32_top_medium_icache,modules/wishbone/wb_lm32/generated/lm32_allprofiles.v,lm32_allprofiles,.v,0,29,1,clk_i,rst_i,
ohwr_general_cores,B,https://gitlab.com/ohwr/project/general-cores.git,60fe3cb954f25e34a8e8ef61da2f1cee8cbcafd1,master,lm32_top_medium_icache_debug,modules/wishbone/wb_lm32/generated/lm32_allprofiles.v,lm32_allprofiles,.v,0,29,2,clk_i,rst_i,
ohwr_general_cores,B,https://gitlab.com/ohwr/project/general-cores.git,60fe3cb954f25e34a8e8ef61da2f1cee8cbcafd1,master,lm32_top_minimal,modules/wishbone/wb_lm32/generated/lm32_allprofiles.v,lm32_allprofiles,.v,0,29,1,clk_i,rst_i,
ohwr_general_cores,B,https://gitlab.com/ohwr/project/general-cores.git,60fe3cb954f25e34a8e8ef61da2f1cee8cbcafd1,master,lm32_top_wr_node,modules/wishbone/wb_lm32/generated/lm32_allprofiles.v,lm32_allprofiles,.v,0,16,1,clk_i,rst_i,
ohwr_general_cores,B,https://gitlab.com/ohwr/project/general-cores.git,60fe3cb954f25e34a8e8ef61da2f1cee8cbcafd1,master,sockit_owm,modules/wishbone/wb_onewire_master/sockit_owm.v,sockit_owm,.v,26,11,0,clk,rst,
ohwr_general_cores,B,https://gitlab.com/ohwr/project/general-cores.git,60fe3cb954f25e34a8e8ef61da2f1cee8cbcafd1,master,spi_clgen,modules/wishbone/wb_spi/spi_clgen.v,spi_clgen,.v,0,9,0,clk_in;last_clk;clk_out,rst,
ohwr_general_cores,B,https://gitlab.com/ohwr/project/general-cores.git,60fe3cb954f25e34a8e8ef61da2f1cee8cbcafd1,master,spi_shift,modules/wishbone/wb_spi/spi_shift.v,spi_shift,.v,0,18,0,clk;s_clk,rst,
ohwr_general_cores,B,https://gitlab.com/ohwr/project/general-cores.git,60fe3cb954f25e34a8e8ef61da2f1cee8cbcafd1,master,spi_top,modules/wishbone/wb_spi/spi_top.v,spi_top,.v,0,16,2,wb_clk_i,wb_rst_i,
openpiton,B,https://github.com/PrincetonUniversity/openpiton.git,1c6bfd2d2ea53ddd7b6f933fa2d439d1a540e207,openpiton,Counter,piton/design/common/uart/rtl/Counter.v,Counter,.v,0,7,1,Clock,Reset,
openpiton,B,https://github.com/PrincetonUniversity/openpiton.git,1c6bfd2d2ea53ddd7b6f933fa2d439d1a540e207,openpiton,IORegister,piton/design/common/uart/rtl/IORegister.v,IORegister,.v,0,6,0,Clock,Reset,
openpiton,B,https://github.com/PrincetonUniversity/openpiton.git,1c6bfd2d2ea53ddd7b6f933fa2d439d1a540e207,openpiton,OCI,piton/design/chip/rtl/OCI.v,OCI,.v,0,51,0,core_ref_clk;io_clk;clk_mux_sel;clk_en;jtag_clk,rst_n;pll_rst_n;jtag_rst_l,
openpiton,B,https://github.com/PrincetonUniversity/openpiton.git,1c6bfd2d2ea53ddd7b6f933fa2d439d1a540e207,openpiton,ParityGen,piton/design/common/uart/rtl/ParityGen.v,ParityGen,.v,0,2,0,,,
openpiton,B,https://github.com/PrincetonUniversity/openpiton.git,1c6bfd2d2ea53ddd7b6f933fa2d439d1a540e207,openpiton,Register,piton/design/common/uart/rtl/Register.v,Register,.v,0,6,0,Clock,Reset,
openpiton,B,https://github.com/PrincetonUniversity/openpiton.git,1c6bfd2d2ea53ddd7b6f933fa2d439d1a540e207,openpiton,Reverse,piton/design/common/uart/rtl/Reverse.v,Reverse,.v,0,2,0,,,
openpiton,B,https://github.com/PrincetonUniversity/openpiton.git,1c6bfd2d2ea53ddd7b6f933fa2d439d1a540e207,openpiton,ShiftRegister,piton/design/common/uart/rtl/ShiftRegister.v,ShiftRegister,.v,0,8,1,Clock,Reset,
openpiton,B,https://github.com/PrincetonUniversity/openpiton.git,1c6bfd2d2ea53ddd7b6f933fa2d439d1a540e207,openpiton,UART,piton/design/common/uart/rtl/UART.v,UART,.v,0,10,2,Clock,Reset,valid_ready
openpiton,B,https://github.com/PrincetonUniversity/openpiton.git,1c6bfd2d2ea53ddd7b6f933fa2d439d1a540e207,openpiton,UAReceiver,piton/design/common/uart/rtl/UAReceiver.v,UAReceiver,.v,0,6,7,Clock,Reset,valid_ready
openpiton,B,https://github.com/PrincetonUniversity/openpiton.git,1c6bfd2d2ea53ddd7b6f933fa2d439d1a540e207,openpiton,UATransmitter,piton/design/common/uart/rtl/UATransmitter.v,UATransmitter,.v,0,6,6,Clock,Reset,valid_ready
openpiton,B,https://github.com/PrincetonUniversity/openpiton.git,1c6bfd2d2ea53ddd7b6f933fa2d439d1a540e207,openpiton,address_own_addrdata,piton/design/fpga_tests/memio_unit_tests/common/rtl/address_own_addrdata.v,address_own_addrdata,.v,0,9,0,,test_state_reset,
openpiton,B,https://github.com/PrincetonUniversity/openpiton.git,1c6bfd2d2ea53ddd7b6f933fa2d439d1a540e207,openpiton,alarm_counter,piton/design/common/rtl/alarm_counter.v,alarm_counter,.v,0,4,0,clk,rst_n,
openpiton,B,https://github.com/PrincetonUniversity/openpiton.git,1c6bfd2d2ea53ddd7b6f933fa2d439d1a540e207,openpiton,async_fifo,piton/design/common/rtl/async_fifo.v,async_fifo,.v,3,10,0,,wreset;rreset,
openpiton,B,https://github.com/PrincetonUniversity/openpiton.git,1c6bfd2d2ea53ddd7b6f933fa2d439d1a540e207,openpiton,axi4_zeroer,piton/design/chipset/noc_axi4_bridge/rtl/axi4_zeroer.v,axi4_zeroer,.v,0,94,0,clk,rst_n,valid_ready
openpiton,B,https://github.com/PrincetonUniversity/openpiton.git,1c6bfd2d2ea53ddd7b6f933fa2d439d1a540e207,openpiton,axi_lite_slave_rf,piton/design/chipset/axi_lite_slave_rf/rtl/axi_lite_slave_rf.v,axi_lite_slave_rf,.v,0,19,0,clk,rst,valid_ready
openpiton,B,https://github.com/PrincetonUniversity/openpiton.git,1c6bfd2d2ea53ddd7b6f933fa2d439d1a540e207,openpiton,axi_sd_bridge,piton/design/chipset/axi_sd_bridge/rtl/axi_sd_bridge.v,axi_sd_bridge,.v,0,25,2,clk,rst,valid_ready
openpiton,B,https://github.com/PrincetonUniversity/openpiton.git,1c6bfd2d2ea53ddd7b6f933fa2d439d1a540e207,openpiton,bits2hex,piton/design/common/uart_pkttrace_dump/rtl/bits2hex.v,bits2hex,.v,0,2,0,,,
openpiton,B,https://github.com/PrincetonUniversity/openpiton.git,1c6bfd2d2ea53ddd7b6f933fa2d439d1a540e207,openpiton,blinker,piton/design/chipset/rtl/blinker.v,blinker,.v,0,9,0,clk,rst_n,
openpiton,B,https://github.com/PrincetonUniversity/openpiton.git,1c6bfd2d2ea53ddd7b6f933fa2d439d1a540e207,openpiton,bram_1r1w_wrapper,piton/design/common/rtl/bram_1r1w_wrapper.v,bram_1r1w_wrapper,.v,5,14,0,,RESET_N,
openpiton,B,https://github.com/PrincetonUniversity/openpiton.git,1c6bfd2d2ea53ddd7b6f933fa2d439d1a540e207,openpiton,bram_1rw_wrapper,piton/design/common/rtl/bram_1rw_wrapper.v,bram_1rw_wrapper,.v,5,8,0,,RESET_N,
openpiton,B,https://github.com/PrincetonUniversity/openpiton.git,1c6bfd2d2ea53ddd7b6f933fa2d439d1a540e207,openpiton,bram_map,piton/design/chipset/io_ctrl/rtl/bram_map.v,bram_map,.v,3,3,0,,,
openpiton,B,https://github.com/PrincetonUniversity/openpiton.git,1c6bfd2d2ea53ddd7b6f933fa2d439d1a540e207,openpiton,bridge_network_chooser,piton/design/chip/chip_bridge/rtl/chip_net_chooser_32.v,chip_net_chooser_32,.v,0,14,0,clk,rst,
openpiton,B,https://github.com/PrincetonUniversity/openpiton.git,1c6bfd2d2ea53ddd7b6f933fa2d439d1a540e207,openpiton,bridge_network_chooser_16,piton/design/common/fpga_bridge/fpga_send/rtl/fpga_net_chooser_16.v,fpga_net_chooser_16,.v,0,17,0,clk,rst,
openpiton,B,https://github.com/PrincetonUniversity/openpiton.git,1c6bfd2d2ea53ddd7b6f933fa2d439d1a540e207,openpiton,bridge_network_chooser_32,piton/design/common/fpga_bridge/fpga_send/rtl/fpga_net_chooser_32.v,fpga_net_chooser_32,.v,0,14,0,clk,rst,
openpiton,B,https://github.com/PrincetonUniversity/openpiton.git,1c6bfd2d2ea53ddd7b6f933fa2d439d1a540e207,openpiton,bus_compare_equal,piton/design/chip/tile/dynamic_node/components/rtl/bus_compare_equal.v,bus_compare_equal,.v,0,3,0,,,
openpiton,B,https://github.com/PrincetonUniversity/openpiton.git,1c6bfd2d2ea53ddd7b6f933fa2d439d1a540e207,openpiton,bw_clk_cl_fpu_cmp,piton/design/chip/tile/fpu/rtl/bw_clk_cl_fpu_cmp.v,bw_clk_cl_fpu_cmp,.v,0,12,1,,,
openpiton,B,https://github.com/PrincetonUniversity/openpiton.git,1c6bfd2d2ea53ddd7b6f933fa2d439d1a540e207,openpiton,bw_clk_cl_sparc_cmp,piton/design/chip/tile/sparc/rtl/bw_clk_cl_sparc_cmp.v,bw_clk_cl_sparc_cmp,.v,0,12,1,,,
openpiton,B,https://github.com/PrincetonUniversity/openpiton.git,1c6bfd2d2ea53ddd7b6f933fa2d439d1a540e207,openpiton,bw_mckbuf_11x,piton/design/chip/tile/common/rtl/u1.beh.v,u1.beh,.v,0,3,0,clk,,
openpiton,B,https://github.com/PrincetonUniversity/openpiton.git,1c6bfd2d2ea53ddd7b6f933fa2d439d1a540e207,openpiton,bw_mckbuf_14x,piton/design/chip/tile/common/rtl/u1.beh.v,u1.beh,.v,0,3,0,clk,,
openpiton,B,https://github.com/PrincetonUniversity/openpiton.git,1c6bfd2d2ea53ddd7b6f933fa2d439d1a540e207,openpiton,bw_mckbuf_17x,piton/design/chip/tile/common/rtl/u1.beh.v,u1.beh,.v,0,3,0,clk,,
openpiton,B,https://github.com/PrincetonUniversity/openpiton.git,1c6bfd2d2ea53ddd7b6f933fa2d439d1a540e207,openpiton,bw_mckbuf_19x,piton/design/chip/tile/common/rtl/u1.beh.v,u1.beh,.v,0,3,0,clk,,
openpiton,B,https://github.com/PrincetonUniversity/openpiton.git,1c6bfd2d2ea53ddd7b6f933fa2d439d1a540e207,openpiton,bw_mckbuf_1p5x,piton/design/chip/tile/common/rtl/u1.beh.v,u1.beh,.v,0,3,0,clk,,
openpiton,B,https://github.com/PrincetonUniversity/openpiton.git,1c6bfd2d2ea53ddd7b6f933fa2d439d1a540e207,openpiton,bw_mckbuf_22x,piton/design/chip/tile/common/rtl/u1.beh.v,u1.beh,.v,0,3,0,clk,,
openpiton,B,https://github.com/PrincetonUniversity/openpiton.git,1c6bfd2d2ea53ddd7b6f933fa2d439d1a540e207,openpiton,bw_mckbuf_25x,piton/design/chip/tile/common/rtl/u1.beh.v,u1.beh,.v,0,3,0,clk,,
openpiton,B,https://github.com/PrincetonUniversity/openpiton.git,1c6bfd2d2ea53ddd7b6f933fa2d439d1a540e207,openpiton,bw_mckbuf_28x,piton/design/chip/tile/common/rtl/u1.beh.v,u1.beh,.v,0,3,0,clk,,
openpiton,B,https://github.com/PrincetonUniversity/openpiton.git,1c6bfd2d2ea53ddd7b6f933fa2d439d1a540e207,openpiton,bw_mckbuf_30x,piton/design/chip/tile/common/rtl/u1.beh.v,u1.beh,.v,0,3,0,clk,,
openpiton,B,https://github.com/PrincetonUniversity/openpiton.git,1c6bfd2d2ea53ddd7b6f933fa2d439d1a540e207,openpiton,bw_mckbuf_33x,piton/design/chip/tile/common/rtl/u1.beh.v,u1.beh,.v,0,3,0,clk,,
openpiton,B,https://github.com/PrincetonUniversity/openpiton.git,1c6bfd2d2ea53ddd7b6f933fa2d439d1a540e207,openpiton,bw_mckbuf_3x,piton/design/chip/tile/common/rtl/u1.beh.v,u1.beh,.v,0,3,0,clk,,
openpiton,B,https://github.com/PrincetonUniversity/openpiton.git,1c6bfd2d2ea53ddd7b6f933fa2d439d1a540e207,openpiton,bw_mckbuf_40x,piton/design/chip/tile/common/rtl/u1.beh.v,u1.beh,.v,0,3,0,clk,,
openpiton,B,https://github.com/PrincetonUniversity/openpiton.git,1c6bfd2d2ea53ddd7b6f933fa2d439d1a540e207,openpiton,bw_mckbuf_4p5x,piton/design/chip/tile/common/rtl/u1.beh.v,u1.beh,.v,0,3,0,clk,,
openpiton,B,https://github.com/PrincetonUniversity/openpiton.git,1c6bfd2d2ea53ddd7b6f933fa2d439d1a540e207,openpiton,bw_mckbuf_6x,piton/design/chip/tile/common/rtl/u1.beh.v,u1.beh,.v,0,3,0,clk,,
openpiton,B,https://github.com/PrincetonUniversity/openpiton.git,1c6bfd2d2ea53ddd7b6f933fa2d439d1a540e207,openpiton,bw_mckbuf_7x,piton/design/chip/tile/common/rtl/u1.beh.v,u1.beh,.v,0,3,0,clk,,
openpiton,B,https://github.com/PrincetonUniversity/openpiton.git,1c6bfd2d2ea53ddd7b6f933fa2d439d1a540e207,openpiton,bw_mckbuf_8x,piton/design/chip/tile/common/rtl/u1.beh.v,u1.beh,.v,0,3,0,clk,,
openpiton,B,https://github.com/PrincetonUniversity/openpiton.git,1c6bfd2d2ea53ddd7b6f933fa2d439d1a540e207,openpiton,bw_r_frf,piton/design/chip/tile/sparc/srams/rtl/bw_r_frf.v,bw_r_frf,.v,0,14,1,,rst_tri_en,
openpiton,B,https://github.com/PrincetonUniversity/openpiton.git,1c6bfd2d2ea53ddd7b6f933fa2d439d1a540e207,openpiton,bw_r_frf,piton/design/chip/tile/sparc/srams/rtl/bw_r_frf.v,bw_r_frf,.v,0,14,5,,rst_tri_en,
openpiton,B,https://github.com/PrincetonUniversity/openpiton.git,1c6bfd2d2ea53ddd7b6f933fa2d439d1a540e207,openpiton,bw_r_icd,piton/design/chip/tile/sparc/srams/rtl/bw_r_icd.v,bw_r_icd,.v,0,32,2,,reset_l;rst_tri_en,
openpiton,B,https://github.com/PrincetonUniversity/openpiton.git,1c6bfd2d2ea53ddd7b6f933fa2d439d1a540e207,openpiton,bw_r_icd,piton/design/chip/tile/sparc/srams/rtl/bw_r_icd.v,bw_r_icd,.v,0,32,2,,reset_l;rst_tri_en,
openpiton,B,https://github.com/PrincetonUniversity/openpiton.git,1c6bfd2d2ea53ddd7b6f933fa2d439d1a540e207,openpiton,bw_r_irf,piton/design/chip/tile/sparc/exu/bw_r_irf/rtl/bw_r_irf.v,bw_r_irf,.v,0,44,12,,reset_l;rst_tri_en,
openpiton,B,https://github.com/PrincetonUniversity/openpiton.git,1c6bfd2d2ea53ddd7b6f933fa2d439d1a540e207,openpiton,bw_r_irf,piton/design/chip/tile/sparc/exu/bw_r_irf/rtl/bw_r_irf.v,bw_r_irf,.v,0,39,12,,reset_l;rst_tri_en,
openpiton,B,https://github.com/PrincetonUniversity/openpiton.git,1c6bfd2d2ea53ddd7b6f933fa2d439d1a540e207,openpiton,bw_r_irf,piton/design/chip/tile/sparc/exu/bw_r_irf/rtl/bw_r_irf.v,bw_r_irf,.v,0,39,12,,reset_l;rst_tri_en,
openpiton,B,https://github.com/PrincetonUniversity/openpiton.git,1c6bfd2d2ea53ddd7b6f933fa2d439d1a540e207,openpiton,bw_r_irf,piton/design/chip/tile/sparc/exu/bw_r_irf/rtl/bw_r_irf.v,bw_r_irf,.v,0,39,11,,reset_l;rst_tri_en,
openpiton,B,https://github.com/PrincetonUniversity/openpiton.git,1c6bfd2d2ea53ddd7b6f933fa2d439d1a540e207,openpiton,bw_r_irf_72_2x1_mux,piton/design/chip/tile/sparc/exu/bw_r_irf/common/rtl/bw_r_irf_register.v,bw_r_irf_register,.v,0,4,0,,,
openpiton,B,https://github.com/PrincetonUniversity/openpiton.git,1c6bfd2d2ea53ddd7b6f933fa2d439d1a540e207,openpiton,bw_r_irf_72_4x1_mux,piton/design/chip/tile/sparc/exu/bw_r_irf/common/rtl/bw_r_irf_register.v,bw_r_irf_register,.v,0,6,0,,,
openpiton,B,https://github.com/PrincetonUniversity/openpiton.git,1c6bfd2d2ea53ddd7b6f933fa2d439d1a540e207,openpiton,bw_r_irf_core,piton/design/chip/tile/sparc/exu/bw_r_irf/rtl/bw_r_irf.v,bw_r_irf,.v,0,38,31,clk,reset_l,
openpiton,B,https://github.com/PrincetonUniversity/openpiton.git,1c6bfd2d2ea53ddd7b6f933fa2d439d1a540e207,openpiton,bw_r_irf_core,piton/design/chip/tile/sparc/exu/bw_r_irf/rtl/bw_r_irf.v,bw_r_irf,.v,0,37,32,clk,,
openpiton,B,https://github.com/PrincetonUniversity/openpiton.git,1c6bfd2d2ea53ddd7b6f933fa2d439d1a540e207,openpiton,bw_r_irf_core,piton/design/chip/tile/sparc/exu/bw_r_irf/rtl/bw_r_irf.v,bw_r_irf,.v,0,37,32,clk,,
openpiton,B,https://github.com/PrincetonUniversity/openpiton.git,1c6bfd2d2ea53ddd7b6f933fa2d439d1a540e207,openpiton,bw_r_irf_register,piton/design/chip/tile/sparc/exu/bw_r_irf/common/rtl/bw_r_irf_register.v,bw_r_irf_register,.v,0,9,0,clk,reset_l,
openpiton,B,https://github.com/PrincetonUniversity/openpiton.git,1c6bfd2d2ea53ddd7b6f933fa2d439d1a540e207,openpiton,bw_r_irf_register,piton/design/chip/tile/sparc/exu/bw_r_irf/common/rtl/bw_r_irf_register.v,bw_r_irf_register,.v,0,9,0,clk,reset_l,
openpiton,B,https://github.com/PrincetonUniversity/openpiton.git,1c6bfd2d2ea53ddd7b6f933fa2d439d1a540e207,openpiton,bw_r_irf_register,piton/design/chip/tile/sparc/exu/bw_r_irf/common/rtl/bw_r_irf_register.v,bw_r_irf_register,.v,0,11,4,clk,reset_l,
openpiton,B,https://github.com/PrincetonUniversity/openpiton.git,1c6bfd2d2ea53ddd7b6f933fa2d439d1a540e207,openpiton,bw_r_irf_register,piton/design/chip/tile/sparc/exu/bw_r_irf/common/rtl/bw_r_irf_register.v,bw_r_irf_register,.v,0,13,6,clk,reset_l,
openpiton,B,https://github.com/PrincetonUniversity/openpiton.git,1c6bfd2d2ea53ddd7b6f933fa2d439d1a540e207,openpiton,bw_r_irf_register16,piton/design/chip/tile/sparc/exu/bw_r_irf/bw_r_irf_register16/rtl/bw_r_irf_register16.v,bw_r_irf_register16,.v,0,11,1,clk,reset_l,
openpiton,B,https://github.com/PrincetonUniversity/openpiton.git,1c6bfd2d2ea53ddd7b6f933fa2d439d1a540e207,openpiton,bw_r_irf_register8,piton/design/chip/tile/sparc/exu/bw_r_irf/bw_r_irf_register8/rtl/bw_r_irf_register8.v,bw_r_irf_register8,.v,0,11,1,clk,reset_l,
openpiton,B,https://github.com/PrincetonUniversity/openpiton.git,1c6bfd2d2ea53ddd7b6f933fa2d439d1a540e207,openpiton,bw_r_irf_wrap,piton/design/chip/tile/sparc/exu/bw_r_irf/rtl/bw_r_irf_wrap.v,bw_r_irf_wrap,.v,0,41,1,,reset_l;rst_tri_en,
openpiton,B,https://github.com/PrincetonUniversity/openpiton.git,1c6bfd2d2ea53ddd7b6f933fa2d439d1a540e207,openpiton,bw_r_rf16x160,piton/design/chip/tile/common/srams/rtl/bw_r_rf16x160.v,bw_r_rf16x160,.v,0,18,20,rd_clk;wr_clk,rst_tri_en;reset_l,
openpiton,B,https://github.com/PrincetonUniversity/openpiton.git,1c6bfd2d2ea53ddd7b6f933fa2d439d1a540e207,openpiton,bw_r_rf16x160,piton/design/chip/tile/common/srams/rtl/bw_r_rf16x160.v,bw_r_rf16x160,.v,0,18,0,rd_clk;wr_clk,rst_tri_en;reset_l,
openpiton,B,https://github.com/PrincetonUniversity/openpiton.git,1c6bfd2d2ea53ddd7b6f933fa2d439d1a540e207,openpiton,bw_r_rf16x2,piton/design/chip/tile/common/srams/rtl/bw_r_rf16x160.v,bw_r_rf16x160,.v,0,10,0,clk;rd_clk,reset_l,
openpiton,B,https://github.com/PrincetonUniversity/openpiton.git,1c6bfd2d2ea53ddd7b6f933fa2d439d1a540e207,openpiton,bw_r_rf32x152b,piton/design/chip/tile/sparc/srams/rtl/bw_r_rf32x152b.v,bw_r_rf32x152b,.v,0,13,0,,rst_tri_en;reset_l,
openpiton,B,https://github.com/PrincetonUniversity/openpiton.git,1c6bfd2d2ea53ddd7b6f933fa2d439d1a540e207,openpiton,bw_r_rf32x80,piton/design/chip/tile/sparc/srams/rtl/bw_r_rf32x80.v,bw_r_rf32x80,.v,0,14,6,,rst_tri_en;reset_l,
openpiton,B,https://github.com/PrincetonUniversity/openpiton.git,1c6bfd2d2ea53ddd7b6f933fa2d439d1a540e207,openpiton,bw_r_rf32x80,piton/design/chip/tile/sparc/srams/rtl/bw_r_rf32x80.v,bw_r_rf32x80,.v,0,14,0,,rst_tri_en;reset_l,
openpiton,B,https://github.com/PrincetonUniversity/openpiton.git,1c6bfd2d2ea53ddd7b6f933fa2d439d1a540e207,openpiton,bw_r_scm,piton/design/chip/tile/sparc/srams/rtl/bw_r_scm.v,bw_r_scm,.v,0,23,0,,rst_tri_en,
openpiton,B,https://github.com/PrincetonUniversity/openpiton.git,1c6bfd2d2ea53ddd7b6f933fa2d439d1a540e207,openpiton,bw_u1_ao2222_1x,piton/design/chip/tile/common/rtl/u1.beh.v,u1.beh,.v,0,9,0,,,
openpiton,B,https://github.com/PrincetonUniversity/openpiton.git,1c6bfd2d2ea53ddd7b6f933fa2d439d1a540e207,openpiton,bw_u1_ao2222_2x,piton/design/chip/tile/common/rtl/u1.beh.v,u1.beh,.v,0,9,0,,,
openpiton,B,https://github.com/PrincetonUniversity/openpiton.git,1c6bfd2d2ea53ddd7b6f933fa2d439d1a540e207,openpiton,bw_u1_ao2222_4x,piton/design/chip/tile/common/rtl/u1.beh.v,u1.beh,.v,0,9,0,,,
openpiton,B,https://github.com/PrincetonUniversity/openpiton.git,1c6bfd2d2ea53ddd7b6f933fa2d439d1a540e207,openpiton,bw_u1_aoi211_0p3x,piton/design/chip/tile/common/rtl/u1.beh.v,u1.beh,.v,0,5,0,,,
openpiton,B,https://github.com/PrincetonUniversity/openpiton.git,1c6bfd2d2ea53ddd7b6f933fa2d439d1a540e207,openpiton,bw_u1_aoi211_1x,piton/design/chip/tile/common/rtl/u1.beh.v,u1.beh,.v,0,5,0,,,
openpiton,B,https://github.com/PrincetonUniversity/openpiton.git,1c6bfd2d2ea53ddd7b6f933fa2d439d1a540e207,openpiton,bw_u1_aoi211_2x,piton/design/chip/tile/common/rtl/u1.beh.v,u1.beh,.v,0,5,0,,,
openpiton,B,https://github.com/PrincetonUniversity/openpiton.git,1c6bfd2d2ea53ddd7b6f933fa2d439d1a540e207,openpiton,bw_u1_aoi211_4x,piton/design/chip/tile/common/rtl/u1.beh.v,u1.beh,.v,0,5,0,,,
openpiton,B,https://github.com/PrincetonUniversity/openpiton.git,1c6bfd2d2ea53ddd7b6f933fa2d439d1a540e207,openpiton,bw_u1_aoi211_8x,piton/design/chip/tile/common/rtl/u1.beh.v,u1.beh,.v,0,5,0,,,
openpiton,B,https://github.com/PrincetonUniversity/openpiton.git,1c6bfd2d2ea53ddd7b6f933fa2d439d1a540e207,openpiton,bw_u1_aoi21_0p4x,piton/design/chip/tile/common/rtl/u1.beh.v,u1.beh,.v,0,4,0,,,
openpiton,B,https://github.com/PrincetonUniversity/openpiton.git,1c6bfd2d2ea53ddd7b6f933fa2d439d1a540e207,openpiton,bw_u1_aoi21_12x,piton/design/chip/tile/common/rtl/u1.beh.v,u1.beh,.v,0,4,0,,,
openpiton,B,https://github.com/PrincetonUniversity/openpiton.git,1c6bfd2d2ea53ddd7b6f933fa2d439d1a540e207,openpiton,bw_u1_aoi21_1x,piton/design/chip/tile/common/rtl/u1.beh.v,u1.beh,.v,0,4,0,,,
openpiton,B,https://github.com/PrincetonUniversity/openpiton.git,1c6bfd2d2ea53ddd7b6f933fa2d439d1a540e207,openpiton,bw_u1_aoi21_2x,piton/design/chip/tile/common/rtl/u1.beh.v,u1.beh,.v,0,4,0,,,
openpiton,B,https://github.com/PrincetonUniversity/openpiton.git,1c6bfd2d2ea53ddd7b6f933fa2d439d1a540e207,openpiton,bw_u1_aoi21_4x,piton/design/chip/tile/common/rtl/u1.beh.v,u1.beh,.v,0,4,0,,,
openpiton,B,https://github.com/PrincetonUniversity/openpiton.git,1c6bfd2d2ea53ddd7b6f933fa2d439d1a540e207,openpiton,bw_u1_aoi21_8x,piton/design/chip/tile/common/rtl/u1.beh.v,u1.beh,.v,0,4,0,,,
openpiton,B,https://github.com/PrincetonUniversity/openpiton.git,1c6bfd2d2ea53ddd7b6f933fa2d439d1a540e207,openpiton,bw_u1_aoi221_1x,piton/design/chip/tile/common/rtl/u1.beh.v,u1.beh,.v,0,6,0,,,
openpiton,B,https://github.com/PrincetonUniversity/openpiton.git,1c6bfd2d2ea53ddd7b6f933fa2d439d1a540e207,openpiton,bw_u1_aoi221_2x,piton/design/chip/tile/common/rtl/u1.beh.v,u1.beh,.v,0,6,0,,,
openpiton,B,https://github.com/PrincetonUniversity/openpiton.git,1c6bfd2d2ea53ddd7b6f933fa2d439d1a540e207,openpiton,bw_u1_aoi221_4x,piton/design/chip/tile/common/rtl/u1.beh.v,u1.beh,.v,0,6,0,,,
openpiton,B,https://github.com/PrincetonUniversity/openpiton.git,1c6bfd2d2ea53ddd7b6f933fa2d439d1a540e207,openpiton,bw_u1_aoi221_8x,piton/design/chip/tile/common/rtl/u1.beh.v,u1.beh,.v,0,6,0,,,
openpiton,B,https://github.com/PrincetonUniversity/openpiton.git,1c6bfd2d2ea53ddd7b6f933fa2d439d1a540e207,openpiton,bw_u1_aoi222_1x,piton/design/chip/tile/common/rtl/u1.beh.v,u1.beh,.v,0,7,0,,,
openpiton,B,https://github.com/PrincetonUniversity/openpiton.git,1c6bfd2d2ea53ddd7b6f933fa2d439d1a540e207,openpiton,bw_u1_aoi222_2x,piton/design/chip/tile/common/rtl/u1.beh.v,u1.beh,.v,0,7,0,,,
openpiton,B,https://github.com/PrincetonUniversity/openpiton.git,1c6bfd2d2ea53ddd7b6f933fa2d439d1a540e207,openpiton,bw_u1_aoi222_4x,piton/design/chip/tile/common/rtl/u1.beh.v,u1.beh,.v,0,7,0,,,
openpiton,B,https://github.com/PrincetonUniversity/openpiton.git,1c6bfd2d2ea53ddd7b6f933fa2d439d1a540e207,openpiton,bw_u1_aoi22_0p4x,piton/design/chip/tile/common/rtl/u1.beh.v,u1.beh,.v,0,5,0,,,
openpiton,B,https://github.com/PrincetonUniversity/openpiton.git,1c6bfd2d2ea53ddd7b6f933fa2d439d1a540e207,openpiton,bw_u1_aoi22_1x,piton/design/chip/tile/common/rtl/u1.beh.v,u1.beh,.v,0,5,0,,,
openpiton,B,https://github.com/PrincetonUniversity/openpiton.git,1c6bfd2d2ea53ddd7b6f933fa2d439d1a540e207,openpiton,bw_u1_aoi22_2x,piton/design/chip/tile/common/rtl/u1.beh.v,u1.beh,.v,0,5,0,,,
openpiton,B,https://github.com/PrincetonUniversity/openpiton.git,1c6bfd2d2ea53ddd7b6f933fa2d439d1a540e207,openpiton,bw_u1_aoi22_4x,piton/design/chip/tile/common/rtl/u1.beh.v,u1.beh,.v,0,5,0,,,
openpiton,B,https://github.com/PrincetonUniversity/openpiton.git,1c6bfd2d2ea53ddd7b6f933fa2d439d1a540e207,openpiton,bw_u1_aoi22_8x,piton/design/chip/tile/common/rtl/u1.beh.v,u1.beh,.v,0,5,0,,,
openpiton,B,https://github.com/PrincetonUniversity/openpiton.git,1c6bfd2d2ea53ddd7b6f933fa2d439d1a540e207,openpiton,bw_u1_aoi311_1x,piton/design/chip/tile/common/rtl/u1.beh.v,u1.beh,.v,0,6,0,,,
openpiton,B,https://github.com/PrincetonUniversity/openpiton.git,1c6bfd2d2ea53ddd7b6f933fa2d439d1a540e207,openpiton,bw_u1_aoi311_2x,piton/design/chip/tile/common/rtl/u1.beh.v,u1.beh,.v,0,6,0,,,
openpiton,B,https://github.com/PrincetonUniversity/openpiton.git,1c6bfd2d2ea53ddd7b6f933fa2d439d1a540e207,openpiton,bw_u1_aoi311_4x,piton/design/chip/tile/common/rtl/u1.beh.v,u1.beh,.v,0,6,0,,,
openpiton,B,https://github.com/PrincetonUniversity/openpiton.git,1c6bfd2d2ea53ddd7b6f933fa2d439d1a540e207,openpiton,bw_u1_aoi311_8x,piton/design/chip/tile/common/rtl/u1.beh.v,u1.beh,.v,0,6,0,,,
openpiton,B,https://github.com/PrincetonUniversity/openpiton.git,1c6bfd2d2ea53ddd7b6f933fa2d439d1a540e207,openpiton,bw_u1_aoi31_1x,piton/design/chip/tile/common/rtl/u1.beh.v,u1.beh,.v,0,5,0,,,
openpiton,B,https://github.com/PrincetonUniversity/openpiton.git,1c6bfd2d2ea53ddd7b6f933fa2d439d1a540e207,openpiton,bw_u1_aoi31_2x,piton/design/chip/tile/common/rtl/u1.beh.v,u1.beh,.v,0,5,0,,,
openpiton,B,https://github.com/PrincetonUniversity/openpiton.git,1c6bfd2d2ea53ddd7b6f933fa2d439d1a540e207,openpiton,bw_u1_aoi31_4x,piton/design/chip/tile/common/rtl/u1.beh.v,u1.beh,.v,0,5,0,,,
openpiton,B,https://github.com/PrincetonUniversity/openpiton.git,1c6bfd2d2ea53ddd7b6f933fa2d439d1a540e207,openpiton,bw_u1_aoi31_8x,piton/design/chip/tile/common/rtl/u1.beh.v,u1.beh,.v,0,5,0,,,
openpiton,B,https://github.com/PrincetonUniversity/openpiton.git,1c6bfd2d2ea53ddd7b6f933fa2d439d1a540e207,openpiton,bw_u1_aoi32_1x,piton/design/chip/tile/common/rtl/u1.beh.v,u1.beh,.v,0,6,0,,,
openpiton,B,https://github.com/PrincetonUniversity/openpiton.git,1c6bfd2d2ea53ddd7b6f933fa2d439d1a540e207,openpiton,bw_u1_aoi32_2x,piton/design/chip/tile/common/rtl/u1.beh.v,u1.beh,.v,0,6,0,,,
openpiton,B,https://github.com/PrincetonUniversity/openpiton.git,1c6bfd2d2ea53ddd7b6f933fa2d439d1a540e207,openpiton,bw_u1_aoi32_4x,piton/design/chip/tile/common/rtl/u1.beh.v,u1.beh,.v,0,6,0,,,
openpiton,B,https://github.com/PrincetonUniversity/openpiton.git,1c6bfd2d2ea53ddd7b6f933fa2d439d1a540e207,openpiton,bw_u1_aoi32_8x,piton/design/chip/tile/common/rtl/u1.beh.v,u1.beh,.v,0,6,0,,,
openpiton,B,https://github.com/PrincetonUniversity/openpiton.git,1c6bfd2d2ea53ddd7b6f933fa2d439d1a540e207,openpiton,bw_u1_aoi33_1x,piton/design/chip/tile/common/rtl/u1.beh.v,u1.beh,.v,0,7,0,,,
openpiton,B,https://github.com/PrincetonUniversity/openpiton.git,1c6bfd2d2ea53ddd7b6f933fa2d439d1a540e207,openpiton,bw_u1_aoi33_2x,piton/design/chip/tile/common/rtl/u1.beh.v,u1.beh,.v,0,7,0,,,
openpiton,B,https://github.com/PrincetonUniversity/openpiton.git,1c6bfd2d2ea53ddd7b6f933fa2d439d1a540e207,openpiton,bw_u1_aoi33_4x,piton/design/chip/tile/common/rtl/u1.beh.v,u1.beh,.v,0,7,0,,,
openpiton,B,https://github.com/PrincetonUniversity/openpiton.git,1c6bfd2d2ea53ddd7b6f933fa2d439d1a540e207,openpiton,bw_u1_aoi33_8x,piton/design/chip/tile/common/rtl/u1.beh.v,u1.beh,.v,0,7,0,,,
openpiton,B,https://github.com/PrincetonUniversity/openpiton.git,1c6bfd2d2ea53ddd7b6f933fa2d439d1a540e207,openpiton,bw_u1_buf_10x,piton/design/chip/tile/common/rtl/u1.beh.v,u1.beh,.v,0,2,0,,,
openpiton,B,https://github.com/PrincetonUniversity/openpiton.git,1c6bfd2d2ea53ddd7b6f933fa2d439d1a540e207,openpiton,bw_u1_buf_15x,piton/design/chip/tile/common/rtl/u1.beh.v,u1.beh,.v,0,2,0,,,
openpiton,B,https://github.com/PrincetonUniversity/openpiton.git,1c6bfd2d2ea53ddd7b6f933fa2d439d1a540e207,openpiton,bw_u1_buf_1x,piton/design/chip/tile/common/rtl/u1.beh.v,u1.beh,.v,0,2,0,,,
openpiton,B,https://github.com/PrincetonUniversity/openpiton.git,1c6bfd2d2ea53ddd7b6f933fa2d439d1a540e207,openpiton,bw_u1_buf_20x,piton/design/chip/tile/common/rtl/u1.beh.v,u1.beh,.v,0,2,0,,,
openpiton,B,https://github.com/PrincetonUniversity/openpiton.git,1c6bfd2d2ea53ddd7b6f933fa2d439d1a540e207,openpiton,bw_u1_buf_30x,piton/design/chip/tile/common/rtl/u1.beh.v,u1.beh,.v,0,2,0,,,
openpiton,B,https://github.com/PrincetonUniversity/openpiton.git,1c6bfd2d2ea53ddd7b6f933fa2d439d1a540e207,openpiton,bw_u1_buf_40x,piton/design/chip/tile/common/rtl/u1.beh.v,u1.beh,.v,0,2,0,,,
openpiton,B,https://github.com/PrincetonUniversity/openpiton.git,1c6bfd2d2ea53ddd7b6f933fa2d439d1a540e207,openpiton,bw_u1_buf_5x,piton/design/chip/tile/common/rtl/u1.beh.v,u1.beh,.v,0,2,0,,,
openpiton,B,https://github.com/PrincetonUniversity/openpiton.git,1c6bfd2d2ea53ddd7b6f933fa2d439d1a540e207,openpiton,bw_u1_ckbuf_11x,piton/design/chip/tile/common/rtl/u1.beh.v,u1.beh,.v,0,2,0,clk,,
openpiton,B,https://github.com/PrincetonUniversity/openpiton.git,1c6bfd2d2ea53ddd7b6f933fa2d439d1a540e207,openpiton,bw_u1_ckbuf_14x,piton/design/chip/tile/common/rtl/u1.beh.v,u1.beh,.v,0,2,0,clk,,
openpiton,B,https://github.com/PrincetonUniversity/openpiton.git,1c6bfd2d2ea53ddd7b6f933fa2d439d1a540e207,openpiton,bw_u1_ckbuf_17x,piton/design/chip/tile/common/rtl/u1.beh.v,u1.beh,.v,0,2,0,clk,,
openpiton,B,https://github.com/PrincetonUniversity/openpiton.git,1c6bfd2d2ea53ddd7b6f933fa2d439d1a540e207,openpiton,bw_u1_ckbuf_19x,piton/design/chip/tile/common/rtl/u1.beh.v,u1.beh,.v,0,2,0,clk,,
openpiton,B,https://github.com/PrincetonUniversity/openpiton.git,1c6bfd2d2ea53ddd7b6f933fa2d439d1a540e207,openpiton,bw_u1_ckbuf_1p5x,piton/design/chip/tile/common/rtl/u1.beh.v,u1.beh,.v,0,2,0,clk,,
openpiton,B,https://github.com/PrincetonUniversity/openpiton.git,1c6bfd2d2ea53ddd7b6f933fa2d439d1a540e207,openpiton,bw_u1_ckbuf_22x,piton/design/chip/tile/common/rtl/u1.beh.v,u1.beh,.v,0,2,0,clk,,
openpiton,B,https://github.com/PrincetonUniversity/openpiton.git,1c6bfd2d2ea53ddd7b6f933fa2d439d1a540e207,openpiton,bw_u1_ckbuf_25x,piton/design/chip/tile/common/rtl/u1.beh.v,u1.beh,.v,0,2,0,clk,,
openpiton,B,https://github.com/PrincetonUniversity/openpiton.git,1c6bfd2d2ea53ddd7b6f933fa2d439d1a540e207,openpiton,bw_u1_ckbuf_28x,piton/design/chip/tile/common/rtl/u1.beh.v,u1.beh,.v,0,2,0,clk,,
openpiton,B,https://github.com/PrincetonUniversity/openpiton.git,1c6bfd2d2ea53ddd7b6f933fa2d439d1a540e207,openpiton,bw_u1_ckbuf_30x,piton/design/chip/tile/common/rtl/u1.beh.v,u1.beh,.v,0,2,0,clk,,
openpiton,B,https://github.com/PrincetonUniversity/openpiton.git,1c6bfd2d2ea53ddd7b6f933fa2d439d1a540e207,openpiton,bw_u1_ckbuf_33x,piton/design/chip/tile/common/rtl/u1.beh.v,u1.beh,.v,0,2,0,clk,,
openpiton,B,https://github.com/PrincetonUniversity/openpiton.git,1c6bfd2d2ea53ddd7b6f933fa2d439d1a540e207,openpiton,bw_u1_ckbuf_3x,piton/design/chip/tile/common/rtl/u1.beh.v,u1.beh,.v,0,2,0,clk,,
openpiton,B,https://github.com/PrincetonUniversity/openpiton.git,1c6bfd2d2ea53ddd7b6f933fa2d439d1a540e207,openpiton,bw_u1_ckbuf_40x,piton/design/chip/tile/common/rtl/u1.beh.v,u1.beh,.v,0,2,0,clk,,
openpiton,B,https://github.com/PrincetonUniversity/openpiton.git,1c6bfd2d2ea53ddd7b6f933fa2d439d1a540e207,openpiton,bw_u1_ckbuf_4p5x,piton/design/chip/tile/common/rtl/u1.beh.v,u1.beh,.v,0,2,0,clk,,
openpiton,B,https://github.com/PrincetonUniversity/openpiton.git,1c6bfd2d2ea53ddd7b6f933fa2d439d1a540e207,openpiton,bw_u1_ckbuf_6x,piton/design/chip/tile/common/rtl/u1.beh.v,u1.beh,.v,0,2,0,clk,,
openpiton,B,https://github.com/PrincetonUniversity/openpiton.git,1c6bfd2d2ea53ddd7b6f933fa2d439d1a540e207,openpiton,bw_u1_ckbuf_7x,piton/design/chip/tile/common/rtl/u1.beh.v,u1.beh,.v,0,2,0,clk,,
openpiton,B,https://github.com/PrincetonUniversity/openpiton.git,1c6bfd2d2ea53ddd7b6f933fa2d439d1a540e207,openpiton,bw_u1_ckbuf_8x,piton/design/chip/tile/common/rtl/u1.beh.v,u1.beh,.v,0,2,0,clk,,
openpiton,B,https://github.com/PrincetonUniversity/openpiton.git,1c6bfd2d2ea53ddd7b6f933fa2d439d1a540e207,openpiton,bw_u1_ckenbuf_14x,piton/design/chip/tile/common/rtl/u1.beh.v,u1.beh,.v,0,4,1,clk,,
openpiton,B,https://github.com/PrincetonUniversity/openpiton.git,1c6bfd2d2ea53ddd7b6f933fa2d439d1a540e207,openpiton,bw_u1_ckenbuf_4p5x,piton/design/chip/tile/common/rtl/u1.beh.v,u1.beh,.v,0,4,1,clk,,
openpiton,B,https://github.com/PrincetonUniversity/openpiton.git,1c6bfd2d2ea53ddd7b6f933fa2d439d1a540e207,openpiton,bw_u1_ckenbuf_6x,piton/design/chip/tile/common/rtl/u1.beh.v,u1.beh,.v,0,4,1,clk,,
openpiton,B,https://github.com/PrincetonUniversity/openpiton.git,1c6bfd2d2ea53ddd7b6f933fa2d439d1a540e207,openpiton,bw_u1_fill_1x,piton/design/chip/tile/common/rtl/u1.beh.v,u1.beh,.v,0,1,0,,,
openpiton,B,https://github.com/PrincetonUniversity/openpiton.git,1c6bfd2d2ea53ddd7b6f933fa2d439d1a540e207,openpiton,bw_u1_fill_2x,piton/design/chip/tile/common/rtl/u1.beh.v,u1.beh,.v,0,1,0,,,
openpiton,B,https://github.com/PrincetonUniversity/openpiton.git,1c6bfd2d2ea53ddd7b6f933fa2d439d1a540e207,openpiton,bw_u1_fill_3x,piton/design/chip/tile/common/rtl/u1.beh.v,u1.beh,.v,0,1,0,,,
openpiton,B,https://github.com/PrincetonUniversity/openpiton.git,1c6bfd2d2ea53ddd7b6f933fa2d439d1a540e207,openpiton,bw_u1_fill_4x,piton/design/chip/tile/common/rtl/u1.beh.v,u1.beh,.v,0,1,0,,,
openpiton,B,https://github.com/PrincetonUniversity/openpiton.git,1c6bfd2d2ea53ddd7b6f933fa2d439d1a540e207,openpiton,bw_u1_inv_0p6x,piton/design/chip/tile/common/rtl/u1.beh.v,u1.beh,.v,0,2,0,,,
openpiton,B,https://github.com/PrincetonUniversity/openpiton.git,1c6bfd2d2ea53ddd7b6f933fa2d439d1a540e207,openpiton,bw_u1_inv_10x,piton/design/chip/tile/common/rtl/u1.beh.v,u1.beh,.v,0,2,0,,,
openpiton,B,https://github.com/PrincetonUniversity/openpiton.git,1c6bfd2d2ea53ddd7b6f933fa2d439d1a540e207,openpiton,bw_u1_inv_15x,piton/design/chip/tile/common/rtl/u1.beh.v,u1.beh,.v,0,2,0,,,
openpiton,B,https://github.com/PrincetonUniversity/openpiton.git,1c6bfd2d2ea53ddd7b6f933fa2d439d1a540e207,openpiton,bw_u1_inv_1p4x,piton/design/chip/tile/common/rtl/u1.beh.v,u1.beh,.v,0,2,0,,,
openpiton,B,https://github.com/PrincetonUniversity/openpiton.git,1c6bfd2d2ea53ddd7b6f933fa2d439d1a540e207,openpiton,bw_u1_inv_1x,piton/design/chip/tile/common/rtl/u1.beh.v,u1.beh,.v,0,2,0,,,
openpiton,B,https://github.com/PrincetonUniversity/openpiton.git,1c6bfd2d2ea53ddd7b6f933fa2d439d1a540e207,openpiton,bw_u1_inv_20x,piton/design/chip/tile/common/rtl/u1.beh.v,u1.beh,.v,0,2,0,,,
openpiton,B,https://github.com/PrincetonUniversity/openpiton.git,1c6bfd2d2ea53ddd7b6f933fa2d439d1a540e207,openpiton,bw_u1_inv_2x,piton/design/chip/tile/common/rtl/u1.beh.v,u1.beh,.v,0,2,0,,,
openpiton,B,https://github.com/PrincetonUniversity/openpiton.git,1c6bfd2d2ea53ddd7b6f933fa2d439d1a540e207,openpiton,bw_u1_inv_30x,piton/design/chip/tile/common/rtl/u1.beh.v,u1.beh,.v,0,2,0,,,
openpiton,B,https://github.com/PrincetonUniversity/openpiton.git,1c6bfd2d2ea53ddd7b6f933fa2d439d1a540e207,openpiton,bw_u1_inv_3x,piton/design/chip/tile/common/rtl/u1.beh.v,u1.beh,.v,0,2,0,,,
openpiton,B,https://github.com/PrincetonUniversity/openpiton.git,1c6bfd2d2ea53ddd7b6f933fa2d439d1a540e207,openpiton,bw_u1_inv_40x,piton/design/chip/tile/common/rtl/u1.beh.v,u1.beh,.v,0,2,0,,,
openpiton,B,https://github.com/PrincetonUniversity/openpiton.git,1c6bfd2d2ea53ddd7b6f933fa2d439d1a540e207,openpiton,bw_u1_inv_4x,piton/design/chip/tile/common/rtl/u1.beh.v,u1.beh,.v,0,2,0,,,
openpiton,B,https://github.com/PrincetonUniversity/openpiton.git,1c6bfd2d2ea53ddd7b6f933fa2d439d1a540e207,openpiton,bw_u1_inv_5x,piton/design/chip/tile/common/rtl/u1.beh.v,u1.beh,.v,0,2,0,,,
openpiton,B,https://github.com/PrincetonUniversity/openpiton.git,1c6bfd2d2ea53ddd7b6f933fa2d439d1a540e207,openpiton,bw_u1_inv_8x,piton/design/chip/tile/common/rtl/u1.beh.v,u1.beh,.v,0,2,0,,,
openpiton,B,https://github.com/PrincetonUniversity/openpiton.git,1c6bfd2d2ea53ddd7b6f933fa2d439d1a540e207,openpiton,bw_u1_invh_15x,piton/design/chip/tile/common/rtl/u1.beh.v,u1.beh,.v,0,2,0,,,
openpiton,B,https://github.com/PrincetonUniversity/openpiton.git,1c6bfd2d2ea53ddd7b6f933fa2d439d1a540e207,openpiton,bw_u1_invh_25x,piton/design/chip/tile/common/rtl/u1.beh.v,u1.beh,.v,0,2,0,,,
openpiton,B,https://github.com/PrincetonUniversity/openpiton.git,1c6bfd2d2ea53ddd7b6f933fa2d439d1a540e207,openpiton,bw_u1_invh_30x,piton/design/chip/tile/common/rtl/u1.beh.v,u1.beh,.v,0,2,0,,,
openpiton,B,https://github.com/PrincetonUniversity/openpiton.git,1c6bfd2d2ea53ddd7b6f933fa2d439d1a540e207,openpiton,bw_u1_invh_50x,piton/design/chip/tile/common/rtl/u1.beh.v,u1.beh,.v,0,2,0,,,
openpiton,B,https://github.com/PrincetonUniversity/openpiton.git,1c6bfd2d2ea53ddd7b6f933fa2d439d1a540e207,openpiton,bw_u1_invh_60x,piton/design/chip/tile/common/rtl/u1.beh.v,u1.beh,.v,0,2,0,,,
openpiton,B,https://github.com/PrincetonUniversity/openpiton.git,1c6bfd2d2ea53ddd7b6f933fa2d439d1a540e207,openpiton,bw_u1_minbuf_1x,piton/design/chip/tile/common/rtl/u1.beh.v,u1.beh,.v,0,2,0,,,
openpiton,B,https://github.com/PrincetonUniversity/openpiton.git,1c6bfd2d2ea53ddd7b6f933fa2d439d1a540e207,openpiton,bw_u1_minbuf_4x,piton/design/chip/tile/common/rtl/u1.beh.v,u1.beh,.v,0,2,0,,,
openpiton,B,https://github.com/PrincetonUniversity/openpiton.git,1c6bfd2d2ea53ddd7b6f933fa2d439d1a540e207,openpiton,bw_u1_minbuf_5x,piton/design/chip/tile/common/rtl/u1.beh.v,u1.beh,.v,0,2,0,,,
openpiton,B,https://github.com/PrincetonUniversity/openpiton.git,1c6bfd2d2ea53ddd7b6f933fa2d439d1a540e207,openpiton,bw_u1_muxi21_0p6x,piton/design/chip/tile/common/rtl/u1.beh.v,u1.beh,.v,0,4,0,,,
openpiton,B,https://github.com/PrincetonUniversity/openpiton.git,1c6bfd2d2ea53ddd7b6f933fa2d439d1a540e207,openpiton,bw_u1_muxi21_1x,piton/design/chip/tile/common/rtl/u1.beh.v,u1.beh,.v,0,4,0,,,
openpiton,B,https://github.com/PrincetonUniversity/openpiton.git,1c6bfd2d2ea53ddd7b6f933fa2d439d1a540e207,openpiton,bw_u1_muxi21_2x,piton/design/chip/tile/common/rtl/u1.beh.v,u1.beh,.v,0,4,0,,,
openpiton,B,https://github.com/PrincetonUniversity/openpiton.git,1c6bfd2d2ea53ddd7b6f933fa2d439d1a540e207,openpiton,bw_u1_muxi21_4x,piton/design/chip/tile/common/rtl/u1.beh.v,u1.beh,.v,0,4,0,,,
openpiton,B,https://github.com/PrincetonUniversity/openpiton.git,1c6bfd2d2ea53ddd7b6f933fa2d439d1a540e207,openpiton,bw_u1_muxi21_6x,piton/design/chip/tile/common/rtl/u1.beh.v,u1.beh,.v,0,4,0,,,
openpiton,B,https://github.com/PrincetonUniversity/openpiton.git,1c6bfd2d2ea53ddd7b6f933fa2d439d1a540e207,openpiton,bw_u1_muxi31d_4x,piton/design/chip/tile/common/rtl/u1.beh.v,u1.beh,.v,0,7,1,,,
openpiton,B,https://github.com/PrincetonUniversity/openpiton.git,1c6bfd2d2ea53ddd7b6f933fa2d439d1a540e207,openpiton,bw_u1_muxi41d_4x,piton/design/chip/tile/common/rtl/u1.beh.v,u1.beh,.v,0,9,1,,,
openpiton,B,https://github.com/PrincetonUniversity/openpiton.git,1c6bfd2d2ea53ddd7b6f933fa2d439d1a540e207,openpiton,bw_u1_muxi41d_6x,piton/design/chip/tile/common/rtl/u1.beh.v,u1.beh,.v,0,9,1,,,
openpiton,B,https://github.com/PrincetonUniversity/openpiton.git,1c6bfd2d2ea53ddd7b6f933fa2d439d1a540e207,openpiton,bw_u1_nand2_0p4x,piton/design/chip/tile/common/rtl/u1.beh.v,u1.beh,.v,0,3,0,,,
openpiton,B,https://github.com/PrincetonUniversity/openpiton.git,1c6bfd2d2ea53ddd7b6f933fa2d439d1a540e207,openpiton,bw_u1_nand2_0p6x,piton/design/chip/tile/common/rtl/u1.beh.v,u1.beh,.v,0,3,0,,,
openpiton,B,https://github.com/PrincetonUniversity/openpiton.git,1c6bfd2d2ea53ddd7b6f933fa2d439d1a540e207,openpiton,bw_u1_nand2_10x,piton/design/chip/tile/common/rtl/u1.beh.v,u1.beh,.v,0,3,0,,,
openpiton,B,https://github.com/PrincetonUniversity/openpiton.git,1c6bfd2d2ea53ddd7b6f933fa2d439d1a540e207,openpiton,bw_u1_nand2_15x,piton/design/chip/tile/common/rtl/u1.beh.v,u1.beh,.v,0,3,0,,,
openpiton,B,https://github.com/PrincetonUniversity/openpiton.git,1c6bfd2d2ea53ddd7b6f933fa2d439d1a540e207,openpiton,bw_u1_nand2_1p4x,piton/design/chip/tile/common/rtl/u1.beh.v,u1.beh,.v,0,3,0,,,
openpiton,B,https://github.com/PrincetonUniversity/openpiton.git,1c6bfd2d2ea53ddd7b6f933fa2d439d1a540e207,openpiton,bw_u1_nand2_1x,piton/design/chip/tile/common/rtl/u1.beh.v,u1.beh,.v,0,3,0,,,
openpiton,B,https://github.com/PrincetonUniversity/openpiton.git,1c6bfd2d2ea53ddd7b6f933fa2d439d1a540e207,openpiton,bw_u1_nand2_2x,piton/design/chip/tile/common/rtl/u1.beh.v,u1.beh,.v,0,3,0,,,
openpiton,B,https://github.com/PrincetonUniversity/openpiton.git,1c6bfd2d2ea53ddd7b6f933fa2d439d1a540e207,openpiton,bw_u1_nand2_3x,piton/design/chip/tile/common/rtl/u1.beh.v,u1.beh,.v,0,3,0,,,
openpiton,B,https://github.com/PrincetonUniversity/openpiton.git,1c6bfd2d2ea53ddd7b6f933fa2d439d1a540e207,openpiton,bw_u1_nand2_4x,piton/design/chip/tile/common/rtl/u1.beh.v,u1.beh,.v,0,3,0,,,
openpiton,B,https://github.com/PrincetonUniversity/openpiton.git,1c6bfd2d2ea53ddd7b6f933fa2d439d1a540e207,openpiton,bw_u1_nand2_5x,piton/design/chip/tile/common/rtl/u1.beh.v,u1.beh,.v,0,3,0,,,
openpiton,B,https://github.com/PrincetonUniversity/openpiton.git,1c6bfd2d2ea53ddd7b6f933fa2d439d1a540e207,openpiton,bw_u1_nand2_7x,piton/design/chip/tile/common/rtl/u1.beh.v,u1.beh,.v,0,3,0,,,
openpiton,B,https://github.com/PrincetonUniversity/openpiton.git,1c6bfd2d2ea53ddd7b6f933fa2d439d1a540e207,openpiton,bw_u1_nand3_0p4x,piton/design/chip/tile/common/rtl/u1.beh.v,u1.beh,.v,0,4,0,,,
openpiton,B,https://github.com/PrincetonUniversity/openpiton.git,1c6bfd2d2ea53ddd7b6f933fa2d439d1a540e207,openpiton,bw_u1_nand3_0p6x,piton/design/chip/tile/common/rtl/u1.beh.v,u1.beh,.v,0,4,0,,,
openpiton,B,https://github.com/PrincetonUniversity/openpiton.git,1c6bfd2d2ea53ddd7b6f933fa2d439d1a540e207,openpiton,bw_u1_nand3_10x,piton/design/chip/tile/common/rtl/u1.beh.v,u1.beh,.v,0,4,0,,,
openpiton,B,https://github.com/PrincetonUniversity/openpiton.git,1c6bfd2d2ea53ddd7b6f933fa2d439d1a540e207,openpiton,bw_u1_nand3_1p4x,piton/design/chip/tile/common/rtl/u1.beh.v,u1.beh,.v,0,4,0,,,
openpiton,B,https://github.com/PrincetonUniversity/openpiton.git,1c6bfd2d2ea53ddd7b6f933fa2d439d1a540e207,openpiton,bw_u1_nand3_1x,piton/design/chip/tile/common/rtl/u1.beh.v,u1.beh,.v,0,4,0,,,
openpiton,B,https://github.com/PrincetonUniversity/openpiton.git,1c6bfd2d2ea53ddd7b6f933fa2d439d1a540e207,openpiton,bw_u1_nand3_2x,piton/design/chip/tile/common/rtl/u1.beh.v,u1.beh,.v,0,4,0,,,
openpiton,B,https://github.com/PrincetonUniversity/openpiton.git,1c6bfd2d2ea53ddd7b6f933fa2d439d1a540e207,openpiton,bw_u1_nand3_3x,piton/design/chip/tile/common/rtl/u1.beh.v,u1.beh,.v,0,4,0,,,
openpiton,B,https://github.com/PrincetonUniversity/openpiton.git,1c6bfd2d2ea53ddd7b6f933fa2d439d1a540e207,openpiton,bw_u1_nand3_4x,piton/design/chip/tile/common/rtl/u1.beh.v,u1.beh,.v,0,4,0,,,
openpiton,B,https://github.com/PrincetonUniversity/openpiton.git,1c6bfd2d2ea53ddd7b6f933fa2d439d1a540e207,openpiton,bw_u1_nand3_5x,piton/design/chip/tile/common/rtl/u1.beh.v,u1.beh,.v,0,4,0,,,
openpiton,B,https://github.com/PrincetonUniversity/openpiton.git,1c6bfd2d2ea53ddd7b6f933fa2d439d1a540e207,openpiton,bw_u1_nand3_7x,piton/design/chip/tile/common/rtl/u1.beh.v,u1.beh,.v,0,4,0,,,
openpiton,B,https://github.com/PrincetonUniversity/openpiton.git,1c6bfd2d2ea53ddd7b6f933fa2d439d1a540e207,openpiton,bw_u1_nand4_0p6x,piton/design/chip/tile/common/rtl/u1.beh.v,u1.beh,.v,0,5,0,,,
openpiton,B,https://github.com/PrincetonUniversity/openpiton.git,1c6bfd2d2ea53ddd7b6f933fa2d439d1a540e207,openpiton,bw_u1_nand4_1p4x,piton/design/chip/tile/common/rtl/u1.beh.v,u1.beh,.v,0,5,0,,,
openpiton,B,https://github.com/PrincetonUniversity/openpiton.git,1c6bfd2d2ea53ddd7b6f933fa2d439d1a540e207,openpiton,bw_u1_nand4_1x,piton/design/chip/tile/common/rtl/u1.beh.v,u1.beh,.v,0,5,0,,,
openpiton,B,https://github.com/PrincetonUniversity/openpiton.git,1c6bfd2d2ea53ddd7b6f933fa2d439d1a540e207,openpiton,bw_u1_nand4_2x,piton/design/chip/tile/common/rtl/u1.beh.v,u1.beh,.v,0,5,0,,,
openpiton,B,https://github.com/PrincetonUniversity/openpiton.git,1c6bfd2d2ea53ddd7b6f933fa2d439d1a540e207,openpiton,bw_u1_nand4_3x,piton/design/chip/tile/common/rtl/u1.beh.v,u1.beh,.v,0,5,0,,,
openpiton,B,https://github.com/PrincetonUniversity/openpiton.git,1c6bfd2d2ea53ddd7b6f933fa2d439d1a540e207,openpiton,bw_u1_nand4_4x,piton/design/chip/tile/common/rtl/u1.beh.v,u1.beh,.v,0,5,0,,,
openpiton,B,https://github.com/PrincetonUniversity/openpiton.git,1c6bfd2d2ea53ddd7b6f933fa2d439d1a540e207,openpiton,bw_u1_nand4_6x,piton/design/chip/tile/common/rtl/u1.beh.v,u1.beh,.v,0,5,0,,,
openpiton,B,https://github.com/PrincetonUniversity/openpiton.git,1c6bfd2d2ea53ddd7b6f933fa2d439d1a540e207,openpiton,bw_u1_nand4_8x,piton/design/chip/tile/common/rtl/u1.beh.v,u1.beh,.v,0,5,0,,,
openpiton,B,https://github.com/PrincetonUniversity/openpiton.git,1c6bfd2d2ea53ddd7b6f933fa2d439d1a540e207,openpiton,bw_u1_nor2_0p6x,piton/design/chip/tile/common/rtl/u1.beh.v,u1.beh,.v,0,3,0,,,
openpiton,B,https://github.com/PrincetonUniversity/openpiton.git,1c6bfd2d2ea53ddd7b6f933fa2d439d1a540e207,openpiton,bw_u1_nor2_12x,piton/design/chip/tile/common/rtl/u1.beh.v,u1.beh,.v,0,3,0,,,
openpiton,B,https://github.com/PrincetonUniversity/openpiton.git,1c6bfd2d2ea53ddd7b6f933fa2d439d1a540e207,openpiton,bw_u1_nor2_1p4x,piton/design/chip/tile/common/rtl/u1.beh.v,u1.beh,.v,0,3,0,,,
openpiton,B,https://github.com/PrincetonUniversity/openpiton.git,1c6bfd2d2ea53ddd7b6f933fa2d439d1a540e207,openpiton,bw_u1_nor2_1x,piton/design/chip/tile/common/rtl/u1.beh.v,u1.beh,.v,0,3,0,,,
openpiton,B,https://github.com/PrincetonUniversity/openpiton.git,1c6bfd2d2ea53ddd7b6f933fa2d439d1a540e207,openpiton,bw_u1_nor2_2x,piton/design/chip/tile/common/rtl/u1.beh.v,u1.beh,.v,0,3,0,,,
openpiton,B,https://github.com/PrincetonUniversity/openpiton.git,1c6bfd2d2ea53ddd7b6f933fa2d439d1a540e207,openpiton,bw_u1_nor2_3x,piton/design/chip/tile/common/rtl/u1.beh.v,u1.beh,.v,0,3,0,,,
openpiton,B,https://github.com/PrincetonUniversity/openpiton.git,1c6bfd2d2ea53ddd7b6f933fa2d439d1a540e207,openpiton,bw_u1_nor2_4x,piton/design/chip/tile/common/rtl/u1.beh.v,u1.beh,.v,0,3,0,,,
openpiton,B,https://github.com/PrincetonUniversity/openpiton.git,1c6bfd2d2ea53ddd7b6f933fa2d439d1a540e207,openpiton,bw_u1_nor2_6x,piton/design/chip/tile/common/rtl/u1.beh.v,u1.beh,.v,0,3,0,,,
openpiton,B,https://github.com/PrincetonUniversity/openpiton.git,1c6bfd2d2ea53ddd7b6f933fa2d439d1a540e207,openpiton,bw_u1_nor2_8x,piton/design/chip/tile/common/rtl/u1.beh.v,u1.beh,.v,0,3,0,,,
openpiton,B,https://github.com/PrincetonUniversity/openpiton.git,1c6bfd2d2ea53ddd7b6f933fa2d439d1a540e207,openpiton,bw_u1_nor3_0p6x,piton/design/chip/tile/common/rtl/u1.beh.v,u1.beh,.v,0,4,0,,,
openpiton,B,https://github.com/PrincetonUniversity/openpiton.git,1c6bfd2d2ea53ddd7b6f933fa2d439d1a540e207,openpiton,bw_u1_nor3_1p4x,piton/design/chip/tile/common/rtl/u1.beh.v,u1.beh,.v,0,4,0,,,
openpiton,B,https://github.com/PrincetonUniversity/openpiton.git,1c6bfd2d2ea53ddd7b6f933fa2d439d1a540e207,openpiton,bw_u1_nor3_1x,piton/design/chip/tile/common/rtl/u1.beh.v,u1.beh,.v,0,4,0,,,
openpiton,B,https://github.com/PrincetonUniversity/openpiton.git,1c6bfd2d2ea53ddd7b6f933fa2d439d1a540e207,openpiton,bw_u1_nor3_2x,piton/design/chip/tile/common/rtl/u1.beh.v,u1.beh,.v,0,4,0,,,
openpiton,B,https://github.com/PrincetonUniversity/openpiton.git,1c6bfd2d2ea53ddd7b6f933fa2d439d1a540e207,openpiton,bw_u1_nor3_3x,piton/design/chip/tile/common/rtl/u1.beh.v,u1.beh,.v,0,4,0,,,
openpiton,B,https://github.com/PrincetonUniversity/openpiton.git,1c6bfd2d2ea53ddd7b6f933fa2d439d1a540e207,openpiton,bw_u1_nor3_4x,piton/design/chip/tile/common/rtl/u1.beh.v,u1.beh,.v,0,4,0,,,
openpiton,B,https://github.com/PrincetonUniversity/openpiton.git,1c6bfd2d2ea53ddd7b6f933fa2d439d1a540e207,openpiton,bw_u1_nor3_6x,piton/design/chip/tile/common/rtl/u1.beh.v,u1.beh,.v,0,4,0,,,
openpiton,B,https://github.com/PrincetonUniversity/openpiton.git,1c6bfd2d2ea53ddd7b6f933fa2d439d1a540e207,openpiton,bw_u1_nor3_8x,piton/design/chip/tile/common/rtl/u1.beh.v,u1.beh,.v,0,4,0,,,
openpiton,B,https://github.com/PrincetonUniversity/openpiton.git,1c6bfd2d2ea53ddd7b6f933fa2d439d1a540e207,openpiton,bw_u1_oai211_0p3x,piton/design/chip/tile/common/rtl/u1.beh.v,u1.beh,.v,0,5,0,,,
openpiton,B,https://github.com/PrincetonUniversity/openpiton.git,1c6bfd2d2ea53ddd7b6f933fa2d439d1a540e207,openpiton,bw_u1_oai211_1x,piton/design/chip/tile/common/rtl/u1.beh.v,u1.beh,.v,0,5,0,,,
openpiton,B,https://github.com/PrincetonUniversity/openpiton.git,1c6bfd2d2ea53ddd7b6f933fa2d439d1a540e207,openpiton,bw_u1_oai211_2x,piton/design/chip/tile/common/rtl/u1.beh.v,u1.beh,.v,0,5,0,,,
openpiton,B,https://github.com/PrincetonUniversity/openpiton.git,1c6bfd2d2ea53ddd7b6f933fa2d439d1a540e207,openpiton,bw_u1_oai211_4x,piton/design/chip/tile/common/rtl/u1.beh.v,u1.beh,.v,0,5,0,,,
openpiton,B,https://github.com/PrincetonUniversity/openpiton.git,1c6bfd2d2ea53ddd7b6f933fa2d439d1a540e207,openpiton,bw_u1_oai211_8x,piton/design/chip/tile/common/rtl/u1.beh.v,u1.beh,.v,0,5,0,,,
openpiton,B,https://github.com/PrincetonUniversity/openpiton.git,1c6bfd2d2ea53ddd7b6f933fa2d439d1a540e207,openpiton,bw_u1_oai21_0p4x,piton/design/chip/tile/common/rtl/u1.beh.v,u1.beh,.v,0,4,0,,,
openpiton,B,https://github.com/PrincetonUniversity/openpiton.git,1c6bfd2d2ea53ddd7b6f933fa2d439d1a540e207,openpiton,bw_u1_oai21_12x,piton/design/chip/tile/common/rtl/u1.beh.v,u1.beh,.v,0,4,0,,,
openpiton,B,https://github.com/PrincetonUniversity/openpiton.git,1c6bfd2d2ea53ddd7b6f933fa2d439d1a540e207,openpiton,bw_u1_oai21_1x,piton/design/chip/tile/common/rtl/u1.beh.v,u1.beh,.v,0,4,0,,,
openpiton,B,https://github.com/PrincetonUniversity/openpiton.git,1c6bfd2d2ea53ddd7b6f933fa2d439d1a540e207,openpiton,bw_u1_oai21_2x,piton/design/chip/tile/common/rtl/u1.beh.v,u1.beh,.v,0,4,0,,,
openpiton,B,https://github.com/PrincetonUniversity/openpiton.git,1c6bfd2d2ea53ddd7b6f933fa2d439d1a540e207,openpiton,bw_u1_oai21_4x,piton/design/chip/tile/common/rtl/u1.beh.v,u1.beh,.v,0,4,0,,,
openpiton,B,https://github.com/PrincetonUniversity/openpiton.git,1c6bfd2d2ea53ddd7b6f933fa2d439d1a540e207,openpiton,bw_u1_oai21_8x,piton/design/chip/tile/common/rtl/u1.beh.v,u1.beh,.v,0,4,0,,,
openpiton,B,https://github.com/PrincetonUniversity/openpiton.git,1c6bfd2d2ea53ddd7b6f933fa2d439d1a540e207,openpiton,bw_u1_oai221_1x,piton/design/chip/tile/common/rtl/u1.beh.v,u1.beh,.v,0,6,0,,,
openpiton,B,https://github.com/PrincetonUniversity/openpiton.git,1c6bfd2d2ea53ddd7b6f933fa2d439d1a540e207,openpiton,bw_u1_oai221_2x,piton/design/chip/tile/common/rtl/u1.beh.v,u1.beh,.v,0,6,0,,,
openpiton,B,https://github.com/PrincetonUniversity/openpiton.git,1c6bfd2d2ea53ddd7b6f933fa2d439d1a540e207,openpiton,bw_u1_oai221_4x,piton/design/chip/tile/common/rtl/u1.beh.v,u1.beh,.v,0,6,0,,,
openpiton,B,https://github.com/PrincetonUniversity/openpiton.git,1c6bfd2d2ea53ddd7b6f933fa2d439d1a540e207,openpiton,bw_u1_oai221_8x,piton/design/chip/tile/common/rtl/u1.beh.v,u1.beh,.v,0,6,0,,,
openpiton,B,https://github.com/PrincetonUniversity/openpiton.git,1c6bfd2d2ea53ddd7b6f933fa2d439d1a540e207,openpiton,bw_u1_oai222_1x,piton/design/chip/tile/common/rtl/u1.beh.v,u1.beh,.v,0,7,0,,,
openpiton,B,https://github.com/PrincetonUniversity/openpiton.git,1c6bfd2d2ea53ddd7b6f933fa2d439d1a540e207,openpiton,bw_u1_oai222_2x,piton/design/chip/tile/common/rtl/u1.beh.v,u1.beh,.v,0,7,0,,,
openpiton,B,https://github.com/PrincetonUniversity/openpiton.git,1c6bfd2d2ea53ddd7b6f933fa2d439d1a540e207,openpiton,bw_u1_oai222_4x,piton/design/chip/tile/common/rtl/u1.beh.v,u1.beh,.v,0,7,0,,,
openpiton,B,https://github.com/PrincetonUniversity/openpiton.git,1c6bfd2d2ea53ddd7b6f933fa2d439d1a540e207,openpiton,bw_u1_oai22_0p4x,piton/design/chip/tile/common/rtl/u1.beh.v,u1.beh,.v,0,5,0,,,
openpiton,B,https://github.com/PrincetonUniversity/openpiton.git,1c6bfd2d2ea53ddd7b6f933fa2d439d1a540e207,openpiton,bw_u1_oai22_1x,piton/design/chip/tile/common/rtl/u1.beh.v,u1.beh,.v,0,5,0,,,
openpiton,B,https://github.com/PrincetonUniversity/openpiton.git,1c6bfd2d2ea53ddd7b6f933fa2d439d1a540e207,openpiton,bw_u1_oai22_2x,piton/design/chip/tile/common/rtl/u1.beh.v,u1.beh,.v,0,5,0,,,
openpiton,B,https://github.com/PrincetonUniversity/openpiton.git,1c6bfd2d2ea53ddd7b6f933fa2d439d1a540e207,openpiton,bw_u1_oai22_4x,piton/design/chip/tile/common/rtl/u1.beh.v,u1.beh,.v,0,5,0,,,
openpiton,B,https://github.com/PrincetonUniversity/openpiton.git,1c6bfd2d2ea53ddd7b6f933fa2d439d1a540e207,openpiton,bw_u1_oai22_8x,piton/design/chip/tile/common/rtl/u1.beh.v,u1.beh,.v,0,5,0,,,
openpiton,B,https://github.com/PrincetonUniversity/openpiton.git,1c6bfd2d2ea53ddd7b6f933fa2d439d1a540e207,openpiton,bw_u1_oai311_1x,piton/design/chip/tile/common/rtl/u1.beh.v,u1.beh,.v,0,6,0,,,
openpiton,B,https://github.com/PrincetonUniversity/openpiton.git,1c6bfd2d2ea53ddd7b6f933fa2d439d1a540e207,openpiton,bw_u1_oai311_2x,piton/design/chip/tile/common/rtl/u1.beh.v,u1.beh,.v,0,6,0,,,
openpiton,B,https://github.com/PrincetonUniversity/openpiton.git,1c6bfd2d2ea53ddd7b6f933fa2d439d1a540e207,openpiton,bw_u1_oai311_4x,piton/design/chip/tile/common/rtl/u1.beh.v,u1.beh,.v,0,6,0,,,
openpiton,B,https://github.com/PrincetonUniversity/openpiton.git,1c6bfd2d2ea53ddd7b6f933fa2d439d1a540e207,openpiton,bw_u1_oai311_8x,piton/design/chip/tile/common/rtl/u1.beh.v,u1.beh,.v,0,6,0,,,
openpiton,B,https://github.com/PrincetonUniversity/openpiton.git,1c6bfd2d2ea53ddd7b6f933fa2d439d1a540e207,openpiton,bw_u1_oai31_1x,piton/design/chip/tile/common/rtl/u1.beh.v,u1.beh,.v,0,5,0,,,
openpiton,B,https://github.com/PrincetonUniversity/openpiton.git,1c6bfd2d2ea53ddd7b6f933fa2d439d1a540e207,openpiton,bw_u1_oai31_2x,piton/design/chip/tile/common/rtl/u1.beh.v,u1.beh,.v,0,5,0,,,
openpiton,B,https://github.com/PrincetonUniversity/openpiton.git,1c6bfd2d2ea53ddd7b6f933fa2d439d1a540e207,openpiton,bw_u1_oai31_4x,piton/design/chip/tile/common/rtl/u1.beh.v,u1.beh,.v,0,5,0,,,
openpiton,B,https://github.com/PrincetonUniversity/openpiton.git,1c6bfd2d2ea53ddd7b6f933fa2d439d1a540e207,openpiton,bw_u1_oai31_8x,piton/design/chip/tile/common/rtl/u1.beh.v,u1.beh,.v,0,5,0,,,
openpiton,B,https://github.com/PrincetonUniversity/openpiton.git,1c6bfd2d2ea53ddd7b6f933fa2d439d1a540e207,openpiton,bw_u1_oai32_1x,piton/design/chip/tile/common/rtl/u1.beh.v,u1.beh,.v,0,6,0,,,
openpiton,B,https://github.com/PrincetonUniversity/openpiton.git,1c6bfd2d2ea53ddd7b6f933fa2d439d1a540e207,openpiton,bw_u1_oai32_2x,piton/design/chip/tile/common/rtl/u1.beh.v,u1.beh,.v,0,6,0,,,
openpiton,B,https://github.com/PrincetonUniversity/openpiton.git,1c6bfd2d2ea53ddd7b6f933fa2d439d1a540e207,openpiton,bw_u1_oai32_4x,piton/design/chip/tile/common/rtl/u1.beh.v,u1.beh,.v,0,6,0,,,
openpiton,B,https://github.com/PrincetonUniversity/openpiton.git,1c6bfd2d2ea53ddd7b6f933fa2d439d1a540e207,openpiton,bw_u1_oai32_8x,piton/design/chip/tile/common/rtl/u1.beh.v,u1.beh,.v,0,6,0,,,
openpiton,B,https://github.com/PrincetonUniversity/openpiton.git,1c6bfd2d2ea53ddd7b6f933fa2d439d1a540e207,openpiton,bw_u1_oai33_1x,piton/design/chip/tile/common/rtl/u1.beh.v,u1.beh,.v,0,7,0,,,
openpiton,B,https://github.com/PrincetonUniversity/openpiton.git,1c6bfd2d2ea53ddd7b6f933fa2d439d1a540e207,openpiton,bw_u1_oai33_2x,piton/design/chip/tile/common/rtl/u1.beh.v,u1.beh,.v,0,7,0,,,
openpiton,B,https://github.com/PrincetonUniversity/openpiton.git,1c6bfd2d2ea53ddd7b6f933fa2d439d1a540e207,openpiton,bw_u1_oai33_4x,piton/design/chip/tile/common/rtl/u1.beh.v,u1.beh,.v,0,7,0,,,
openpiton,B,https://github.com/PrincetonUniversity/openpiton.git,1c6bfd2d2ea53ddd7b6f933fa2d439d1a540e207,openpiton,bw_u1_oai33_8x,piton/design/chip/tile/common/rtl/u1.beh.v,u1.beh,.v,0,7,0,,,
openpiton,B,https://github.com/PrincetonUniversity/openpiton.git,1c6bfd2d2ea53ddd7b6f933fa2d439d1a540e207,openpiton,bw_u1_scanl_2x,piton/design/chip/tile/common/rtl/u1.beh.v,u1.beh,.v,0,3,0,,,
openpiton,B,https://github.com/PrincetonUniversity/openpiton.git,1c6bfd2d2ea53ddd7b6f933fa2d439d1a540e207,openpiton,bw_u1_scanlg_2x,piton/design/chip/tile/common/rtl/u1.beh.v,u1.beh,.v,0,4,0,,,
openpiton,B,https://github.com/PrincetonUniversity/openpiton.git,1c6bfd2d2ea53ddd7b6f933fa2d439d1a540e207,openpiton,bw_u1_soff_1x,piton/design/chip/tile/common/rtl/u1.beh.v,u1.beh,.v,0,6,1,,,
openpiton,B,https://github.com/PrincetonUniversity/openpiton.git,1c6bfd2d2ea53ddd7b6f933fa2d439d1a540e207,openpiton,bw_u1_soff_2x,piton/design/chip/tile/common/rtl/u1.beh.v,u1.beh,.v,0,6,1,,,
openpiton,B,https://github.com/PrincetonUniversity/openpiton.git,1c6bfd2d2ea53ddd7b6f933fa2d439d1a540e207,openpiton,bw_u1_soff_4x,piton/design/chip/tile/common/rtl/u1.beh.v,u1.beh,.v,0,6,1,,,
openpiton,B,https://github.com/PrincetonUniversity/openpiton.git,1c6bfd2d2ea53ddd7b6f933fa2d439d1a540e207,openpiton,bw_u1_soff_8x,piton/design/chip/tile/common/rtl/u1.beh.v,u1.beh,.v,0,6,1,,,
openpiton,B,https://github.com/PrincetonUniversity/openpiton.git,1c6bfd2d2ea53ddd7b6f933fa2d439d1a540e207,openpiton,bw_u1_soffasr_2x,piton/design/chip/tile/common/rtl/u1.beh.v,u1.beh,.v,0,8,1,,,
openpiton,B,https://github.com/PrincetonUniversity/openpiton.git,1c6bfd2d2ea53ddd7b6f933fa2d439d1a540e207,openpiton,bw_u1_soffi_4x,piton/design/chip/tile/common/rtl/u1.beh.v,u1.beh,.v,0,6,1,,,
openpiton,B,https://github.com/PrincetonUniversity/openpiton.git,1c6bfd2d2ea53ddd7b6f933fa2d439d1a540e207,openpiton,bw_u1_soffi_8x,piton/design/chip/tile/common/rtl/u1.beh.v,u1.beh,.v,0,6,1,,,
openpiton,B,https://github.com/PrincetonUniversity/openpiton.git,1c6bfd2d2ea53ddd7b6f933fa2d439d1a540e207,openpiton,bw_u1_soffm2_4x,piton/design/chip/tile/common/rtl/u1.beh.v,u1.beh,.v,0,8,1,,,
openpiton,B,https://github.com/PrincetonUniversity/openpiton.git,1c6bfd2d2ea53ddd7b6f933fa2d439d1a540e207,openpiton,bw_u1_soffm2_8x,piton/design/chip/tile/common/rtl/u1.beh.v,u1.beh,.v,0,8,1,,,
openpiton,B,https://github.com/PrincetonUniversity/openpiton.git,1c6bfd2d2ea53ddd7b6f933fa2d439d1a540e207,openpiton,bw_u1_soffr_2x,piton/design/chip/tile/common/rtl/u1.beh.v,u1.beh,.v,0,7,1,,,
openpiton,B,https://github.com/PrincetonUniversity/openpiton.git,1c6bfd2d2ea53ddd7b6f933fa2d439d1a540e207,openpiton,bw_u1_soffr_4x,piton/design/chip/tile/common/rtl/u1.beh.v,u1.beh,.v,0,7,1,,,
openpiton,B,https://github.com/PrincetonUniversity/openpiton.git,1c6bfd2d2ea53ddd7b6f933fa2d439d1a540e207,openpiton,bw_u1_soffr_8x,piton/design/chip/tile/common/rtl/u1.beh.v,u1.beh,.v,0,7,1,,,
openpiton,B,https://github.com/PrincetonUniversity/openpiton.git,1c6bfd2d2ea53ddd7b6f933fa2d439d1a540e207,openpiton,bw_u1_syncff_4x,piton/design/chip/tile/common/rtl/u1.beh.v,u1.beh,.v,0,6,0,,,
openpiton,B,https://github.com/PrincetonUniversity/openpiton.git,1c6bfd2d2ea53ddd7b6f933fa2d439d1a540e207,openpiton,bw_u1_xnor2_0p6x,piton/design/chip/tile/common/rtl/u1.beh.v,u1.beh,.v,0,3,0,,,
openpiton,B,https://github.com/PrincetonUniversity/openpiton.git,1c6bfd2d2ea53ddd7b6f933fa2d439d1a540e207,openpiton,bw_u1_xnor2_1x,piton/design/chip/tile/common/rtl/u1.beh.v,u1.beh,.v,0,3,0,,,
openpiton,B,https://github.com/PrincetonUniversity/openpiton.git,1c6bfd2d2ea53ddd7b6f933fa2d439d1a540e207,openpiton,bw_u1_xnor2_2x,piton/design/chip/tile/common/rtl/u1.beh.v,u1.beh,.v,0,3,0,,,
openpiton,B,https://github.com/PrincetonUniversity/openpiton.git,1c6bfd2d2ea53ddd7b6f933fa2d439d1a540e207,openpiton,bw_u1_xnor2_4x,piton/design/chip/tile/common/rtl/u1.beh.v,u1.beh,.v,0,3,0,,,
openpiton,B,https://github.com/PrincetonUniversity/openpiton.git,1c6bfd2d2ea53ddd7b6f933fa2d439d1a540e207,openpiton,bw_u1_xor2_0p6x,piton/design/chip/tile/common/rtl/u1.beh.v,u1.beh,.v,0,3,0,,,
openpiton,B,https://github.com/PrincetonUniversity/openpiton.git,1c6bfd2d2ea53ddd7b6f933fa2d439d1a540e207,openpiton,bw_u1_xor2_1x,piton/design/chip/tile/common/rtl/u1.beh.v,u1.beh,.v,0,3,0,,,
openpiton,B,https://github.com/PrincetonUniversity/openpiton.git,1c6bfd2d2ea53ddd7b6f933fa2d439d1a540e207,openpiton,bw_u1_xor2_2x,piton/design/chip/tile/common/rtl/u1.beh.v,u1.beh,.v,0,3,0,,,
openpiton,B,https://github.com/PrincetonUniversity/openpiton.git,1c6bfd2d2ea53ddd7b6f933fa2d439d1a540e207,openpiton,bw_u1_xor2_4x,piton/design/chip/tile/common/rtl/u1.beh.v,u1.beh,.v,0,3,0,,,
openpiton,B,https://github.com/PrincetonUniversity/openpiton.git,1c6bfd2d2ea53ddd7b6f933fa2d439d1a540e207,openpiton,bw_u1_zhaoi21_0p4x,piton/design/chip/tile/common/rtl/u1.beh.v,u1.beh,.v,0,4,0,,,
openpiton,B,https://github.com/PrincetonUniversity/openpiton.git,1c6bfd2d2ea53ddd7b6f933fa2d439d1a540e207,openpiton,bw_u1_zhaoi21_1x,piton/design/chip/tile/common/rtl/u1.beh.v,u1.beh,.v,0,4,0,,,
openpiton,B,https://github.com/PrincetonUniversity/openpiton.git,1c6bfd2d2ea53ddd7b6f933fa2d439d1a540e207,openpiton,bw_u1_zhinv_0p6x,piton/design/chip/tile/common/rtl/u1.beh.v,u1.beh,.v,0,2,0,,,
openpiton,B,https://github.com/PrincetonUniversity/openpiton.git,1c6bfd2d2ea53ddd7b6f933fa2d439d1a540e207,openpiton,bw_u1_zhinv_1p4x,piton/design/chip/tile/common/rtl/u1.beh.v,u1.beh,.v,0,2,0,,,
openpiton,B,https://github.com/PrincetonUniversity/openpiton.git,1c6bfd2d2ea53ddd7b6f933fa2d439d1a540e207,openpiton,bw_u1_zhinv_1x,piton/design/chip/tile/common/rtl/u1.beh.v,u1.beh,.v,0,2,0,,,
openpiton,B,https://github.com/PrincetonUniversity/openpiton.git,1c6bfd2d2ea53ddd7b6f933fa2d439d1a540e207,openpiton,bw_u1_zhinv_2x,piton/design/chip/tile/common/rtl/u1.beh.v,u1.beh,.v,0,2,0,,,
openpiton,B,https://github.com/PrincetonUniversity/openpiton.git,1c6bfd2d2ea53ddd7b6f933fa2d439d1a540e207,openpiton,bw_u1_zhinv_3x,piton/design/chip/tile/common/rtl/u1.beh.v,u1.beh,.v,0,2,0,,,
openpiton,B,https://github.com/PrincetonUniversity/openpiton.git,1c6bfd2d2ea53ddd7b6f933fa2d439d1a540e207,openpiton,bw_u1_zhinv_4x,piton/design/chip/tile/common/rtl/u1.beh.v,u1.beh,.v,0,2,0,,,
openpiton,B,https://github.com/PrincetonUniversity/openpiton.git,1c6bfd2d2ea53ddd7b6f933fa2d439d1a540e207,openpiton,bw_u1_zhnand2_0p4x,piton/design/chip/tile/common/rtl/u1.beh.v,u1.beh,.v,0,3,0,,,
openpiton,B,https://github.com/PrincetonUniversity/openpiton.git,1c6bfd2d2ea53ddd7b6f933fa2d439d1a540e207,openpiton,bw_u1_zhnand2_0p6x,piton/design/chip/tile/common/rtl/u1.beh.v,u1.beh,.v,0,3,0,,,
openpiton,B,https://github.com/PrincetonUniversity/openpiton.git,1c6bfd2d2ea53ddd7b6f933fa2d439d1a540e207,openpiton,bw_u1_zhnand2_1p4x,piton/design/chip/tile/common/rtl/u1.beh.v,u1.beh,.v,0,3,0,,,
openpiton,B,https://github.com/PrincetonUniversity/openpiton.git,1c6bfd2d2ea53ddd7b6f933fa2d439d1a540e207,openpiton,bw_u1_zhnand2_1x,piton/design/chip/tile/common/rtl/u1.beh.v,u1.beh,.v,0,3,0,,,
openpiton,B,https://github.com/PrincetonUniversity/openpiton.git,1c6bfd2d2ea53ddd7b6f933fa2d439d1a540e207,openpiton,bw_u1_zhnand2_2x,piton/design/chip/tile/common/rtl/u1.beh.v,u1.beh,.v,0,3,0,,,
openpiton,B,https://github.com/PrincetonUniversity/openpiton.git,1c6bfd2d2ea53ddd7b6f933fa2d439d1a540e207,openpiton,bw_u1_zhnand2_3x,piton/design/chip/tile/common/rtl/u1.beh.v,u1.beh,.v,0,3,0,,,
openpiton,B,https://github.com/PrincetonUniversity/openpiton.git,1c6bfd2d2ea53ddd7b6f933fa2d439d1a540e207,openpiton,bw_u1_zhnand3_0p6x,piton/design/chip/tile/common/rtl/u1.beh.v,u1.beh,.v,0,4,0,,,
openpiton,B,https://github.com/PrincetonUniversity/openpiton.git,1c6bfd2d2ea53ddd7b6f933fa2d439d1a540e207,openpiton,bw_u1_zhnand3_1x,piton/design/chip/tile/common/rtl/u1.beh.v,u1.beh,.v,0,4,0,,,
openpiton,B,https://github.com/PrincetonUniversity/openpiton.git,1c6bfd2d2ea53ddd7b6f933fa2d439d1a540e207,openpiton,bw_u1_zhnand3_2x,piton/design/chip/tile/common/rtl/u1.beh.v,u1.beh,.v,0,4,0,,,
openpiton,B,https://github.com/PrincetonUniversity/openpiton.git,1c6bfd2d2ea53ddd7b6f933fa2d439d1a540e207,openpiton,bw_u1_zhnand4_0p6x,piton/design/chip/tile/common/rtl/u1.beh.v,u1.beh,.v,0,5,0,,,
openpiton,B,https://github.com/PrincetonUniversity/openpiton.git,1c6bfd2d2ea53ddd7b6f933fa2d439d1a540e207,openpiton,bw_u1_zhnand4_1x,piton/design/chip/tile/common/rtl/u1.beh.v,u1.beh,.v,0,5,0,,,
openpiton,B,https://github.com/PrincetonUniversity/openpiton.git,1c6bfd2d2ea53ddd7b6f933fa2d439d1a540e207,openpiton,bw_u1_zhnand4_2x,piton/design/chip/tile/common/rtl/u1.beh.v,u1.beh,.v,0,5,0,,,
openpiton,B,https://github.com/PrincetonUniversity/openpiton.git,1c6bfd2d2ea53ddd7b6f933fa2d439d1a540e207,openpiton,bw_u1_zhnor2_0p6x,piton/design/chip/tile/common/rtl/u1.beh.v,u1.beh,.v,0,3,0,,,
openpiton,B,https://github.com/PrincetonUniversity/openpiton.git,1c6bfd2d2ea53ddd7b6f933fa2d439d1a540e207,openpiton,bw_u1_zhnor2_1x,piton/design/chip/tile/common/rtl/u1.beh.v,u1.beh,.v,0,3,0,,,
openpiton,B,https://github.com/PrincetonUniversity/openpiton.git,1c6bfd2d2ea53ddd7b6f933fa2d439d1a540e207,openpiton,bw_u1_zhnor2_2x,piton/design/chip/tile/common/rtl/u1.beh.v,u1.beh,.v,0,3,0,,,
openpiton,B,https://github.com/PrincetonUniversity/openpiton.git,1c6bfd2d2ea53ddd7b6f933fa2d439d1a540e207,openpiton,bw_u1_zhnor3_0p6x,piton/design/chip/tile/common/rtl/u1.beh.v,u1.beh,.v,0,4,0,,,
openpiton,B,https://github.com/PrincetonUniversity/openpiton.git,1c6bfd2d2ea53ddd7b6f933fa2d439d1a540e207,openpiton,bw_u1_zhoai211_0p3x,piton/design/chip/tile/common/rtl/u1.beh.v,u1.beh,.v,0,5,0,,,
openpiton,B,https://github.com/PrincetonUniversity/openpiton.git,1c6bfd2d2ea53ddd7b6f933fa2d439d1a540e207,openpiton,bw_u1_zhoai211_1x,piton/design/chip/tile/common/rtl/u1.beh.v,u1.beh,.v,0,5,0,,,
openpiton,B,https://github.com/PrincetonUniversity/openpiton.git,1c6bfd2d2ea53ddd7b6f933fa2d439d1a540e207,openpiton,bw_u1_zhoai21_1x,piton/design/chip/tile/common/rtl/u1.beh.v,u1.beh,.v,0,4,0,,,
openpiton,B,https://github.com/PrincetonUniversity/openpiton.git,1c6bfd2d2ea53ddd7b6f933fa2d439d1a540e207,openpiton,bw_u1_zzeccxor2_5x,piton/design/chip/tile/common/rtl/u1.beh.v,u1.beh,.v,0,3,0,,,
openpiton,B,https://github.com/PrincetonUniversity/openpiton.git,1c6bfd2d2ea53ddd7b6f933fa2d439d1a540e207,openpiton,bw_u1_zzmulcsa32_5x,piton/design/chip/tile/common/rtl/u1.beh.v,u1.beh,.v,0,5,0,,,
openpiton,B,https://github.com/PrincetonUniversity/openpiton.git,1c6bfd2d2ea53ddd7b6f933fa2d439d1a540e207,openpiton,bw_u1_zzmulcsa42_5x,piton/design/chip/tile/common/rtl/u1.beh.v,u1.beh,.v,0,8,0,,,
openpiton,B,https://github.com/PrincetonUniversity/openpiton.git,1c6bfd2d2ea53ddd7b6f933fa2d439d1a540e207,openpiton,bw_u1_zzmulnand2_2x,piton/design/chip/tile/common/rtl/u1.beh.v,u1.beh,.v,0,3,0,,,
openpiton,B,https://github.com/PrincetonUniversity/openpiton.git,1c6bfd2d2ea53ddd7b6f933fa2d439d1a540e207,openpiton,bw_u1_zzmulppmuxi21_2x,piton/design/chip/tile/common/rtl/u1.beh.v,u1.beh,.v,0,4,0,,,
openpiton,B,https://github.com/PrincetonUniversity/openpiton.git,1c6bfd2d2ea53ddd7b6f933fa2d439d1a540e207,openpiton,byte_en_reg,piton/design/chipset/noc_sd_bridge/rtl/byte_en_reg.v,byte_en_reg,.v,0,6,0,clk,rst,
openpiton,B,https://github.com/PrincetonUniversity/openpiton.git,1c6bfd2d2ea53ddd7b6f933fa2d439d1a540e207,openpiton,ccx_l15_transducer,piton/design/chip/tile/rtl/ccx_l15_transducer.v,ccx_l15_transducer,.v,0,50,3,clk,rst_n,valid_ready;req_gnt
openpiton,B,https://github.com/PrincetonUniversity/openpiton.git,1c6bfd2d2ea53ddd7b6f933fa2d439d1a540e207,openpiton,cdc_bits,piton/design/chipset/noc_sd_bridge/rtl/cdc_bits.v,cdc_bits,.v,0,5,1,src_clk;dst_clk,rst,
openpiton,B,https://github.com/PrincetonUniversity/openpiton.git,1c6bfd2d2ea53ddd7b6f933fa2d439d1a540e207,openpiton,cdc_pulse,piton/design/chipset/noc_sd_bridge/rtl/cdc_pulse.v,cdc_pulse,.v,0,5,2,src_clk;dst_clk,rst,
openpiton,B,https://github.com/PrincetonUniversity/openpiton.git,1c6bfd2d2ea53ddd7b6f933fa2d439d1a540e207,openpiton,cfg_asi,piton/design/chip/tile/sparc/rtl/cfg_asi.v,cfg_asi,.v,0,34,0,clk,rst_n,
openpiton,B,https://github.com/PrincetonUniversity/openpiton.git,1c6bfd2d2ea53ddd7b6f933fa2d439d1a540e207,openpiton,chip_bridge,piton/design/chip/chip_bridge/rtl/chip_bridge.v,chip_bridge,.v,0,28,2,chip_clk;intcnct_clk,rst_n,
openpiton,B,https://github.com/PrincetonUniversity/openpiton.git,1c6bfd2d2ea53ddd7b6f933fa2d439d1a540e207,openpiton,chip_bridge_in,piton/design/chip/chip_bridge/rtl/chip_bridge_rcv_32.v,chip_bridge_rcv_32,.v,0,16,16,wr_clk;rd_clk,rst,
openpiton,B,https://github.com/PrincetonUniversity/openpiton.git,1c6bfd2d2ea53ddd7b6f933fa2d439d1a540e207,openpiton,chip_bridge_out,piton/design/chip/chip_bridge/rtl/chip_bridge_send_32.v,chip_bridge_send_32,.v,0,16,13,wr_clk;rd_clk,rst,
openpiton,B,https://github.com/PrincetonUniversity/openpiton.git,1c6bfd2d2ea53ddd7b6f933fa2d439d1a540e207,openpiton,chip_rst_seq,piton/design/common/rtl/chip_rst_seq.v,chip_rst_seq,.v,0,8,3,clk;ref_clk_locked;chip_clk_locked,rst_n,
openpiton,B,https://github.com/PrincetonUniversity/openpiton.git,1c6bfd2d2ea53ddd7b6f933fa2d439d1a540e207,openpiton,chipset,piton/design/chipset/rtl/chipset.v,chipset,.v,0,225,31,sys_clk;clk_osc_p;clk_osc_n;clk_osc;mc_clk_p;mc_clk_n;chipset_clk;mc_clk;sd_sys_clk;io_clk_loopback_in;core_ref_clk;chipset_passthru_clk_p;chipset_passthru_clk_n;passthru_chipset_clk_p;passthru_chipset_clk_n;mc_clk;sma_clk_in_p;sma_clk_in_n,uart_rst_out_n,valid_ready
openpiton,B,https://github.com/PrincetonUniversity/openpiton.git,1c6bfd2d2ea53ddd7b6f933fa2d439d1a540e207,openpiton,chipset_impl_noc_power_test,piton/design/chipset/rtl/chipset_impl_noc_power_test.v,chipset_impl_noc_power_test,.v,0,25,0,chipset_clk,chipset_rst_n,
openpiton,B,https://github.com/PrincetonUniversity/openpiton.git,1c6bfd2d2ea53ddd7b6f933fa2d439d1a540e207,openpiton,ciop_iob,piton/design/chipset/io_ctrl/rtl/ciop_iob.v,ciop_iob,.v,0,21,0,chip_clk;fpga_clk,rst_n,
openpiton,B,https://github.com/PrincetonUniversity/openpiton.git,1c6bfd2d2ea53ddd7b6f933fa2d439d1a540e207,openpiton,clk_gating_latch,piton/design/chip/tile/common/rtl/clk_gating_latch.v,clk_gating_latch,.v,0,3,1,clk;clk_en,,
openpiton,B,https://github.com/PrincetonUniversity/openpiton.git,1c6bfd2d2ea53ddd7b6f933fa2d439d1a540e207,openpiton,clk_mux,piton/design/chip/pll/rtl/clk_mux.v,clk_mux,.v,0,7,0,,,
openpiton,B,https://github.com/PrincetonUniversity/openpiton.git,1c6bfd2d2ea53ddd7b6f933fa2d439d1a540e207,openpiton,clk_se_to_diff,piton/design/chip/pll/rtl/clk_se_to_diff.v,clk_se_to_diff,.v,0,3,0,clk_se,,
openpiton,B,https://github.com/PrincetonUniversity/openpiton.git,1c6bfd2d2ea53ddd7b6f933fa2d439d1a540e207,openpiton,clken_buf,piton/design/chip/tile/common/rtl/swrvr_clib.v,swrvr_clib,.v,0,4,0,clk,,
openpiton,B,https://github.com/PrincetonUniversity/openpiton.git,1c6bfd2d2ea53ddd7b6f933fa2d439d1a540e207,openpiton,cluster_header,piton/design/chip/tile/common/rtl/cluster_header.v,cluster_header,.v,0,12,4,,,
openpiton,B,https://github.com/PrincetonUniversity/openpiton.git,1c6bfd2d2ea53ddd7b6f933fa2d439d1a540e207,openpiton,cluster_header_ctu,piton/design/chip/tile/common/rtl/cluster_header_ctu.v,cluster_header_ctu,.v,0,12,4,,,
openpiton,B,https://github.com/PrincetonUniversity/openpiton.git,1c6bfd2d2ea53ddd7b6f933fa2d439d1a540e207,openpiton,cluster_header_dup,piton/design/chip/tile/common/rtl/cluster_header_dup.v,cluster_header_dup,.v,0,12,4,,,
openpiton,B,https://github.com/PrincetonUniversity/openpiton.git,1c6bfd2d2ea53ddd7b6f933fa2d439d1a540e207,openpiton,cluster_header_sync,piton/design/chip/tile/common/rtl/cluster_header_sync.v,cluster_header_sync,.v,0,13,1,,,
openpiton,B,https://github.com/PrincetonUniversity/openpiton.git,1c6bfd2d2ea53ddd7b6f933fa2d439d1a540e207,openpiton,cpx_arbitrator,piton/design/chip/tile/rtl/cpx_arbitrator.v,cpx_arbitrator,.v,0,14,0,clk,rst_n,req_gnt
openpiton,B,https://github.com/PrincetonUniversity/openpiton.git,1c6bfd2d2ea53ddd7b6f933fa2d439d1a540e207,openpiton,cpx_spc_buf,piton/design/chip/tile/sparc/rtl/cpx_spc_buf.v,cpx_spc_buf,.v,0,4,0,,,
openpiton,B,https://github.com/PrincetonUniversity/openpiton.git,1c6bfd2d2ea53ddd7b6f933fa2d439d1a540e207,openpiton,cpx_spc_rpt,piton/design/chip/tile/sparc/rtl/cpx_spc_rpt.v,cpx_spc_rpt,.v,0,42,0,,,
openpiton,B,https://github.com/PrincetonUniversity/openpiton.git,1c6bfd2d2ea53ddd7b6f933fa2d439d1a540e207,openpiton,credit_to_valrdy,piton/design/chip/tile/common/rtl/credit_to_valrdy.v,credit_to_valrdy,.v,0,8,1,clk,reset,valid_ready
openpiton,B,https://github.com/PrincetonUniversity/openpiton.git,1c6bfd2d2ea53ddd7b6f933fa2d439d1a540e207,openpiton,dbl_buf,piton/design/chip/tile/common/rtl/dbl_buf.v,dbl_buf,.v,0,8,5,clk,rst_l,
openpiton,B,https://github.com/PrincetonUniversity/openpiton.git,1c6bfd2d2ea53ddd7b6f933fa2d439d1a540e207,openpiton,demux_process_pkt,piton/design/common/uart_pkttrace_dump/rtl/demux_process_pkt.v,demux_process_pkt,.v,0,24,0,,,
openpiton,B,https://github.com/PrincetonUniversity/openpiton.git,1c6bfd2d2ea53ddd7b6f933fa2d439d1a540e207,openpiton,dff_ns,piton/design/chip/tile/common/rtl/swrvr_clib.v,swrvr_clib,.v,0,3,0,clk,,
openpiton,B,https://github.com/PrincetonUniversity/openpiton.git,1c6bfd2d2ea53ddd7b6f933fa2d439d1a540e207,openpiton,dff_s,piton/design/chip/tile/common/rtl/swrvr_clib.v,swrvr_clib,.v,0,6,0,clk,,
openpiton,B,https://github.com/PrincetonUniversity/openpiton.git,1c6bfd2d2ea53ddd7b6f933fa2d439d1a540e207,openpiton,dff_sscan,piton/design/chip/tile/common/rtl/swrvr_clib.v,swrvr_clib,.v,0,6,0,clk,,
openpiton,B,https://github.com/PrincetonUniversity/openpiton.git,1c6bfd2d2ea53ddd7b6f933fa2d439d1a540e207,openpiton,dffe_ns,piton/design/chip/tile/common/rtl/swrvr_clib.v,swrvr_clib,.v,0,4,0,clk,,
openpiton,B,https://github.com/PrincetonUniversity/openpiton.git,1c6bfd2d2ea53ddd7b6f933fa2d439d1a540e207,openpiton,dffe_s,piton/design/chip/tile/common/rtl/swrvr_clib.v,swrvr_clib,.v,0,7,0,clk,,
openpiton,B,https://github.com/PrincetonUniversity/openpiton.git,1c6bfd2d2ea53ddd7b6f933fa2d439d1a540e207,openpiton,dffr_async,piton/design/chip/tile/common/rtl/swrvr_clib.v,swrvr_clib,.v,0,7,0,clk,rst,
openpiton,B,https://github.com/PrincetonUniversity/openpiton.git,1c6bfd2d2ea53ddd7b6f933fa2d439d1a540e207,openpiton,dffr_async_ns,piton/design/chip/tile/common/rtl/swrvr_clib.v,swrvr_clib,.v,0,4,0,clk,rst,
openpiton,B,https://github.com/PrincetonUniversity/openpiton.git,1c6bfd2d2ea53ddd7b6f933fa2d439d1a540e207,openpiton,dffr_async_ns_cl_r1,piton/design/chip/tile/common/rtl/swrvr_clib.v,swrvr_clib,.v,0,4,0,,rst,
openpiton,B,https://github.com/PrincetonUniversity/openpiton.git,1c6bfd2d2ea53ddd7b6f933fa2d439d1a540e207,openpiton,dffr_async_ns_r1,piton/design/chip/tile/common/rtl/swrvr_clib.v,swrvr_clib,.v,0,4,0,clk,rst,
openpiton,B,https://github.com/PrincetonUniversity/openpiton.git,1c6bfd2d2ea53ddd7b6f933fa2d439d1a540e207,openpiton,dffr_ns,piton/design/chip/tile/common/rtl/swrvr_clib.v,swrvr_clib,.v,0,4,0,clk,rst,
openpiton,B,https://github.com/PrincetonUniversity/openpiton.git,1c6bfd2d2ea53ddd7b6f933fa2d439d1a540e207,openpiton,dffr_ns_r1,piton/design/chip/tile/common/rtl/swrvr_clib.v,swrvr_clib,.v,0,4,0,clk,rst,
openpiton,B,https://github.com/PrincetonUniversity/openpiton.git,1c6bfd2d2ea53ddd7b6f933fa2d439d1a540e207,openpiton,dffr_s,piton/design/chip/tile/common/rtl/swrvr_clib.v,swrvr_clib,.v,0,7,0,clk,rst,
openpiton,B,https://github.com/PrincetonUniversity/openpiton.git,1c6bfd2d2ea53ddd7b6f933fa2d439d1a540e207,openpiton,dffre_ns,piton/design/chip/tile/common/rtl/swrvr_clib.v,swrvr_clib,.v,0,5,0,clk,rst,
openpiton,B,https://github.com/PrincetonUniversity/openpiton.git,1c6bfd2d2ea53ddd7b6f933fa2d439d1a540e207,openpiton,dffre_s,piton/design/chip/tile/common/rtl/swrvr_clib.v,swrvr_clib,.v,0,8,0,clk,rst,
openpiton,B,https://github.com/PrincetonUniversity/openpiton.git,1c6bfd2d2ea53ddd7b6f933fa2d439d1a540e207,openpiton,dffrl_async,piton/design/chip/tile/common/rtl/swrvr_clib.v,swrvr_clib,.v,0,7,0,clk,rst_l,
openpiton,B,https://github.com/PrincetonUniversity/openpiton.git,1c6bfd2d2ea53ddd7b6f933fa2d439d1a540e207,openpiton,dffrl_async_ns,piton/design/chip/tile/common/rtl/swrvr_clib.v,swrvr_clib,.v,0,4,0,clk,rst_l,
openpiton,B,https://github.com/PrincetonUniversity/openpiton.git,1c6bfd2d2ea53ddd7b6f933fa2d439d1a540e207,openpiton,dffrl_ns,piton/design/chip/tile/common/rtl/swrvr_clib.v,swrvr_clib,.v,0,4,0,clk,rst_l,
openpiton,B,https://github.com/PrincetonUniversity/openpiton.git,1c6bfd2d2ea53ddd7b6f933fa2d439d1a540e207,openpiton,dffrl_s,piton/design/chip/tile/common/rtl/swrvr_clib.v,swrvr_clib,.v,0,7,0,clk,rst_l,
openpiton,B,https://github.com/PrincetonUniversity/openpiton.git,1c6bfd2d2ea53ddd7b6f933fa2d439d1a540e207,openpiton,dffrle_ns,piton/design/chip/tile/common/rtl/swrvr_clib.v,swrvr_clib,.v,0,5,0,clk,rst_l,
openpiton,B,https://github.com/PrincetonUniversity/openpiton.git,1c6bfd2d2ea53ddd7b6f933fa2d439d1a540e207,openpiton,dffrle_s,piton/design/chip/tile/common/rtl/swrvr_clib.v,swrvr_clib,.v,0,8,0,clk,rst_l,
openpiton,B,https://github.com/PrincetonUniversity/openpiton.git,1c6bfd2d2ea53ddd7b6f933fa2d439d1a540e207,openpiton,dffsl_async_ns,piton/design/chip/tile/common/rtl/swrvr_clib.v,swrvr_clib,.v,0,4,0,clk,,
openpiton,B,https://github.com/PrincetonUniversity/openpiton.git,1c6bfd2d2ea53ddd7b6f933fa2d439d1a540e207,openpiton,dffsl_ns,piton/design/chip/tile/common/rtl/swrvr_clib.v,swrvr_clib,.v,0,4,0,clk,,
openpiton,B,https://github.com/PrincetonUniversity/openpiton.git,1c6bfd2d2ea53ddd7b6f933fa2d439d1a540e207,openpiton,dp_buffer,piton/design/chip/tile/common/rtl/swrvr_dlib.v,swrvr_dlib,.v,0,2,0,,,
openpiton,B,https://github.com/PrincetonUniversity/openpiton.git,1c6bfd2d2ea53ddd7b6f933fa2d439d1a540e207,openpiton,dp_mux2ds,piton/design/chip/tile/common/rtl/swrvr_dlib.v,swrvr_dlib,.v,0,5,0,,,
openpiton,B,https://github.com/PrincetonUniversity/openpiton.git,1c6bfd2d2ea53ddd7b6f933fa2d439d1a540e207,openpiton,dp_mux2es,piton/design/chip/tile/common/rtl/swrvr_dlib.v,swrvr_dlib,.v,0,4,0,,,
openpiton,B,https://github.com/PrincetonUniversity/openpiton.git,1c6bfd2d2ea53ddd7b6f933fa2d439d1a540e207,openpiton,dp_mux3ds,piton/design/chip/tile/common/rtl/swrvr_dlib.v,swrvr_dlib,.v,0,7,0,,,
openpiton,B,https://github.com/PrincetonUniversity/openpiton.git,1c6bfd2d2ea53ddd7b6f933fa2d439d1a540e207,openpiton,dp_mux4ds,piton/design/chip/tile/common/rtl/swrvr_dlib.v,swrvr_dlib,.v,0,9,0,,,
openpiton,B,https://github.com/PrincetonUniversity/openpiton.git,1c6bfd2d2ea53ddd7b6f933fa2d439d1a540e207,openpiton,dp_mux5ds,piton/design/chip/tile/common/rtl/swrvr_dlib.v,swrvr_dlib,.v,0,11,0,,,
openpiton,B,https://github.com/PrincetonUniversity/openpiton.git,1c6bfd2d2ea53ddd7b6f933fa2d439d1a540e207,openpiton,dp_mux8ds,piton/design/chip/tile/common/rtl/swrvr_dlib.v,swrvr_dlib,.v,0,17,0,,,
openpiton,B,https://github.com/PrincetonUniversity/openpiton.git,1c6bfd2d2ea53ddd7b6f933fa2d439d1a540e207,openpiton,dynamic_input_control,piton/design/chip/tile/dynamic_node/dynamic/rtl/dynamic_input_control.v,dynamic_input_control,.v,0,28,1,clk,reset,valid_ready
openpiton,B,https://github.com/PrincetonUniversity/openpiton.git,1c6bfd2d2ea53ddd7b6f933fa2d439d1a540e207,openpiton,dynamic_input_route_request_calc,piton/design/chip/tile/dynamic_node/dynamic/rtl/dynamic_input_route_request_calc.v,dynamic_input_route_request_calc,.v,0,19,0,,,
openpiton,B,https://github.com/PrincetonUniversity/openpiton.git,1c6bfd2d2ea53ddd7b6f933fa2d439d1a540e207,openpiton,dynamic_input_top_16,piton/design/chip/tile/dynamic_node/dynamic/rtl/dynamic_input_top_16.v,dynamic_input_top_16,.v,0,26,2,clk,reset,valid_ready
openpiton,B,https://github.com/PrincetonUniversity/openpiton.git,1c6bfd2d2ea53ddd7b6f933fa2d439d1a540e207,openpiton,dynamic_input_top_4,piton/design/chip/tile/dynamic_node/dynamic/rtl/dynamic_input_top_4.v,dynamic_input_top_4,.v,0,26,2,clk,reset,valid_ready
openpiton,B,https://github.com/PrincetonUniversity/openpiton.git,1c6bfd2d2ea53ddd7b6f933fa2d439d1a540e207,openpiton,dynamic_node_top,piton/design/chip/tile/dynamic_node/rtl/dynamic_node_top.v,dynamic_node_top,.v,0,43,67,clk,reset_in,
openpiton,B,https://github.com/PrincetonUniversity/openpiton.git,1c6bfd2d2ea53ddd7b6f933fa2d439d1a540e207,openpiton,dynamic_node_top_wrap,piton/design/chip/tile/dynamic_node/rtl/dynamic_node_top_wrap.v,dynamic_node_top_wrap,.v,0,36,1,clk,reset_in,
openpiton,B,https://github.com/PrincetonUniversity/openpiton.git,1c6bfd2d2ea53ddd7b6f933fa2d439d1a540e207,openpiton,dynamic_output_control,piton/design/chip/tile/dynamic_node/dynamic/rtl/dynamic_output_control.v,dynamic_output_control,.v,0,23,0,clk,reset,valid_ready
openpiton,B,https://github.com/PrincetonUniversity/openpiton.git,1c6bfd2d2ea53ddd7b6f933fa2d439d1a540e207,openpiton,dynamic_output_datapath,piton/design/chip/tile/dynamic_node/dynamic/rtl/dynamic_output_datapath.v,dynamic_output_datapath,.v,0,13,2,,,
openpiton,B,https://github.com/PrincetonUniversity/openpiton.git,1c6bfd2d2ea53ddd7b6f933fa2d439d1a540e207,openpiton,dynamic_output_top,piton/design/chip/tile/dynamic_node/dynamic/rtl/dynamic_output_top.v,dynamic_output_top,.v,0,35,3,clk,reset,valid_ready
openpiton,B,https://github.com/PrincetonUniversity/openpiton.git,1c6bfd2d2ea53ddd7b6f933fa2d439d1a540e207,openpiton,eth_top,piton/design/chipset/io_ctrl/rtl/eth_top.v,eth_top,.v,1,20,5,chipset_clk;net_axi_clk;net_phy_tx_clk;net_phy_rx_clk,rst_n,
openpiton,B,https://github.com/PrincetonUniversity/openpiton.git,1c6bfd2d2ea53ddd7b6f933fa2d439d1a540e207,openpiton,f1_mc_top,piton/design/chipset/mc/rtl/f1_mc_top.v,f1_mc_top,.v,0,58,4,sys_clk;mc_clk,sys_rst_n,valid_ready
openpiton,B,https://github.com/PrincetonUniversity/openpiton.git,1c6bfd2d2ea53ddd7b6f933fa2d439d1a540e207,openpiton,fake_boot_ctrl,piton/design/chipset/io_ctrl/rtl/fake_boot_ctrl.v,fake_boot_ctrl,.v,0,8,4,clk,rst_n,valid_ready
openpiton,B,https://github.com/PrincetonUniversity/openpiton.git,1c6bfd2d2ea53ddd7b6f933fa2d439d1a540e207,openpiton,flip_bus,piton/design/chip/tile/dynamic_node/components/rtl/flip_bus.v,flip_bus,.v,0,2,0,,,
openpiton,B,https://github.com/PrincetonUniversity/openpiton.git,1c6bfd2d2ea53ddd7b6f933fa2d439d1a540e207,openpiton,fpga_bridge,piton/design/common/fpga_bridge/rtl/fpga_bridge.v,fpga_bridge,.v,0,29,2,fpga_out_clk;fpga_in_clk;intf_out_clk;intf_in_clk,rst_n,
openpiton,B,https://github.com/PrincetonUniversity/openpiton.git,1c6bfd2d2ea53ddd7b6f933fa2d439d1a540e207,openpiton,fpga_bridge_rcv_16,piton/design/common/fpga_bridge/fpga_rcv/rtl/fpga_bridge_rcv_16.v,fpga_bridge_rcv_16,.v,0,15,4,wr_clk;rd_clk,rst,
openpiton,B,https://github.com/PrincetonUniversity/openpiton.git,1c6bfd2d2ea53ddd7b6f933fa2d439d1a540e207,openpiton,fpga_bridge_rcv_32,piton/design/common/fpga_bridge/fpga_rcv/rtl/fpga_bridge_rcv_32.v,fpga_bridge_rcv_32,.v,0,16,8,wr_clk;rd_clk;credit_rd_clk,rst,
openpiton,B,https://github.com/PrincetonUniversity/openpiton.git,1c6bfd2d2ea53ddd7b6f933fa2d439d1a540e207,openpiton,fpga_bridge_send_16,piton/design/common/fpga_bridge/fpga_send/rtl/fpga_bridge_send_16.v,fpga_bridge_send_16,.v,0,15,4,wr_clk;rd_clk,rst,
openpiton,B,https://github.com/PrincetonUniversity/openpiton.git,1c6bfd2d2ea53ddd7b6f933fa2d439d1a540e207,openpiton,fpga_bridge_send_32,piton/design/common/fpga_bridge/fpga_send/rtl/fpga_bridge_send_32.v,fpga_bridge_send_32,.v,0,16,9,wr_clk;rd_clk;credit_wr_clk,rst,
openpiton,B,https://github.com/PrincetonUniversity/openpiton.git,1c6bfd2d2ea53ddd7b6f933fa2d439d1a540e207,openpiton,fpu,piton/design/chip/tile/fpu/rtl/fpu.v,fpu,.v,0,16,8,,,
openpiton,B,https://github.com/PrincetonUniversity/openpiton.git,1c6bfd2d2ea53ddd7b6f933fa2d439d1a540e207,openpiton,fpu_add,piton/design/chip/tile/fpu/rtl/fpu_add.v,fpu_add,.v,0,39,3,,,
openpiton,B,https://github.com/PrincetonUniversity/openpiton.git,1c6bfd2d2ea53ddd7b6f933fa2d439d1a540e207,openpiton,fpu_add_ctl,piton/design/chip/tile/fpu/rtl/fpu_add_ctl.v,fpu_add_ctl,.v,0,143,85,,,
openpiton,B,https://github.com/PrincetonUniversity/openpiton.git,1c6bfd2d2ea53ddd7b6f933fa2d439d1a540e207,openpiton,fpu_add_exp_dp,piton/design/chip/tile/fpu/rtl/fpu_add_exp_dp.v,fpu_add_exp_dp,.v,0,54,25,,,
openpiton,B,https://github.com/PrincetonUniversity/openpiton.git,1c6bfd2d2ea53ddd7b6f933fa2d439d1a540e207,openpiton,fpu_add_frac_dp,piton/design/chip/tile/fpu/rtl/fpu_add_frac_dp.v,fpu_add_frac_dp,.v,0,89,23,,,
openpiton,B,https://github.com/PrincetonUniversity/openpiton.git,1c6bfd2d2ea53ddd7b6f933fa2d439d1a540e207,openpiton,fpu_arb,piton/design/chip/tile/fpu/rtl/fpu_arb.v,fpu_arb,.v,0,19,2,,,
openpiton,B,https://github.com/PrincetonUniversity/openpiton.git,1c6bfd2d2ea53ddd7b6f933fa2d439d1a540e207,openpiton,fpu_arb_wrap,piton/design/chip/tile/fpu/rtl/fpu_arb_wrap.v,fpu_arb_wrap,.v,0,10,1,clk,rst_n,
openpiton,B,https://github.com/PrincetonUniversity/openpiton.git,1c6bfd2d2ea53ddd7b6f933fa2d439d1a540e207,openpiton,fpu_buf,piton/design/chip/tile/fpu/rtl/fpu_buf.v,fpu_buf,.v,0,7,0,clk,rst_n,
openpiton,B,https://github.com/PrincetonUniversity/openpiton.git,1c6bfd2d2ea53ddd7b6f933fa2d439d1a540e207,openpiton,fpu_bufrpt_grp32,piton/design/chip/tile/fpu/rtl/fpu_rptr_macros.v,fpu_rptr_macros,.v,0,2,0,,,
openpiton,B,https://github.com/PrincetonUniversity/openpiton.git,1c6bfd2d2ea53ddd7b6f933fa2d439d1a540e207,openpiton,fpu_bufrpt_grp4,piton/design/chip/tile/fpu/rtl/fpu_rptr_min_global.v,fpu_rptr_min_global,.v,0,2,0,,,
openpiton,B,https://github.com/PrincetonUniversity/openpiton.git,1c6bfd2d2ea53ddd7b6f933fa2d439d1a540e207,openpiton,fpu_bufrpt_grp64,piton/design/chip/tile/fpu/rtl/fpu_rptr_macros.v,fpu_rptr_macros,.v,0,2,0,,,
openpiton,B,https://github.com/PrincetonUniversity/openpiton.git,1c6bfd2d2ea53ddd7b6f933fa2d439d1a540e207,openpiton,fpu_cnt_lead0_53b,piton/design/chip/tile/fpu/rtl/fpu_cnt_lead0_53b.v,fpu_cnt_lead0_53b,.v,0,2,24,,,
openpiton,B,https://github.com/PrincetonUniversity/openpiton.git,1c6bfd2d2ea53ddd7b6f933fa2d439d1a540e207,openpiton,fpu_cnt_lead0_64b,piton/design/chip/tile/fpu/rtl/fpu_cnt_lead0_64b.v,fpu_cnt_lead0_64b,.v,0,2,30,,,
openpiton,B,https://github.com/PrincetonUniversity/openpiton.git,1c6bfd2d2ea53ddd7b6f933fa2d439d1a540e207,openpiton,fpu_cnt_lead0_lvl1,piton/design/chip/tile/fpu/rtl/fpu_cnt_lead0_lvl1.v,fpu_cnt_lead0_lvl1,.v,0,4,0,,,
openpiton,B,https://github.com/PrincetonUniversity/openpiton.git,1c6bfd2d2ea53ddd7b6f933fa2d439d1a540e207,openpiton,fpu_cnt_lead0_lvl2,piton/design/chip/tile/fpu/rtl/fpu_cnt_lead0_lvl2.v,fpu_cnt_lead0_lvl2,.v,0,9,0,,,
openpiton,B,https://github.com/PrincetonUniversity/openpiton.git,1c6bfd2d2ea53ddd7b6f933fa2d439d1a540e207,openpiton,fpu_cnt_lead0_lvl3,piton/design/chip/tile/fpu/rtl/fpu_cnt_lead0_lvl3.v,fpu_cnt_lead0_lvl3,.v,0,12,0,,,
openpiton,B,https://github.com/PrincetonUniversity/openpiton.git,1c6bfd2d2ea53ddd7b6f933fa2d439d1a540e207,openpiton,fpu_cnt_lead0_lvl4,piton/design/chip/tile/fpu/rtl/fpu_cnt_lead0_lvl4.v,fpu_cnt_lead0_lvl4,.v,0,15,0,,,
openpiton,B,https://github.com/PrincetonUniversity/openpiton.git,1c6bfd2d2ea53ddd7b6f933fa2d439d1a540e207,openpiton,fpu_denorm_3b,piton/design/chip/tile/fpu/rtl/fpu_denorm_3b.v,fpu_denorm_3b,.v,0,4,0,,,
openpiton,B,https://github.com/PrincetonUniversity/openpiton.git,1c6bfd2d2ea53ddd7b6f933fa2d439d1a540e207,openpiton,fpu_denorm_3to1,piton/design/chip/tile/fpu/rtl/fpu_denorm_3to1.v,fpu_denorm_3to1,.v,0,8,0,,,
openpiton,B,https://github.com/PrincetonUniversity/openpiton.git,1c6bfd2d2ea53ddd7b6f933fa2d439d1a540e207,openpiton,fpu_denorm_frac,piton/design/chip/tile/fpu/rtl/fpu_denorm_frac.v,fpu_denorm_frac,.v,0,6,26,,,
openpiton,B,https://github.com/PrincetonUniversity/openpiton.git,1c6bfd2d2ea53ddd7b6f933fa2d439d1a540e207,openpiton,fpu_div,piton/design/chip/tile/fpu/rtl/fpu_div.v,fpu_div,.v,0,35,3,,,
openpiton,B,https://github.com/PrincetonUniversity/openpiton.git,1c6bfd2d2ea53ddd7b6f933fa2d439d1a540e207,openpiton,fpu_div_ctl,piton/design/chip/tile/fpu/rtl/fpu_div_ctl.v,fpu_div_ctl,.v,0,107,78,,,
openpiton,B,https://github.com/PrincetonUniversity/openpiton.git,1c6bfd2d2ea53ddd7b6f933fa2d439d1a540e207,openpiton,fpu_div_exp_dp,piton/design/chip/tile/fpu/rtl/fpu_div_exp_dp.v,fpu_div_exp_dp,.v,0,42,5,,,
openpiton,B,https://github.com/PrincetonUniversity/openpiton.git,1c6bfd2d2ea53ddd7b6f933fa2d439d1a540e207,openpiton,fpu_div_frac_dp,piton/design/chip/tile/fpu/rtl/fpu_div_frac_dp.v,fpu_div_frac_dp,.v,0,54,12,,,
openpiton,B,https://github.com/PrincetonUniversity/openpiton.git,1c6bfd2d2ea53ddd7b6f933fa2d439d1a540e207,openpiton,fpu_in,piton/design/chip/tile/fpu/rtl/fpu_in.v,fpu_in,.v,0,48,2,,,
openpiton,B,https://github.com/PrincetonUniversity/openpiton.git,1c6bfd2d2ea53ddd7b6f933fa2d439d1a540e207,openpiton,fpu_in2_gt_in1_2b,piton/design/chip/tile/fpu/rtl/fpu_in2_gt_in1_2b.v,fpu_in2_gt_in1_2b,.v,0,4,0,,,
openpiton,B,https://github.com/PrincetonUniversity/openpiton.git,1c6bfd2d2ea53ddd7b6f933fa2d439d1a540e207,openpiton,fpu_in2_gt_in1_3b,piton/design/chip/tile/fpu/rtl/fpu_in2_gt_in1_3b.v,fpu_in2_gt_in1_3b,.v,0,4,0,,,
openpiton,B,https://github.com/PrincetonUniversity/openpiton.git,1c6bfd2d2ea53ddd7b6f933fa2d439d1a540e207,openpiton,fpu_in2_gt_in1_3to1,piton/design/chip/tile/fpu/rtl/fpu_in2_gt_in1_3to1.v,fpu_in2_gt_in1_3to1,.v,0,8,0,,,
openpiton,B,https://github.com/PrincetonUniversity/openpiton.git,1c6bfd2d2ea53ddd7b6f933fa2d439d1a540e207,openpiton,fpu_in2_gt_in1_frac,piton/design/chip/tile/fpu/rtl/fpu_in2_gt_in1_frac.v,fpu_in2_gt_in1_frac,.v,0,8,27,,,
openpiton,B,https://github.com/PrincetonUniversity/openpiton.git,1c6bfd2d2ea53ddd7b6f933fa2d439d1a540e207,openpiton,fpu_in_ctl,piton/design/chip/tile/fpu/rtl/fpu_in_ctl.v,fpu_in_ctl,.v,0,32,35,,,
openpiton,B,https://github.com/PrincetonUniversity/openpiton.git,1c6bfd2d2ea53ddd7b6f933fa2d439d1a540e207,openpiton,fpu_in_dp,piton/design/chip/tile/fpu/rtl/fpu_in_dp.v,fpu_in_dp,.v,0,36,8,,,
openpiton,B,https://github.com/PrincetonUniversity/openpiton.git,1c6bfd2d2ea53ddd7b6f933fa2d439d1a540e207,openpiton,fpu_mul,piton/design/chip/tile/fpu/rtl/fpu_mul.v,fpu_mul,.v,0,37,4,,,
openpiton,B,https://github.com/PrincetonUniversity/openpiton.git,1c6bfd2d2ea53ddd7b6f933fa2d439d1a540e207,openpiton,fpu_mul_ctl,piton/design/chip/tile/fpu/rtl/fpu_mul_ctl.v,fpu_mul_ctl,.v,0,98,90,,mula_rst_l,
openpiton,B,https://github.com/PrincetonUniversity/openpiton.git,1c6bfd2d2ea53ddd7b6f933fa2d439d1a540e207,openpiton,fpu_mul_exp_dp,piton/design/chip/tile/fpu/rtl/fpu_mul_exp_dp.v,fpu_mul_exp_dp,.v,0,37,14,,,
openpiton,B,https://github.com/PrincetonUniversity/openpiton.git,1c6bfd2d2ea53ddd7b6f933fa2d439d1a540e207,openpiton,fpu_mul_frac_dp,piton/design/chip/tile/fpu/rtl/fpu_mul_frac_dp.v,fpu_mul_frac_dp,.v,0,51,11,,,
openpiton,B,https://github.com/PrincetonUniversity/openpiton.git,1c6bfd2d2ea53ddd7b6f933fa2d439d1a540e207,openpiton,fpu_out,piton/design/chip/tile/fpu/rtl/fpu_out.v,fpu_out,.v,0,40,2,,,
openpiton,B,https://github.com/PrincetonUniversity/openpiton.git,1c6bfd2d2ea53ddd7b6f933fa2d439d1a540e207,openpiton,fpu_out_ctl,piton/design/chip/tile/fpu/rtl/fpu_out_ctl.v,fpu_out_ctl,.v,0,18,8,,,
openpiton,B,https://github.com/PrincetonUniversity/openpiton.git,1c6bfd2d2ea53ddd7b6f933fa2d439d1a540e207,openpiton,fpu_out_dp,piton/design/chip/tile/fpu/rtl/fpu_out_dp.v,fpu_out_dp,.v,0,30,3,,,
openpiton,B,https://github.com/PrincetonUniversity/openpiton.git,1c6bfd2d2ea53ddd7b6f933fa2d439d1a540e207,openpiton,fpu_rptr_fp_cpx_grp16,piton/design/chip/tile/fpu/rtl/fpu_rptr_min_global.v,fpu_rptr_min_global,.v,0,2,0,,,
openpiton,B,https://github.com/PrincetonUniversity/openpiton.git,1c6bfd2d2ea53ddd7b6f933fa2d439d1a540e207,openpiton,fpu_rptr_groups,piton/design/chip/tile/fpu/rtl/fpu_rptr_groups.v,fpu_rptr_groups,.v,0,117,43,,,
openpiton,B,https://github.com/PrincetonUniversity/openpiton.git,1c6bfd2d2ea53ddd7b6f933fa2d439d1a540e207,openpiton,fpu_rptr_inq,piton/design/chip/tile/fpu/rtl/fpu_rptr_min_global.v,fpu_rptr_min_global,.v,0,2,0,,,
openpiton,B,https://github.com/PrincetonUniversity/openpiton.git,1c6bfd2d2ea53ddd7b6f933fa2d439d1a540e207,openpiton,fpu_rptr_pcx_fpio_grp16,piton/design/chip/tile/fpu/rtl/fpu_rptr_min_global.v,fpu_rptr_min_global,.v,0,2,0,,,
openpiton,B,https://github.com/PrincetonUniversity/openpiton.git,1c6bfd2d2ea53ddd7b6f933fa2d439d1a540e207,openpiton,init_sd,piton/design/chipset/axi_sd_bridge/rtl/init_sd.v,init_sd,.v,0,24,0,clk;spi_clk_delay_in,rst,
openpiton,B,https://github.com/PrincetonUniversity/openpiton.git,1c6bfd2d2ea53ddd7b6f933fa2d439d1a540e207,openpiton,io_xbar_bus_compare_equal,piton/design/chipset/io_xbar/components/rtl/io_xbar_bus_compare_equal.v,io_xbar_bus_compare_equal,.v,0,3,0,,,
openpiton,B,https://github.com/PrincetonUniversity/openpiton.git,1c6bfd2d2ea53ddd7b6f933fa2d439d1a540e207,openpiton,io_xbar_flip_bus,piton/design/chipset/io_xbar/components/rtl/io_xbar_flip_bus.v,io_xbar_flip_bus,.v,0,2,0,,,
openpiton,B,https://github.com/PrincetonUniversity/openpiton.git,1c6bfd2d2ea53ddd7b6f933fa2d439d1a540e207,openpiton,io_xbar_net_dff,piton/design/chipset/io_xbar/components/rtl/io_xbar_net_dff.v,io_xbar_net_dff,.v,2,3,0,clk,,
openpiton,B,https://github.com/PrincetonUniversity/openpiton.git,1c6bfd2d2ea53ddd7b6f933fa2d439d1a540e207,openpiton,io_xbar_space_avail_top,piton/design/chipset/io_xbar/common/rtl/io_xbar_space_avail_top.v,io_xbar_space_avail_top,.v,0,5,0,clk,reset,
openpiton,B,https://github.com/PrincetonUniversity/openpiton.git,1c6bfd2d2ea53ddd7b6f933fa2d439d1a540e207,openpiton,iob_splitter,piton/design/chipset/mem_io_splitter/rtl/iob_splitter.v,iob_splitter,.v,0,26,0,clk,rst_n,
openpiton,B,https://github.com/PrincetonUniversity/openpiton.git,1c6bfd2d2ea53ddd7b6f933fa2d439d1a540e207,openpiton,jtag,piton/design/chip/jtag/rtl/jtag.v,jtag,.v,0,17,6,clk;jtag_clk,rst_n;jtag_rst_l,
openpiton,B,https://github.com/PrincetonUniversity/openpiton.git,1c6bfd2d2ea53ddd7b6f933fa2d439d1a540e207,openpiton,jtag_ctap,piton/design/chip/jtag/rtl/jtag_ctap.v,jtag_ctap,.v,0,17,0,clk,rst_n,
openpiton,B,https://github.com/PrincetonUniversity/openpiton.git,1c6bfd2d2ea53ddd7b6f933fa2d439d1a540e207,openpiton,jtag_interface,piton/design/chip/jtag/rtl/jtag_interface.v,jtag_interface,.v,0,11,1,jtag_clk,jtag_rst_l,
openpiton,B,https://github.com/PrincetonUniversity/openpiton.git,1c6bfd2d2ea53ddd7b6f933fa2d439d1a540e207,openpiton,jtag_interface_tap,piton/design/chip/jtag/rtl/jtag_interface_tap.v,jtag_interface_tap,.v,0,19,11,clock_dr,,
openpiton,B,https://github.com/PrincetonUniversity/openpiton.git,1c6bfd2d2ea53ddd7b6f933fa2d439d1a540e207,openpiton,jtag_ucb_receiver,piton/design/chip/jtag/rtl/jtag_ucb_receiver.v,jtag_ucb_receiver,.v,0,6,1,clk,rst_n,
openpiton,B,https://github.com/PrincetonUniversity/openpiton.git,1c6bfd2d2ea53ddd7b6f933fa2d439d1a540e207,openpiton,jtag_ucb_transmitter,piton/design/chip/jtag/rtl/jtag_ucb_transmitter.v,jtag_ucb_transmitter,.v,0,7,1,clk,rst_n,
openpiton,B,https://github.com/PrincetonUniversity/openpiton.git,1c6bfd2d2ea53ddd7b6f933fa2d439d1a540e207,openpiton,l15,piton/design/chip/tile/l15/rtl/l15.v,l15,.v,0,72,16,clk,rst_n,
openpiton,B,https://github.com/PrincetonUniversity/openpiton.git,1c6bfd2d2ea53ddd7b6f933fa2d439d1a540e207,openpiton,l15_cpxencoder,piton/design/chip/tile/l15/rtl/l15_cpxencoder.v,l15_cpxencoder,.v,0,27,0,clk,rst_n,valid_ready
openpiton,B,https://github.com/PrincetonUniversity/openpiton.git,1c6bfd2d2ea53ddd7b6f933fa2d439d1a540e207,openpiton,l15_picoencoder,piton/design/chip/tile/l15/rtl/l15_picoencoder.v,l15_picoencoder,.v,0,11,0,clk,rst_n,
openpiton,B,https://github.com/PrincetonUniversity/openpiton.git,1c6bfd2d2ea53ddd7b6f933fa2d439d1a540e207,openpiton,l15_wrap,piton/design/chip/tile/l15/rtl/l15_wrap.v,l15_wrap,.v,0,72,1,clk,rst_n,
openpiton,B,https://github.com/PrincetonUniversity/openpiton.git,1c6bfd2d2ea53ddd7b6f933fa2d439d1a540e207,openpiton,l2,piton/design/chip/tile/l2/rtl/l2.v,l2,.v,0,17,10,clk,rst_n,valid_ready
openpiton,B,https://github.com/PrincetonUniversity/openpiton.git,1c6bfd2d2ea53ddd7b6f933fa2d439d1a540e207,openpiton,l2_amo_alu,piton/design/chip/tile/l2/rtl/l2_amo_alu.v,l2_amo_alu,.v,1,6,0,,,
openpiton,B,https://github.com/PrincetonUniversity/openpiton.git,1c6bfd2d2ea53ddd7b6f933fa2d439d1a540e207,openpiton,l2_broadcast_counter,piton/design/chip/tile/l2/rtl/l2_broadcast_counter.v,l2_broadcast_counter,.v,0,12,0,clk,rst_n,
openpiton,B,https://github.com/PrincetonUniversity/openpiton.git,1c6bfd2d2ea53ddd7b6f933fa2d439d1a540e207,openpiton,l2_broadcast_counter_wrap,piton/design/chip/tile/l2/rtl/l2_broadcast_counter_wrap.v,l2_broadcast_counter_wrap,.v,0,22,2,clk,rst_n,
openpiton,B,https://github.com/PrincetonUniversity/openpiton.git,1c6bfd2d2ea53ddd7b6f933fa2d439d1a540e207,openpiton,l2_config_regs,piton/design/chip/tile/l2/rtl/l2_config_regs.v,l2_config_regs,.v,0,21,0,clk,rst_n,
openpiton,B,https://github.com/PrincetonUniversity/openpiton.git,1c6bfd2d2ea53ddd7b6f933fa2d439d1a540e207,openpiton,l2_data,piton/design/chip/tile/l2/rtl/l2_data.v,l2_data,.v,0,14,1,clk;clk_en,rst_n,
openpiton,B,https://github.com/PrincetonUniversity/openpiton.git,1c6bfd2d2ea53ddd7b6f933fa2d439d1a540e207,openpiton,l2_data_wrap,piton/design/chip/tile/l2/rtl/l2_data_wrap.v,l2_data_wrap,.v,0,20,1,clk;clk_en1;clk_en2,rst_n,
openpiton,B,https://github.com/PrincetonUniversity/openpiton.git,1c6bfd2d2ea53ddd7b6f933fa2d439d1a540e207,openpiton,l2_decoder,piton/design/chip/tile/l2/rtl/l2_decoder.v,l2_decoder,.v,0,19,0,,,
openpiton,B,https://github.com/PrincetonUniversity/openpiton.git,1c6bfd2d2ea53ddd7b6f933fa2d439d1a540e207,openpiton,l2_dir,piton/design/chip/tile/l2/rtl/l2_dir.v,l2_dir,.v,0,14,1,clk;clk_en,rst_n,
openpiton,B,https://github.com/PrincetonUniversity/openpiton.git,1c6bfd2d2ea53ddd7b6f933fa2d439d1a540e207,openpiton,l2_dir_wrap,piton/design/chip/tile/l2/rtl/l2_dir_wrap.v,l2_dir_wrap,.v,0,20,1,clk;clk_en1;clk_en2,rst_n,
openpiton,B,https://github.com/PrincetonUniversity/openpiton.git,1c6bfd2d2ea53ddd7b6f933fa2d439d1a540e207,openpiton,l2_encoder,piton/design/chip/tile/l2/rtl/l2_encoder.v,l2_encoder,.v,0,22,0,,,
openpiton,B,https://github.com/PrincetonUniversity/openpiton.git,1c6bfd2d2ea53ddd7b6f933fa2d439d1a540e207,openpiton,l2_msg_type_parse,piton/design/chip/tile/l2/rtl/l2_debug.v,l2_debug,.v,0,2,0,,,
openpiton,B,https://github.com/PrincetonUniversity/openpiton.git,1c6bfd2d2ea53ddd7b6f933fa2d439d1a540e207,openpiton,l2_mshr_decoder,piton/design/chip/tile/l2/rtl/l2_mshr_decoder.v,l2_mshr_decoder,.v,0,19,0,,,
openpiton,B,https://github.com/PrincetonUniversity/openpiton.git,1c6bfd2d2ea53ddd7b6f933fa2d439d1a540e207,openpiton,l2_mshr_wrap,piton/design/chip/tile/l2/rtl/l2_mshr_wrap.v,l2_mshr_wrap,.v,0,37,1,clk,rst_n,
openpiton,B,https://github.com/PrincetonUniversity/openpiton.git,1c6bfd2d2ea53ddd7b6f933fa2d439d1a540e207,openpiton,l2_pipe1,piton/design/chip/tile/l2/rtl/l2_pipe1.v,l2_pipe1,.v,0,100,9,clk,rst_n,valid_ready
openpiton,B,https://github.com/PrincetonUniversity/openpiton.git,1c6bfd2d2ea53ddd7b6f933fa2d439d1a540e207,openpiton,l2_pipe2,piton/design/chip/tile/l2/rtl/l2_pipe2.v,l2_pipe2,.v,0,63,5,clk,rst_n,valid_ready
openpiton,B,https://github.com/PrincetonUniversity/openpiton.git,1c6bfd2d2ea53ddd7b6f933fa2d439d1a540e207,openpiton,l2_smc_wrap,piton/design/chip/tile/l2/rtl/l2_smc_wrap.v,l2_smc_wrap,.v,0,20,1,clk,rst_n,
openpiton,B,https://github.com/PrincetonUniversity/openpiton.git,1c6bfd2d2ea53ddd7b6f933fa2d439d1a540e207,openpiton,l2_state_wrap,piton/design/chip/tile/l2/rtl/l2_state_wrap.v,l2_state_wrap,.v,0,23,1,clk,rst_n,
openpiton,B,https://github.com/PrincetonUniversity/openpiton.git,1c6bfd2d2ea53ddd7b6f933fa2d439d1a540e207,openpiton,l2_tag,piton/design/chip/tile/l2/rtl/l2_tag.v,l2_tag,.v,0,14,1,clk;clk_en,rst_n,
openpiton,B,https://github.com/PrincetonUniversity/openpiton.git,1c6bfd2d2ea53ddd7b6f933fa2d439d1a540e207,openpiton,l2_tag_wrap,piton/design/chip/tile/l2/rtl/l2_tag_wrap.v,l2_tag_wrap,.v,0,20,1,clk;clk_en1;clk_en2,rst_n,
openpiton,B,https://github.com/PrincetonUniversity/openpiton.git,1c6bfd2d2ea53ddd7b6f933fa2d439d1a540e207,openpiton,lsu,piton/design/chip/tile/sparc/lsu/rtl/lsu.v,lsu,.v,0,265,27,clk,tlu_lsu_redmode_rst_d1,req_gnt
openpiton,B,https://github.com/PrincetonUniversity/openpiton.git,1c6bfd2d2ea53ddd7b6f933fa2d439d1a540e207,openpiton,lsu_asi_decode,piton/design/chip/tile/sparc/lsu/rtl/lsu_asi_decode.v,lsu_asi_decode,.v,0,32,0,,,
openpiton,B,https://github.com/PrincetonUniversity/openpiton.git,1c6bfd2d2ea53ddd7b6f933fa2d439d1a540e207,openpiton,lsu_dc_parity_gen,piton/design/chip/tile/sparc/lsu/rtl/lsu_dc_parity_gen.v,lsu_dc_parity_gen,.v,0,2,0,,,
openpiton,B,https://github.com/PrincetonUniversity/openpiton.git,1c6bfd2d2ea53ddd7b6f933fa2d439d1a540e207,openpiton,lsu_dcache_lfsr,piton/design/chip/tile/sparc/lsu/rtl/lsu_dcache_lfsr.v,lsu_dcache_lfsr,.v,0,7,1,clk,reset,
openpiton,B,https://github.com/PrincetonUniversity/openpiton.git,1c6bfd2d2ea53ddd7b6f933fa2d439d1a540e207,openpiton,lsu_dctldp,piton/design/chip/tile/sparc/lsu/rtl/lsu_dctldp.v,lsu_dctldp,.v,0,127,98,,rst_l;lctl_rst;rst_tri_en,
openpiton,B,https://github.com/PrincetonUniversity/openpiton.git,1c6bfd2d2ea53ddd7b6f933fa2d439d1a540e207,openpiton,lsu_excpctl,piton/design/chip/tile/sparc/lsu/rtl/lsu_excpctl.v,lsu_excpctl,.v,0,122,48,,,
openpiton,B,https://github.com/PrincetonUniversity/openpiton.git,1c6bfd2d2ea53ddd7b6f933fa2d439d1a540e207,openpiton,lsu_nospu_wrap,piton/design/chip/tile/sparc/lsu/rtl/lsu_nospu_wrap.v,lsu_nospu_wrap,.v,0,239,1,clk,tlu_lsu_redmode_rst_d1,req_gnt
openpiton,B,https://github.com/PrincetonUniversity/openpiton.git,1c6bfd2d2ea53ddd7b6f933fa2d439d1a540e207,openpiton,lsu_pcx_qmon,piton/design/chip/tile/sparc/lsu/rtl/lsu_pcx_qmon.v,lsu_pcx_qmon,.v,0,10,3,,,
openpiton,B,https://github.com/PrincetonUniversity/openpiton.git,1c6bfd2d2ea53ddd7b6f933fa2d439d1a540e207,openpiton,lsu_qctl1,piton/design/chip/tile/sparc/lsu/rtl/lsu_qctl1.v,lsu_qctl1,.v,0,140,151,,lsu_bld_reset;rst_tri_en,req_gnt
openpiton,B,https://github.com/PrincetonUniversity/openpiton.git,1c6bfd2d2ea53ddd7b6f933fa2d439d1a540e207,openpiton,lsu_qdp1,piton/design/chip/tile/sparc/lsu/rtl/lsu_qdp1.v,lsu_qdp1,.v,0,135,100,,rst_tri_en,
openpiton,B,https://github.com/PrincetonUniversity/openpiton.git,1c6bfd2d2ea53ddd7b6f933fa2d439d1a540e207,openpiton,lsu_qdp2,piton/design/chip/tile/sparc/lsu/rtl/lsu_qdp2.v,lsu_qdp2,.v,0,70,31,,rst_tri_en,
openpiton,B,https://github.com/PrincetonUniversity/openpiton.git,1c6bfd2d2ea53ddd7b6f933fa2d439d1a540e207,openpiton,lsu_rrobin_picker2,piton/design/chip/tile/sparc/lsu/rtl/lsu_rrobin_picker2.v,lsu_rrobin_picker2,.v,0,10,3,,,
openpiton,B,https://github.com/PrincetonUniversity/openpiton.git,1c6bfd2d2ea53ddd7b6f933fa2d439d1a540e207,openpiton,lsu_stb_ctl,piton/design/chip/tile/sparc/lsu/rtl/lsu_stb_ctl.v,lsu_stb_ctl,.v,0,56,26,stb_clk_en_l,flshinst_rst,
openpiton,B,https://github.com/PrincetonUniversity/openpiton.git,1c6bfd2d2ea53ddd7b6f933fa2d439d1a540e207,openpiton,lsu_stb_ctldp,piton/design/chip/tile/sparc/lsu/rtl/lsu_stb_ctldp.v,lsu_stb_ctldp,.v,0,25,24,stb_clk_en_l,,
openpiton,B,https://github.com/PrincetonUniversity/openpiton.git,1c6bfd2d2ea53ddd7b6f933fa2d439d1a540e207,openpiton,lsu_stb_rwctl,piton/design/chip/tile/sparc/lsu/rtl/lsu_stb_rwctl.v,lsu_stb_rwctl,.v,0,105,34,,rst_tri_en,
openpiton,B,https://github.com/PrincetonUniversity/openpiton.git,1c6bfd2d2ea53ddd7b6f933fa2d439d1a540e207,openpiton,lsu_stb_rwdp,piton/design/chip/tile/sparc/lsu/rtl/lsu_stb_rwdp.v,lsu_stb_rwdp,.v,0,28,16,,rst_tri_en,
openpiton,B,https://github.com/PrincetonUniversity/openpiton.git,1c6bfd2d2ea53ddd7b6f933fa2d439d1a540e207,openpiton,lsu_tlbdp,piton/design/chip/tile/sparc/lsu/rtl/lsu_tlbdp.v,lsu_tlbdp,.v,0,28,2,,,
openpiton,B,https://github.com/PrincetonUniversity/openpiton.git,1c6bfd2d2ea53ddd7b6f933fa2d439d1a540e207,openpiton,mc_top,piton/design/chipset/mc/rtl/mc_top.v,mc_top,.v,0,33,9,core_ref_clk;sys_clk_p;sys_clk_n,sys_rst_n,
openpiton,B,https://github.com/PrincetonUniversity/openpiton.git,1c6bfd2d2ea53ddd7b6f933fa2d439d1a540e207,openpiton,mem_io_splitter,piton/design/chipset/mem_io_splitter/rtl/main_mem_splitter.v,main_mem_splitter,.v,0,26,0,clk,rst,
openpiton,B,https://github.com/PrincetonUniversity/openpiton.git,1c6bfd2d2ea53ddd7b6f933fa2d439d1a540e207,openpiton,mem_io_splitter,piton/design/chipset/mem_io_splitter/rtl/mem_io_splitter.v,mem_io_splitter,.v,0,29,0,clk,rst,
openpiton,B,https://github.com/PrincetonUniversity/openpiton.git,1c6bfd2d2ea53ddd7b6f933fa2d439d1a540e207,openpiton,mem_test_seq_driver,piton/design/fpga_tests/memio_unit_tests/common/rtl/mem_test_seq_driver.v,mem_test_seq_driver,.v,0,18,4,clk,rst_n,
openpiton,B,https://github.com/PrincetonUniversity/openpiton.git,1c6bfd2d2ea53ddd7b6f933fa2d439d1a540e207,openpiton,memctrl_test,piton/design/fpga_tests/memio_unit_tests/memctrl_test/rtl/memctrl_test.v,memctrl_test,.v,0,23,5,clk_osc_p;clk_osc_n;clk_osc;test_sys_clk;mc_sys_clk,rst_n,
openpiton,B,https://github.com/PrincetonUniversity/openpiton.git,1c6bfd2d2ea53ddd7b6f933fa2d439d1a540e207,openpiton,memory_zeroer,piton/design/chipset/mc/rtl/memory_zeroer.v,memory_zeroer,.v,3,20,0,clk,rst_n,
openpiton,B,https://github.com/PrincetonUniversity/openpiton.git,1c6bfd2d2ea53ddd7b6f933fa2d439d1a540e207,openpiton,mul64,piton/design/chip/tile/common/rtl/mul64.v,mul64,.v,0,13,0,,mul_rst_l,
openpiton,B,https://github.com/PrincetonUniversity/openpiton.git,1c6bfd2d2ea53ddd7b6f933fa2d439d1a540e207,openpiton,mul64,piton/design/chip/tile/common/rtl/mul64.v,mul64,.v,0,13,26,,mul_rst_l,
openpiton,B,https://github.com/PrincetonUniversity/openpiton.git,1c6bfd2d2ea53ddd7b6f933fa2d439d1a540e207,openpiton,mul_array1,piton/design/chip/tile/common/rtl/mul64.v,mul64,.v,0,14,219,,,
openpiton,B,https://github.com/PrincetonUniversity/openpiton.git,1c6bfd2d2ea53ddd7b6f933fa2d439d1a540e207,openpiton,mul_array2,piton/design/chip/tile/common/rtl/mul64.v,mul64,.v,0,13,446,,,
openpiton,B,https://github.com/PrincetonUniversity/openpiton.git,1c6bfd2d2ea53ddd7b6f933fa2d439d1a540e207,openpiton,mul_bodec,piton/design/chip/tile/common/rtl/mul64.v,mul64,.v,0,10,0,,,
openpiton,B,https://github.com/PrincetonUniversity/openpiton.git,1c6bfd2d2ea53ddd7b6f933fa2d439d1a540e207,openpiton,mul_booth,piton/design/chip/tile/common/rtl/mul64.v,mul64,.v,0,25,42,clk,,
openpiton,B,https://github.com/PrincetonUniversity/openpiton.git,1c6bfd2d2ea53ddd7b6f933fa2d439d1a540e207,openpiton,mul_csa32,piton/design/chip/tile/common/rtl/mul64.v,mul64,.v,0,5,0,,,
openpiton,B,https://github.com/PrincetonUniversity/openpiton.git,1c6bfd2d2ea53ddd7b6f933fa2d439d1a540e207,openpiton,mul_csa42,piton/design/chip/tile/common/rtl/mul64.v,mul64,.v,0,8,0,,,
openpiton,B,https://github.com/PrincetonUniversity/openpiton.git,1c6bfd2d2ea53ddd7b6f933fa2d439d1a540e207,openpiton,mul_ha,piton/design/chip/tile/common/rtl/mul64.v,mul64,.v,0,4,0,,,
openpiton,B,https://github.com/PrincetonUniversity/openpiton.git,1c6bfd2d2ea53ddd7b6f933fa2d439d1a540e207,openpiton,mul_mux2,piton/design/chip/tile/common/rtl/mul64.v,mul64,.v,0,4,0,,,
openpiton,B,https://github.com/PrincetonUniversity/openpiton.git,1c6bfd2d2ea53ddd7b6f933fa2d439d1a540e207,openpiton,mul_negen,piton/design/chip/tile/common/rtl/mul64.v,mul64,.v,0,3,0,,,
openpiton,B,https://github.com/PrincetonUniversity/openpiton.git,1c6bfd2d2ea53ddd7b6f933fa2d439d1a540e207,openpiton,mul_ppgen,piton/design/chip/tile/common/rtl/mul64.v,mul64,.v,0,5,0,,,
openpiton,B,https://github.com/PrincetonUniversity/openpiton.git,1c6bfd2d2ea53ddd7b6f933fa2d439d1a540e207,openpiton,mul_ppgen3,piton/design/chip/tile/common/rtl/mul64.v,mul64,.v,0,14,4,,,
openpiton,B,https://github.com/PrincetonUniversity/openpiton.git,1c6bfd2d2ea53ddd7b6f933fa2d439d1a540e207,openpiton,mul_ppgen3lsb4,piton/design/chip/tile/common/rtl/mul64.v,mul64,.v,0,7,11,,,
openpiton,B,https://github.com/PrincetonUniversity/openpiton.git,1c6bfd2d2ea53ddd7b6f933fa2d439d1a540e207,openpiton,mul_ppgen3sign,piton/design/chip/tile/common/rtl/mul64.v,mul64,.v,0,14,14,,,
openpiton,B,https://github.com/PrincetonUniversity/openpiton.git,1c6bfd2d2ea53ddd7b6f933fa2d439d1a540e207,openpiton,mul_ppgenrow3,piton/design/chip/tile/common/rtl/mul64.v,mul64,.v,0,8,62,,,
openpiton,B,https://github.com/PrincetonUniversity/openpiton.git,1c6bfd2d2ea53ddd7b6f933fa2d439d1a540e207,openpiton,mul_ppgensign,piton/design/chip/tile/common/rtl/mul64.v,mul64,.v,0,4,0,,,
openpiton,B,https://github.com/PrincetonUniversity/openpiton.git,1c6bfd2d2ea53ddd7b6f933fa2d439d1a540e207,openpiton,mux2ds,piton/design/chip/tile/common/rtl/swrvr_clib.v,swrvr_clib,.v,0,5,0,,,
openpiton,B,https://github.com/PrincetonUniversity/openpiton.git,1c6bfd2d2ea53ddd7b6f933fa2d439d1a540e207,openpiton,mux3ds,piton/design/chip/tile/common/rtl/swrvr_clib.v,swrvr_clib,.v,0,7,0,,,
openpiton,B,https://github.com/PrincetonUniversity/openpiton.git,1c6bfd2d2ea53ddd7b6f933fa2d439d1a540e207,openpiton,mux4ds,piton/design/chip/tile/common/rtl/swrvr_clib.v,swrvr_clib,.v,0,9,0,,,
openpiton,B,https://github.com/PrincetonUniversity/openpiton.git,1c6bfd2d2ea53ddd7b6f933fa2d439d1a540e207,openpiton,mux_process_pkt,piton/design/common/uart_pkttrace_dump/rtl/mux_process_pkt.v,mux_process_pkt,.v,0,25,0,clk,rst_n,
openpiton,B,https://github.com/PrincetonUniversity/openpiton.git,1c6bfd2d2ea53ddd7b6f933fa2d439d1a540e207,openpiton,net_dff,piton/design/chip/tile/dynamic_node/components/rtl/net_dff.v,net_dff,.v,2,3,0,clk,,
openpiton,B,https://github.com/PrincetonUniversity/openpiton.git,1c6bfd2d2ea53ddd7b6f933fa2d439d1a540e207,openpiton,net_int_sync,piton/design/chipset/io_ctrl/rtl/net_int_sync.v,net_int_sync,.v,0,5,0,clk_emac;clk_ciop,rst_n,
openpiton,B,https://github.com/PrincetonUniversity/openpiton.git,1c6bfd2d2ea53ddd7b6f933fa2d439d1a540e207,openpiton,net_uart_splitter,piton/design/chipset/mem_io_splitter/rtl/net_uart_splitter.v,net_uart_splitter,.v,0,26,0,clk,rst_n,
openpiton,B,https://github.com/PrincetonUniversity/openpiton.git,1c6bfd2d2ea53ddd7b6f933fa2d439d1a540e207,openpiton,network_input_blk_multi_out,piton/design/chip/tile/dynamic_node/common/rtl/network_input_blk_multi_out.v,network_input_blk_multi_out,.v,1,9,0,clk,reset,
openpiton,B,https://github.com/PrincetonUniversity/openpiton.git,1c6bfd2d2ea53ddd7b6f933fa2d439d1a540e207,openpiton,noc1encoder,piton/design/chip/tile/l15/rtl/noc1encoder.v,noc1encoder,.v,0,32,1,clk,rst_n,
openpiton,B,https://github.com/PrincetonUniversity/openpiton.git,1c6bfd2d2ea53ddd7b6f933fa2d439d1a540e207,openpiton,noc2decoder,piton/design/chip/tile/l15/rtl/noc2decoder.v,noc2decoder,.v,0,27,0,clk,rst_n,
openpiton,B,https://github.com/PrincetonUniversity/openpiton.git,1c6bfd2d2ea53ddd7b6f933fa2d439d1a540e207,openpiton,noc2string,piton/design/common/uart_pkttrace_dump/rtl/noc2string.v,noc2string,.v,0,2,0,,,
openpiton,B,https://github.com/PrincetonUniversity/openpiton.git,1c6bfd2d2ea53ddd7b6f933fa2d439d1a540e207,openpiton,noc3buffer,piton/design/chip/tile/l15/rtl/noc3buffer.v,noc3buffer,.v,0,28,0,clk,rst_n,
openpiton,B,https://github.com/PrincetonUniversity/openpiton.git,1c6bfd2d2ea53ddd7b6f933fa2d439d1a540e207,openpiton,noc3encoder,piton/design/chip/tile/l15/rtl/noc3encoder.v,noc3encoder,.v,0,21,0,clk,rst_n,
openpiton,B,https://github.com/PrincetonUniversity/openpiton.git,1c6bfd2d2ea53ddd7b6f933fa2d439d1a540e207,openpiton,noc_axi4_bridge,piton/design/chipset/noc_axi4_bridge/rtl/noc_axi4_bridge.v,noc_axi4_bridge,.v,0,55,5,clk,rst_n,valid_ready
openpiton,B,https://github.com/PrincetonUniversity/openpiton.git,1c6bfd2d2ea53ddd7b6f933fa2d439d1a540e207,openpiton,noc_axi4_bridge_buffer,piton/design/chipset/noc_axi4_bridge/rtl/noc_axi4_bridge_buffer.v,noc_axi4_bridge_buffer,.v,0,26,2,clk,rst_n,
openpiton,B,https://github.com/PrincetonUniversity/openpiton.git,1c6bfd2d2ea53ddd7b6f933fa2d439d1a540e207,openpiton,noc_axi4_bridge_deser,piton/design/chipset/noc_axi4_bridge/rtl/noc_axi4_bridge_deser.v,noc_axi4_bridge_deser,.v,0,10,0,clk,rst_n,
openpiton,B,https://github.com/PrincetonUniversity/openpiton.git,1c6bfd2d2ea53ddd7b6f933fa2d439d1a540e207,openpiton,noc_axi4_bridge_read,piton/design/chipset/noc_axi4_bridge/rtl/noc_axi4_bridge_read.v,noc_axi4_bridge_read,.v,0,31,1,clk,rst_n,valid_ready
openpiton,B,https://github.com/PrincetonUniversity/openpiton.git,1c6bfd2d2ea53ddd7b6f933fa2d439d1a540e207,openpiton,noc_axi4_bridge_ser,piton/design/chipset/noc_axi4_bridge/rtl/noc_axi4_bridge_ser.v,noc_axi4_bridge_ser,.v,0,9,0,clk,rst_n,
openpiton,B,https://github.com/PrincetonUniversity/openpiton.git,1c6bfd2d2ea53ddd7b6f933fa2d439d1a540e207,openpiton,noc_axi4_bridge_write,piton/design/chipset/noc_axi4_bridge/rtl/noc_axi4_bridge_write.v,noc_axi4_bridge_write,.v,0,36,1,clk,rst_n,valid_ready
openpiton,B,https://github.com/PrincetonUniversity/openpiton.git,1c6bfd2d2ea53ddd7b6f933fa2d439d1a540e207,openpiton,noc_axilite_bridge,piton/design/chipset/noc_axilite_bridge/rtl/noc_axilite_bridge.v,noc_axilite_bridge,.v,3,27,0,clk,rst,valid_ready
openpiton,B,https://github.com/PrincetonUniversity/openpiton.git,1c6bfd2d2ea53ddd7b6f933fa2d439d1a540e207,openpiton,noc_bidir_afifo,piton/design/chipset/common/rtl/noc_bidir_afifo.v,noc_bidir_afifo,.v,0,16,2,clk_1;clk_2,rst_1;rst_2,
openpiton,B,https://github.com/PrincetonUniversity/openpiton.git,1c6bfd2d2ea53ddd7b6f933fa2d439d1a540e207,openpiton,noc_mig_bridge,piton/design/chipset/mc/rtl/noc_mig_bridge.v,noc_mig_bridge,.v,5,22,1,clk,rst,
openpiton,B,https://github.com/PrincetonUniversity/openpiton.git,1c6bfd2d2ea53ddd7b6f933fa2d439d1a540e207,openpiton,noc_simple_merger,piton/design/common/rtl/noc_simple_merger.v,noc_simple_merger,.v,0,11,0,clk,rst_n,
openpiton,B,https://github.com/PrincetonUniversity/openpiton.git,1c6bfd2d2ea53ddd7b6f933fa2d439d1a540e207,openpiton,noc_simple_splitter,piton/design/common/rtl/noc_simple_splitter.v,noc_simple_splitter,.v,0,11,0,clk,rst_n,
openpiton,B,https://github.com/PrincetonUniversity/openpiton.git,1c6bfd2d2ea53ddd7b6f933fa2d439d1a540e207,openpiton,oled_delay,piton/design/chipset/oled/rtl/oled_delay.v,oled_delay,.v,0,5,0,clk,rst_n,
openpiton,B,https://github.com/PrincetonUniversity/openpiton.git,1c6bfd2d2ea53ddd7b6f933fa2d439d1a540e207,openpiton,oled_transform,piton/design/chipset/oled/rtl/oled_transform.v,oled_transform,.v,0,11,0,sys_clk,sys_rst_n,
openpiton,B,https://github.com/PrincetonUniversity/openpiton.git,1c6bfd2d2ea53ddd7b6f933fa2d439d1a540e207,openpiton,oled_wrapper,piton/design/chipset/oled/rtl/oled_wrapper.v,oled_wrapper,.v,0,12,1,sys_clk,sys_rst_n,
openpiton,B,https://github.com/PrincetonUniversity/openpiton.git,1c6bfd2d2ea53ddd7b6f933fa2d439d1a540e207,openpiton,one_of_eight,piton/design/chip/tile/dynamic_node/components/rtl/one_of_eight.v,one_of_eight,.v,0,10,0,,,
openpiton,B,https://github.com/PrincetonUniversity/openpiton.git,1c6bfd2d2ea53ddd7b6f933fa2d439d1a540e207,openpiton,one_of_five,piton/design/chip/tile/dynamic_node/components/rtl/one_of_five.v,one_of_five,.v,0,7,0,,,
openpiton,B,https://github.com/PrincetonUniversity/openpiton.git,1c6bfd2d2ea53ddd7b6f933fa2d439d1a540e207,openpiton,pcx_buffer,piton/design/chip/tile/l15/rtl/pcx_buffer.v,pcx_buffer,.v,0,12,0,clk,rst_n,req_gnt
openpiton,B,https://github.com/PrincetonUniversity/openpiton.git,1c6bfd2d2ea53ddd7b6f933fa2d439d1a540e207,openpiton,pcx_decoder,piton/design/chip/tile/l15/rtl/pcx_decoder.v,pcx_decoder,.v,0,24,0,clk,rst_n,
openpiton,B,https://github.com/PrincetonUniversity/openpiton.git,1c6bfd2d2ea53ddd7b6f933fa2d439d1a540e207,openpiton,pico_decoder,piton/design/chip/tile/l15/rtl/pico_decoder.v,pico_decoder,.v,0,24,0,clk,rst_n,
openpiton,B,https://github.com/PrincetonUniversity/openpiton.git,1c6bfd2d2ea53ddd7b6f933fa2d439d1a540e207,openpiton,pico_l15_transducer,piton/design/chip/tile/rtl/pico_l15_transducer.v,pico_l15_transducer,.v,0,32,2,clk,rst_n,valid_ready
openpiton,B,https://github.com/PrincetonUniversity/openpiton.git,1c6bfd2d2ea53ddd7b6f933fa2d439d1a540e207,openpiton,pico_reset,piton/design/chip/tile/pico/rtl/pico_reset.v,pico_reset,.v,0,3,0,,rst_n,
openpiton,B,https://github.com/PrincetonUniversity/openpiton.git,1c6bfd2d2ea53ddd7b6f933fa2d439d1a540e207,openpiton,picorv32,piton/design/chip/tile/pico/rtl/picorv32.v,picorv32,.v,29,49,4,clk,reset_l,valid_ready
openpiton,B,https://github.com/PrincetonUniversity/openpiton.git,1c6bfd2d2ea53ddd7b6f933fa2d439d1a540e207,openpiton,picorv32_axi,piton/design/chip/tile/pico/rtl/picorv32.v,picorv32,.v,25,51,2,clk,resetn,valid_ready
openpiton,B,https://github.com/PrincetonUniversity/openpiton.git,1c6bfd2d2ea53ddd7b6f933fa2d439d1a540e207,openpiton,picorv32_axi_adapter,piton/design/chip/tile/pico/rtl/picorv32.v,picorv32,.v,0,26,0,clk,resetn,valid_ready
openpiton,B,https://github.com/PrincetonUniversity/openpiton.git,1c6bfd2d2ea53ddd7b6f933fa2d439d1a540e207,openpiton,picorv32_pcpi_div,piton/design/chip/tile/pico/rtl/picorv32.v,picorv32,.v,0,10,0,clk,resetn,valid_ready
openpiton,B,https://github.com/PrincetonUniversity/openpiton.git,1c6bfd2d2ea53ddd7b6f933fa2d439d1a540e207,openpiton,picorv32_pcpi_fast_mul,piton/design/chip/tile/pico/rtl/picorv32.v,picorv32,.v,3,10,0,clk,resetn,valid_ready
openpiton,B,https://github.com/PrincetonUniversity/openpiton.git,1c6bfd2d2ea53ddd7b6f933fa2d439d1a540e207,openpiton,picorv32_pcpi_mul,piton/design/chip/tile/pico/rtl/picorv32.v,picorv32,.v,2,10,0,clk,resetn,valid_ready
openpiton,B,https://github.com/PrincetonUniversity/openpiton.git,1c6bfd2d2ea53ddd7b6f933fa2d439d1a540e207,openpiton,picorv32_regs,piton/design/chip/tile/pico/rtl/picorv32.v,picorv32,.v,0,8,0,clk,,
openpiton,B,https://github.com/PrincetonUniversity/openpiton.git,1c6bfd2d2ea53ddd7b6f933fa2d439d1a540e207,openpiton,picorv32_wb,piton/design/chip/tile/pico/rtl/picorv32.v,picorv32,.v,25,43,1,wb_clk_i,wb_rst_i,valid_ready
openpiton,B,https://github.com/PrincetonUniversity/openpiton.git,1c6bfd2d2ea53ddd7b6f933fa2d439d1a540e207,openpiton,piton_sd_buffer,piton/design/chipset/noc_sd_bridge/rtl/piton_sd_buffer.v,piton_sd_buffer,.v,0,16,1,clk,rst,
openpiton,B,https://github.com/PrincetonUniversity/openpiton.git,1c6bfd2d2ea53ddd7b6f933fa2d439d1a540e207,openpiton,piton_sd_cache_manager,piton/design/chipset/noc_sd_bridge/rtl/piton_sd_cache_manager.v,piton_sd_cache_manager,.v,0,18,1,clk,rst,
openpiton,B,https://github.com/PrincetonUniversity/openpiton.git,1c6bfd2d2ea53ddd7b6f933fa2d439d1a540e207,openpiton,piton_sd_cache_tag,piton/design/chipset/noc_sd_bridge/rtl/piton_sd_cache_tag.v,piton_sd_cache_tag,.v,0,14,0,clk,rst,
openpiton,B,https://github.com/PrincetonUniversity/openpiton.git,1c6bfd2d2ea53ddd7b6f933fa2d439d1a540e207,openpiton,piton_sd_core_ctrl,piton/design/chipset/noc_sd_bridge/rtl/piton_sd_core_ctrl.v,piton_sd_core_ctrl,.v,0,21,0,clk,rst,
openpiton,B,https://github.com/PrincetonUniversity/openpiton.git,1c6bfd2d2ea53ddd7b6f933fa2d439d1a540e207,openpiton,piton_sd_init,piton/design/chipset/noc_sd_bridge/rtl/piton_sd_init.v,piton_sd_init,.v,0,14,0,clk,rst,
openpiton,B,https://github.com/PrincetonUniversity/openpiton.git,1c6bfd2d2ea53ddd7b6f933fa2d439d1a540e207,openpiton,piton_sd_top,piton/design/chipset/noc_sd_bridge/rtl/piton_sd_top.v,piton_sd_top,.v,0,14,6,sys_clk;sd_clk,sys_rst,
openpiton,B,https://github.com/PrincetonUniversity/openpiton.git,1c6bfd2d2ea53ddd7b6f933fa2d439d1a540e207,openpiton,piton_sd_transaction_manager,piton/design/chipset/noc_sd_bridge/rtl/piton_sd_transaction_manager.v,piton_sd_transaction_manager,.v,0,20,0,clk,rst,
openpiton,B,https://github.com/PrincetonUniversity/openpiton.git,1c6bfd2d2ea53ddd7b6f933fa2d439d1a540e207,openpiton,pll_top,piton/design/chip/pll/rtl/pll_top.v,pll_top,.v,0,6,1,ref_clk,rst,
openpiton,B,https://github.com/PrincetonUniversity/openpiton.git,1c6bfd2d2ea53ddd7b6f933fa2d439d1a540e207,openpiton,process_pkt_complete,piton/design/common/uart_pkttrace_dump/rtl/process_pkt_complete.v,process_pkt_complete,.v,0,8,0,clk,rst_n,
openpiton,B,https://github.com/PrincetonUniversity/openpiton.git,1c6bfd2d2ea53ddd7b6f933fa2d439d1a540e207,openpiton,random_addrdata,piton/design/fpga_tests/memio_unit_tests/common/rtl/random_addrdata.v,random_addrdata,.v,0,11,1,clk,rst_n;test_state_reset,
openpiton,B,https://github.com/PrincetonUniversity/openpiton.git,1c6bfd2d2ea53ddd7b6f933fa2d439d1a540e207,openpiton,random_data_addrdata,piton/design/fpga_tests/memio_unit_tests/common/rtl/random_data_addrdata.v,random_data_addrdata,.v,0,11,0,clk,rst_n;test_state_reset,
openpiton,B,https://github.com/PrincetonUniversity/openpiton.git,1c6bfd2d2ea53ddd7b6f933fa2d439d1a540e207,openpiton,read_write_sd_block,piton/design/chipset/axi_sd_bridge/rtl/read_write_sd_block.v,read_write_sd_block,.v,0,29,0,clk,rst,
openpiton,B,https://github.com/PrincetonUniversity/openpiton.git,1c6bfd2d2ea53ddd7b6f933fa2d439d1a540e207,openpiton,rtap,piton/design/chip/tile/rtap/rtl/rtap.v,rtap,.v,0,23,2,clk,rst_n,
openpiton,B,https://github.com/PrincetonUniversity/openpiton.git,1c6bfd2d2ea53ddd7b6f933fa2d439d1a540e207,openpiton,rtap_ucb_receiver,piton/design/chip/tile/rtap/rtl/rtap_ucb_receiver.v,rtap_ucb_receiver,.v,0,6,1,clk,rst_n,
openpiton,B,https://github.com/PrincetonUniversity/openpiton.git,1c6bfd2d2ea53ddd7b6f933fa2d439d1a540e207,openpiton,rtap_ucb_transmitter,piton/design/chip/tile/rtap/rtl/rtap_ucb_transmitter.v,rtap_ucb_transmitter,.v,0,7,1,clk,rst_n,
openpiton,B,https://github.com/PrincetonUniversity/openpiton.git,1c6bfd2d2ea53ddd7b6f933fa2d439d1a540e207,openpiton,rwspi_wire_data,piton/design/chipset/axi_sd_bridge/rtl/rwspi_wire_data.v,rwspi_wire_data,.v,0,12,0,clk;clk_delay,rst,
openpiton,B,https://github.com/PrincetonUniversity/openpiton.git,1c6bfd2d2ea53ddd7b6f933fa2d439d1a540e207,openpiton,sd_block_cache,piton/design/chipset/axi_sd_bridge/rtl/sd_block_cache.v,sd_block_cache,.v,5,8,0,clk,,
openpiton,B,https://github.com/PrincetonUniversity/openpiton.git,1c6bfd2d2ea53ddd7b6f933fa2d439d1a540e207,openpiton,sd_clock_divider,piton/design/chipset/noc_sd_bridge/rtl/sd_clock_divider.v,sd_clock_divider,.v,0,4,1,CLK,RST,
openpiton,B,https://github.com/PrincetonUniversity/openpiton.git,1c6bfd2d2ea53ddd7b6f933fa2d439d1a540e207,openpiton,sd_cmd_master,piton/design/chipset/noc_sd_bridge/rtl/sd_cmd_master.v,sd_cmd_master,.v,0,21,0,sd_clk,rst;int_status_rst_i,
openpiton,B,https://github.com/PrincetonUniversity/openpiton.git,1c6bfd2d2ea53ddd7b6f933fa2d439d1a540e207,openpiton,sd_cmd_serial_host,piton/design/chipset/noc_sd_bridge/rtl/sd_cmd_serial_host.v,sd_cmd_serial_host,.v,0,12,1,sd_clk,rst,
openpiton,B,https://github.com/PrincetonUniversity/openpiton.git,1c6bfd2d2ea53ddd7b6f933fa2d439d1a540e207,openpiton,sd_controller_wb,piton/design/chipset/noc_sd_bridge/rtl/sd_controller_wb.v,sd_controller_wb,.v,0,34,12,wb_clk_i;clock_divider_reg,wb_rst_i;data_int_rst;cmd_int_rst;software_reset_reg,
openpiton,B,https://github.com/PrincetonUniversity/openpiton.git,1c6bfd2d2ea53ddd7b6f933fa2d439d1a540e207,openpiton,sd_crc_16,piton/design/chipset/noc_sd_bridge/rtl/sd_crc_16.v,sd_crc_16,.v,0,5,0,,,
openpiton,B,https://github.com/PrincetonUniversity/openpiton.git,1c6bfd2d2ea53ddd7b6f933fa2d439d1a540e207,openpiton,sd_crc_7,piton/design/chipset/noc_sd_bridge/rtl/sd_crc_7.v,sd_crc_7,.v,0,5,0,,,
openpiton,B,https://github.com/PrincetonUniversity/openpiton.git,1c6bfd2d2ea53ddd7b6f933fa2d439d1a540e207,openpiton,sd_data_master,piton/design/chipset/noc_sd_bridge/rtl/sd_data_master.v,sd_data_master,.v,0,15,0,sd_clk,rst;int_status_rst_i,
openpiton,B,https://github.com/PrincetonUniversity/openpiton.git,1c6bfd2d2ea53ddd7b6f933fa2d439d1a540e207,openpiton,sd_data_serial_host,piton/design/chipset/noc_sd_bridge/rtl/sd_data_serial_host.v,sd_data_serial_host,.v,0,17,1,sd_clk,rst,
openpiton,B,https://github.com/PrincetonUniversity/openpiton.git,1c6bfd2d2ea53ddd7b6f933fa2d439d1a540e207,openpiton,sd_data_xfer_trig,piton/design/chipset/noc_sd_bridge/rtl/sd_data_xfer_trig.v,sd_data_xfer_trig,.v,0,7,0,sd_clk,rst,
openpiton,B,https://github.com/PrincetonUniversity/openpiton.git,1c6bfd2d2ea53ddd7b6f933fa2d439d1a540e207,openpiton,sd_fifo_filler,piton/design/chipset/noc_sd_bridge/rtl/sd_fifo_filler.v,sd_fifo_filler,.v,0,20,2,wb_clk;sd_clk,rst,
openpiton,B,https://github.com/PrincetonUniversity/openpiton.git,1c6bfd2d2ea53ddd7b6f933fa2d439d1a540e207,openpiton,sd_wb_sel_ctrl,piton/design/chipset/noc_sd_bridge/rtl/sd_wb_sel_ctrl.v,sd_wb_sel_ctrl,.v,0,7,0,wb_clk,rst,
openpiton,B,https://github.com/PrincetonUniversity/openpiton.git,1c6bfd2d2ea53ddd7b6f933fa2d439d1a540e207,openpiton,sd_wishbone_transaction_manager,piton/design/chipset/axi_sd_bridge/rtl/sd_wishbone_transaction_manager.v,sd_wishbone_transaction_manager,.v,0,20,0,clk,rst,
openpiton,B,https://github.com/PrincetonUniversity/openpiton.git,1c6bfd2d2ea53ddd7b6f933fa2d439d1a540e207,openpiton,sdc_controller,piton/design/chipset/noc_sd_bridge/rtl/sdc_controller.v,sdc_controller,.v,0,30,13,wb_clk_i;sd_clk_o_pad;sd_clk_i_pad,wb_rst_i,
openpiton,B,https://github.com/PrincetonUniversity/openpiton.git,1c6bfd2d2ea53ddd7b6f933fa2d439d1a540e207,openpiton,sdctrl_test,piton/design/fpga_tests/memio_unit_tests/sdctrl_test/rtl/sdctrl_test.v,sdctrl_test,.v,0,12,6,clk_osc_p;clk_osc_n;clk_osc;test_sys_clk;spi_sys_clk,rst_n,
openpiton,B,https://github.com/PrincetonUniversity/openpiton.git,1c6bfd2d2ea53ddd7b6f933fa2d439d1a540e207,openpiton,send_cmd,piton/design/chipset/axi_sd_bridge/rtl/send_cmd.v,send_cmd,.v,0,26,0,clk,rst,
openpiton,B,https://github.com/PrincetonUniversity/openpiton.git,1c6bfd2d2ea53ddd7b6f933fa2d439d1a540e207,openpiton,side2string,piton/design/common/uart_pkttrace_dump/rtl/side2string.v,side2string,.v,3,2,0,,,
openpiton,B,https://github.com/PrincetonUniversity/openpiton.git,1c6bfd2d2ea53ddd7b6f933fa2d439d1a540e207,openpiton,simplenocbuffer,piton/design/chip/tile/l15/rtl/simplenocbuffer.v,simplenocbuffer,.v,0,8,0,clk,rst_n,
openpiton,B,https://github.com/PrincetonUniversity/openpiton.git,1c6bfd2d2ea53ddd7b6f933fa2d439d1a540e207,openpiton,sink,piton/design/chip/tile/common/rtl/swrvr_clib.v,swrvr_clib,.v,0,1,0,,,
openpiton,B,https://github.com/PrincetonUniversity/openpiton.git,1c6bfd2d2ea53ddd7b6f933fa2d439d1a540e207,openpiton,sm_dp_mem_dc,piton/design/chipset/axi_sd_bridge/rtl/sm_dp_mem_dc.v,sm_dp_mem_dc,.v,3,8,0,wr_clk;rd_clk,,
openpiton,B,https://github.com/PrincetonUniversity/openpiton.git,1c6bfd2d2ea53ddd7b6f933fa2d439d1a540e207,openpiton,sm_fifo_rtl,piton/design/chipset/axi_sd_bridge/rtl/sm_fifo_rtl.v,sm_fifo_rtl,.v,3,13,1,wr_clk;rst_sync_to_wr_clk;force_empty_sync_to_wr_clk;rd_clk;rst_sync_to_rd_clk;force_empty_sync_to_rd_clk,rst_sync_to_wr_clk;rst_sync_to_rd_clk,
openpiton,B,https://github.com/PrincetonUniversity/openpiton.git,1c6bfd2d2ea53ddd7b6f933fa2d439d1a540e207,openpiton,sm_rx_fifo,piton/design/chipset/axi_sd_bridge/rtl/sm_rx_fifo.v,sm_rx_fifo,.v,2,13,2,bus_clk;spi_sys_clk;rst_sync_to_bus_clk;rst_sync_to_spi_clk,rst_sync_to_bus_clk;rst_sync_to_spi_clk,
openpiton,B,https://github.com/PrincetonUniversity/openpiton.git,1c6bfd2d2ea53ddd7b6f933fa2d439d1a540e207,openpiton,sm_rx_fifo_bi,piton/design/chipset/axi_sd_bridge/rtl/sm_rx_fifo_bi.v,sm_rx_fifo_bi,.v,0,14,0,bus_clk;spi_sys_clk;rst_sync_to_bus_clk,rst_sync_to_bus_clk,
openpiton,B,https://github.com/PrincetonUniversity/openpiton.git,1c6bfd2d2ea53ddd7b6f933fa2d439d1a540e207,openpiton,sm_tx_fifo,piton/design/chipset/axi_sd_bridge/rtl/sm_tx_fifo.v,sm_tx_fifo,.v,2,13,2,bus_clk;spi_sys_clk;rst_sync_to_bus_clk;rst_sync_to_spi_clk,rst_sync_to_bus_clk;rst_sync_to_spi_clk,
openpiton,B,https://github.com/PrincetonUniversity/openpiton.git,1c6bfd2d2ea53ddd7b6f933fa2d439d1a540e207,openpiton,sm_tx_fifo_bi,piton/design/chipset/axi_sd_bridge/rtl/sm_tx_fifo_bi.v,sm_tx_fifo_bi,.v,0,13,0,bus_clk;spi_sys_clk;rst_sync_to_bus_clk,rst_sync_to_bus_clk,
openpiton,B,https://github.com/PrincetonUniversity/openpiton.git,1c6bfd2d2ea53ddd7b6f933fa2d439d1a540e207,openpiton,source,piton/design/chip/tile/common/rtl/swrvr_clib.v,swrvr_clib,.v,0,1,0,,,
openpiton,B,https://github.com/PrincetonUniversity/openpiton.git,1c6bfd2d2ea53ddd7b6f933fa2d439d1a540e207,openpiton,space_avail_top,piton/design/chip/tile/dynamic_node/common/rtl/space_avail_top.v,space_avail_top,.v,0,5,0,clk,reset,
openpiton,B,https://github.com/PrincetonUniversity/openpiton.git,1c6bfd2d2ea53ddd7b6f933fa2d439d1a540e207,openpiton,sparc,piton/design/chip/tile/sparc/rtl/sparc.v,sparc,.v,0,18,9,,,req_gnt
openpiton,B,https://github.com/PrincetonUniversity/openpiton.git,1c6bfd2d2ea53ddd7b6f933fa2d439d1a540e207,openpiton,sparc_core,piton/design/chip/tile/sparc/rtl/sparc_core.v,sparc_core,.v,0,17,1,,reset_l,req_gnt
openpiton,B,https://github.com/PrincetonUniversity/openpiton.git,1c6bfd2d2ea53ddd7b6f933fa2d439d1a540e207,openpiton,sparc_exu,piton/design/chip/tile/sparc/exu/rtl/sparc_exu.v,sparc_exu,.v,0,143,8,,,
openpiton,B,https://github.com/PrincetonUniversity/openpiton.git,1c6bfd2d2ea53ddd7b6f933fa2d439d1a540e207,openpiton,sparc_exu_alu,piton/design/chip/tile/sparc/exu/rtl/sparc_exu_alu.v,sparc_exu_alu,.v,0,40,8,,,
openpiton,B,https://github.com/PrincetonUniversity/openpiton.git,1c6bfd2d2ea53ddd7b6f933fa2d439d1a540e207,openpiton,sparc_exu_alu_16eql,piton/design/chip/tile/sparc/exu/rtl/sparc_exu_alu_16eql.v,sparc_exu_alu_16eql,.v,0,2,0,,,
openpiton,B,https://github.com/PrincetonUniversity/openpiton.git,1c6bfd2d2ea53ddd7b6f933fa2d439d1a540e207,openpiton,sparc_exu_aluadder64,piton/design/chip/tile/sparc/exu/rtl/sparc_exu_aluadder64.v,sparc_exu_aluadder64,.v,0,6,0,,,
openpiton,B,https://github.com/PrincetonUniversity/openpiton.git,1c6bfd2d2ea53ddd7b6f933fa2d439d1a540e207,openpiton,sparc_exu_aluaddsub,piton/design/chip/tile/sparc/exu/rtl/sparc_exu_aluaddsub.v,sparc_exu_aluaddsub,.v,0,12,3,clk,,
openpiton,B,https://github.com/PrincetonUniversity/openpiton.git,1c6bfd2d2ea53ddd7b6f933fa2d439d1a540e207,openpiton,sparc_exu_alulogic,piton/design/chip/tile/sparc/exu/rtl/sparc_exu_alulogic.v,sparc_exu_alulogic,.v,0,9,4,,,
openpiton,B,https://github.com/PrincetonUniversity/openpiton.git,1c6bfd2d2ea53ddd7b6f933fa2d439d1a540e207,openpiton,sparc_exu_aluor32,piton/design/chip/tile/sparc/exu/rtl/sparc_exu_aluor32.v,sparc_exu_aluor32,.v,0,2,0,,,
openpiton,B,https://github.com/PrincetonUniversity/openpiton.git,1c6bfd2d2ea53ddd7b6f933fa2d439d1a540e207,openpiton,sparc_exu_aluspr,piton/design/chip/tile/sparc/exu/rtl/sparc_exu_aluspr.v,sparc_exu_aluspr,.v,0,4,0,,,
openpiton,B,https://github.com/PrincetonUniversity/openpiton.git,1c6bfd2d2ea53ddd7b6f933fa2d439d1a540e207,openpiton,sparc_exu_aluzcmp64,piton/design/chip/tile/sparc/exu/rtl/sparc_exu_aluzcmp64.v,sparc_exu_aluzcmp64,.v,0,3,2,,,
openpiton,B,https://github.com/PrincetonUniversity/openpiton.git,1c6bfd2d2ea53ddd7b6f933fa2d439d1a540e207,openpiton,sparc_exu_byp,piton/design/chip/tile/sparc/exu/rtl/sparc_exu_byp.v,sparc_exu_byp,.v,0,112,38,,,
openpiton,B,https://github.com/PrincetonUniversity/openpiton.git,1c6bfd2d2ea53ddd7b6f933fa2d439d1a540e207,openpiton,sparc_exu_byp_eccgen,piton/design/chip/tile/sparc/exu/rtl/sparc_exu_byp_eccgen.v,sparc_exu_byp_eccgen,.v,0,5,50,clk,,
openpiton,B,https://github.com/PrincetonUniversity/openpiton.git,1c6bfd2d2ea53ddd7b6f933fa2d439d1a540e207,openpiton,sparc_exu_div,piton/design/chip/tile/sparc/exu/rtl/sparc_exu_div.v,sparc_exu_div,.v,0,62,22,,,
openpiton,B,https://github.com/PrincetonUniversity/openpiton.git,1c6bfd2d2ea53ddd7b6f933fa2d439d1a540e207,openpiton,sparc_exu_div_32eql,piton/design/chip/tile/sparc/exu/rtl/sparc_exu_div_32eql.v,sparc_exu_div_32eql,.v,0,2,1,,,
openpiton,B,https://github.com/PrincetonUniversity/openpiton.git,1c6bfd2d2ea53ddd7b6f933fa2d439d1a540e207,openpiton,sparc_exu_div_yreg,piton/design/chip/tile/sparc/exu/rtl/sparc_exu_div_yreg.v,sparc_exu_div_yreg,.v,0,12,12,clk,,
openpiton,B,https://github.com/PrincetonUniversity/openpiton.git,1c6bfd2d2ea53ddd7b6f933fa2d439d1a540e207,openpiton,sparc_exu_ecc,piton/design/chip/tile/sparc/exu/rtl/sparc_exu_ecc.v,sparc_exu_ecc,.v,0,27,16,,,
openpiton,B,https://github.com/PrincetonUniversity/openpiton.git,1c6bfd2d2ea53ddd7b6f933fa2d439d1a540e207,openpiton,sparc_exu_ecc_dec,piton/design/chip/tile/sparc/exu/rtl/sparc_exu_ecc_dec.v,sparc_exu_ecc_dec,.v,0,2,0,,,
openpiton,B,https://github.com/PrincetonUniversity/openpiton.git,1c6bfd2d2ea53ddd7b6f933fa2d439d1a540e207,openpiton,sparc_exu_ecl,piton/design/chip/tile/sparc/exu/rtl/sparc_exu_ecl.v,sparc_exu_ecl,.v,0,301,80,,rst_tri_en,
openpiton,B,https://github.com/PrincetonUniversity/openpiton.git,1c6bfd2d2ea53ddd7b6f933fa2d439d1a540e207,openpiton,sparc_exu_ecl_cnt6,piton/design/chip/tile/sparc/exu/rtl/sparc_exu_ecl_cnt6.v,sparc_exu_ecl_cnt6,.v,0,4,1,clk,reset,
openpiton,B,https://github.com/PrincetonUniversity/openpiton.git,1c6bfd2d2ea53ddd7b6f933fa2d439d1a540e207,openpiton,sparc_exu_ecl_divcntl,piton/design/chip/tile/sparc/exu/rtl/sparc_exu_ecl_divcntl.v,sparc_exu_ecl_divcntl,.v,0,48,15,clk,reset;mdqctl_divcntl_reset_div,
openpiton,B,https://github.com/PrincetonUniversity/openpiton.git,1c6bfd2d2ea53ddd7b6f933fa2d439d1a540e207,openpiton,sparc_exu_ecl_eccctl,piton/design/chip/tile/sparc/exu/rtl/sparc_exu_ecl_eccctl.v,sparc_exu_ecl_eccctl,.v,0,45,21,clk,rst_tri_en,
openpiton,B,https://github.com/PrincetonUniversity/openpiton.git,1c6bfd2d2ea53ddd7b6f933fa2d439d1a540e207,openpiton,sparc_exu_ecl_mdqctl,piton/design/chip/tile/sparc/exu/rtl/sparc_exu_ecl_mdqctl.v,sparc_exu_ecl_mdqctl,.v,0,42,17,clk,mdqctl_divcntl_reset_div;reset,
openpiton,B,https://github.com/PrincetonUniversity/openpiton.git,1c6bfd2d2ea53ddd7b6f933fa2d439d1a540e207,openpiton,sparc_exu_ecl_wb,piton/design/chip/tile/sparc/exu/rtl/sparc_exu_ecl_wb.v,sparc_exu_ecl_wb,.v,0,87,32,clk,reset,
openpiton,B,https://github.com/PrincetonUniversity/openpiton.git,1c6bfd2d2ea53ddd7b6f933fa2d439d1a540e207,openpiton,sparc_exu_eclbyplog,piton/design/chip/tile/sparc/exu/rtl/sparc_exu_eclbyplog.v,sparc_exu_eclbyplog,.v,0,35,2,,,
openpiton,B,https://github.com/PrincetonUniversity/openpiton.git,1c6bfd2d2ea53ddd7b6f933fa2d439d1a540e207,openpiton,sparc_exu_eclbyplog_rs1,piton/design/chip/tile/sparc/exu/rtl/sparc_exu_eclbyplog_rs1.v,sparc_exu_eclbyplog_rs1,.v,0,43,2,,,
openpiton,B,https://github.com/PrincetonUniversity/openpiton.git,1c6bfd2d2ea53ddd7b6f933fa2d439d1a540e207,openpiton,sparc_exu_eclccr,piton/design/chip/tile/sparc/exu/rtl/sparc_exu_eclccr.v,sparc_exu_eclccr,.v,0,27,20,clk,,
openpiton,B,https://github.com/PrincetonUniversity/openpiton.git,1c6bfd2d2ea53ddd7b6f933fa2d439d1a540e207,openpiton,sparc_exu_eclcomp7,piton/design/chip/tile/sparc/exu/rtl/sparc_exu_eclcomp7.v,sparc_exu_eclcomp7,.v,0,3,0,,,
openpiton,B,https://github.com/PrincetonUniversity/openpiton.git,1c6bfd2d2ea53ddd7b6f933fa2d439d1a540e207,openpiton,sparc_exu_reg,piton/design/chip/tile/sparc/exu/rtl/sparc_exu_reg.v,sparc_exu_reg,.v,0,7,11,clk,,
openpiton,B,https://github.com/PrincetonUniversity/openpiton.git,1c6bfd2d2ea53ddd7b6f933fa2d439d1a540e207,openpiton,sparc_exu_rml,piton/design/chip/tile/sparc/exu/rtl/sparc_exu_rml.v,sparc_exu_rml,.v,0,73,67,,rst_tri_en,
openpiton,B,https://github.com/PrincetonUniversity/openpiton.git,1c6bfd2d2ea53ddd7b6f933fa2d439d1a540e207,openpiton,sparc_exu_rml_cwp,piton/design/chip/tile/sparc/exu/rtl/sparc_exu_rml_cwp.v,sparc_exu_rml_cwp,.v,0,43,36,clk,reset;rst_tri_en,
openpiton,B,https://github.com/PrincetonUniversity/openpiton.git,1c6bfd2d2ea53ddd7b6f933fa2d439d1a540e207,openpiton,sparc_exu_rml_inc3,piton/design/chip/tile/sparc/exu/rtl/sparc_exu_rml_inc3.v,sparc_exu_rml_inc3,.v,0,3,0,,,
openpiton,B,https://github.com/PrincetonUniversity/openpiton.git,1c6bfd2d2ea53ddd7b6f933fa2d439d1a540e207,openpiton,sparc_exu_rndrob,piton/design/chip/tile/sparc/exu/rtl/sparc_exu_rndrob.v,sparc_exu_rndrob,.v,0,6,1,clk,reset,req_gnt
openpiton,B,https://github.com/PrincetonUniversity/openpiton.git,1c6bfd2d2ea53ddd7b6f933fa2d439d1a540e207,openpiton,sparc_exu_shft,piton/design/chip/tile/sparc/exu/rtl/sparc_exu_shft.v,sparc_exu_shft,.v,0,10,14,,,
openpiton,B,https://github.com/PrincetonUniversity/openpiton.git,1c6bfd2d2ea53ddd7b6f933fa2d439d1a540e207,openpiton,sparc_exu_wrap,piton/design/chip/tile/sparc/exu/rtl/sparc_exu_wrap.v,sparc_exu_wrap,.v,0,133,1,,,
openpiton,B,https://github.com/PrincetonUniversity/openpiton.git,1c6bfd2d2ea53ddd7b6f933fa2d439d1a540e207,openpiton,sparc_ffu,piton/design/chip/tile/sparc/ffu/rtl/sparc_ffu.v,sparc_ffu,.v,0,84,4,,,
openpiton,B,https://github.com/PrincetonUniversity/openpiton.git,1c6bfd2d2ea53ddd7b6f933fa2d439d1a540e207,openpiton,sparc_ffu_ctl,piton/design/chip/tile/sparc/ffu/rtl/sparc_ffu_ctl.v,sparc_ffu_ctl,.v,0,146,131,,ctl_dp_rst_l;rst_tri_en,
openpiton,B,https://github.com/PrincetonUniversity/openpiton.git,1c6bfd2d2ea53ddd7b6f933fa2d439d1a540e207,openpiton,sparc_ffu_ctl_visctl,piton/design/chip/tile/sparc/ffu/rtl/sparc_ffu_ctl_visctl.v,sparc_ffu_ctl_visctl,.v,0,65,36,clk,reset,
openpiton,B,https://github.com/PrincetonUniversity/openpiton.git,1c6bfd2d2ea53ddd7b6f933fa2d439d1a540e207,openpiton,sparc_ffu_dp,piton/design/chip/tile/sparc/ffu/rtl/sparc_ffu_dp.v,sparc_ffu_dp,.v,0,54,38,,ctl_dp_rst_l,
openpiton,B,https://github.com/PrincetonUniversity/openpiton.git,1c6bfd2d2ea53ddd7b6f933fa2d439d1a540e207,openpiton,sparc_ffu_nospu_wrap,piton/design/chip/tile/sparc/ffu/rtl/sparc_ffu_nospu_wrap.v,sparc_ffu_nospu_wrap,.v,0,78,1,,,
openpiton,B,https://github.com/PrincetonUniversity/openpiton.git,1c6bfd2d2ea53ddd7b6f933fa2d439d1a540e207,openpiton,sparc_ffu_part_add32,piton/design/chip/tile/sparc/ffu/rtl/sparc_ffu_part_add32.v,sparc_ffu_part_add32,.v,0,5,0,,,
openpiton,B,https://github.com/PrincetonUniversity/openpiton.git,1c6bfd2d2ea53ddd7b6f933fa2d439d1a540e207,openpiton,sparc_ffu_vis,piton/design/chip/tile/sparc/ffu/rtl/sparc_ffu_vis.v,sparc_ffu_vis,.v,0,24,9,,,
openpiton,B,https://github.com/PrincetonUniversity/openpiton.git,1c6bfd2d2ea53ddd7b6f933fa2d439d1a540e207,openpiton,sparc_ifu,piton/design/chip/tile/sparc/ifu/rtl/sparc_ifu.v,sparc_ifu,.v,0,296,17,,,
openpiton,B,https://github.com/PrincetonUniversity/openpiton.git,1c6bfd2d2ea53ddd7b6f933fa2d439d1a540e207,openpiton,sparc_ifu_cmp35,piton/design/chip/tile/sparc/ifu/rtl/sparc_ifu_cmp35.v,sparc_ifu_cmp35,.v,0,4,0,,,
openpiton,B,https://github.com/PrincetonUniversity/openpiton.git,1c6bfd2d2ea53ddd7b6f933fa2d439d1a540e207,openpiton,sparc_ifu_ctr5,piton/design/chip/tile/sparc/ifu/rtl/sparc_ifu_ctr5.v,sparc_ifu_ctr5,.v,0,6,1,clk,rst_ctr_l,
openpiton,B,https://github.com/PrincetonUniversity/openpiton.git,1c6bfd2d2ea53ddd7b6f933fa2d439d1a540e207,openpiton,sparc_ifu_dcl,piton/design/chip/tile/sparc/ifu/rtl/sparc_ifu_dcl.v,sparc_ifu_dcl,.v,0,44,38,,dtu_reset,
openpiton,B,https://github.com/PrincetonUniversity/openpiton.git,1c6bfd2d2ea53ddd7b6f933fa2d439d1a540e207,openpiton,sparc_ifu_dec,piton/design/chip/tile/sparc/ifu/rtl/sparc_ifu_dec.v,sparc_ifu_dec,.v,0,112,40,,,
openpiton,B,https://github.com/PrincetonUniversity/openpiton.git,1c6bfd2d2ea53ddd7b6f933fa2d439d1a540e207,openpiton,sparc_ifu_errctl,piton/design/chip/tile/sparc/ifu/rtl/sparc_ifu_errctl.v,sparc_ifu_errctl,.v,0,118,59,,erb_reset,
openpiton,B,https://github.com/PrincetonUniversity/openpiton.git,1c6bfd2d2ea53ddd7b6f933fa2d439d1a540e207,openpiton,sparc_ifu_esl,piton/design/chip/tile/sparc/ifu/rtl/sparc_ifu_esl.v,sparc_ifu_esl,.v,0,59,1,clk,rst_n,
openpiton,B,https://github.com/PrincetonUniversity/openpiton.git,1c6bfd2d2ea53ddd7b6f933fa2d439d1a540e207,openpiton,sparc_ifu_esl_counter,piton/design/chip/tile/sparc/ifu/rtl/sparc_ifu_esl_counter.v,sparc_ifu_esl_counter,.v,1,6,0,clk,rst_n,
openpiton,B,https://github.com/PrincetonUniversity/openpiton.git,1c6bfd2d2ea53ddd7b6f933fa2d439d1a540e207,openpiton,sparc_ifu_esl_fsm,piton/design/chip/tile/sparc/ifu/rtl/sparc_ifu_esl_fsm.v,sparc_ifu_esl_fsm,.v,0,36,6,clk,rst_n,
openpiton,B,https://github.com/PrincetonUniversity/openpiton.git,1c6bfd2d2ea53ddd7b6f933fa2d439d1a540e207,openpiton,sparc_ifu_esl_htsm,piton/design/chip/tile/sparc/ifu/rtl/sparc_ifu_esl_htsm.v,sparc_ifu_esl_htsm,.v,8,31,0,clk,rst_n,
openpiton,B,https://github.com/PrincetonUniversity/openpiton.git,1c6bfd2d2ea53ddd7b6f933fa2d439d1a540e207,openpiton,sparc_ifu_esl_lfsr,piton/design/chip/tile/sparc/ifu/rtl/sparc_ifu_esl_lfsr.v,sparc_ifu_esl_lfsr,.v,0,7,0,clk,rst_n,
openpiton,B,https://github.com/PrincetonUniversity/openpiton.git,1c6bfd2d2ea53ddd7b6f933fa2d439d1a540e207,openpiton,sparc_ifu_esl_rtsm,piton/design/chip/tile/sparc/ifu/rtl/sparc_ifu_esl_rtsm.v,sparc_ifu_esl_rtsm,.v,8,24,0,,,
openpiton,B,https://github.com/PrincetonUniversity/openpiton.git,1c6bfd2d2ea53ddd7b6f933fa2d439d1a540e207,openpiton,sparc_ifu_esl_shiftreg,piton/design/chip/tile/sparc/ifu/rtl/sparc_ifu_esl_shiftreg.v,sparc_ifu_esl_shiftreg,.v,1,5,0,clk,rst_n,
openpiton,B,https://github.com/PrincetonUniversity/openpiton.git,1c6bfd2d2ea53ddd7b6f933fa2d439d1a540e207,openpiton,sparc_ifu_esl_stsm,piton/design/chip/tile/sparc/ifu/rtl/sparc_ifu_esl_stsm.v,sparc_ifu_esl_stsm,.v,8,26,0,,,
openpiton,B,https://github.com/PrincetonUniversity/openpiton.git,1c6bfd2d2ea53ddd7b6f933fa2d439d1a540e207,openpiton,sparc_ifu_fcl,piton/design/chip/tile/sparc/ifu/rtl/sparc_ifu_fcl.v,sparc_ifu_fcl,.v,0,259,181,,fcl_dtu_rst_thr_w;ifu_reset_l;rst_tri_en,req_gnt
openpiton,B,https://github.com/PrincetonUniversity/openpiton.git,1c6bfd2d2ea53ddd7b6f933fa2d439d1a540e207,openpiton,sparc_ifu_fdp,piton/design/chip/tile/sparc/ifu/rtl/sparc_ifu_fdp.v,sparc_ifu_fdp,.v,0,124,135,,,
openpiton,B,https://github.com/PrincetonUniversity/openpiton.git,1c6bfd2d2ea53ddd7b6f933fa2d439d1a540e207,openpiton,sparc_ifu_ifqctl,piton/design/chip/tile/sparc/ifu/rtl/sparc_ifu_ifqctl.v,sparc_ifu_ifqctl,.v,0,121,82,,rst_tri_en,req_gnt
openpiton,B,https://github.com/PrincetonUniversity/openpiton.git,1c6bfd2d2ea53ddd7b6f933fa2d439d1a540e207,openpiton,sparc_ifu_ifqdp,piton/design/chip/tile/sparc/ifu/rtl/sparc_ifu_ifqdp.v,sparc_ifu_ifqdp,.v,0,73,55,,,
openpiton,B,https://github.com/PrincetonUniversity/openpiton.git,1c6bfd2d2ea53ddd7b6f933fa2d439d1a540e207,openpiton,sparc_ifu_imd,piton/design/chip/tile/sparc/ifu/rtl/sparc_ifu_imd.v,sparc_ifu_imd,.v,0,33,7,,,
openpiton,B,https://github.com/PrincetonUniversity/openpiton.git,1c6bfd2d2ea53ddd7b6f933fa2d439d1a540e207,openpiton,sparc_ifu_incr46,piton/design/chip/tile/sparc/ifu/rtl/sparc_ifu_incr46.v,sparc_ifu_incr46,.v,0,3,0,,,
openpiton,B,https://github.com/PrincetonUniversity/openpiton.git,1c6bfd2d2ea53ddd7b6f933fa2d439d1a540e207,openpiton,sparc_ifu_invctl,piton/design/chip/tile/sparc/ifu/rtl/sparc_ifu_invctl.v,sparc_ifu_invctl,.v,0,20,12,,,
openpiton,B,https://github.com/PrincetonUniversity/openpiton.git,1c6bfd2d2ea53ddd7b6f933fa2d439d1a540e207,openpiton,sparc_ifu_lfsr5,piton/design/chip/tile/sparc/ifu/rtl/sparc_ifu_lfsr5.v,sparc_ifu_lfsr5,.v,0,7,1,clk,reset,
openpiton,B,https://github.com/PrincetonUniversity/openpiton.git,1c6bfd2d2ea53ddd7b6f933fa2d439d1a540e207,openpiton,sparc_ifu_lru4,piton/design/chip/tile/sparc/ifu/rtl/sparc_ifu_lru4.v,sparc_ifu_lru4,.v,0,11,11,clk,reset,req_gnt
openpiton,B,https://github.com/PrincetonUniversity/openpiton.git,1c6bfd2d2ea53ddd7b6f933fa2d439d1a540e207,openpiton,sparc_ifu_mbist,piton/design/chip/tile/sparc/ifu/rtl/sparc_ifu_mbist.v,sparc_ifu_mbist,.v,0,31,31,,,
openpiton,B,https://github.com/PrincetonUniversity/openpiton.git,1c6bfd2d2ea53ddd7b6f933fa2d439d1a540e207,openpiton,sparc_ifu_milfsm,piton/design/chip/tile/sparc/ifu/rtl/sparc_ifu_milfsm.v,sparc_ifu_milfsm,.v,0,28,5,clk,reset,valid_ready
openpiton,B,https://github.com/PrincetonUniversity/openpiton.git,1c6bfd2d2ea53ddd7b6f933fa2d439d1a540e207,openpiton,sparc_ifu_nospu_wrap,piton/design/chip/tile/sparc/ifu/rtl/sparc_ifu_nospu_wrap.v,sparc_ifu_nospu_wrap,.v,0,275,1,,,
openpiton,B,https://github.com/PrincetonUniversity/openpiton.git,1c6bfd2d2ea53ddd7b6f933fa2d439d1a540e207,openpiton,sparc_ifu_par16,piton/design/chip/tile/sparc/ifu/rtl/sparc_ifu_par16.v,sparc_ifu_par16,.v,0,2,0,,,
openpiton,B,https://github.com/PrincetonUniversity/openpiton.git,1c6bfd2d2ea53ddd7b6f933fa2d439d1a540e207,openpiton,sparc_ifu_par32,piton/design/chip/tile/sparc/ifu/rtl/sparc_ifu_par32.v,sparc_ifu_par32,.v,0,2,0,,,
openpiton,B,https://github.com/PrincetonUniversity/openpiton.git,1c6bfd2d2ea53ddd7b6f933fa2d439d1a540e207,openpiton,sparc_ifu_par34,piton/design/chip/tile/sparc/ifu/rtl/sparc_ifu_par34.v,sparc_ifu_par34,.v,0,2,0,,,
openpiton,B,https://github.com/PrincetonUniversity/openpiton.git,1c6bfd2d2ea53ddd7b6f933fa2d439d1a540e207,openpiton,sparc_ifu_rndrob,piton/design/chip/tile/sparc/ifu/rtl/sparc_ifu_rndrob.v,sparc_ifu_rndrob,.v,0,9,1,clk,reset;rst_tri_enable,req_gnt
openpiton,B,https://github.com/PrincetonUniversity/openpiton.git,1c6bfd2d2ea53ddd7b6f933fa2d439d1a540e207,openpiton,sparc_ifu_sscan,piton/design/chip/tile/sparc/ifu/rtl/sparc_ifu_sscan.v,sparc_ifu_sscan,.v,0,10,0,,,
openpiton,B,https://github.com/PrincetonUniversity/openpiton.git,1c6bfd2d2ea53ddd7b6f933fa2d439d1a540e207,openpiton,sparc_ifu_swl,piton/design/chip/tile/sparc/ifu/rtl/sparc_ifu_swl.v,sparc_ifu_swl,.v,0,141,84,,dtu_reset;fcl_dtu_rst_thr_w,
openpiton,B,https://github.com/PrincetonUniversity/openpiton.git,1c6bfd2d2ea53ddd7b6f933fa2d439d1a540e207,openpiton,sparc_ifu_swpla,piton/design/chip/tile/sparc/ifu/rtl/sparc_ifu_swpla.v,sparc_ifu_swpla,.v,0,2,1,,,
openpiton,B,https://github.com/PrincetonUniversity/openpiton.git,1c6bfd2d2ea53ddd7b6f933fa2d439d1a540e207,openpiton,sparc_ifu_thrcmpl,piton/design/chip/tile/sparc/ifu/rtl/sparc_ifu_thrcmpl.v,sparc_ifu_thrcmpl,.v,0,38,2,clk,reset;rst_thread,
openpiton,B,https://github.com/PrincetonUniversity/openpiton.git,1c6bfd2d2ea53ddd7b6f933fa2d439d1a540e207,openpiton,sparc_ifu_thrfsm,piton/design/chip/tile/sparc/ifu/rtl/sparc_ifu_thrfsm.v,sparc_ifu_thrfsm,.v,0,22,0,clk,rst_thread;reset,
openpiton,B,https://github.com/PrincetonUniversity/openpiton.git,1c6bfd2d2ea53ddd7b6f933fa2d439d1a540e207,openpiton,sparc_ifu_wseldp,piton/design/chip/tile/sparc/ifu/rtl/sparc_ifu_wseldp.v,sparc_ifu_wseldp,.v,0,11,3,,,
openpiton,B,https://github.com/PrincetonUniversity/openpiton.git,1c6bfd2d2ea53ddd7b6f933fa2d439d1a540e207,openpiton,sparc_mul_cntl,piton/design/chip/tile/sparc/mul/rtl/sparc_mul_cntl.v,sparc_mul_cntl,.v,0,23,0,,spu_mul_areg_rst;acc_reg_rst;rst_l,
openpiton,B,https://github.com/PrincetonUniversity/openpiton.git,1c6bfd2d2ea53ddd7b6f933fa2d439d1a540e207,openpiton,sparc_mul_dp,piton/design/chip/tile/sparc/mul/rtl/sparc_mul_dp.v,sparc_mul_dp,.v,0,22,5,,acc_reg_rst;rst_l,
openpiton,B,https://github.com/PrincetonUniversity/openpiton.git,1c6bfd2d2ea53ddd7b6f933fa2d439d1a540e207,openpiton,sparc_mul_top,piton/design/chip/tile/sparc/mul/rtl/sparc_mul_top.v,sparc_mul_top,.v,0,20,3,,spu_mul_areg_rst,
openpiton,B,https://github.com/PrincetonUniversity/openpiton.git,1c6bfd2d2ea53ddd7b6f933fa2d439d1a540e207,openpiton,sparc_mul_top_nospu_wrap,piton/design/chip/tile/sparc/mul/rtl/sparc_mul_top_nospu_wrap.v,sparc_mul_top_nospu_wrap,.v,0,8,1,,,
openpiton,B,https://github.com/PrincetonUniversity/openpiton.git,1c6bfd2d2ea53ddd7b6f933fa2d439d1a540e207,openpiton,sparc_tlu_dec64,piton/design/chip/tile/sparc/tlu/rtl/sparc_tlu_dec64.v,sparc_tlu_dec64,.v,0,2,0,,,
openpiton,B,https://github.com/PrincetonUniversity/openpiton.git,1c6bfd2d2ea53ddd7b6f933fa2d439d1a540e207,openpiton,sparc_tlu_intctl,piton/design/chip/tile/sparc/tlu/rtl/sparc_tlu_intctl.v,sparc_tlu_intctl,.v,0,42,14,,int_rst_l;rst_tri_en,req_gnt
openpiton,B,https://github.com/PrincetonUniversity/openpiton.git,1c6bfd2d2ea53ddd7b6f933fa2d439d1a540e207,openpiton,sparc_tlu_intdp,piton/design/chip/tile/sparc/tlu/rtl/sparc_tlu_intdp.v,sparc_tlu_intdp,.v,0,28,52,,tlu_rst_l,req_gnt
openpiton,B,https://github.com/PrincetonUniversity/openpiton.git,1c6bfd2d2ea53ddd7b6f933fa2d439d1a540e207,openpiton,sparc_tlu_penc64,piton/design/chip/tile/sparc/tlu/rtl/sparc_tlu_penc64.v,sparc_tlu_penc64,.v,0,2,0,,,
openpiton,B,https://github.com/PrincetonUniversity/openpiton.git,1c6bfd2d2ea53ddd7b6f933fa2d439d1a540e207,openpiton,sparc_tlu_zcmp64,piton/design/chip/tile/sparc/tlu/rtl/sparc_tlu_zcmp64.v,sparc_tlu_zcmp64,.v,0,2,0,,,
openpiton,B,https://github.com/PrincetonUniversity/openpiton.git,1c6bfd2d2ea53ddd7b6f933fa2d439d1a540e207,openpiton,spc_pcx_buf,piton/design/chip/tile/sparc/rtl/spc_pcx_buf.v,spc_pcx_buf,.v,0,8,0,,,req_gnt
openpiton,B,https://github.com/PrincetonUniversity/openpiton.git,1c6bfd2d2ea53ddd7b6f933fa2d439d1a540e207,openpiton,spi_control,piton/design/chipset/axi_sd_bridge/rtl/spi_control.v,spi_control,.v,0,13,0,clk,rst,
openpiton,B,https://github.com/PrincetonUniversity/openpiton.git,1c6bfd2d2ea53ddd7b6f933fa2d439d1a540e207,openpiton,spi_master,piton/design/chipset/axi_sd_bridge/rtl/spi_master.v,spi_master,.v,0,13,10,clk_i;spi_sys_clk,rst_i,
openpiton,B,https://github.com/PrincetonUniversity/openpiton.git,1c6bfd2d2ea53ddd7b6f933fa2d439d1a540e207,openpiton,spi_master_wishbone_decoder,piton/design/chipset/axi_sd_bridge/rtl/spi_master_wishbone_decoder.v,spi_master_wishbone_decoder,.v,0,14,0,clk_i,rst_i,
openpiton,B,https://github.com/PrincetonUniversity/openpiton.git,1c6bfd2d2ea53ddd7b6f933fa2d439d1a540e207,openpiton,spi_tx_rx_data,piton/design/chipset/axi_sd_bridge/rtl/spi_tx_rx_data.v,spi_tx_rx_data,.v,0,21,0,clk,rst,
openpiton,B,https://github.com/PrincetonUniversity/openpiton.git,1c6bfd2d2ea53ddd7b6f933fa2d439d1a540e207,openpiton,spu,piton/design/chip/tile/sparc/spu/rtl/spu.v,spu,.v,0,61,5,,spu_mul_areg_rst,
openpiton,B,https://github.com/PrincetonUniversity/openpiton.git,1c6bfd2d2ea53ddd7b6f933fa2d439d1a540e207,openpiton,spu_ctl,piton/design/chip/tile/sparc/spu/rtl/spu_ctl.v,spu_ctl,.v,0,92,9,,spu_mul_areg_rst;spu_mactl_mem_reset_l,
openpiton,B,https://github.com/PrincetonUniversity/openpiton.git,1c6bfd2d2ea53ddd7b6f933fa2d439d1a540e207,openpiton,spu_lsurpt,piton/design/chip/tile/sparc/spu/rtl/spu_lsurpt.v,spu_lsurpt,.v,0,6,0,,,
openpiton,B,https://github.com/PrincetonUniversity/openpiton.git,1c6bfd2d2ea53ddd7b6f933fa2d439d1a540e207,openpiton,spu_lsurpt1,piton/design/chip/tile/sparc/spu/rtl/spu_lsurpt1.v,spu_lsurpt1,.v,0,30,14,,reset_l,
openpiton,B,https://github.com/PrincetonUniversity/openpiton.git,1c6bfd2d2ea53ddd7b6f933fa2d439d1a540e207,openpiton,spu_maaddr,piton/design/chip/tile/sparc/spu/rtl/spu_maaddr.v,spu_maaddr,.v,0,87,33,,spu_mamul_rst_iptr;spu_mamul_rst_jptr;spu_mared_rst_jptr;spu_maexp_es_e_ptr_rst;spu_mamul_rst;reset,
openpiton,B,https://github.com/PrincetonUniversity/openpiton.git,1c6bfd2d2ea53ddd7b6f933fa2d439d1a540e207,openpiton,spu_maaeqb,piton/design/chip/tile/sparc/spu/rtl/spu_maaeqb.v,spu_maaeqb,.v,0,51,27,,spu_maaeqb_rst_iptr;spu_maaeqb_rst_jptr;spu_maaeqb_mul_areg_rst;reset,
openpiton,B,https://github.com/PrincetonUniversity/openpiton.git,1c6bfd2d2ea53ddd7b6f933fa2d439d1a540e207,openpiton,spu_mactl,piton/design/chip/tile/sparc/spu/rtl/spu_mactl.v,spu_mactl,.v,0,90,62,,spu_mactl_ctl_reset;spu_mactl_mem_reset_l;spu_mactl_uncerr_rst,
openpiton,B,https://github.com/PrincetonUniversity/openpiton.git,1c6bfd2d2ea53ddd7b6f933fa2d439d1a540e207,openpiton,spu_madp,piton/design/chip/tile/sparc/spu/rtl/spu_madp.v,spu_madp,.v,0,48,59,,,
openpiton,B,https://github.com/PrincetonUniversity/openpiton.git,1c6bfd2d2ea53ddd7b6f933fa2d439d1a540e207,openpiton,spu_maexp,piton/design/chip/tile/sparc/spu/rtl/spu_maexp.v,spu_maexp,.v,0,21,7,,spu_maexp_es_e_ptr_rst;reset,
openpiton,B,https://github.com/PrincetonUniversity/openpiton.git,1c6bfd2d2ea53ddd7b6f933fa2d439d1a540e207,openpiton,spu_mald,piton/design/chip/tile/sparc/spu/rtl/spu_mald.v,spu_mald,.v,0,20,7,,reset,
openpiton,B,https://github.com/PrincetonUniversity/openpiton.git,1c6bfd2d2ea53ddd7b6f933fa2d439d1a540e207,openpiton,spu_mamul,piton/design/chip/tile/sparc/spu/rtl/spu_mamul.v,spu_mamul,.v,0,76,23,,spu_mamul_rst_iptr;spu_mamul_rst_jptr;spu_mul_areg_rst;spu_mamul_rst;spu_maaeqb_rst_iptr;spu_maaeqb_rst_jptr;spu_maaeqb_mul_areg_rst;reset,
openpiton,B,https://github.com/PrincetonUniversity/openpiton.git,1c6bfd2d2ea53ddd7b6f933fa2d439d1a540e207,openpiton,spu_mared,piton/design/chip/tile/sparc/spu/rtl/spu_mared.v,spu_mared,.v,0,43,29,,spu_mared_rst_jptr;reset,
openpiton,B,https://github.com/PrincetonUniversity/openpiton.git,1c6bfd2d2ea53ddd7b6f933fa2d439d1a540e207,openpiton,spu_mast,piton/design/chip/tile/sparc/spu/rtl/spu_mast.v,spu_mast,.v,0,16,16,,reset,
openpiton,B,https://github.com/PrincetonUniversity/openpiton.git,1c6bfd2d2ea53ddd7b6f933fa2d439d1a540e207,openpiton,spu_wen,piton/design/chip/tile/sparc/spu/rtl/spu_wen.v,spu_wen,.v,0,29,13,,spu_mactl_uncerr_rst;reset,
openpiton,B,https://github.com/PrincetonUniversity/openpiton.git,1c6bfd2d2ea53ddd7b6f933fa2d439d1a540e207,openpiton,sram_l1d_val,piton/design/chip/tile/sparc/srams/rtl/sram_l1d_val.v,sram_l1d_val,.v,0,20,0,,reset_l;rst_tri_en,
openpiton,B,https://github.com/PrincetonUniversity/openpiton.git,1c6bfd2d2ea53ddd7b6f933fa2d439d1a540e207,openpiton,sram_l1i_val,piton/design/chip/tile/sparc/srams/rtl/sram_l1i_val.v,sram_l1i_val,.v,0,20,0,,reset_l;rst_tri_en,
openpiton,B,https://github.com/PrincetonUniversity/openpiton.git,1c6bfd2d2ea53ddd7b6f933fa2d439d1a540e207,openpiton,ssd1306_ctrl,piton/design/chipset/oled/rtl/ssd1306_ctrl.v,ssd1306_ctrl,.v,0,16,0,sys_clk,sys_rst_n,
openpiton,B,https://github.com/PrincetonUniversity/openpiton.git,1c6bfd2d2ea53ddd7b6f933fa2d439d1a540e207,openpiton,ssd1306_spi,piton/design/chipset/oled/rtl/ssd1306_spi.v,ssd1306_spi,.v,0,9,0,sys_clk,sys_rst_n,
openpiton,B,https://github.com/PrincetonUniversity/openpiton.git,1c6bfd2d2ea53ddd7b6f933fa2d439d1a540e207,openpiton,ssd1306_top,piton/design/chipset/oled/rtl/ssd1306_top.v,ssd1306_top,.v,0,14,4,sys_clk,sys_rst_n,
openpiton,B,https://github.com/PrincetonUniversity/openpiton.git,1c6bfd2d2ea53ddd7b6f933fa2d439d1a540e207,openpiton,ssd_1306_init,piton/design/chipset/oled/rtl/ssd1306_init.v,ssd1306_init,.v,0,11,1,sys_clk,sys_rst_n,
openpiton,B,https://github.com/PrincetonUniversity/openpiton.git,1c6bfd2d2ea53ddd7b6f933fa2d439d1a540e207,openpiton,status_register_control,piton/design/chipset/axi_sd_bridge/rtl/status_register_control.v,status_register_control,.v,0,21,0,clk_i;spi_sys_clk,rst_i,
openpiton,B,https://github.com/PrincetonUniversity/openpiton.git,1c6bfd2d2ea53ddd7b6f933fa2d439d1a540e207,openpiton,sync_fifo,piton/design/chip/chip_bridge/rtl/sync_fifo.v,sync_fifo,.v,3,8,0,clk,reset,
openpiton,B,https://github.com/PrincetonUniversity/openpiton.git,1c6bfd2d2ea53ddd7b6f933fa2d439d1a540e207,openpiton,sync_fifo_vr,piton/design/common/rtl/sync_fifo_vr.v,sync_fifo_vr,.v,2,8,0,clk,rst_n,
openpiton,B,https://github.com/PrincetonUniversity/openpiton.git,1c6bfd2d2ea53ddd7b6f933fa2d439d1a540e207,openpiton,sync_pulse_synchronizer,piton/design/chip/tile/common/rtl/sync_pulse_synchronizer.v,sync_pulse_synchronizer,.v,0,7,3,,,
openpiton,B,https://github.com/PrincetonUniversity/openpiton.git,1c6bfd2d2ea53ddd7b6f933fa2d439d1a540e207,openpiton,synchronizer,piton/design/common/rtl/synchronizer.v,synchronizer,.v,0,3,0,clk,,
openpiton,B,https://github.com/PrincetonUniversity/openpiton.git,1c6bfd2d2ea53ddd7b6f933fa2d439d1a540e207,openpiton,synchronizer_asr,piton/design/chip/tile/common/rtl/synchronizer_asr.v,synchronizer_asr,.v,0,8,3,,,
openpiton,B,https://github.com/PrincetonUniversity/openpiton.git,1c6bfd2d2ea53ddd7b6f933fa2d439d1a540e207,openpiton,synchronizer_asr_dup,piton/design/chip/tile/common/rtl/synchronizer_asr_dup.v,synchronizer_asr_dup,.v,0,8,3,,,
openpiton,B,https://github.com/PrincetonUniversity/openpiton.git,1c6bfd2d2ea53ddd7b6f933fa2d439d1a540e207,openpiton,system,piton/design/rtl/system.v,system,.v,0,158,4,core_ref_clk;io_clk;passthru_clk_osc_p;passthru_clk_osc_n;passthru_chipset_clk_p;passthru_chipset_clk_n;chipset_clk_osc_p;chipset_clk_osc_n;chipset_clk_osc;mc_clk_p;mc_clk_n;chipset_clk;mc_clk;sd_sys_clk;chipset_passthru_clk_p;chipset_passthru_clk_n;sys_clk;clk_en;mc_clk,sys_rst_n;pll_rst_n;jtag_rst_l,valid_ready
openpiton,B,https://github.com/PrincetonUniversity/openpiton.git,1c6bfd2d2ea53ddd7b6f933fa2d439d1a540e207,openpiton,test_end_checker,piton/design/chipset/rtl/test_end_checker.v,test_end_checker,.v,0,8,0,clk,rst_n,
openpiton,B,https://github.com/PrincetonUniversity/openpiton.git,1c6bfd2d2ea53ddd7b6f933fa2d439d1a540e207,openpiton,test_stub_bist,piton/design/chip/tile/common/rtl/test_stub_bist.v,test_stub_bist,.v,0,41,10,,,
openpiton,B,https://github.com/PrincetonUniversity/openpiton.git,1c6bfd2d2ea53ddd7b6f933fa2d439d1a540e207,openpiton,test_stub_scan,piton/design/chip/tile/common/rtl/test_stub_scan.v,test_stub_scan,.v,0,22,0,,,
openpiton,B,https://github.com/PrincetonUniversity/openpiton.git,1c6bfd2d2ea53ddd7b6f933fa2d439d1a540e207,openpiton,tlu,piton/design/chip/tile/sparc/tlu/rtl/tlu.v,tlu,.v,0,228,14,,tlu_lsu_redmode_rst_d1,
openpiton,B,https://github.com/PrincetonUniversity/openpiton.git,1c6bfd2d2ea53ddd7b6f933fa2d439d1a540e207,openpiton,tlu_addern_32,piton/design/chip/tile/sparc/tlu/rtl/tlu_addern_32.v,tlu_addern_32,.v,0,3,0,,,
openpiton,B,https://github.com/PrincetonUniversity/openpiton.git,1c6bfd2d2ea53ddd7b6f933fa2d439d1a540e207,openpiton,tlu_hyperv,piton/design/chip/tile/sparc/tlu/rtl/tlu_hyperv.v,tlu_hyperv,.v,0,75,112,,rst_tri_en,
openpiton,B,https://github.com/PrincetonUniversity/openpiton.git,1c6bfd2d2ea53ddd7b6f933fa2d439d1a540e207,openpiton,tlu_incr64,piton/design/chip/tile/sparc/tlu/rtl/tlu_incr64.v,tlu_incr64,.v,0,2,0,,,
openpiton,B,https://github.com/PrincetonUniversity/openpiton.git,1c6bfd2d2ea53ddd7b6f933fa2d439d1a540e207,openpiton,tlu_misctl,piton/design/chip/tile/sparc/tlu/rtl/tlu_misctl.v,tlu_misctl,.v,0,47,28,,tlu_rst,
openpiton,B,https://github.com/PrincetonUniversity/openpiton.git,1c6bfd2d2ea53ddd7b6f933fa2d439d1a540e207,openpiton,tlu_mmu_ctl,piton/design/chip/tile/sparc/tlu/rtl/tlu_mmu_ctl.v,tlu_mmu_ctl,.v,0,135,81,,tlb_access_rst_l;rst_tri_en,
openpiton,B,https://github.com/PrincetonUniversity/openpiton.git,1c6bfd2d2ea53ddd7b6f933fa2d439d1a540e207,openpiton,tlu_mmu_dp,piton/design/chip/tile/sparc/tlu/rtl/tlu_mmu_dp.v,tlu_mmu_dp,.v,0,61,92,,tlb_access_rst_l,
openpiton,B,https://github.com/PrincetonUniversity/openpiton.git,1c6bfd2d2ea53ddd7b6f933fa2d439d1a540e207,openpiton,tlu_nospu_wrap,piton/design/chip/tile/sparc/tlu/rtl/tlu_nospu_wrap.v,tlu_nospu_wrap,.v,0,217,1,,,
openpiton,B,https://github.com/PrincetonUniversity/openpiton.git,1c6bfd2d2ea53ddd7b6f933fa2d439d1a540e207,openpiton,tlu_pib,piton/design/chip/tile/sparc/tlu/rtl/tlu_pib.v,tlu_pib,.v,0,41,93,,,
openpiton,B,https://github.com/PrincetonUniversity/openpiton.git,1c6bfd2d2ea53ddd7b6f933fa2d439d1a540e207,openpiton,tlu_prencoder16,piton/design/chip/tile/sparc/tlu/rtl/tlu_prencoder16.v,tlu_prencoder16,.v,0,2,0,,,
openpiton,B,https://github.com/PrincetonUniversity/openpiton.git,1c6bfd2d2ea53ddd7b6f933fa2d439d1a540e207,openpiton,tlu_rrobin_picker,piton/design/chip/tile/sparc/tlu/rtl/tlu_rrobin_picker.v,tlu_rrobin_picker,.v,0,4,1,clk,tlu_rst_l,
openpiton,B,https://github.com/PrincetonUniversity/openpiton.git,1c6bfd2d2ea53ddd7b6f933fa2d439d1a540e207,openpiton,tlu_tcl,piton/design/chip/tile/sparc/tlu/rtl/tlu_tcl.v,tlu_tcl,.v,0,193,228,,tlu_lsu_redmode_rst_d1;tlu_rst;rst_tri_en,
openpiton,B,https://github.com/PrincetonUniversity/openpiton.git,1c6bfd2d2ea53ddd7b6f933fa2d439d1a540e207,openpiton,tlu_tdp,piton/design/chip/tile/sparc/tlu/rtl/tlu_tdp.v,tlu_tdp,.v,0,114,274,,tlu_rst,
openpiton,B,https://github.com/PrincetonUniversity/openpiton.git,1c6bfd2d2ea53ddd7b6f933fa2d439d1a540e207,openpiton,uart_boot_splitter,piton/design/chipset/mem_io_splitter/rtl/uart_boot_splitter.v,uart_boot_splitter,.v,0,26,0,clk,rst_n,
openpiton,B,https://github.com/PrincetonUniversity/openpiton.git,1c6bfd2d2ea53ddd7b6f933fa2d439d1a540e207,openpiton,uart_mux,piton/design/chipset/io_ctrl/rtl/uart_mux.v,uart_mux,.v,0,81,0,axi_clk,axi_rst_n,valid_ready
openpiton,B,https://github.com/PrincetonUniversity/openpiton.git,1c6bfd2d2ea53ddd7b6f933fa2d439d1a540e207,openpiton,uart_pkttrace_dump,piton/design/common/uart_pkttrace_dump/rtl/uart_pkttrace_dump.v,uart_pkttrace_dump,.v,0,40,7,clk,rst_n,
openpiton,B,https://github.com/PrincetonUniversity/openpiton.git,1c6bfd2d2ea53ddd7b6f933fa2d439d1a540e207,openpiton,uart_reader,piton/design/chipset/io_ctrl/rtl/uart_reader.v,uart_reader,.v,0,17,0,axi_clk,axi_rst_n,valid_ready
openpiton,B,https://github.com/PrincetonUniversity/openpiton.git,1c6bfd2d2ea53ddd7b6f933fa2d439d1a540e207,openpiton,uart_reseter,piton/design/chipset/io_ctrl/rtl/uart_reseter.v,uart_reseter,.v,0,9,0,axi_clk,axi_rst_n,valid_ready
openpiton,B,https://github.com/PrincetonUniversity/openpiton.git,1c6bfd2d2ea53ddd7b6f933fa2d439d1a540e207,openpiton,uart_serializer,piton/design/common/uart_pkttrace_dump/rtl/uart_serializer.v,uart_serializer,.v,2,8,0,clk,rst_n,
openpiton,B,https://github.com/PrincetonUniversity/openpiton.git,1c6bfd2d2ea53ddd7b6f933fa2d439d1a540e207,openpiton,uart_top,piton/design/chipset/io_ctrl/rtl/uart_top.v,uart_top,.v,0,28,8,axi_clk,rst_n,valid_ready
openpiton,B,https://github.com/PrincetonUniversity/openpiton.git,1c6bfd2d2ea53ddd7b6f933fa2d439d1a540e207,openpiton,uart_writer,piton/design/chipset/io_ctrl/rtl/uart_writer.v,uart_writer,.v,0,22,0,axi_clk,axi_rst_n,valid_ready
openpiton,B,https://github.com/PrincetonUniversity/openpiton.git,1c6bfd2d2ea53ddd7b6f933fa2d439d1a540e207,openpiton,ucb_bus_in,piton/design/chip/tile/common/rtl/ucb_bus_in.v,ucb_bus_in,.v,0,8,13,clk,rst_l,
openpiton,B,https://github.com/PrincetonUniversity/openpiton.git,1c6bfd2d2ea53ddd7b6f933fa2d439d1a540e207,openpiton,ucb_bus_out,piton/design/chip/tile/common/rtl/ucb_bus_out.v,ucb_bus_out,.v,0,9,3,clk,rst_l,
openpiton,B,https://github.com/PrincetonUniversity/openpiton.git,1c6bfd2d2ea53ddd7b6f933fa2d439d1a540e207,openpiton,ucb_flow_2buf,piton/design/chip/tile/common/rtl/ucb_flow_2buf.v,ucb_flow_2buf,.v,0,30,15,clk,rst_l,
openpiton,B,https://github.com/PrincetonUniversity/openpiton.git,1c6bfd2d2ea53ddd7b6f933fa2d439d1a540e207,openpiton,ucb_flow_jbi,piton/design/chip/tile/common/rtl/ucb_flow_jbi.v,ucb_flow_jbi,.v,0,30,15,clk,rst_l,
openpiton,B,https://github.com/PrincetonUniversity/openpiton.git,1c6bfd2d2ea53ddd7b6f933fa2d439d1a540e207,openpiton,ucb_flow_spi,piton/design/chip/tile/common/rtl/ucb_flow_spi.v,ucb_flow_spi,.v,0,33,15,clk,rst_l,
openpiton,B,https://github.com/PrincetonUniversity/openpiton.git,1c6bfd2d2ea53ddd7b6f933fa2d439d1a540e207,openpiton,ucb_noflow,piton/design/chip/tile/common/rtl/ucb_noflow.v,ucb_noflow,.v,0,28,10,clk,rst_l,
openpiton,B,https://github.com/PrincetonUniversity/openpiton.git,1c6bfd2d2ea53ddd7b6f933fa2d439d1a540e207,openpiton,valrdy_to_credit,piton/design/chip/tile/common/rtl/valrdy_to_credit.v,valrdy_to_credit,.v,0,8,0,clk,reset,valid_ready
openpiton,B,https://github.com/PrincetonUniversity/openpiton.git,1c6bfd2d2ea53ddd7b6f933fa2d439d1a540e207,openpiton,walk_ones_addrdata,piton/design/fpga_tests/memio_unit_tests/common/rtl/walk_ones_addrdata.v,walk_ones_addrdata,.v,0,9,0,,test_state_reset,
openpiton,B,https://github.com/PrincetonUniversity/openpiton.git,1c6bfd2d2ea53ddd7b6f933fa2d439d1a540e207,openpiton,zckenbuf_prim,piton/design/chip/tile/common/rtl/u1.beh.v,u1.beh,.v,0,4,0,clk,,
openpiton,B,https://github.com/PrincetonUniversity/openpiton.git,1c6bfd2d2ea53ddd7b6f933fa2d439d1a540e207,openpiton,zmuxi31d_prim,piton/design/chip/tile/common/rtl/u1.beh.v,u1.beh,.v,0,7,0,,,
openpiton,B,https://github.com/PrincetonUniversity/openpiton.git,1c6bfd2d2ea53ddd7b6f933fa2d439d1a540e207,openpiton,zmuxi41d_prim,piton/design/chip/tile/common/rtl/u1.beh.v,u1.beh,.v,0,9,0,,,
openpiton,B,https://github.com/PrincetonUniversity/openpiton.git,1c6bfd2d2ea53ddd7b6f933fa2d439d1a540e207,openpiton,zsoff_prim,piton/design/chip/tile/common/rtl/u1.beh.v,u1.beh,.v,0,6,0,,,
openpiton,B,https://github.com/PrincetonUniversity/openpiton.git,1c6bfd2d2ea53ddd7b6f933fa2d439d1a540e207,openpiton,zsoffasr_prim,piton/design/chip/tile/common/rtl/u1.beh.v,u1.beh,.v,0,8,0,,,
openpiton,B,https://github.com/PrincetonUniversity/openpiton.git,1c6bfd2d2ea53ddd7b6f933fa2d439d1a540e207,openpiton,zsoffi_prim,piton/design/chip/tile/common/rtl/u1.beh.v,u1.beh,.v,0,6,0,,,
openpiton,B,https://github.com/PrincetonUniversity/openpiton.git,1c6bfd2d2ea53ddd7b6f933fa2d439d1a540e207,openpiton,zsoffm2_prim,piton/design/chip/tile/common/rtl/u1.beh.v,u1.beh,.v,0,8,0,,,
openpiton,B,https://github.com/PrincetonUniversity/openpiton.git,1c6bfd2d2ea53ddd7b6f933fa2d439d1a540e207,openpiton,zsoffr_prim,piton/design/chip/tile/common/rtl/u1.beh.v,u1.beh,.v,0,7,0,,,
openpiton,B,https://github.com/PrincetonUniversity/openpiton.git,1c6bfd2d2ea53ddd7b6f933fa2d439d1a540e207,openpiton,zzadd13,piton/design/chip/tile/common/rtl/m1.beh.v,m1.beh,.v,0,4,0,,,
openpiton,B,https://github.com/PrincetonUniversity/openpiton.git,1c6bfd2d2ea53ddd7b6f933fa2d439d1a540e207,openpiton,zzadd18,piton/design/chip/tile/common/rtl/m1.beh.v,m1.beh,.v,0,5,0,,,
openpiton,B,https://github.com/PrincetonUniversity/openpiton.git,1c6bfd2d2ea53ddd7b6f933fa2d439d1a540e207,openpiton,zzadd32,piton/design/chip/tile/common/rtl/m1.beh.v,m1.beh,.v,0,5,0,,,
openpiton,B,https://github.com/PrincetonUniversity/openpiton.git,1c6bfd2d2ea53ddd7b6f933fa2d439d1a540e207,openpiton,zzadd32op4,piton/design/chip/tile/common/rtl/m1.beh.v,m1.beh,.v,0,5,0,,,
openpiton,B,https://github.com/PrincetonUniversity/openpiton.git,1c6bfd2d2ea53ddd7b6f933fa2d439d1a540e207,openpiton,zzadd32v,piton/design/chip/tile/common/rtl/m1.beh.v,m1.beh,.v,0,5,0,,,
openpiton,B,https://github.com/PrincetonUniversity/openpiton.git,1c6bfd2d2ea53ddd7b6f933fa2d439d1a540e207,openpiton,zzadd34c,piton/design/chip/tile/common/rtl/m1.beh.v,m1.beh,.v,0,4,0,,,
openpiton,B,https://github.com/PrincetonUniversity/openpiton.git,1c6bfd2d2ea53ddd7b6f933fa2d439d1a540e207,openpiton,zzadd48,piton/design/chip/tile/common/rtl/m1.beh.v,m1.beh,.v,0,4,0,,,
openpiton,B,https://github.com/PrincetonUniversity/openpiton.git,1c6bfd2d2ea53ddd7b6f933fa2d439d1a540e207,openpiton,zzadd56,piton/design/chip/tile/common/rtl/m1.beh.v,m1.beh,.v,0,4,0,,,
openpiton,B,https://github.com/PrincetonUniversity/openpiton.git,1c6bfd2d2ea53ddd7b6f933fa2d439d1a540e207,openpiton,zzadd64,piton/design/chip/tile/common/rtl/m1.beh.v,m1.beh,.v,0,6,0,,,
openpiton,B,https://github.com/PrincetonUniversity/openpiton.git,1c6bfd2d2ea53ddd7b6f933fa2d439d1a540e207,openpiton,zzadd64_lv,piton/design/chip/tile/common/rtl/m1.beh.v,m1.beh,.v,0,6,0,,,
openpiton,B,https://github.com/PrincetonUniversity/openpiton.git,1c6bfd2d2ea53ddd7b6f933fa2d439d1a540e207,openpiton,zzadd8,piton/design/chip/tile/common/rtl/m1.beh.v,m1.beh,.v,0,5,0,,,
openpiton,B,https://github.com/PrincetonUniversity/openpiton.git,1c6bfd2d2ea53ddd7b6f933fa2d439d1a540e207,openpiton,zzbufh_60x4,piton/design/chip/tile/common/rtl/m1.beh.v,m1.beh,.v,0,2,0,,,
openpiton,B,https://github.com/PrincetonUniversity/openpiton.git,1c6bfd2d2ea53ddd7b6f933fa2d439d1a540e207,openpiton,zzecc_exu_chkecc2,piton/design/chip/tile/common/rtl/m1.beh.v,m1.beh,.v,0,7,0,,,
openpiton,B,https://github.com/PrincetonUniversity/openpiton.git,1c6bfd2d2ea53ddd7b6f933fa2d439d1a540e207,openpiton,zzecc_sctag_24b_gen,piton/design/chip/tile/common/rtl/m1.beh.v,m1.beh,.v,0,3,0,,,
openpiton,B,https://github.com/PrincetonUniversity/openpiton.git,1c6bfd2d2ea53ddd7b6f933fa2d439d1a540e207,openpiton,zzecc_sctag_30b_cor,piton/design/chip/tile/common/rtl/m1.beh.v,m1.beh,.v,0,4,0,,,
openpiton,B,https://github.com/PrincetonUniversity/openpiton.git,1c6bfd2d2ea53ddd7b6f933fa2d439d1a540e207,openpiton,zzecc_sctag_ecc39,piton/design/chip/tile/common/rtl/m1.beh.v,m1.beh,.v,0,5,0,,,
openpiton,B,https://github.com/PrincetonUniversity/openpiton.git,1c6bfd2d2ea53ddd7b6f933fa2d439d1a540e207,openpiton,zzecc_sctag_pgen_32b,piton/design/chip/tile/common/rtl/m1.beh.v,m1.beh,.v,0,3,0,,,
openpiton,B,https://github.com/PrincetonUniversity/openpiton.git,1c6bfd2d2ea53ddd7b6f933fa2d439d1a540e207,openpiton,zzinc32,piton/design/chip/tile/common/rtl/m1.beh.v,m1.beh,.v,0,2,0,,,
openpiton,B,https://github.com/PrincetonUniversity/openpiton.git,1c6bfd2d2ea53ddd7b6f933fa2d439d1a540e207,openpiton,zzinc48,piton/design/chip/tile/common/rtl/m1.beh.v,m1.beh,.v,0,3,0,,,
openpiton,B,https://github.com/PrincetonUniversity/openpiton.git,1c6bfd2d2ea53ddd7b6f933fa2d439d1a540e207,openpiton,zzinc64,piton/design/chip/tile/common/rtl/m1.beh.v,m1.beh,.v,0,2,0,,,
openpiton,B,https://github.com/PrincetonUniversity/openpiton.git,1c6bfd2d2ea53ddd7b6f933fa2d439d1a540e207,openpiton,zznor16,piton/design/chip/tile/common/rtl/m1.beh.v,m1.beh,.v,0,2,0,,,
openpiton,B,https://github.com/PrincetonUniversity/openpiton.git,1c6bfd2d2ea53ddd7b6f933fa2d439d1a540e207,openpiton,zznor24,piton/design/chip/tile/common/rtl/m1.beh.v,m1.beh,.v,0,2,0,,,
openpiton,B,https://github.com/PrincetonUniversity/openpiton.git,1c6bfd2d2ea53ddd7b6f933fa2d439d1a540e207,openpiton,zznor64_32,piton/design/chip/tile/common/rtl/m1.beh.v,m1.beh,.v,0,3,0,,,
openpiton,B,https://github.com/PrincetonUniversity/openpiton.git,1c6bfd2d2ea53ddd7b6f933fa2d439d1a540e207,openpiton,zznor64_32_lv,piton/design/chip/tile/common/rtl/m1.beh.v,m1.beh,.v,0,3,0,,,
openpiton,B,https://github.com/PrincetonUniversity/openpiton.git,1c6bfd2d2ea53ddd7b6f933fa2d439d1a540e207,openpiton,zzor32,piton/design/chip/tile/common/rtl/m1.beh.v,m1.beh,.v,0,2,0,,,
openpiton,B,https://github.com/PrincetonUniversity/openpiton.git,1c6bfd2d2ea53ddd7b6f933fa2d439d1a540e207,openpiton,zzor36,piton/design/chip/tile/common/rtl/m1.beh.v,m1.beh,.v,0,2,0,,,
openpiton,B,https://github.com/PrincetonUniversity/openpiton.git,1c6bfd2d2ea53ddd7b6f933fa2d439d1a540e207,openpiton,zzor36_lv,piton/design/chip/tile/common/rtl/m1.beh.v,m1.beh,.v,0,2,0,,,
openpiton,B,https://github.com/PrincetonUniversity/openpiton.git,1c6bfd2d2ea53ddd7b6f933fa2d439d1a540e207,openpiton,zzor8,piton/design/chip/tile/common/rtl/m1.beh.v,m1.beh,.v,0,2,0,,,
openpiton,B,https://github.com/PrincetonUniversity/openpiton.git,1c6bfd2d2ea53ddd7b6f933fa2d439d1a540e207,openpiton,zzpar16,piton/design/chip/tile/common/rtl/m1.beh.v,m1.beh,.v,0,2,0,,,
openpiton,B,https://github.com/PrincetonUniversity/openpiton.git,1c6bfd2d2ea53ddd7b6f933fa2d439d1a540e207,openpiton,zzpar28,piton/design/chip/tile/common/rtl/m1.beh.v,m1.beh,.v,0,2,0,,,
openpiton,B,https://github.com/PrincetonUniversity/openpiton.git,1c6bfd2d2ea53ddd7b6f933fa2d439d1a540e207,openpiton,zzpar32,piton/design/chip/tile/common/rtl/m1.beh.v,m1.beh,.v,0,2,0,,,
openpiton,B,https://github.com/PrincetonUniversity/openpiton.git,1c6bfd2d2ea53ddd7b6f933fa2d439d1a540e207,openpiton,zzpar32_lv,piton/design/chip/tile/common/rtl/m1.beh.v,m1.beh,.v,0,2,0,,,
openpiton,B,https://github.com/PrincetonUniversity/openpiton.git,1c6bfd2d2ea53ddd7b6f933fa2d439d1a540e207,openpiton,zzpar34,piton/design/chip/tile/common/rtl/m1.beh.v,m1.beh,.v,0,2,0,,,
openpiton,B,https://github.com/PrincetonUniversity/openpiton.git,1c6bfd2d2ea53ddd7b6f933fa2d439d1a540e207,openpiton,zzpar34_lv,piton/design/chip/tile/common/rtl/m1.beh.v,m1.beh,.v,0,2,0,,,
openpiton,B,https://github.com/PrincetonUniversity/openpiton.git,1c6bfd2d2ea53ddd7b6f933fa2d439d1a540e207,openpiton,zzpar8,piton/design/chip/tile/common/rtl/m1.beh.v,m1.beh,.v,0,2,0,,,
openpiton,B,https://github.com/PrincetonUniversity/openpiton.git,1c6bfd2d2ea53ddd7b6f933fa2d439d1a540e207,openpiton,zzpar8_lv,piton/design/chip/tile/common/rtl/m1.beh.v,m1.beh,.v,0,2,0,,,
openpiton,B,https://github.com/PrincetonUniversity/openpiton.git,1c6bfd2d2ea53ddd7b6f933fa2d439d1a540e207,openpiton,zzpenc64,piton/design/chip/tile/common/rtl/m1.beh.v,m1.beh,.v,0,2,0,,,
openpiton,B,https://github.com/PrincetonUniversity/openpiton.git,1c6bfd2d2ea53ddd7b6f933fa2d439d1a540e207,openpiton,zzpenc64_lv,piton/design/chip/tile/common/rtl/m1.beh.v,m1.beh,.v,0,2,0,,,
opentitan,A,https://github.com/lowRISC/opentitan.git,b16f2be75d2f38c62d861208453ed5b81ccf41b0,master,prim_alert_receiver,hw/ip/prim/rtl/prim_alert_receiver.sv,prim_alert_receiver,.sv,0,0,5,,,
opentitan,A,https://github.com/lowRISC/opentitan.git,b16f2be75d2f38c62d861208453ed5b81ccf41b0,master,prim_alert_sender,hw/ip/prim/rtl/prim_alert_sender.sv,prim_alert_sender,.sv,0,0,7,,,
opentitan,A,https://github.com/lowRISC/opentitan.git,b16f2be75d2f38c62d861208453ed5b81ccf41b0,master,prim_alert_to_diff,hw/ip/prim/rtl/prim_alert_to_diff.sv,prim_alert_to_diff,.sv,2,6,2,clk_i,rst_ni,
opentitan,A,https://github.com/lowRISC/opentitan.git,b16f2be75d2f38c62d861208453ed5b81ccf41b0,master,prim_arbiter_fixed,hw/ip/prim/rtl/prim_arbiter_fixed.sv,prim_arbiter_fixed,.sv,4,9,0,clk_i,rst_ni,valid_ready;req_gnt
opentitan,A,https://github.com/lowRISC/opentitan.git,b16f2be75d2f38c62d861208453ed5b81ccf41b0,master,prim_arbiter_ppc,hw/ip/prim/rtl/prim_arbiter_ppc.sv,prim_arbiter_ppc,.sv,4,10,1,clk_i,rst_ni,valid_ready;req_gnt
opentitan,A,https://github.com/lowRISC/opentitan.git,b16f2be75d2f38c62d861208453ed5b81ccf41b0,master,prim_arbiter_tree,hw/ip/prim/rtl/prim_arbiter_tree.sv,prim_arbiter_tree,.sv,4,10,0,clk_i,rst_ni,valid_ready;req_gnt
opentitan,A,https://github.com/lowRISC/opentitan.git,b16f2be75d2f38c62d861208453ed5b81ccf41b0,master,prim_arbiter_tree_dup,hw/ip/prim/rtl/prim_arbiter_tree_dup.sv,prim_arbiter_tree_dup,.sv,5,11,4,clk_i,rst_ni,valid_ready;req_gnt
opentitan,A,https://github.com/lowRISC/opentitan.git,b16f2be75d2f38c62d861208453ed5b81ccf41b0,master,prim_ascon_duplex,hw/ip/prim/rtl/prim_ascon_duplex.sv,prim_ascon_duplex,.sv,0,0,3,,,
opentitan,A,https://github.com/lowRISC/opentitan.git,b16f2be75d2f38c62d861208453ed5b81ccf41b0,master,prim_ascon_round,hw/ip/prim/rtl/prim_ascon_round.sv,prim_ascon_round,.sv,0,3,1,,,
opentitan,A,https://github.com/lowRISC/opentitan.git,b16f2be75d2f38c62d861208453ed5b81ccf41b0,master,prim_ascon_sbox,hw/ip/prim/rtl/prim_ascon_sbox.sv,prim_ascon_sbox,.sv,0,2,0,,,
opentitan,A,https://github.com/lowRISC/opentitan.git,b16f2be75d2f38c62d861208453ed5b81ccf41b0,master,prim_blanker,hw/ip/prim/rtl/prim_blanker.sv,prim_blanker,.sv,1,3,1,,,
opentitan,A,https://github.com/lowRISC/opentitan.git,b16f2be75d2f38c62d861208453ed5b81ccf41b0,master,prim_cdc_rand_delay,hw/ip/prim/rtl/prim_cdc_rand_delay.sv,prim_cdc_rand_delay,.sv,2,5,0,clk_i,rst_ni,
opentitan,A,https://github.com/lowRISC/opentitan.git,b16f2be75d2f38c62d861208453ed5b81ccf41b0,master,prim_clock_gating_sync,hw/ip/prim/rtl/prim_clock_gating_sync.sv,prim_clock_gating_sync,.sv,0,6,2,clk_i,rst_ni,
opentitan,A,https://github.com/lowRISC/opentitan.git,b16f2be75d2f38c62d861208453ed5b81ccf41b0,master,prim_clock_meas,hw/ip/prim/rtl/prim_clock_meas.sv,prim_clock_meas,.sv,6,12,6,clk_i;clk_ref_i,rst_ni;rst_ref_ni,
opentitan,A,https://github.com/lowRISC/opentitan.git,b16f2be75d2f38c62d861208453ed5b81ccf41b0,master,prim_clock_timeout,hw/ip/prim/rtl/prim_clock_timeout.sv,prim_clock_timeout,.sv,2,6,2,clk_chk_i;clk_i,rst_chk_ni;rst_ni,
opentitan,A,https://github.com/lowRISC/opentitan.git,b16f2be75d2f38c62d861208453ed5b81ccf41b0,master,prim_count,hw/ip/prim/rtl/prim_count.sv,prim_count,.sv,0,0,1,,,
opentitan,A,https://github.com/lowRISC/opentitan.git,b16f2be75d2f38c62d861208453ed5b81ccf41b0,master,prim_crc32,hw/ip/prim/rtl/prim_crc32.sv,prim_crc32,.sv,1,7,1,clk_i,rst_ni,
opentitan,A,https://github.com/lowRISC/opentitan.git,b16f2be75d2f38c62d861208453ed5b81ccf41b0,master,prim_diff_decode,hw/ip/prim/rtl/prim_diff_decode.sv,prim_diff_decode,.sv,2,9,4,clk_i,rst_ni,
opentitan,A,https://github.com/lowRISC/opentitan.git,b16f2be75d2f38c62d861208453ed5b81ccf41b0,master,prim_diff_encode,hw/ip/prim/rtl/prim_diff_encode.sv,prim_diff_encode,.sv,0,5,4,clk_i,rst_ni,
opentitan,A,https://github.com/lowRISC/opentitan.git,b16f2be75d2f38c62d861208453ed5b81ccf41b0,master,prim_diff_to_alert,hw/ip/prim/rtl/prim_diff_to_alert.sv,prim_diff_to_alert,.sv,3,6,3,clk_i,rst_ni,
opentitan,A,https://github.com/lowRISC/opentitan.git,b16f2be75d2f38c62d861208453ed5b81ccf41b0,master,prim_dom_and_2share,hw/ip/prim/rtl/prim_dom_and_2share.sv,prim_dom_and_2share,.sv,2,11,4,clk_i,rst_ni,
opentitan,A,https://github.com/lowRISC/opentitan.git,b16f2be75d2f38c62d861208453ed5b81ccf41b0,master,prim_double_lfsr,hw/ip/prim/rtl/prim_double_lfsr.sv,prim_double_lfsr,.sv,14,8,3,clk_i,rst_ni,
opentitan,A,https://github.com/lowRISC/opentitan.git,b16f2be75d2f38c62d861208453ed5b81ccf41b0,master,prim_edge_detector,hw/ip/prim/rtl/prim_edge_detector.sv,prim_edge_detector,.sv,3,6,1,clk_i,rst_ni,
opentitan,A,https://github.com/lowRISC/opentitan.git,b16f2be75d2f38c62d861208453ed5b81ccf41b0,master,prim_edn_req,hw/ip/prim/rtl/prim_edn_req.sv,prim_edn_req,.sv,0,0,2,,,
opentitan,A,https://github.com/lowRISC/opentitan.git,b16f2be75d2f38c62d861208453ed5b81ccf41b0,master,prim_esc_receiver,hw/ip/prim/rtl/prim_esc_receiver.sv,prim_esc_receiver,.sv,0,0,6,,,
opentitan,A,https://github.com/lowRISC/opentitan.git,b16f2be75d2f38c62d861208453ed5b81ccf41b0,master,prim_esc_sender,hw/ip/prim/rtl/prim_esc_sender.sv,prim_esc_sender,.sv,0,0,4,,,
opentitan,A,https://github.com/lowRISC/opentitan.git,b16f2be75d2f38c62d861208453ed5b81ccf41b0,master,prim_fifo_async,hw/ip/prim/rtl/prim_fifo_async.sv,prim_fifo_async,.sv,5,12,2,clk_wr_i;clk_rd_i,rst_wr_ni;rst_rd_ni,valid_ready
opentitan,A,https://github.com/lowRISC/opentitan.git,b16f2be75d2f38c62d861208453ed5b81ccf41b0,master,prim_fifo_async_simple,hw/ip/prim/rtl/prim_fifo_async_simple.sv,prim_fifo_async_simple,.sv,3,10,1,clk_wr_i;clk_rd_i,rst_wr_ni;rst_rd_ni,valid_ready
opentitan,A,https://github.com/lowRISC/opentitan.git,b16f2be75d2f38c62d861208453ed5b81ccf41b0,master,prim_fifo_async_sram_adapter,hw/ip/prim/rtl/prim_fifo_async_sram_adapter.sv,prim_fifo_async_sram_adapter,.sv,6,33,2,clk_wr_i;clk_rd_i,rst_wr_ni;rst_rd_ni,valid_ready;req_gnt
opentitan,A,https://github.com/lowRISC/opentitan.git,b16f2be75d2f38c62d861208453ed5b81ccf41b0,master,prim_fifo_sync,hw/ip/prim/rtl/prim_fifo_sync.sv,prim_fifo_sync,.sv,7,12,2,clk_i,rst_ni,valid_ready
opentitan,A,https://github.com/lowRISC/opentitan.git,b16f2be75d2f38c62d861208453ed5b81ccf41b0,master,prim_fifo_sync_cnt,hw/ip/prim/rtl/prim_fifo_sync_cnt.sv,prim_fifo_sync_cnt,.sv,5,11,2,clk_i,rst_ni,
opentitan,A,https://github.com/lowRISC/opentitan.git,b16f2be75d2f38c62d861208453ed5b81ccf41b0,master,prim_filter,hw/ip/prim/rtl/prim_filter.sv,prim_filter,.sv,2,5,1,clk_i,rst_ni,
opentitan,A,https://github.com/lowRISC/opentitan.git,b16f2be75d2f38c62d861208453ed5b81ccf41b0,master,prim_filter_ctr,hw/ip/prim/rtl/prim_filter_ctr.sv,prim_filter_ctr,.sv,2,6,1,clk_i,rst_ni,
opentitan,A,https://github.com/lowRISC/opentitan.git,b16f2be75d2f38c62d861208453ed5b81ccf41b0,master,prim_flop_x,hw/ip/prim/rtl/prim_flop_x.sv,prim_flop_x,.sv,4,5,2,clk_i,rst_ni,
opentitan,A,https://github.com/lowRISC/opentitan.git,b16f2be75d2f38c62d861208453ed5b81ccf41b0,master,prim_gate_gen,hw/ip/prim/rtl/prim_gate_gen.sv,prim_gate_gen,.sv,2,6,0,clk_i,rst_ni,
opentitan,A,https://github.com/lowRISC/opentitan.git,b16f2be75d2f38c62d861208453ed5b81ccf41b0,master,prim_gf_mult,hw/ip/prim/rtl/prim_gf_mult.sv,prim_gf_mult,.sv,4,8,0,clk_i,rst_ni,
opentitan,A,https://github.com/lowRISC/opentitan.git,b16f2be75d2f38c62d861208453ed5b81ccf41b0,master,prim_hpc2,hw/ip/prim/rtl/prim_hpc2.sv,prim_hpc2,.sv,3,9,13,clk_i,rst_ni,
opentitan,A,https://github.com/lowRISC/opentitan.git,b16f2be75d2f38c62d861208453ed5b81ccf41b0,master,prim_hpc3,hw/ip/prim/rtl/prim_hpc3.sv,prim_hpc3,.sv,3,9,8,clk_i,rst_ni,
opentitan,A,https://github.com/lowRISC/opentitan.git,b16f2be75d2f38c62d861208453ed5b81ccf41b0,master,prim_intr_hw,hw/ip/prim/rtl/prim_intr_hw.sv,prim_intr_hw,.sv,3,10,0,clk_i,rst_ni,
opentitan,A,https://github.com/lowRISC/opentitan.git,b16f2be75d2f38c62d861208453ed5b81ccf41b0,master,prim_keccak,hw/ip/prim/rtl/prim_keccak.sv,prim_keccak,.sv,5,3,0,,,
opentitan,A,https://github.com/lowRISC/opentitan.git,b16f2be75d2f38c62d861208453ed5b81ccf41b0,master,prim_lc_and_hardened,hw/ip/prim/rtl/prim_lc_and_hardened.sv,prim_lc_and_hardened,.sv,0,0,2,,,
opentitan,A,https://github.com/lowRISC/opentitan.git,b16f2be75d2f38c62d861208453ed5b81ccf41b0,master,prim_lc_combine,hw/ip/prim/rtl/prim_lc_combine.sv,prim_lc_combine,.sv,2,3,0,,,
opentitan,A,https://github.com/lowRISC/opentitan.git,b16f2be75d2f38c62d861208453ed5b81ccf41b0,master,prim_lc_dec,hw/ip/prim/rtl/prim_lc_dec.sv,prim_lc_dec,.sv,0,0,1,,,
opentitan,A,https://github.com/lowRISC/opentitan.git,b16f2be75d2f38c62d861208453ed5b81ccf41b0,master,prim_lc_or_hardened,hw/ip/prim/rtl/prim_lc_or_hardened.sv,prim_lc_or_hardened,.sv,0,0,2,,,
opentitan,A,https://github.com/lowRISC/opentitan.git,b16f2be75d2f38c62d861208453ed5b81ccf41b0,master,prim_lc_sender,hw/ip/prim/rtl/prim_lc_sender.sv,prim_lc_sender,.sv,2,4,2,clk_i,rst_ni,
opentitan,A,https://github.com/lowRISC/opentitan.git,b16f2be75d2f38c62d861208453ed5b81ccf41b0,master,prim_lc_sync,hw/ip/prim/rtl/prim_lc_sync.sv,prim_lc_sync,.sv,3,4,2,clk_i,rst_ni,
opentitan,A,https://github.com/lowRISC/opentitan.git,b16f2be75d2f38c62d861208453ed5b81ccf41b0,master,prim_leading_one_ppc,hw/ip/prim/rtl/prim_leading_one_ppc.sv,prim_leading_one_ppc,.sv,2,4,0,,,
opentitan,A,https://github.com/lowRISC/opentitan.git,b16f2be75d2f38c62d861208453ed5b81ccf41b0,master,prim_lfsr,hw/ip/prim/rtl/prim_lfsr.sv,prim_lfsr,.sv,13,7,0,clk_i,rst_ni,
opentitan,A,https://github.com/lowRISC/opentitan.git,b16f2be75d2f38c62d861208453ed5b81ccf41b0,master,prim_max_tree,hw/ip/prim/rtl/prim_max_tree.sv,prim_max_tree,.sv,3,7,0,clk_i,rst_ni,
opentitan,A,https://github.com/lowRISC/opentitan.git,b16f2be75d2f38c62d861208453ed5b81ccf41b0,master,prim_msb_extend,hw/ip/prim/rtl/prim_msb_extend.sv,prim_msb_extend,.sv,2,2,0,,,
opentitan,A,https://github.com/lowRISC/opentitan.git,b16f2be75d2f38c62d861208453ed5b81ccf41b0,master,prim_mubi12_dec,hw/ip/prim/rtl/prim_mubi12_dec.sv,prim_mubi12_dec,.sv,0,0,1,,,
opentitan,A,https://github.com/lowRISC/opentitan.git,b16f2be75d2f38c62d861208453ed5b81ccf41b0,master,prim_mubi12_sender,hw/ip/prim/rtl/prim_mubi12_sender.sv,prim_mubi12_sender,.sv,0,0,3,,,
opentitan,A,https://github.com/lowRISC/opentitan.git,b16f2be75d2f38c62d861208453ed5b81ccf41b0,master,prim_mubi12_sync,hw/ip/prim/rtl/prim_mubi12_sync.sv,prim_mubi12_sync,.sv,0,0,5,,,
opentitan,A,https://github.com/lowRISC/opentitan.git,b16f2be75d2f38c62d861208453ed5b81ccf41b0,master,prim_mubi16_dec,hw/ip/prim/rtl/prim_mubi16_dec.sv,prim_mubi16_dec,.sv,0,0,1,,,
opentitan,A,https://github.com/lowRISC/opentitan.git,b16f2be75d2f38c62d861208453ed5b81ccf41b0,master,prim_mubi16_sender,hw/ip/prim/rtl/prim_mubi16_sender.sv,prim_mubi16_sender,.sv,0,0,3,,,
opentitan,A,https://github.com/lowRISC/opentitan.git,b16f2be75d2f38c62d861208453ed5b81ccf41b0,master,prim_mubi16_sync,hw/ip/prim/rtl/prim_mubi16_sync.sv,prim_mubi16_sync,.sv,0,0,5,,,
opentitan,A,https://github.com/lowRISC/opentitan.git,b16f2be75d2f38c62d861208453ed5b81ccf41b0,master,prim_mubi20_dec,hw/ip/prim/rtl/prim_mubi20_dec.sv,prim_mubi20_dec,.sv,0,0,1,,,
opentitan,A,https://github.com/lowRISC/opentitan.git,b16f2be75d2f38c62d861208453ed5b81ccf41b0,master,prim_mubi20_sender,hw/ip/prim/rtl/prim_mubi20_sender.sv,prim_mubi20_sender,.sv,0,0,3,,,
opentitan,A,https://github.com/lowRISC/opentitan.git,b16f2be75d2f38c62d861208453ed5b81ccf41b0,master,prim_mubi20_sync,hw/ip/prim/rtl/prim_mubi20_sync.sv,prim_mubi20_sync,.sv,0,0,5,,,
opentitan,A,https://github.com/lowRISC/opentitan.git,b16f2be75d2f38c62d861208453ed5b81ccf41b0,master,prim_mubi24_dec,hw/ip/prim/rtl/prim_mubi24_dec.sv,prim_mubi24_dec,.sv,0,0,1,,,
opentitan,A,https://github.com/lowRISC/opentitan.git,b16f2be75d2f38c62d861208453ed5b81ccf41b0,master,prim_mubi24_sender,hw/ip/prim/rtl/prim_mubi24_sender.sv,prim_mubi24_sender,.sv,0,0,3,,,
opentitan,A,https://github.com/lowRISC/opentitan.git,b16f2be75d2f38c62d861208453ed5b81ccf41b0,master,prim_mubi24_sync,hw/ip/prim/rtl/prim_mubi24_sync.sv,prim_mubi24_sync,.sv,0,0,5,,,
opentitan,A,https://github.com/lowRISC/opentitan.git,b16f2be75d2f38c62d861208453ed5b81ccf41b0,master,prim_mubi28_dec,hw/ip/prim/rtl/prim_mubi28_dec.sv,prim_mubi28_dec,.sv,0,0,1,,,
opentitan,A,https://github.com/lowRISC/opentitan.git,b16f2be75d2f38c62d861208453ed5b81ccf41b0,master,prim_mubi28_sender,hw/ip/prim/rtl/prim_mubi28_sender.sv,prim_mubi28_sender,.sv,0,0,3,,,
opentitan,A,https://github.com/lowRISC/opentitan.git,b16f2be75d2f38c62d861208453ed5b81ccf41b0,master,prim_mubi28_sync,hw/ip/prim/rtl/prim_mubi28_sync.sv,prim_mubi28_sync,.sv,0,0,5,,,
opentitan,A,https://github.com/lowRISC/opentitan.git,b16f2be75d2f38c62d861208453ed5b81ccf41b0,master,prim_mubi32_dec,hw/ip/prim/rtl/prim_mubi32_dec.sv,prim_mubi32_dec,.sv,0,0,1,,,
opentitan,A,https://github.com/lowRISC/opentitan.git,b16f2be75d2f38c62d861208453ed5b81ccf41b0,master,prim_mubi32_sender,hw/ip/prim/rtl/prim_mubi32_sender.sv,prim_mubi32_sender,.sv,0,0,3,,,
opentitan,A,https://github.com/lowRISC/opentitan.git,b16f2be75d2f38c62d861208453ed5b81ccf41b0,master,prim_mubi32_sync,hw/ip/prim/rtl/prim_mubi32_sync.sv,prim_mubi32_sync,.sv,0,0,5,,,
opentitan,A,https://github.com/lowRISC/opentitan.git,b16f2be75d2f38c62d861208453ed5b81ccf41b0,master,prim_mubi4_dec,hw/ip/prim/rtl/prim_mubi4_dec.sv,prim_mubi4_dec,.sv,0,0,1,,,
opentitan,A,https://github.com/lowRISC/opentitan.git,b16f2be75d2f38c62d861208453ed5b81ccf41b0,master,prim_mubi4_sender,hw/ip/prim/rtl/prim_mubi4_sender.sv,prim_mubi4_sender,.sv,0,0,3,,,
opentitan,A,https://github.com/lowRISC/opentitan.git,b16f2be75d2f38c62d861208453ed5b81ccf41b0,master,prim_mubi4_sync,hw/ip/prim/rtl/prim_mubi4_sync.sv,prim_mubi4_sync,.sv,0,0,5,,,
opentitan,A,https://github.com/lowRISC/opentitan.git,b16f2be75d2f38c62d861208453ed5b81ccf41b0,master,prim_mubi8_dec,hw/ip/prim/rtl/prim_mubi8_dec.sv,prim_mubi8_dec,.sv,0,0,1,,,
opentitan,A,https://github.com/lowRISC/opentitan.git,b16f2be75d2f38c62d861208453ed5b81ccf41b0,master,prim_mubi8_sender,hw/ip/prim/rtl/prim_mubi8_sender.sv,prim_mubi8_sender,.sv,0,0,3,,,
opentitan,A,https://github.com/lowRISC/opentitan.git,b16f2be75d2f38c62d861208453ed5b81ccf41b0,master,prim_mubi8_sync,hw/ip/prim/rtl/prim_mubi8_sync.sv,prim_mubi8_sync,.sv,0,0,5,,,
opentitan,A,https://github.com/lowRISC/opentitan.git,b16f2be75d2f38c62d861208453ed5b81ccf41b0,master,prim_multibit_sync,hw/ip/prim/rtl/prim_multibit_sync.sv,prim_multibit_sync,.sv,3,4,1,clk_i,rst_ni,
opentitan,A,https://github.com/lowRISC/opentitan.git,b16f2be75d2f38c62d861208453ed5b81ccf41b0,master,prim_onehot_check,hw/ip/prim/rtl/prim_onehot_check.sv,prim_onehot_check,.sv,6,6,0,clk_i,rst_ni,
opentitan,A,https://github.com/lowRISC/opentitan.git,b16f2be75d2f38c62d861208453ed5b81ccf41b0,master,prim_onehot_enc,hw/ip/prim/rtl/prim_onehot_enc.sv,prim_onehot_enc,.sv,2,3,0,,,
opentitan,A,https://github.com/lowRISC/opentitan.git,b16f2be75d2f38c62d861208453ed5b81ccf41b0,master,prim_onehot_mux,hw/ip/prim/rtl/prim_onehot_mux.sv,prim_onehot_mux,.sv,2,5,1,clk_i,rst_ni,
opentitan,A,https://github.com/lowRISC/opentitan.git,b16f2be75d2f38c62d861208453ed5b81ccf41b0,master,prim_packer,hw/ip/prim/rtl/prim_packer.sv,prim_packer,.sv,4,13,2,clk_i,rst_ni,valid_ready
opentitan,A,https://github.com/lowRISC/opentitan.git,b16f2be75d2f38c62d861208453ed5b81ccf41b0,master,prim_packer_fifo,hw/ip/prim/rtl/prim_packer_fifo.sv,prim_packer_fifo,.sv,6,10,0,clk_i,rst_ni,valid_ready
opentitan,A,https://github.com/lowRISC/opentitan.git,b16f2be75d2f38c62d861208453ed5b81ccf41b0,master,prim_present,hw/ip/prim/rtl/prim_present.sv,prim_present,.sv,5,6,0,,,
opentitan,A,https://github.com/lowRISC/opentitan.git,b16f2be75d2f38c62d861208453ed5b81ccf41b0,master,prim_prince,hw/ip/prim/rtl/prim_prince.sv,prim_prince,.sv,6,8,0,clk_i,rst_ni,
opentitan,A,https://github.com/lowRISC/opentitan.git,b16f2be75d2f38c62d861208453ed5b81ccf41b0,master,prim_pulse_sync,hw/ip/prim/rtl/prim_pulse_sync.sv,prim_pulse_sync,.sv,0,6,1,clk_src_i;clk_dst_i,rst_src_ni;rst_dst_ni,
opentitan,A,https://github.com/lowRISC/opentitan.git,b16f2be75d2f38c62d861208453ed5b81ccf41b0,master,prim_racl_error_arb,hw/ip/prim/rtl/prim_racl_error_arb.sv,prim_racl_error_arb,.sv,0,0,1,,,
opentitan,A,https://github.com/lowRISC/opentitan.git,b16f2be75d2f38c62d861208453ed5b81ccf41b0,master,prim_ram_1p_adv,hw/ip/prim/rtl/prim_ram_1p_adv.sv,prim_ram_1p_adv,.sv,0,0,14,,,
opentitan,A,https://github.com/lowRISC/opentitan.git,b16f2be75d2f38c62d861208453ed5b81ccf41b0,master,prim_ram_1p_scr,hw/ip/prim/rtl/prim_ram_1p_scr.sv,prim_ram_1p_scr,.sv,0,0,13,,,
opentitan,A,https://github.com/lowRISC/opentitan.git,b16f2be75d2f38c62d861208453ed5b81ccf41b0,master,prim_ram_1r1w_adv,hw/ip/prim/rtl/prim_ram_1r1w_adv.sv,prim_ram_1r1w_adv,.sv,0,0,1,,,
opentitan,A,https://github.com/lowRISC/opentitan.git,b16f2be75d2f38c62d861208453ed5b81ccf41b0,master,prim_ram_1r1w_async_adv,hw/ip/prim/rtl/prim_ram_1r1w_async_adv.sv,prim_ram_1r1w_async_adv,.sv,0,0,5,,,
opentitan,A,https://github.com/lowRISC/opentitan.git,b16f2be75d2f38c62d861208453ed5b81ccf41b0,master,prim_ram_2p_adv,hw/ip/prim/rtl/prim_ram_2p_adv.sv,prim_ram_2p_adv,.sv,0,0,1,,,
opentitan,A,https://github.com/lowRISC/opentitan.git,b16f2be75d2f38c62d861208453ed5b81ccf41b0,master,prim_ram_2p_async_adv,hw/ip/prim/rtl/prim_ram_2p_async_adv.sv,prim_ram_2p_async_adv,.sv,0,0,9,,,
opentitan,A,https://github.com/lowRISC/opentitan.git,b16f2be75d2f38c62d861208453ed5b81ccf41b0,master,prim_reg_cdc,hw/ip/prim/rtl/prim_reg_cdc.sv,prim_reg_cdc,.sv,4,17,2,clk_src_i;clk_dst_i,rst_src_ni;rst_dst_ni,
opentitan,A,https://github.com/lowRISC/opentitan.git,b16f2be75d2f38c62d861208453ed5b81ccf41b0,master,prim_reg_cdc_arb,hw/ip/prim/rtl/prim_reg_cdc_arb.sv,prim_reg_cdc_arb,.sv,3,12,2,clk_src_i;clk_dst_i,rst_src_ni;rst_dst_ni,
opentitan,A,https://github.com/lowRISC/opentitan.git,b16f2be75d2f38c62d861208453ed5b81ccf41b0,master,prim_reg_we_check,hw/ip/prim/rtl/prim_reg_we_check.sv,prim_reg_we_check,.sv,1,5,2,clk_i,rst_ni,
opentitan,A,https://github.com/lowRISC/opentitan.git,b16f2be75d2f38c62d861208453ed5b81ccf41b0,master,prim_rom_adv,hw/ip/prim/rtl/prim_rom_adv.sv,prim_rom_adv,.sv,0,0,1,,,
opentitan,A,https://github.com/lowRISC/opentitan.git,b16f2be75d2f38c62d861208453ed5b81ccf41b0,master,prim_sdc_example,hw/ip/prim/rtl/prim_sdc_example.sv,prim_sdc_example,.sv,5,15,47,clk_i,rst_ni,
opentitan,A,https://github.com/lowRISC/opentitan.git,b16f2be75d2f38c62d861208453ed5b81ccf41b0,master,prim_sec_anchor_buf,hw/ip/prim/rtl/prim_sec_anchor_buf.sv,prim_sec_anchor_buf,.sv,1,2,1,,,
opentitan,A,https://github.com/lowRISC/opentitan.git,b16f2be75d2f38c62d861208453ed5b81ccf41b0,master,prim_sec_anchor_const,hw/ip/prim/rtl/prim_sec_anchor_const.sv,prim_sec_anchor_const,.sv,2,1,1,,,
opentitan,A,https://github.com/lowRISC/opentitan.git,b16f2be75d2f38c62d861208453ed5b81ccf41b0,master,prim_sec_anchor_flop,hw/ip/prim/rtl/prim_sec_anchor_flop.sv,prim_sec_anchor_flop,.sv,2,4,1,clk_i,rst_ni,
opentitan,A,https://github.com/lowRISC/opentitan.git,b16f2be75d2f38c62d861208453ed5b81ccf41b0,master,prim_secded_22_16_dec,hw/ip/prim/rtl/prim_secded_22_16_dec.sv,prim_secded_22_16_dec,.sv,0,4,0,,,
opentitan,A,https://github.com/lowRISC/opentitan.git,b16f2be75d2f38c62d861208453ed5b81ccf41b0,master,prim_secded_22_16_enc,hw/ip/prim/rtl/prim_secded_22_16_enc.sv,prim_secded_22_16_enc,.sv,0,2,0,,,
opentitan,A,https://github.com/lowRISC/opentitan.git,b16f2be75d2f38c62d861208453ed5b81ccf41b0,master,prim_secded_28_22_dec,hw/ip/prim/rtl/prim_secded_28_22_dec.sv,prim_secded_28_22_dec,.sv,0,4,0,,,
opentitan,A,https://github.com/lowRISC/opentitan.git,b16f2be75d2f38c62d861208453ed5b81ccf41b0,master,prim_secded_28_22_enc,hw/ip/prim/rtl/prim_secded_28_22_enc.sv,prim_secded_28_22_enc,.sv,0,2,0,,,
opentitan,A,https://github.com/lowRISC/opentitan.git,b16f2be75d2f38c62d861208453ed5b81ccf41b0,master,prim_secded_39_32_dec,hw/ip/prim/rtl/prim_secded_39_32_dec.sv,prim_secded_39_32_dec,.sv,0,4,0,,,
opentitan,A,https://github.com/lowRISC/opentitan.git,b16f2be75d2f38c62d861208453ed5b81ccf41b0,master,prim_secded_39_32_enc,hw/ip/prim/rtl/prim_secded_39_32_enc.sv,prim_secded_39_32_enc,.sv,0,2,0,,,
opentitan,A,https://github.com/lowRISC/opentitan.git,b16f2be75d2f38c62d861208453ed5b81ccf41b0,master,prim_secded_64_57_dec,hw/ip/prim/rtl/prim_secded_64_57_dec.sv,prim_secded_64_57_dec,.sv,0,4,0,,,
opentitan,A,https://github.com/lowRISC/opentitan.git,b16f2be75d2f38c62d861208453ed5b81ccf41b0,master,prim_secded_64_57_enc,hw/ip/prim/rtl/prim_secded_64_57_enc.sv,prim_secded_64_57_enc,.sv,0,2,0,,,
opentitan,A,https://github.com/lowRISC/opentitan.git,b16f2be75d2f38c62d861208453ed5b81ccf41b0,master,prim_secded_72_64_dec,hw/ip/prim/rtl/prim_secded_72_64_dec.sv,prim_secded_72_64_dec,.sv,0,4,0,,,
opentitan,A,https://github.com/lowRISC/opentitan.git,b16f2be75d2f38c62d861208453ed5b81ccf41b0,master,prim_secded_72_64_enc,hw/ip/prim/rtl/prim_secded_72_64_enc.sv,prim_secded_72_64_enc,.sv,0,2,0,,,
opentitan,A,https://github.com/lowRISC/opentitan.git,b16f2be75d2f38c62d861208453ed5b81ccf41b0,master,prim_secded_hamming_22_16_dec,hw/ip/prim/rtl/prim_secded_hamming_22_16_dec.sv,prim_secded_hamming_22_16_dec,.sv,0,4,0,,,
opentitan,A,https://github.com/lowRISC/opentitan.git,b16f2be75d2f38c62d861208453ed5b81ccf41b0,master,prim_secded_hamming_22_16_enc,hw/ip/prim/rtl/prim_secded_hamming_22_16_enc.sv,prim_secded_hamming_22_16_enc,.sv,0,2,0,,,
opentitan,A,https://github.com/lowRISC/opentitan.git,b16f2be75d2f38c62d861208453ed5b81ccf41b0,master,prim_secded_hamming_39_32_dec,hw/ip/prim/rtl/prim_secded_hamming_39_32_dec.sv,prim_secded_hamming_39_32_dec,.sv,0,4,0,,,
opentitan,A,https://github.com/lowRISC/opentitan.git,b16f2be75d2f38c62d861208453ed5b81ccf41b0,master,prim_secded_hamming_39_32_enc,hw/ip/prim/rtl/prim_secded_hamming_39_32_enc.sv,prim_secded_hamming_39_32_enc,.sv,0,2,0,,,
opentitan,A,https://github.com/lowRISC/opentitan.git,b16f2be75d2f38c62d861208453ed5b81ccf41b0,master,prim_secded_hamming_72_64_dec,hw/ip/prim/rtl/prim_secded_hamming_72_64_dec.sv,prim_secded_hamming_72_64_dec,.sv,0,4,0,,,
opentitan,A,https://github.com/lowRISC/opentitan.git,b16f2be75d2f38c62d861208453ed5b81ccf41b0,master,prim_secded_hamming_72_64_enc,hw/ip/prim/rtl/prim_secded_hamming_72_64_enc.sv,prim_secded_hamming_72_64_enc,.sv,0,2,0,,,
opentitan,A,https://github.com/lowRISC/opentitan.git,b16f2be75d2f38c62d861208453ed5b81ccf41b0,master,prim_secded_hamming_76_68_dec,hw/ip/prim/rtl/prim_secded_hamming_76_68_dec.sv,prim_secded_hamming_76_68_dec,.sv,0,4,0,,,
opentitan,A,https://github.com/lowRISC/opentitan.git,b16f2be75d2f38c62d861208453ed5b81ccf41b0,master,prim_secded_hamming_76_68_enc,hw/ip/prim/rtl/prim_secded_hamming_76_68_enc.sv,prim_secded_hamming_76_68_enc,.sv,0,2,0,,,
opentitan,A,https://github.com/lowRISC/opentitan.git,b16f2be75d2f38c62d861208453ed5b81ccf41b0,master,prim_secded_inv_22_16_dec,hw/ip/prim/rtl/prim_secded_inv_22_16_dec.sv,prim_secded_inv_22_16_dec,.sv,0,4,0,,,
opentitan,A,https://github.com/lowRISC/opentitan.git,b16f2be75d2f38c62d861208453ed5b81ccf41b0,master,prim_secded_inv_22_16_enc,hw/ip/prim/rtl/prim_secded_inv_22_16_enc.sv,prim_secded_inv_22_16_enc,.sv,0,2,0,,,
opentitan,A,https://github.com/lowRISC/opentitan.git,b16f2be75d2f38c62d861208453ed5b81ccf41b0,master,prim_secded_inv_28_22_dec,hw/ip/prim/rtl/prim_secded_inv_28_22_dec.sv,prim_secded_inv_28_22_dec,.sv,0,4,0,,,
opentitan,A,https://github.com/lowRISC/opentitan.git,b16f2be75d2f38c62d861208453ed5b81ccf41b0,master,prim_secded_inv_28_22_enc,hw/ip/prim/rtl/prim_secded_inv_28_22_enc.sv,prim_secded_inv_28_22_enc,.sv,0,2,0,,,
opentitan,A,https://github.com/lowRISC/opentitan.git,b16f2be75d2f38c62d861208453ed5b81ccf41b0,master,prim_secded_inv_39_32_dec,hw/ip/prim/rtl/prim_secded_inv_39_32_dec.sv,prim_secded_inv_39_32_dec,.sv,0,4,0,,,
opentitan,A,https://github.com/lowRISC/opentitan.git,b16f2be75d2f38c62d861208453ed5b81ccf41b0,master,prim_secded_inv_39_32_enc,hw/ip/prim/rtl/prim_secded_inv_39_32_enc.sv,prim_secded_inv_39_32_enc,.sv,0,2,0,,,
opentitan,A,https://github.com/lowRISC/opentitan.git,b16f2be75d2f38c62d861208453ed5b81ccf41b0,master,prim_secded_inv_64_57_dec,hw/ip/prim/rtl/prim_secded_inv_64_57_dec.sv,prim_secded_inv_64_57_dec,.sv,0,4,0,,,
opentitan,A,https://github.com/lowRISC/opentitan.git,b16f2be75d2f38c62d861208453ed5b81ccf41b0,master,prim_secded_inv_64_57_enc,hw/ip/prim/rtl/prim_secded_inv_64_57_enc.sv,prim_secded_inv_64_57_enc,.sv,0,2,0,,,
opentitan,A,https://github.com/lowRISC/opentitan.git,b16f2be75d2f38c62d861208453ed5b81ccf41b0,master,prim_secded_inv_72_64_dec,hw/ip/prim/rtl/prim_secded_inv_72_64_dec.sv,prim_secded_inv_72_64_dec,.sv,0,4,0,,,
opentitan,A,https://github.com/lowRISC/opentitan.git,b16f2be75d2f38c62d861208453ed5b81ccf41b0,master,prim_secded_inv_72_64_enc,hw/ip/prim/rtl/prim_secded_inv_72_64_enc.sv,prim_secded_inv_72_64_enc,.sv,0,2,0,,,
opentitan,A,https://github.com/lowRISC/opentitan.git,b16f2be75d2f38c62d861208453ed5b81ccf41b0,master,prim_secded_inv_hamming_22_16_dec,hw/ip/prim/rtl/prim_secded_inv_hamming_22_16_dec.sv,prim_secded_inv_hamming_22_16_dec,.sv,0,4,0,,,
opentitan,A,https://github.com/lowRISC/opentitan.git,b16f2be75d2f38c62d861208453ed5b81ccf41b0,master,prim_secded_inv_hamming_22_16_enc,hw/ip/prim/rtl/prim_secded_inv_hamming_22_16_enc.sv,prim_secded_inv_hamming_22_16_enc,.sv,0,2,0,,,
opentitan,A,https://github.com/lowRISC/opentitan.git,b16f2be75d2f38c62d861208453ed5b81ccf41b0,master,prim_secded_inv_hamming_39_32_dec,hw/ip/prim/rtl/prim_secded_inv_hamming_39_32_dec.sv,prim_secded_inv_hamming_39_32_dec,.sv,0,4,0,,,
opentitan,A,https://github.com/lowRISC/opentitan.git,b16f2be75d2f38c62d861208453ed5b81ccf41b0,master,prim_secded_inv_hamming_39_32_enc,hw/ip/prim/rtl/prim_secded_inv_hamming_39_32_enc.sv,prim_secded_inv_hamming_39_32_enc,.sv,0,2,0,,,
opentitan,A,https://github.com/lowRISC/opentitan.git,b16f2be75d2f38c62d861208453ed5b81ccf41b0,master,prim_secded_inv_hamming_72_64_dec,hw/ip/prim/rtl/prim_secded_inv_hamming_72_64_dec.sv,prim_secded_inv_hamming_72_64_dec,.sv,0,4,0,,,
opentitan,A,https://github.com/lowRISC/opentitan.git,b16f2be75d2f38c62d861208453ed5b81ccf41b0,master,prim_secded_inv_hamming_72_64_enc,hw/ip/prim/rtl/prim_secded_inv_hamming_72_64_enc.sv,prim_secded_inv_hamming_72_64_enc,.sv,0,2,0,,,
opentitan,A,https://github.com/lowRISC/opentitan.git,b16f2be75d2f38c62d861208453ed5b81ccf41b0,master,prim_secded_inv_hamming_76_68_dec,hw/ip/prim/rtl/prim_secded_inv_hamming_76_68_dec.sv,prim_secded_inv_hamming_76_68_dec,.sv,0,4,0,,,
opentitan,A,https://github.com/lowRISC/opentitan.git,b16f2be75d2f38c62d861208453ed5b81ccf41b0,master,prim_secded_inv_hamming_76_68_enc,hw/ip/prim/rtl/prim_secded_inv_hamming_76_68_enc.sv,prim_secded_inv_hamming_76_68_enc,.sv,0,2,0,,,
opentitan,A,https://github.com/lowRISC/opentitan.git,b16f2be75d2f38c62d861208453ed5b81ccf41b0,master,prim_sha2,hw/ip/prim/rtl/prim_sha2.sv,prim_sha2,.sv,0,0,2,,,
opentitan,A,https://github.com/lowRISC/opentitan.git,b16f2be75d2f38c62d861208453ed5b81ccf41b0,master,prim_sha2_32,hw/ip/prim/rtl/prim_sha2_32.sv,prim_sha2_32,.sv,0,0,2,,,
opentitan,A,https://github.com/lowRISC/opentitan.git,b16f2be75d2f38c62d861208453ed5b81ccf41b0,master,prim_sha2_pad,hw/ip/prim/rtl/prim_sha2_pad.sv,prim_sha2_pad,.sv,0,0,1,,,
opentitan,A,https://github.com/lowRISC/opentitan.git,b16f2be75d2f38c62d861208453ed5b81ccf41b0,master,prim_slicer,hw/ip/prim/rtl/prim_slicer.sv,prim_slicer,.sv,3,3,0,,,
opentitan,A,https://github.com/lowRISC/opentitan.git,b16f2be75d2f38c62d861208453ed5b81ccf41b0,master,prim_sparse_fsm_flop,hw/ip/prim/rtl/prim_sparse_fsm_flop.sv,prim_sparse_fsm_flop,.sv,5,4,1,clk_i,rst_ni,
opentitan,A,https://github.com/lowRISC/opentitan.git,b16f2be75d2f38c62d861208453ed5b81ccf41b0,master,prim_sram_arbiter,hw/ip/prim/rtl/prim_sram_arbiter.sv,prim_sram_arbiter,.sv,5,19,3,clk_i,rst_ni,req_gnt
opentitan,A,https://github.com/lowRISC/opentitan.git,b16f2be75d2f38c62d861208453ed5b81ccf41b0,master,prim_subreg,hw/ip/prim/rtl/prim_subreg.sv,prim_subreg,.sv,0,0,1,,,
opentitan,A,https://github.com/lowRISC/opentitan.git,b16f2be75d2f38c62d861208453ed5b81ccf41b0,master,prim_subreg_arb,hw/ip/prim/rtl/prim_subreg_arb.sv,prim_subreg_arb,.sv,0,0,0,,,
opentitan,A,https://github.com/lowRISC/opentitan.git,b16f2be75d2f38c62d861208453ed5b81ccf41b0,master,prim_subreg_ext,hw/ip/prim/rtl/prim_subreg_ext.sv,prim_subreg_ext,.sv,1,9,0,,,
opentitan,A,https://github.com/lowRISC/opentitan.git,b16f2be75d2f38c62d861208453ed5b81ccf41b0,master,prim_subreg_shadow,hw/ip/prim/rtl/prim_subreg_shadow.sv,prim_subreg_shadow,.sv,0,0,5,,,
opentitan,A,https://github.com/lowRISC/opentitan.git,b16f2be75d2f38c62d861208453ed5b81ccf41b0,master,prim_subst_perm,hw/ip/prim/rtl/prim_subst_perm.sv,prim_subst_perm,.sv,3,3,0,,,
opentitan,A,https://github.com/lowRISC/opentitan.git,b16f2be75d2f38c62d861208453ed5b81ccf41b0,master,prim_sum_tree,hw/ip/prim/rtl/prim_sum_tree.sv,prim_sum_tree,.sv,5,6,0,clk_i,rst_ni,
opentitan,A,https://github.com/lowRISC/opentitan.git,b16f2be75d2f38c62d861208453ed5b81ccf41b0,master,prim_sync_reqack,hw/ip/prim/rtl/prim_sync_reqack.sv,prim_sync_reqack,.sv,2,9,4,clk_src_i;clk_dst_i,rst_src_ni;rst_dst_ni,
opentitan,A,https://github.com/lowRISC/opentitan.git,b16f2be75d2f38c62d861208453ed5b81ccf41b0,master,prim_sync_reqack_data,hw/ip/prim/rtl/prim_sync_reqack_data.sv,prim_sync_reqack_data,.sv,5,11,1,clk_src_i;clk_dst_i,rst_src_ni;rst_dst_ni,
opentitan,A,https://github.com/lowRISC/opentitan.git,b16f2be75d2f38c62d861208453ed5b81ccf41b0,master,prim_sync_slow_fast,hw/ip/prim/rtl/prim_sync_slow_fast.sv,prim_sync_slow_fast,.sv,1,5,1,clk_slow_i;clk_fast_i,rst_fast_ni,
opentitan,A,https://github.com/lowRISC/opentitan.git,b16f2be75d2f38c62d861208453ed5b81ccf41b0,master,prim_trivium,hw/ip/prim/rtl/prim_trivium.sv,prim_trivium,.sv,0,0,0,,,
opentitan,A,https://github.com/lowRISC/opentitan.git,b16f2be75d2f38c62d861208453ed5b81ccf41b0,master,prim_xoshiro256pp,hw/ip/prim/rtl/prim_xoshiro256pp.sv,prim_xoshiro256pp,.sv,3,8,0,clk_i,rst_ni,
picorv32,B,https://github.com/YosysHQ/picorv32.git,a473fc8fca393771d83b0ffcf0b14db3393339d8,main,axi4_memory,testbench.v,testbench,.v,2,19,0,clk,,valid_ready
picorv32,B,https://github.com/YosysHQ/picorv32.git,a473fc8fca393771d83b0ffcf0b14db3393339d8,main,picorv32,picorv32.v,picorv32,.v,26,56,4,clk,resetn,valid_ready
picorv32,B,https://github.com/YosysHQ/picorv32.git,a473fc8fca393771d83b0ffcf0b14db3393339d8,main,picorv32_axi,picorv32.v,picorv32,.v,25,51,2,clk,resetn,valid_ready
picorv32,B,https://github.com/YosysHQ/picorv32.git,a473fc8fca393771d83b0ffcf0b14db3393339d8,main,picorv32_axi_adapter,picorv32.v,picorv32,.v,0,26,0,clk,resetn,valid_ready
picorv32,B,https://github.com/YosysHQ/picorv32.git,a473fc8fca393771d83b0ffcf0b14db3393339d8,main,picorv32_pcpi_div,picorv32.v,picorv32,.v,0,10,0,clk,resetn,valid_ready
picorv32,B,https://github.com/YosysHQ/picorv32.git,a473fc8fca393771d83b0ffcf0b14db3393339d8,main,picorv32_pcpi_fast_mul,picorv32.v,picorv32,.v,3,10,0,clk,resetn,valid_ready
picorv32,B,https://github.com/YosysHQ/picorv32.git,a473fc8fca393771d83b0ffcf0b14db3393339d8,main,picorv32_pcpi_mul,picorv32.v,picorv32,.v,2,10,0,clk,resetn,valid_ready
picorv32,B,https://github.com/YosysHQ/picorv32.git,a473fc8fca393771d83b0ffcf0b14db3393339d8,main,picorv32_regs,picorv32.v,picorv32,.v,0,8,0,clk,,
picorv32,B,https://github.com/YosysHQ/picorv32.git,a473fc8fca393771d83b0ffcf0b14db3393339d8,main,picorv32_wb,picorv32.v,picorv32,.v,25,43,1,wb_clk_i,wb_rst_i,valid_ready
picorv32,B,https://github.com/YosysHQ/picorv32.git,a473fc8fca393771d83b0ffcf0b14db3393339d8,main,picorv32_wrapper,testbench.v,testbench,.v,2,5,3,clk,resetn,
picorv32,B,https://github.com/YosysHQ/picorv32.git,a473fc8fca393771d83b0ffcf0b14db3393339d8,main,picorv32_wrapper,testbench_wb.v,testbench_wb,.v,1,5,2,wb_clk,wb_rst,
picorv32,B,https://github.com/YosysHQ/picorv32.git,a473fc8fca393771d83b0ffcf0b14db3393339d8,main,testbench,testbench.v,testbench,.v,2,0,1,,,
picorv32,B,https://github.com/YosysHQ/picorv32.git,a473fc8fca393771d83b0ffcf0b14db3393339d8,main,testbench,testbench_ez.v,testbench_ez,.v,0,0,1,,,
picorv32,B,https://github.com/YosysHQ/picorv32.git,a473fc8fca393771d83b0ffcf0b14db3393339d8,main,testbench,testbench_wb.v,testbench_wb,.v,1,0,1,,,
picorv32,B,https://github.com/YosysHQ/picorv32.git,a473fc8fca393771d83b0ffcf0b14db3393339d8,main,wb_ram,testbench_wb.v,testbench_wb,.v,3,12,0,wb_clk_i,wb_rst_i,
pulp_axi,A,https://github.com/pulp-platform/axi.git,4da15979747f326bde2f9869c64e587ce599772c,master,axi_atop_filter,src/axi_atop_filter.sv,axi_atop_filter,.sv,4,6,2,clk_i,rst_ni,
pulp_axi,A,https://github.com/pulp-platform/axi.git,4da15979747f326bde2f9869c64e587ce599772c,master,axi_atop_filter_intf,src/axi_atop_filter.sv,axi_atop_filter,.sv,5,4,1,clk_i,rst_ni,
pulp_axi,A,https://github.com/pulp-platform/axi.git,4da15979747f326bde2f9869c64e587ce599772c,master,axi_burst_counters,src/axi_burst_unwrap.sv,axi_burst_unwrap,.sv,3,13,3,clk_i,rst_ni,req_gnt
pulp_axi,A,https://github.com/pulp-platform/axi.git,4da15979747f326bde2f9869c64e587ce599772c,master,axi_burst_splitter,src/axi_burst_splitter.sv,axi_burst_splitter,.sv,9,6,1,clk_i,rst_ni,
pulp_axi,A,https://github.com/pulp-platform/axi.git,4da15979747f326bde2f9869c64e587ce599772c,master,axi_burst_splitter_gran,src/axi_burst_splitter_gran.sv,axi_burst_splitter_gran,.sv,16,7,6,clk_i,rst_ni,
pulp_axi,A,https://github.com/pulp-platform/axi.git,4da15979747f326bde2f9869c64e587ce599772c,master,axi_burst_splitter_gran_ax_chan,src/axi_burst_splitter_gran.sv,axi_burst_splitter_gran,.sv,6,16,2,clk_i,rst_ni,valid_ready;req_gnt
pulp_axi,A,https://github.com/pulp-platform/axi.git,4da15979747f326bde2f9869c64e587ce599772c,master,axi_burst_splitter_gran_counters,src/axi_burst_splitter_gran.sv,axi_burst_splitter_gran,.sv,6,14,4,clk_i,rst_ni,req_gnt
pulp_axi,A,https://github.com/pulp-platform/axi.git,4da15979747f326bde2f9869c64e587ce599772c,master,axi_burst_unwrap,src/axi_burst_unwrap.sv,axi_burst_unwrap,.sv,8,6,5,clk_i,rst_ni,
pulp_axi,A,https://github.com/pulp-platform/axi.git,4da15979747f326bde2f9869c64e587ce599772c,master,axi_burst_unwrap_ax_chan,src/axi_burst_unwrap.sv,axi_burst_unwrap,.sv,6,15,3,clk_i,rst_ni,valid_ready;req_gnt
pulp_axi,A,https://github.com/pulp-platform/axi.git,4da15979747f326bde2f9869c64e587ce599772c,master,axi_bus_compare,src/axi_bus_compare.sv,axi_bus_compare,.sv,12,18,21,clk_i,rst_ni,
pulp_axi,A,https://github.com/pulp-platform/axi.git,4da15979747f326bde2f9869c64e587ce599772c,master,axi_cdc,src/axi_cdc.sv,axi_cdc,.sv,9,8,2,src_clk_i;dst_clk_i,src_rst_ni;dst_rst_ni,
pulp_axi,A,https://github.com/pulp-platform/axi.git,4da15979747f326bde2f9869c64e587ce599772c,master,axi_cdc_dst,src/axi_cdc_dst.sv,axi_cdc_dst,.sv,9,19,5,dst_clk_i,dst_rst_ni,
pulp_axi,A,https://github.com/pulp-platform/axi.git,4da15979747f326bde2f9869c64e587ce599772c,master,axi_cdc_dst_intf,src/axi_cdc_dst.sv,axi_cdc_dst,.sv,6,4,1,dst_clk_i,dst_rst_ni,
pulp_axi,A,https://github.com/pulp-platform/axi.git,4da15979747f326bde2f9869c64e587ce599772c,master,axi_cdc_intf,src/axi_cdc.sv,axi_cdc,.sv,6,6,1,src_clk_i;dst_clk_i,src_rst_ni;dst_rst_ni,
pulp_axi,A,https://github.com/pulp-platform/axi.git,4da15979747f326bde2f9869c64e587ce599772c,master,axi_cdc_src,src/axi_cdc_src.sv,axi_cdc_src,.sv,9,19,5,src_clk_i,src_rst_ni,
pulp_axi,A,https://github.com/pulp-platform/axi.git,4da15979747f326bde2f9869c64e587ce599772c,master,axi_cdc_src_intf,src/axi_cdc_src.sv,axi_cdc_src,.sv,6,4,1,src_clk_i,src_rst_ni,
pulp_axi,A,https://github.com/pulp-platform/axi.git,4da15979747f326bde2f9869c64e587ce599772c,master,axi_chan_compare,src/axi_chan_compare.sv,axi_chan_compare,.sv,10,6,0,clk_a_i;clk_b_i,,
pulp_axi,A,https://github.com/pulp-platform/axi.git,4da15979747f326bde2f9869c64e587ce599772c,master,axi_chan_logger,src/axi_test.sv,axi_test,.sv,7,18,0,clk_i,rst_ni,valid_ready
pulp_axi,A,https://github.com/pulp-platform/axi.git,4da15979747f326bde2f9869c64e587ce599772c,master,axi_cut,src/axi_cut.sv,axi_cut,.sv,13,6,5,clk_i,rst_ni,
pulp_axi,A,https://github.com/pulp-platform/axi.git,4da15979747f326bde2f9869c64e587ce599772c,master,axi_cut_intf,src/axi_cut.sv,axi_cut,.sv,10,4,1,clk_i,rst_ni,
pulp_axi,A,https://github.com/pulp-platform/axi.git,4da15979747f326bde2f9869c64e587ce599772c,master,axi_delayer,src/axi_delayer.sv,axi_delayer,.sv,11,6,5,clk_i,rst_ni,
pulp_axi,A,https://github.com/pulp-platform/axi.git,4da15979747f326bde2f9869c64e587ce599772c,master,axi_delayer_intf,src/axi_delayer.sv,axi_delayer,.sv,8,4,1,clk_i,rst_ni,
pulp_axi,A,https://github.com/pulp-platform/axi.git,4da15979747f326bde2f9869c64e587ce599772c,master,axi_demux,src/axi_demux.sv,axi_demux,.sv,20,9,8,clk_i,rst_ni,
pulp_axi,A,https://github.com/pulp-platform/axi.git,4da15979747f326bde2f9869c64e587ce599772c,master,axi_demux_id_counters,src/axi_demux_id_counters.sv,axi_demux_id_counters,.sv,3,14,2,clk_i,rst_ni,
pulp_axi,A,https://github.com/pulp-platform/axi.git,4da15979747f326bde2f9869c64e587ce599772c,master,axi_demux_intf,src/axi_demux.sv,axi_demux,.sv,16,7,1,clk_i,rst_ni,
pulp_axi,A,https://github.com/pulp-platform/axi.git,4da15979747f326bde2f9869c64e587ce599772c,master,axi_demux_simple,src/axi_demux_simple.sv,axi_demux_simple,.sv,10,9,5,clk_i,rst_ni,
pulp_axi,A,https://github.com/pulp-platform/axi.git,4da15979747f326bde2f9869c64e587ce599772c,master,axi_dumper,src/axi_dumper.sv,axi_dumper,.sv,8,4,0,clk_i,rst_ni,
pulp_axi,A,https://github.com/pulp-platform/axi.git,4da15979747f326bde2f9869c64e587ce599772c,master,axi_dumper_intf,src/axi_dumper.sv,axi_dumper,.sv,10,3,1,clk_i,rst_ni,
pulp_axi,A,https://github.com/pulp-platform/axi.git,4da15979747f326bde2f9869c64e587ce599772c,master,axi_dw_converter,src/axi_dw_converter.sv,axi_dw_converter,.sv,16,6,2,clk_i,rst_ni,
pulp_axi,A,https://github.com/pulp-platform/axi.git,4da15979747f326bde2f9869c64e587ce599772c,master,axi_dw_converter_intf,src/axi_dw_converter.sv,axi_dw_converter,.sv,6,4,1,clk_i,rst_ni,
pulp_axi,A,https://github.com/pulp-platform/axi.git,4da15979747f326bde2f9869c64e587ce599772c,master,axi_dw_downsizer,src/axi_dw_downsizer.sv,axi_dw_downsizer,.sv,16,6,9,clk_i,rst_ni,
pulp_axi,A,https://github.com/pulp-platform/axi.git,4da15979747f326bde2f9869c64e587ce599772c,master,axi_dw_upsizer,src/axi_dw_upsizer.sv,axi_dw_upsizer,.sv,16,6,9,clk_i,rst_ni,
pulp_axi,A,https://github.com/pulp-platform/axi.git,4da15979747f326bde2f9869c64e587ce599772c,master,axi_err_slv,src/axi_err_slv.sv,axi_err_slv,.sv,8,5,5,clk_i,rst_ni,
pulp_axi,A,https://github.com/pulp-platform/axi.git,4da15979747f326bde2f9869c64e587ce599772c,master,axi_fifo,src/axi_fifo.sv,axi_fifo,.sv,9,7,5,clk_i,rst_ni,
pulp_axi,A,https://github.com/pulp-platform/axi.git,4da15979747f326bde2f9869c64e587ce599772c,master,axi_fifo_delay_dyn,src/axi_fifo_delay_dyn.sv,axi_fifo_delay_dyn,.sv,14,11,5,clk_i,rst_ni,
pulp_axi,A,https://github.com/pulp-platform/axi.git,4da15979747f326bde2f9869c64e587ce599772c,master,axi_fifo_delay_dyn_intf,src/axi_fifo_delay_dyn.sv,axi_fifo_delay_dyn,.sv,11,9,1,clk_i,rst_ni,
pulp_axi,A,https://github.com/pulp-platform/axi.git,4da15979747f326bde2f9869c64e587ce599772c,master,axi_fifo_intf,src/axi_fifo.sv,axi_fifo,.sv,6,5,1,clk_i,rst_ni,
pulp_axi,A,https://github.com/pulp-platform/axi.git,4da15979747f326bde2f9869c64e587ce599772c,master,axi_from_mem,src/axi_from_mem.sv,axi_from_mem,.sv,7,15,2,clk_i,rst_ni,req_gnt
pulp_axi,A,https://github.com/pulp-platform/axi.git,4da15979747f326bde2f9869c64e587ce599772c,master,axi_id_prepend,src/axi_id_prepend.sv,axi_id_prepend,.sv,14,31,0,,,
pulp_axi,A,https://github.com/pulp-platform/axi.git,4da15979747f326bde2f9869c64e587ce599772c,master,axi_id_remap,src/axi_id_remap.sv,axi_id_remap,.sv,8,6,4,clk_i,rst_ni,
pulp_axi,A,https://github.com/pulp-platform/axi.git,4da15979747f326bde2f9869c64e587ce599772c,master,axi_id_remap_intf,src/axi_id_remap.sv,axi_id_remap,.sv,7,4,1,clk_i,rst_ni,
pulp_axi,A,https://github.com/pulp-platform/axi.git,4da15979747f326bde2f9869c64e587ce599772c,master,axi_id_remap_table,src/axi_id_remap.sv,axi_id_remap,.sv,7,15,2,clk_i,rst_ni,
pulp_axi,A,https://github.com/pulp-platform/axi.git,4da15979747f326bde2f9869c64e587ce599772c,master,axi_id_serialize,src/axi_id_serialize.sv,axi_id_serialize,.sv,16,6,4,clk_i,rst_ni,
pulp_axi,A,https://github.com/pulp-platform/axi.git,4da15979747f326bde2f9869c64e587ce599772c,master,axi_id_serialize_intf,src/axi_id_serialize.sv,axi_id_serialize,.sv,8,4,1,clk_i,rst_ni,
pulp_axi,A,https://github.com/pulp-platform/axi.git,4da15979747f326bde2f9869c64e587ce599772c,master,axi_interleaved_xbar,src/axi_interleaved_xbar.sv,axi_interleaved_xbar,.sv,0,0,5,,,
pulp_axi,A,https://github.com/pulp-platform/axi.git,4da15979747f326bde2f9869c64e587ce599772c,master,axi_interleaved_xbar_intf,src/axi_interleaved_xbar.sv,axi_interleaved_xbar,.sv,0,0,1,,,
pulp_axi,A,https://github.com/pulp-platform/axi.git,4da15979747f326bde2f9869c64e587ce599772c,master,axi_inval_filter,src/axi_inval_filter.sv,axi_inval_filter,.sv,6,10,2,clk_i,rst_ni,valid_ready
pulp_axi,A,https://github.com/pulp-platform/axi.git,4da15979747f326bde2f9869c64e587ce599772c,master,axi_isolate,src/axi_isolate.sv,axi_isolate,.sv,9,8,3,clk_i,rst_ni,
pulp_axi,A,https://github.com/pulp-platform/axi.git,4da15979747f326bde2f9869c64e587ce599772c,master,axi_isolate_inner,src/axi_isolate.sv,axi_isolate,.sv,3,8,1,clk_i,rst_ni,
pulp_axi,A,https://github.com/pulp-platform/axi.git,4da15979747f326bde2f9869c64e587ce599772c,master,axi_isolate_intf,src/axi_isolate.sv,axi_isolate,.sv,7,6,1,clk_i,rst_ni,
pulp_axi,A,https://github.com/pulp-platform/axi.git,4da15979747f326bde2f9869c64e587ce599772c,master,axi_iw_converter,src/axi_iw_converter.sv,axi_iw_converter,.sv,14,6,3,clk_i,rst_ni,
pulp_axi,A,https://github.com/pulp-platform/axi.git,4da15979747f326bde2f9869c64e587ce599772c,master,axi_iw_converter_intf,src/axi_iw_converter.sv,axi_iw_converter,.sv,10,4,1,clk_i,rst_ni,
pulp_axi,A,https://github.com/pulp-platform/axi.git,4da15979747f326bde2f9869c64e587ce599772c,master,axi_join_intf,src/axi_join.sv,axi_join,.sv,0,2,0,,,
pulp_axi,A,https://github.com/pulp-platform/axi.git,4da15979747f326bde2f9869c64e587ce599772c,master,axi_lfsr,src/axi_lfsr.sv,axi_lfsr,.sv,6,11,2,clk_i,rst_ni,
pulp_axi,A,https://github.com/pulp-platform/axi.git,4da15979747f326bde2f9869c64e587ce599772c,master,axi_lite_cdc_dst_intf,src/axi_cdc_dst.sv,axi_cdc_dst,.sv,4,4,1,dst_clk_i,dst_rst_ni,
pulp_axi,A,https://github.com/pulp-platform/axi.git,4da15979747f326bde2f9869c64e587ce599772c,master,axi_lite_cdc_intf,src/axi_cdc.sv,axi_cdc,.sv,4,6,1,src_clk_i;dst_clk_i,src_rst_ni;dst_rst_ni,
pulp_axi,A,https://github.com/pulp-platform/axi.git,4da15979747f326bde2f9869c64e587ce599772c,master,axi_lite_cdc_src_intf,src/axi_cdc_src.sv,axi_cdc_src,.sv,4,4,1,src_clk_i,src_rst_ni,
pulp_axi,A,https://github.com/pulp-platform/axi.git,4da15979747f326bde2f9869c64e587ce599772c,master,axi_lite_cut_intf,src/axi_cut.sv,axi_cut,.sv,8,4,1,clk_i,rst_ni,
pulp_axi,A,https://github.com/pulp-platform/axi.git,4da15979747f326bde2f9869c64e587ce599772c,master,axi_lite_demux,src/axi_lite_demux.sv,axi_lite_demux,.sv,16,9,8,clk_i,rst_ni,
pulp_axi,A,https://github.com/pulp-platform/axi.git,4da15979747f326bde2f9869c64e587ce599772c,master,axi_lite_demux_intf,src/axi_lite_demux.sv,axi_lite_demux,.sv,11,7,1,clk_i,rst_ni,
pulp_axi,A,https://github.com/pulp-platform/axi.git,4da15979747f326bde2f9869c64e587ce599772c,master,axi_lite_dw_converter,src/axi_lite_dw_converter.sv,axi_lite_dw_converter,.sv,14,6,5,clk_i,rst_ni,
pulp_axi,A,https://github.com/pulp-platform/axi.git,4da15979747f326bde2f9869c64e587ce599772c,master,axi_lite_dw_converter_intf,src/axi_lite_dw_converter.sv,axi_lite_dw_converter,.sv,3,4,1,clk_i,rst_ni,
pulp_axi,A,https://github.com/pulp-platform/axi.git,4da15979747f326bde2f9869c64e587ce599772c,master,axi_lite_from_mem,src/axi_lite_from_mem.sv,axi_lite_from_mem,.sv,11,13,2,clk_i,rst_ni,req_gnt
pulp_axi,A,https://github.com/pulp-platform/axi.git,4da15979747f326bde2f9869c64e587ce599772c,master,axi_lite_join_intf,src/axi_lite_join.sv,axi_lite_join,.sv,0,2,0,,,
pulp_axi,A,https://github.com/pulp-platform/axi.git,4da15979747f326bde2f9869c64e587ce599772c,master,axi_lite_lfsr,src/axi_lite_lfsr.sv,axi_lite_lfsr,.sv,3,11,3,clk_i,rst_ni,
pulp_axi,A,https://github.com/pulp-platform/axi.git,4da15979747f326bde2f9869c64e587ce599772c,master,axi_lite_mailbox,src/axi_lite_mailbox.sv,axi_lite_mailbox,.sv,8,7,4,clk_i,rst_ni,
pulp_axi,A,https://github.com/pulp-platform/axi.git,4da15979747f326bde2f9869c64e587ce599772c,master,axi_lite_mailbox_intf,src/axi_lite_mailbox.sv,axi_lite_mailbox,.sv,6,6,1,clk_i,rst_ni,
pulp_axi,A,https://github.com/pulp-platform/axi.git,4da15979747f326bde2f9869c64e587ce599772c,master,axi_lite_mailbox_slave,src/axi_lite_mailbox.sv,axi_lite_mailbox,.sv,8,17,5,clk_i,rst_ni,
pulp_axi,A,https://github.com/pulp-platform/axi.git,4da15979747f326bde2f9869c64e587ce599772c,master,axi_lite_multicut_intf,src/axi_multicut.sv,axi_multicut,.sv,3,4,1,clk_i,rst_ni,
pulp_axi,A,https://github.com/pulp-platform/axi.git,4da15979747f326bde2f9869c64e587ce599772c,master,axi_lite_mux,src/axi_lite_mux.sv,axi_lite_mux,.sv,15,7,10,clk_i,rst_ni,
pulp_axi,A,https://github.com/pulp-platform/axi.git,4da15979747f326bde2f9869c64e587ce599772c,master,axi_lite_mux_intf,src/axi_lite_mux.sv,axi_lite_mux,.sv,10,5,1,clk_i,rst_ni,
pulp_axi,A,https://github.com/pulp-platform/axi.git,4da15979747f326bde2f9869c64e587ce599772c,master,axi_lite_regs,src/axi_lite_regs.sv,axi_lite_regs,.sv,10,9,4,clk_i,rst_ni,
pulp_axi,A,https://github.com/pulp-platform/axi.git,4da15979747f326bde2f9869c64e587ce599772c,master,axi_lite_regs_intf,src/axi_lite_regs.sv,axi_lite_regs,.sv,8,8,1,clk_i,rst_ni,
pulp_axi,A,https://github.com/pulp-platform/axi.git,4da15979747f326bde2f9869c64e587ce599772c,master,axi_lite_to_apb,src/axi_lite_to_apb.sv,axi_lite_to_apb,.sv,11,7,9,clk_i,rst_ni,
pulp_axi,A,https://github.com/pulp-platform/axi.git,4da15979747f326bde2f9869c64e587ce599772c,master,axi_lite_to_apb_intf,src/axi_lite_to_apb.sv,axi_lite_to_apb,.sv,11,14,2,clk_i,rst_ni,
pulp_axi,A,https://github.com/pulp-platform/axi.git,4da15979747f326bde2f9869c64e587ce599772c,master,axi_lite_to_axi,src/axi_lite_to_axi.sv,axi_lite_to_axi,.sv,5,6,0,,,
pulp_axi,A,https://github.com/pulp-platform/axi.git,4da15979747f326bde2f9869c64e587ce599772c,master,axi_lite_to_axi_intf,src/axi_lite_to_axi.sv,axi_lite_to_axi,.sv,1,4,0,,,
pulp_axi,A,https://github.com/pulp-platform/axi.git,4da15979747f326bde2f9869c64e587ce599772c,master,axi_lite_xbar,src/axi_lite_xbar.sv,axi_lite_xbar,.sv,10,10,6,clk_i,rst_ni,
pulp_axi,A,https://github.com/pulp-platform/axi.git,4da15979747f326bde2f9869c64e587ce599772c,master,axi_lite_xbar_intf,src/axi_lite_xbar.sv,axi_lite_xbar,.sv,2,8,1,clk_i,rst_ni,
pulp_axi,A,https://github.com/pulp-platform/axi.git,4da15979747f326bde2f9869c64e587ce599772c,master,axi_modify_address,src/axi_modify_address.sv,axi_modify_address,.sv,4,6,0,,,
pulp_axi,A,https://github.com/pulp-platform/axi.git,4da15979747f326bde2f9869c64e587ce599772c,master,axi_modify_address_intf,src/axi_modify_address.sv,axi_modify_address,.sv,6,4,1,,,
pulp_axi,A,https://github.com/pulp-platform/axi.git,4da15979747f326bde2f9869c64e587ce599772c,master,axi_multicut,src/axi_multicut.sv,axi_multicut,.sv,8,6,1,clk_i,rst_ni,
pulp_axi,A,https://github.com/pulp-platform/axi.git,4da15979747f326bde2f9869c64e587ce599772c,master,axi_multicut_intf,src/axi_multicut.sv,axi_multicut,.sv,5,4,1,clk_i,rst_ni,
pulp_axi,A,https://github.com/pulp-platform/axi.git,4da15979747f326bde2f9869c64e587ce599772c,master,axi_mux,src/axi_mux.sv,axi_mux,.sv,22,7,9,clk_i,rst_ni,
pulp_axi,A,https://github.com/pulp-platform/axi.git,4da15979747f326bde2f9869c64e587ce599772c,master,axi_mux_intf,src/axi_mux.sv,axi_mux,.sv,13,5,1,clk_i,rst_ni,
pulp_axi,A,https://github.com/pulp-platform/axi.git,4da15979747f326bde2f9869c64e587ce599772c,master,axi_opt_lfsr,src/axi_lite_lfsr.sv,axi_lite_lfsr,.sv,1,9,0,clk_i,rst_ni,
pulp_axi,A,https://github.com/pulp-platform/axi.git,4da15979747f326bde2f9869c64e587ce599772c,master,axi_rw_join,src/axi_rw_join.sv,axi_rw_join,.sv,2,8,0,clk_i,rst_ni,
pulp_axi,A,https://github.com/pulp-platform/axi.git,4da15979747f326bde2f9869c64e587ce599772c,master,axi_rw_split,src/axi_rw_split.sv,axi_rw_split,.sv,2,8,0,clk_i,rst_ni,
pulp_axi,A,https://github.com/pulp-platform/axi.git,4da15979747f326bde2f9869c64e587ce599772c,master,axi_serializer,src/axi_serializer.sv,axi_serializer,.sv,5,6,3,clk_i,rst_ni,
pulp_axi,A,https://github.com/pulp-platform/axi.git,4da15979747f326bde2f9869c64e587ce599772c,master,axi_serializer_intf,src/axi_serializer.sv,axi_serializer,.sv,6,4,1,clk_i,rst_ni,
pulp_axi,A,https://github.com/pulp-platform/axi.git,4da15979747f326bde2f9869c64e587ce599772c,master,axi_sim_mem,src/axi_sim_mem.sv,axi_sim_mem,.sv,12,18,0,clk_i,rst_ni,
pulp_axi,A,https://github.com/pulp-platform/axi.git,4da15979747f326bde2f9869c64e587ce599772c,master,axi_sim_mem_intf,src/axi_sim_mem.sv,axi_sim_mem,.sv,9,17,1,clk_i,rst_ni,
pulp_axi,A,https://github.com/pulp-platform/axi.git,4da15979747f326bde2f9869c64e587ce599772c,master,axi_sim_mem_multiport_intf,src/axi_sim_mem.sv,axi_sim_mem,.sv,10,17,1,clk_i,rst_ni,
pulp_axi,A,https://github.com/pulp-platform/axi.git,4da15979747f326bde2f9869c64e587ce599772c,master,axi_slave_compare,src/axi_slave_compare.sv,axi_slave_compare,.sv,12,16,4,clk_i,rst_ni,
pulp_axi,A,https://github.com/pulp-platform/axi.git,4da15979747f326bde2f9869c64e587ce599772c,master,axi_throttle,src/axi_throttle.sv,axi_throttle,.sv,8,8,2,clk_i,rst_ni,
pulp_axi,A,https://github.com/pulp-platform/axi.git,4da15979747f326bde2f9869c64e587ce599772c,master,axi_to_axi_lite,src/axi_to_axi_lite.sv,axi_to_axi_lite,.sv,12,7,3,clk_i,rst_ni,
pulp_axi,A,https://github.com/pulp-platform/axi.git,4da15979747f326bde2f9869c64e587ce599772c,master,axi_to_axi_lite_id_reflect,src/axi_to_axi_lite.sv,axi_to_axi_lite,.sv,8,7,2,clk_i,rst_ni,
pulp_axi,A,https://github.com/pulp-platform/axi.git,4da15979747f326bde2f9869c64e587ce599772c,master,axi_to_axi_lite_intf,src/axi_to_axi_lite.sv,axi_to_axi_lite,.sv,8,5,1,clk_i,rst_ni,
pulp_axi,A,https://github.com/pulp-platform/axi.git,4da15979747f326bde2f9869c64e587ce599772c,master,axi_to_detailed_mem,src/axi_to_detailed_mem.sv,axi_to_detailed_mem,.sv,15,23,7,clk_i,rst_ni,req_gnt
pulp_axi,A,https://github.com/pulp-platform/axi.git,4da15979747f326bde2f9869c64e587ce599772c,master,axi_to_detailed_mem_intf,src/axi_to_detailed_mem.sv,axi_to_detailed_mem,.sv,13,22,1,clk_i,rst_ni,req_gnt
pulp_axi,A,https://github.com/pulp-platform/axi.git,4da15979747f326bde2f9869c64e587ce599772c,master,axi_to_mem,src/axi_to_mem.sv,axi_to_mem,.sv,12,14,1,clk_i,rst_ni,req_gnt
pulp_axi,A,https://github.com/pulp-platform/axi.git,4da15979747f326bde2f9869c64e587ce599772c,master,axi_to_mem_banked,src/axi_to_mem_banked.sv,axi_to_mem_banked,.sv,20,14,4,clk_i,rst_ni,req_gnt
pulp_axi,A,https://github.com/pulp-platform/axi.git,4da15979747f326bde2f9869c64e587ce599772c,master,axi_to_mem_banked_intf,src/axi_to_mem_banked.sv,axi_to_mem_banked,.sv,14,13,1,clk_i,rst_ni,req_gnt
pulp_axi,A,https://github.com/pulp-platform/axi.git,4da15979747f326bde2f9869c64e587ce599772c,master,axi_to_mem_interleaved,src/axi_to_mem_interleaved.sv,axi_to_mem_interleaved,.sv,12,15,5,clk_i,rst_ni,req_gnt
pulp_axi,A,https://github.com/pulp-platform/axi.git,4da15979747f326bde2f9869c64e587ce599772c,master,axi_to_mem_interleaved_intf,src/axi_to_mem_interleaved.sv,axi_to_mem_interleaved,.sv,12,14,1,clk_i,rst_ni,req_gnt
pulp_axi,A,https://github.com/pulp-platform/axi.git,4da15979747f326bde2f9869c64e587ce599772c,master,axi_to_mem_intf,src/axi_to_mem.sv,axi_to_mem,.sv,11,13,1,clk_i,rst_ni,req_gnt
pulp_axi,A,https://github.com/pulp-platform/axi.git,4da15979747f326bde2f9869c64e587ce599772c,master,axi_to_mem_split,src/axi_to_mem_split.sv,axi_to_mem_split,.sv,13,15,3,clk_i,rst_ni,req_gnt
pulp_axi,A,https://github.com/pulp-platform/axi.git,4da15979747f326bde2f9869c64e587ce599772c,master,axi_to_mem_split_intf,src/axi_to_mem_split.sv,axi_to_mem_split,.sv,12,14,1,clk_i,rst_ni,req_gnt
pulp_axi,A,https://github.com/pulp-platform/axi.git,4da15979747f326bde2f9869c64e587ce599772c,master,axi_xbar,src/axi_xbar.sv,axi_xbar,.sv,0,0,2,,,
pulp_axi,A,https://github.com/pulp-platform/axi.git,4da15979747f326bde2f9869c64e587ce599772c,master,axi_xbar_intf,src/axi_xbar.sv,axi_xbar,.sv,0,0,1,,,
pulp_axi,A,https://github.com/pulp-platform/axi.git,4da15979747f326bde2f9869c64e587ce599772c,master,axi_xbar_unmuxed,src/axi_xbar_unmuxed.sv,axi_xbar_unmuxed,.sv,0,0,2,,,
pulp_axi,A,https://github.com/pulp-platform/axi.git,4da15979747f326bde2f9869c64e587ce599772c,master,axi_xbar_unmuxed_intf,src/axi_xbar_unmuxed.sv,axi_xbar_unmuxed,.sv,0,0,1,,,
pulp_axi,A,https://github.com/pulp-platform/axi.git,4da15979747f326bde2f9869c64e587ce599772c,master,axi_xp,src/axi_xp.sv,axi_xp,.sv,18,8,2,clk_i,rst_ni,
pulp_axi,A,https://github.com/pulp-platform/axi.git,4da15979747f326bde2f9869c64e587ce599772c,master,axi_xp_intf,src/axi_xp.sv,axi_xp,.sv,0,0,1,,,
pulp_axi,A,https://github.com/pulp-platform/axi.git,4da15979747f326bde2f9869c64e587ce599772c,master,axi_zero_mem,src/axi_zero_mem.sv,axi_zero_mem,.sv,10,5,1,clk_i,rst_ni,
pulp_axi,A,https://github.com/pulp-platform/axi.git,4da15979747f326bde2f9869c64e587ce599772c,master,may,src/axi_err_slv.sv,axi_err_slv,.sv,0,0,0,,,
pulp_axi,A,https://github.com/pulp-platform/axi.git,4da15979747f326bde2f9869c64e587ce599772c,master,mem_stream_to_banks_detailed,src/axi_to_detailed_mem.sv,axi_to_detailed_mem,.sv,16,23,2,clk_i,rst_ni,valid_ready;req_gnt
pulp_axi,A,https://github.com/pulp-platform/axi.git,4da15979747f326bde2f9869c64e587ce599772c,master,stream_fifo_delay_dyn,src/axi_fifo_delay_dyn.sv,axi_fifo_delay_dyn,.sv,4,9,5,clk_i,rst_ni,valid_ready
pulp_common_cells,A,https://github.com/pulp-platform/common_cells.git,db42769334b4589b4b3fc671b34513bdb98be565,master,addr_decode,src/deprecated/addr_decode.sv,addr_decode,.sv,7,7,1,,,
pulp_common_cells,A,https://github.com/pulp-platform/common_cells.git,db42769334b4589b4b3fc671b34513bdb98be565,master,addr_decode_dync,src/deprecated/addr_decode_dync.sv,addr_decode_dync,.sv,7,8,1,,,
pulp_common_cells,A,https://github.com/pulp-platform/common_cells.git,db42769334b4589b4b3fc671b34513bdb98be565,master,addr_decode_napot,src/deprecated/addr_decode_napot.sv,addr_decode_napot,.sv,6,7,1,,,
pulp_common_cells,A,https://github.com/pulp-platform/common_cells.git,db42769334b4589b4b3fc671b34513bdb98be565,master,binary_to_gray,src/deprecated/binary_to_gray.sv,binary_to_gray,.sv,1,2,1,,,
pulp_common_cells,A,https://github.com/pulp-platform/common_cells.git,db42769334b4589b4b3fc671b34513bdb98be565,master,boxcar,src/deprecated/boxcar.sv,boxcar,.sv,1,3,1,,,
pulp_common_cells,A,https://github.com/pulp-platform/common_cells.git,db42769334b4589b4b3fc671b34513bdb98be565,master,cb_filter,src/deprecated/cb_filter.sv,cb_filter,.sv,6,13,1,clk_i,rst_ni,
pulp_common_cells,A,https://github.com/pulp-platform/common_cells.git,db42769334b4589b4b3fc671b34513bdb98be565,master,cc_addr_decode,src/cc_addr_decode.sv,cc_addr_decode,.sv,7,7,1,,,
pulp_common_cells,A,https://github.com/pulp-platform/common_cells.git,db42769334b4589b4b3fc671b34513bdb98be565,master,cc_addr_decode_dync,src/cc_addr_decode_dync.sv,cc_addr_decode_dync,.sv,7,8,0,,,
pulp_common_cells,A,https://github.com/pulp-platform/common_cells.git,db42769334b4589b4b3fc671b34513bdb98be565,master,cc_addr_decode_napot,src/cc_addr_decode_napot.sv,cc_addr_decode_napot,.sv,6,7,1,,,
pulp_common_cells,A,https://github.com/pulp-platform/common_cells.git,db42769334b4589b4b3fc671b34513bdb98be565,master,cc_binary_to_gray,src/cc_binary_to_gray.sv,cc_binary_to_gray,.sv,1,2,0,,,
pulp_common_cells,A,https://github.com/pulp-platform/common_cells.git,db42769334b4589b4b3fc671b34513bdb98be565,master,cc_boxcar,src/cc_boxcar.sv,cc_boxcar,.sv,4,3,2,,,
pulp_common_cells,A,https://github.com/pulp-platform/common_cells.git,db42769334b4589b4b3fc671b34513bdb98be565,master,cc_cb_filter,src/cc_cb_filter.sv,cc_cb_filter,.sv,6,13,5,clk_i,rst_ni,
pulp_common_cells,A,https://github.com/pulp-platform/common_cells.git,db42769334b4589b4b3fc671b34513bdb98be565,master,cc_cdc_2phase,src/cc_cdc_2phase.sv,cc_cdc_2phase,.sv,2,10,2,src_clk_i;dst_clk_i,src_rst_ni;dst_rst_ni,valid_ready
pulp_common_cells,A,https://github.com/pulp-platform/common_cells.git,db42769334b4589b4b3fc671b34513bdb98be565,master,cc_cdc_2phase_clearable,src/cc_cdc_2phase_clearable.sv,cc_cdc_2phase_clearable,.sv,3,14,2,src_clk_i;dst_clk_i,src_rst_ni;dst_rst_ni,valid_ready
pulp_common_cells,A,https://github.com/pulp-platform/common_cells.git,db42769334b4589b4b3fc671b34513bdb98be565,master,cc_cdc_2phase_clearable_dst,src/cc_cdc_2phase_clearable.sv,cc_cdc_2phase_clearable,.sv,3,16,2,dst_clk_i,dst_rst_ni;async_reset_ack_i;async_reset_next_phase_i;async_reset_req_i,valid_ready
pulp_common_cells,A,https://github.com/pulp-platform/common_cells.git,db42769334b4589b4b3fc671b34513bdb98be565,master,cc_cdc_2phase_clearable_src,src/cc_cdc_2phase_clearable.sv,cc_cdc_2phase_clearable,.sv,3,16,2,src_clk_i,src_rst_ni;async_reset_ack_i;async_reset_next_phase_i;async_reset_req_i,valid_ready
pulp_common_cells,A,https://github.com/pulp-platform/common_cells.git,db42769334b4589b4b3fc671b34513bdb98be565,master,cc_cdc_2phase_dst,src/cc_cdc_2phase.sv,cc_cdc_2phase,.sv,2,8,1,clk_i,rst_ni,valid_ready
pulp_common_cells,A,https://github.com/pulp-platform/common_cells.git,db42769334b4589b4b3fc671b34513bdb98be565,master,cc_cdc_2phase_dst_clearable,src/cc_cdc_2phase_clearable.sv,cc_cdc_2phase_clearable,.sv,2,9,1,clk_i,rst_ni,valid_ready
pulp_common_cells,A,https://github.com/pulp-platform/common_cells.git,db42769334b4589b4b3fc671b34513bdb98be565,master,cc_cdc_2phase_src,src/cc_cdc_2phase.sv,cc_cdc_2phase,.sv,2,8,1,clk_i,rst_ni,valid_ready
pulp_common_cells,A,https://github.com/pulp-platform/common_cells.git,db42769334b4589b4b3fc671b34513bdb98be565,master,cc_cdc_2phase_src_clearable,src/cc_cdc_2phase_clearable.sv,cc_cdc_2phase_clearable,.sv,2,9,1,clk_i,rst_ni,valid_ready
pulp_common_cells,A,https://github.com/pulp-platform/common_cells.git,db42769334b4589b4b3fc671b34513bdb98be565,master,cc_cdc_4phase,src/cc_cdc_4phase.sv,cc_cdc_4phase,.sv,5,10,2,src_clk_i;dst_clk_i,src_rst_ni;dst_rst_ni,valid_ready
pulp_common_cells,A,https://github.com/pulp-platform/common_cells.git,db42769334b4589b4b3fc671b34513bdb98be565,master,cc_cdc_4phase_dst,src/cc_cdc_4phase.sv,cc_cdc_4phase,.sv,3,8,2,clk_i,rst_ni,valid_ready
pulp_common_cells,A,https://github.com/pulp-platform/common_cells.git,db42769334b4589b4b3fc671b34513bdb98be565,master,cc_cdc_4phase_src,src/cc_cdc_4phase.sv,cc_cdc_4phase,.sv,5,8,1,clk_i,rst_ni,valid_ready
pulp_common_cells,A,https://github.com/pulp-platform/common_cells.git,db42769334b4589b4b3fc671b34513bdb98be565,master,cc_cdc_fifo_2phase,src/cc_cdc_fifo_2phase.sv,cc_cdc_fifo_2phase,.sv,3,10,2,src_clk_i;dst_clk_i,src_rst_ni;dst_rst_ni,valid_ready
pulp_common_cells,A,https://github.com/pulp-platform/common_cells.git,db42769334b4589b4b3fc671b34513bdb98be565,master,cc_cdc_fifo_2phase_dst,src/cc_cdc_fifo_2phase.sv,cc_cdc_fifo_2phase,.sv,3,12,2,dst_clk_i,dst_rst_ni,valid_ready
pulp_common_cells,A,https://github.com/pulp-platform/common_cells.git,db42769334b4589b4b3fc671b34513bdb98be565,master,cc_cdc_fifo_2phase_src,src/cc_cdc_fifo_2phase.sv,cc_cdc_fifo_2phase,.sv,3,12,2,src_clk_i,src_rst_ni,valid_ready
pulp_common_cells,A,https://github.com/pulp-platform/common_cells.git,db42769334b4589b4b3fc671b34513bdb98be565,master,cc_cdc_fifo_gray,src/cc_cdc_fifo_gray.sv,cc_cdc_fifo_gray,.sv,4,10,2,src_clk_i;dst_clk_i,src_rst_ni;dst_rst_ni,valid_ready
pulp_common_cells,A,https://github.com/pulp-platform/common_cells.git,db42769334b4589b4b3fc671b34513bdb98be565,master,cc_cdc_fifo_gray_clearable,src/cc_cdc_fifo_gray_clearable.sv,cc_cdc_fifo_gray_clearable,.sv,5,14,2,src_clk_i;dst_clk_i,src_rst_ni;dst_rst_ni,valid_ready
pulp_common_cells,A,https://github.com/pulp-platform/common_cells.git,db42769334b4589b4b3fc671b34513bdb98be565,master,cc_cdc_fifo_gray_clearable_dst,src/cc_cdc_fifo_gray_clearable.sv,cc_cdc_fifo_gray_clearable,.sv,4,16,2,dst_clk_i,dst_rst_ni;async_reset_ack_i;async_reset_next_phase_i;async_reset_req_i,valid_ready
pulp_common_cells,A,https://github.com/pulp-platform/common_cells.git,db42769334b4589b4b3fc671b34513bdb98be565,master,cc_cdc_fifo_gray_clearable_src,src/cc_cdc_fifo_gray_clearable.sv,cc_cdc_fifo_gray_clearable,.sv,4,16,2,src_clk_i,src_rst_ni;async_reset_ack_i;async_reset_next_phase_i;async_reset_req_i,valid_ready
pulp_common_cells,A,https://github.com/pulp-platform/common_cells.git,db42769334b4589b4b3fc671b34513bdb98be565,master,cc_cdc_fifo_gray_dst,src/cc_cdc_fifo_gray.sv,cc_cdc_fifo_gray,.sv,3,8,2,dst_clk_i,dst_rst_ni,valid_ready
pulp_common_cells,A,https://github.com/pulp-platform/common_cells.git,db42769334b4589b4b3fc671b34513bdb98be565,master,cc_cdc_fifo_gray_dst_clearable,src/cc_cdc_fifo_gray_clearable.sv,cc_cdc_fifo_gray_clearable,.sv,3,9,2,dst_clk_i,dst_rst_ni,valid_ready
pulp_common_cells,A,https://github.com/pulp-platform/common_cells.git,db42769334b4589b4b3fc671b34513bdb98be565,master,cc_cdc_fifo_gray_dst_data,src/cc_cdc_fifo_gray.sv,cc_cdc_fifo_gray,.sv,2,9,1,dst_clk_i,dst_rst_ni,valid_ready
pulp_common_cells,A,https://github.com/pulp-platform/common_cells.git,db42769334b4589b4b3fc671b34513bdb98be565,master,cc_cdc_fifo_gray_dst_data_clearable,src/cc_cdc_fifo_gray_clearable.sv,cc_cdc_fifo_gray_clearable,.sv,2,10,1,dst_clk_i,dst_rst_ni,valid_ready
pulp_common_cells,A,https://github.com/pulp-platform/common_cells.git,db42769334b4589b4b3fc671b34513bdb98be565,master,cc_cdc_fifo_gray_dst_ptr,src/cc_cdc_fifo_gray.sv,cc_cdc_fifo_gray,.sv,2,7,4,dst_clk_i,dst_rst_ni,valid_ready
pulp_common_cells,A,https://github.com/pulp-platform/common_cells.git,db42769334b4589b4b3fc671b34513bdb98be565,master,cc_cdc_fifo_gray_dst_ptr_clearable,src/cc_cdc_fifo_gray_clearable.sv,cc_cdc_fifo_gray_clearable,.sv,2,8,4,dst_clk_i,dst_rst_ni,valid_ready
pulp_common_cells,A,https://github.com/pulp-platform/common_cells.git,db42769334b4589b4b3fc671b34513bdb98be565,master,cc_cdc_fifo_gray_src,src/cc_cdc_fifo_gray.sv,cc_cdc_fifo_gray,.sv,3,8,2,src_clk_i,src_rst_ni,valid_ready
pulp_common_cells,A,https://github.com/pulp-platform/common_cells.git,db42769334b4589b4b3fc671b34513bdb98be565,master,cc_cdc_fifo_gray_src_clearable,src/cc_cdc_fifo_gray_clearable.sv,cc_cdc_fifo_gray_clearable,.sv,3,9,2,src_clk_i,src_rst_ni,valid_ready
pulp_common_cells,A,https://github.com/pulp-platform/common_cells.git,db42769334b4589b4b3fc671b34513bdb98be565,master,cc_cdc_fifo_gray_src_data,src/cc_cdc_fifo_gray.sv,cc_cdc_fifo_gray,.sv,2,6,0,src_clk_i,src_rst_ni,
pulp_common_cells,A,https://github.com/pulp-platform/common_cells.git,db42769334b4589b4b3fc671b34513bdb98be565,master,cc_cdc_fifo_gray_src_data_clearable,src/cc_cdc_fifo_gray_clearable.sv,cc_cdc_fifo_gray_clearable,.sv,2,6,0,src_clk_i,src_rst_ni,
pulp_common_cells,A,https://github.com/pulp-platform/common_cells.git,db42769334b4589b4b3fc671b34513bdb98be565,master,cc_cdc_fifo_gray_src_ptr,src/cc_cdc_fifo_gray.sv,cc_cdc_fifo_gray,.sv,2,7,4,src_clk_i,src_rst_ni,valid_ready
pulp_common_cells,A,https://github.com/pulp-platform/common_cells.git,db42769334b4589b4b3fc671b34513bdb98be565,master,cc_cdc_fifo_gray_src_ptr_clearable,src/cc_cdc_fifo_gray_clearable.sv,cc_cdc_fifo_gray_clearable,.sv,2,8,4,src_clk_i,src_rst_ni,valid_ready
pulp_common_cells,A,https://github.com/pulp-platform/common_cells.git,db42769334b4589b4b3fc671b34513bdb98be565,master,cc_cdc_reset_ctrlr,src/cc_cdc_reset_ctrlr.sv,cc_cdc_reset_ctrlr,.sv,0,0,2,,,
pulp_common_cells,A,https://github.com/pulp-platform/common_cells.git,db42769334b4589b4b3fc671b34513bdb98be565,master,cc_cdc_reset_ctrlr_half,src/cc_cdc_reset_ctrlr.sv,cc_cdc_reset_ctrlr,.sv,0,0,3,,,
pulp_common_cells,A,https://github.com/pulp-platform/common_cells.git,db42769334b4589b4b3fc671b34513bdb98be565,master,cc_clk_int_div,src/cc_clk_int_div.sv,cc_clk_int_div,.sv,3,9,4,clk_i,rst_ni,valid_ready
pulp_common_cells,A,https://github.com/pulp-platform/common_cells.git,db42769334b4589b4b3fc671b34513bdb98be565,master,cc_clk_int_div_static,src/cc_clk_int_div_static.sv,cc_clk_int_div_static,.sv,2,5,1,clk_i,rst_ni,
pulp_common_cells,A,https://github.com/pulp-platform/common_cells.git,db42769334b4589b4b3fc671b34513bdb98be565,master,cc_clk_mux_glitch_free,src/cc_clk_mux_glitch_free.sv,cc_clk_mux_glitch_free,.sv,4,6,5,test_clk_i,,
pulp_common_cells,A,https://github.com/pulp-platform/common_cells.git,db42769334b4589b4b3fc671b34513bdb98be565,master,cc_clk_or_tree,src/cc_clk_mux_glitch_free.sv,cc_clk_mux_glitch_free,.sv,1,2,3,,,
pulp_common_cells,A,https://github.com/pulp-platform/common_cells.git,db42769334b4589b4b3fc671b34513bdb98be565,master,cc_counter,src/cc_counter.sv,cc_counter,.sv,2,9,1,clk_i,rst_ni,
pulp_common_cells,A,https://github.com/pulp-platform/common_cells.git,db42769334b4589b4b3fc671b34513bdb98be565,master,cc_credit_counter,src/cc_credit_counter.sv,cc_credit_counter,.sv,4,9,0,clk_i,rst_ni,
pulp_common_cells,A,https://github.com/pulp-platform/common_cells.git,db42769334b4589b4b3fc671b34513bdb98be565,master,cc_delta_counter,src/cc_delta_counter.sv,cc_delta_counter,.sv,2,10,0,clk_i,rst_ni,
pulp_common_cells,A,https://github.com/pulp-platform/common_cells.git,db42769334b4589b4b3fc671b34513bdb98be565,master,cc_ecc_decode,src/cc_ecc_decode.sv,cc_ecc_decode,.sv,0,0,0,,,
pulp_common_cells,A,https://github.com/pulp-platform/common_cells.git,db42769334b4589b4b3fc671b34513bdb98be565,master,cc_ecc_encode,src/cc_ecc_encode.sv,cc_ecc_encode,.sv,0,0,0,,,
pulp_common_cells,A,https://github.com/pulp-platform/common_cells.git,db42769334b4589b4b3fc671b34513bdb98be565,master,cc_edge_detect,src/cc_edge_detect.sv,cc_edge_detect,.sv,0,5,1,clk_i,rst_ni,
pulp_common_cells,A,https://github.com/pulp-platform/common_cells.git,db42769334b4589b4b3fc671b34513bdb98be565,master,cc_edge_propagator,src/cc_edge_propagator.sv,cc_edge_propagator,.sv,0,6,1,clk_tx_i;clk_rx_i,rst_tx_ni;rst_rx_ni,
pulp_common_cells,A,https://github.com/pulp-platform/common_cells.git,db42769334b4589b4b3fc671b34513bdb98be565,master,cc_edge_propagator_ack,src/cc_edge_propagator_ack.sv,cc_edge_propagator_ack,.sv,0,7,1,clk_tx_i;clk_rx_i,rst_tx_ni;rst_rx_ni,
pulp_common_cells,A,https://github.com/pulp-platform/common_cells.git,db42769334b4589b4b3fc671b34513bdb98be565,master,cc_edge_propagator_rx,src/cc_edge_propagator_rx.sv,cc_edge_propagator_rx,.sv,0,5,1,clk_i,rst_ni,
pulp_common_cells,A,https://github.com/pulp-platform/common_cells.git,db42769334b4589b4b3fc671b34513bdb98be565,master,cc_edge_propagator_tx,src/cc_edge_propagator_tx.sv,cc_edge_propagator_tx,.sv,0,5,0,clk_i,rst_ni,
pulp_common_cells,A,https://github.com/pulp-platform/common_cells.git,db42769334b4589b4b3fc671b34513bdb98be565,master,cc_exp_backoff,src/cc_exp_backoff.sv,cc_exp_backoff,.sv,2,6,0,clk_i,rst_ni,
pulp_common_cells,A,https://github.com/pulp-platform/common_cells.git,db42769334b4589b4b3fc671b34513bdb98be565,master,cc_fall_through_register,src/cc_fall_through_register.sv,cc_fall_through_register,.sv,1,9,1,clk_i,rst_ni,valid_ready
pulp_common_cells,A,https://github.com/pulp-platform/common_cells.git,db42769334b4589b4b3fc671b34513bdb98be565,master,cc_fifo,src/cc_fifo.sv,cc_fifo,.sv,5,11,0,clk_i,rst_ni,
pulp_common_cells,A,https://github.com/pulp-platform/common_cells.git,db42769334b4589b4b3fc671b34513bdb98be565,master,cc_gray_to_binary,src/cc_gray_to_binary.sv,cc_gray_to_binary,.sv,1,2,0,,,
pulp_common_cells,A,https://github.com/pulp-platform/common_cells.git,db42769334b4589b4b3fc671b34513bdb98be565,master,cc_hash_block,src/cc_cb_filter.sv,cc_cb_filter,.sv,5,2,1,,,
pulp_common_cells,A,https://github.com/pulp-platform/common_cells.git,db42769334b4589b4b3fc671b34513bdb98be565,master,cc_heaviside,src/cc_heaviside.sv,cc_heaviside,.sv,4,2,0,,,
pulp_common_cells,A,https://github.com/pulp-platform/common_cells.git,db42769334b4589b4b3fc671b34513bdb98be565,master,cc_id_queue,src/cc_id_queue.sv,cc_id_queue,.sv,7,20,4,clk_i,rst_ni,req_gnt
pulp_common_cells,A,https://github.com/pulp-platform/common_cells.git,db42769334b4589b4b3fc671b34513bdb98be565,master,cc_isochronous_4phase_handshake,src/cc_isochronous_4phase_handshake.sv,cc_isochronous_4phase_handshake,.sv,0,8,0,src_clk_i;dst_clk_i,src_rst_ni;dst_rst_ni,valid_ready
pulp_common_cells,A,https://github.com/pulp-platform/common_cells.git,db42769334b4589b4b3fc671b34513bdb98be565,master,cc_isochronous_spill_register,src/cc_isochronous_spill_register.sv,cc_isochronous_spill_register,.sv,2,10,0,src_clk_i;dst_clk_i,src_rst_ni;dst_rst_ni,valid_ready
pulp_common_cells,A,https://github.com/pulp-platform/common_cells.git,db42769334b4589b4b3fc671b34513bdb98be565,master,cc_lfsr,src/cc_lfsr.sv,cc_lfsr,.sv,5,5,0,clk_i,rst_ni,
pulp_common_cells,A,https://github.com/pulp-platform/common_cells.git,db42769334b4589b4b3fc671b34513bdb98be565,master,cc_lfsr_16bit,src/cc_lfsr_16bit.sv,cc_lfsr_16bit,.sv,2,6,0,clk_i,rst_ni,
pulp_common_cells,A,https://github.com/pulp-platform/common_cells.git,db42769334b4589b4b3fc671b34513bdb98be565,master,cc_lfsr_8bit,src/cc_lfsr_8bit.sv,cc_lfsr_8bit,.sv,2,6,0,clk_i,rst_ni,
pulp_common_cells,A,https://github.com/pulp-platform/common_cells.git,db42769334b4589b4b3fc671b34513bdb98be565,master,cc_lossy_valid_to_stream,src/cc_lossy_valid_to_stream.sv,cc_lossy_valid_to_stream,.sv,2,9,0,clk_i,rst_ni,valid_ready
pulp_common_cells,A,https://github.com/pulp-platform/common_cells.git,db42769334b4589b4b3fc671b34513bdb98be565,master,cc_lzc,src/cc_lzc.sv,cc_lzc,.sv,0,0,0,,,
pulp_common_cells,A,https://github.com/pulp-platform/common_cells.git,db42769334b4589b4b3fc671b34513bdb98be565,master,cc_majority_vote_filter,src/cc_majority_vote_filter.sv,cc_majority_vote_filter,.sv,2,6,1,clk_i,rst_ni,
pulp_common_cells,A,https://github.com/pulp-platform/common_cells.git,db42769334b4589b4b3fc671b34513bdb98be565,master,cc_max_counter,src/cc_max_counter.sv,cc_max_counter,.sv,1,14,1,clk_i,rst_ni,
pulp_common_cells,A,https://github.com/pulp-platform/common_cells.git,db42769334b4589b4b3fc671b34513bdb98be565,master,cc_mem_to_banks,src/cc_mem_to_banks.sv,cc_mem_to_banks,.sv,13,21,1,clk_i,rst_ni,req_gnt
pulp_common_cells,A,https://github.com/pulp-platform/common_cells.git,db42769334b4589b4b3fc671b34513bdb98be565,master,cc_mem_to_banks_detailed,src/cc_mem_to_banks_detailed.sv,cc_mem_to_banks_detailed,.sv,16,23,2,clk_i,rst_ni,req_gnt
pulp_common_cells,A,https://github.com/pulp-platform/common_cells.git,db42769334b4589b4b3fc671b34513bdb98be565,master,cc_multiaddr_decode,src/cc_multiaddr_decode.sv,cc_multiaddr_decode,.sv,6,10,0,,,
pulp_common_cells,A,https://github.com/pulp-platform/common_cells.git,db42769334b4589b4b3fc671b34513bdb98be565,master,cc_onehot,src/cc_onehot.sv,cc_onehot,.sv,1,2,0,,,
pulp_common_cells,A,https://github.com/pulp-platform/common_cells.git,db42769334b4589b4b3fc671b34513bdb98be565,master,cc_onehot_to_bin,src/cc_onehot_to_bin.sv,cc_onehot_to_bin,.sv,2,2,0,,,
pulp_common_cells,A,https://github.com/pulp-platform/common_cells.git,db42769334b4589b4b3fc671b34513bdb98be565,master,cc_passthrough_stream_fifo,src/cc_passthrough_stream_fifo.sv,cc_passthrough_stream_fifo,.sv,4,10,0,clk_i,rst_ni,valid_ready
pulp_common_cells,A,https://github.com/pulp-platform/common_cells.git,db42769334b4589b4b3fc671b34513bdb98be565,master,cc_plru_tree,src/cc_plru_tree.sv,cc_plru_tree,.sv,1,5,0,clk_i,rst_ni,
pulp_common_cells,A,https://github.com/pulp-platform/common_cells.git,db42769334b4589b4b3fc671b34513bdb98be565,master,cc_popcount,src/cc_popcount.sv,cc_popcount,.sv,2,2,0,,,
pulp_common_cells,A,https://github.com/pulp-platform/common_cells.git,db42769334b4589b4b3fc671b34513bdb98be565,master,cc_read,src/cc_read.sv,cc_read,.sv,2,2,0,,,
pulp_common_cells,A,https://github.com/pulp-platform/common_cells.git,db42769334b4589b4b3fc671b34513bdb98be565,master,cc_ring_buffer,src/cc_ring_buffer.sv,cc_ring_buffer,.sv,6,16,0,clk_i,rst_ni,valid_ready
pulp_common_cells,A,https://github.com/pulp-platform/common_cells.git,db42769334b4589b4b3fc671b34513bdb98be565,master,cc_rr_arb_tree,src/cc_rr_arb_tree.sv,cc_rr_arb_tree,.sv,9,11,2,clk_i,rst_ni,req_gnt
pulp_common_cells,A,https://github.com/pulp-platform/common_cells.git,db42769334b4589b4b3fc671b34513bdb98be565,master,cc_rstgen,src/cc_rstgen.sv,cc_rstgen,.sv,0,5,1,clk_i,rst_ni,
pulp_common_cells,A,https://github.com/pulp-platform/common_cells.git,db42769334b4589b4b3fc671b34513bdb98be565,master,cc_rstgen_bypass,src/cc_rstgen_bypass.sv,cc_rstgen_bypass,.sv,1,6,3,clk_i,rst_ni;rst_test_mode_ni,
pulp_common_cells,A,https://github.com/pulp-platform/common_cells.git,db42769334b4589b4b3fc671b34513bdb98be565,master,cc_serial_deglitch,src/cc_serial_deglitch.sv,cc_serial_deglitch,.sv,1,7,0,clk_i,rst_ni,
pulp_common_cells,A,https://github.com/pulp-platform/common_cells.git,db42769334b4589b4b3fc671b34513bdb98be565,master,cc_shift_register,src/cc_shift_register.sv,cc_shift_register,.sv,2,5,1,clk_i,rst_ni,
pulp_common_cells,A,https://github.com/pulp-platform/common_cells.git,db42769334b4589b4b3fc671b34513bdb98be565,master,cc_shift_register_gated,src/cc_shift_register_gated.sv,cc_shift_register_gated,.sv,2,7,0,clk_i,rst_ni,
pulp_common_cells,A,https://github.com/pulp-platform/common_cells.git,db42769334b4589b4b3fc671b34513bdb98be565,master,cc_spill_register,src/cc_spill_register.sv,cc_spill_register,.sv,2,9,1,clk_i,rst_ni,valid_ready
pulp_common_cells,A,https://github.com/pulp-platform/common_cells.git,db42769334b4589b4b3fc671b34513bdb98be565,master,cc_spill_register_flushable,src/cc_spill_register_flushable.sv,cc_spill_register_flushable,.sv,2,10,0,clk_i,rst_ni,valid_ready
pulp_common_cells,A,https://github.com/pulp-platform/common_cells.git,db42769334b4589b4b3fc671b34513bdb98be565,master,cc_stream_arbiter,src/cc_stream_arbiter.sv,cc_stream_arbiter,.sv,3,9,1,clk_i,rst_ni,valid_ready
pulp_common_cells,A,https://github.com/pulp-platform/common_cells.git,db42769334b4589b4b3fc671b34513bdb98be565,master,cc_stream_delay,src/cc_stream_delay.sv,cc_stream_delay,.sv,4,9,3,clk_i,rst_ni,valid_ready
pulp_common_cells,A,https://github.com/pulp-platform/common_cells.git,db42769334b4589b4b3fc671b34513bdb98be565,master,cc_stream_demux,src/cc_stream_demux.sv,cc_stream_demux,.sv,2,5,0,,,valid_ready
pulp_common_cells,A,https://github.com/pulp-platform/common_cells.git,db42769334b4589b4b3fc671b34513bdb98be565,master,cc_stream_fifo,src/cc_stream_fifo.sv,cc_stream_fifo,.sv,5,11,1,clk_i,rst_ni,valid_ready
pulp_common_cells,A,https://github.com/pulp-platform/common_cells.git,db42769334b4589b4b3fc671b34513bdb98be565,master,cc_stream_fifo_optimal_wrap,src/cc_stream_fifo_optimal_wrap.sv,cc_stream_fifo_optimal_wrap,.sv,4,11,2,clk_i,rst_ni,valid_ready
pulp_common_cells,A,https://github.com/pulp-platform/common_cells.git,db42769334b4589b4b3fc671b34513bdb98be565,master,cc_stream_filter,src/cc_stream_filter.sv,cc_stream_filter,.sv,0,5,0,,,valid_ready
pulp_common_cells,A,https://github.com/pulp-platform/common_cells.git,db42769334b4589b4b3fc671b34513bdb98be565,master,cc_stream_fork,src/cc_stream_fork.sv,cc_stream_fork,.sv,1,7,1,clk_i,rst_ni,valid_ready
pulp_common_cells,A,https://github.com/pulp-platform/common_cells.git,db42769334b4589b4b3fc671b34513bdb98be565,master,cc_stream_fork_dynamic,src/cc_stream_fork_dynamic.sv,cc_stream_fork_dynamic,.sv,1,10,1,clk_i,rst_ni,valid_ready
pulp_common_cells,A,https://github.com/pulp-platform/common_cells.git,db42769334b4589b4b3fc671b34513bdb98be565,master,cc_stream_join,src/cc_stream_join.sv,cc_stream_join,.sv,1,4,1,,,valid_ready
pulp_common_cells,A,https://github.com/pulp-platform/common_cells.git,db42769334b4589b4b3fc671b34513bdb98be565,master,cc_stream_join_dynamic,src/cc_stream_join_dynamic.sv,cc_stream_join_dynamic,.sv,1,5,0,,,valid_ready
pulp_common_cells,A,https://github.com/pulp-platform/common_cells.git,db42769334b4589b4b3fc671b34513bdb98be565,master,cc_stream_mux,src/cc_stream_mux.sv,cc_stream_mux,.sv,3,7,0,,,valid_ready
pulp_common_cells,A,https://github.com/pulp-platform/common_cells.git,db42769334b4589b4b3fc671b34513bdb98be565,master,cc_stream_omega_net,src/cc_stream_omega_net.sv,cc_stream_omega_net,.sv,14,13,1,clk_i,rst_ni,valid_ready
pulp_common_cells,A,https://github.com/pulp-platform/common_cells.git,db42769334b4589b4b3fc671b34513bdb98be565,master,cc_stream_register,src/cc_stream_register.sv,cc_stream_register,.sv,1,9,0,clk_i,rst_ni,valid_ready
pulp_common_cells,A,https://github.com/pulp-platform/common_cells.git,db42769334b4589b4b3fc671b34513bdb98be565,master,cc_stream_throttle,src/cc_stream_throttle.sv,cc_stream_throttle,.sv,3,10,0,clk_i,rst_ni,valid_ready
pulp_common_cells,A,https://github.com/pulp-platform/common_cells.git,db42769334b4589b4b3fc671b34513bdb98be565,master,cc_stream_to_mem,src/cc_stream_to_mem.sv,cc_stream_to_mem,.sv,3,14,1,clk_i,rst_ni,valid_ready
pulp_common_cells,A,https://github.com/pulp-platform/common_cells.git,db42769334b4589b4b3fc671b34513bdb98be565,master,cc_stream_xbar,src/cc_stream_xbar.sv,cc_stream_xbar,.sv,13,13,3,clk_i,rst_ni,valid_ready
pulp_common_cells,A,https://github.com/pulp-platform/common_cells.git,db42769334b4589b4b3fc671b34513bdb98be565,master,cc_sub_per_hash,src/cc_sub_per_hash.sv,cc_sub_per_hash,.sv,5,3,0,,,
pulp_common_cells,A,https://github.com/pulp-platform/common_cells.git,db42769334b4589b4b3fc671b34513bdb98be565,master,cc_sync_wedge,src/cc_sync_wedge.sv,cc_sync_wedge,.sv,1,6,1,clk_i,rst_ni,
pulp_common_cells,A,https://github.com/pulp-platform/common_cells.git,db42769334b4589b4b3fc671b34513bdb98be565,master,cc_trip_counter,src/cc_trip_counter.sv,cc_trip_counter,.sv,1,9,1,clk_i,rst_ni,
pulp_common_cells,A,https://github.com/pulp-platform/common_cells.git,db42769334b4589b4b3fc671b34513bdb98be565,master,cc_unread,src/cc_unread.sv,cc_unread,.sv,0,1,0,,,
pulp_common_cells,A,https://github.com/pulp-platform/common_cells.git,db42769334b4589b4b3fc671b34513bdb98be565,master,cdc_2phase,src/deprecated/cdc_2phase.sv,cdc_2phase,.sv,2,10,1,src_clk_i;dst_clk_i,src_rst_ni;dst_rst_ni,valid_ready
pulp_common_cells,A,https://github.com/pulp-platform/common_cells.git,db42769334b4589b4b3fc671b34513bdb98be565,master,cdc_2phase_clearable,src/deprecated/cdc_2phase_clearable.sv,cdc_2phase_clearable,.sv,3,14,1,src_clk_i;dst_clk_i,src_rst_ni;dst_rst_ni,valid_ready
pulp_common_cells,A,https://github.com/pulp-platform/common_cells.git,db42769334b4589b4b3fc671b34513bdb98be565,master,cdc_2phase_dst,src/deprecated/cdc_2phase.sv,cdc_2phase,.sv,2,8,1,clk_i,rst_ni,valid_ready
pulp_common_cells,A,https://github.com/pulp-platform/common_cells.git,db42769334b4589b4b3fc671b34513bdb98be565,master,cdc_2phase_dst_clearable,src/deprecated/cdc_2phase_clearable.sv,cdc_2phase_clearable,.sv,2,9,1,clk_i,rst_ni,valid_ready
pulp_common_cells,A,https://github.com/pulp-platform/common_cells.git,db42769334b4589b4b3fc671b34513bdb98be565,master,cdc_2phase_src,src/deprecated/cdc_2phase.sv,cdc_2phase,.sv,2,8,1,clk_i,rst_ni,valid_ready
pulp_common_cells,A,https://github.com/pulp-platform/common_cells.git,db42769334b4589b4b3fc671b34513bdb98be565,master,cdc_2phase_src_clearable,src/deprecated/cdc_2phase_clearable.sv,cdc_2phase_clearable,.sv,2,9,1,clk_i,rst_ni,valid_ready
pulp_common_cells,A,https://github.com/pulp-platform/common_cells.git,db42769334b4589b4b3fc671b34513bdb98be565,master,cdc_4phase,src/deprecated/cdc_4phase.sv,cdc_4phase,.sv,5,10,1,src_clk_i;dst_clk_i,src_rst_ni;dst_rst_ni,valid_ready
pulp_common_cells,A,https://github.com/pulp-platform/common_cells.git,db42769334b4589b4b3fc671b34513bdb98be565,master,cdc_4phase_dst,src/deprecated/cdc_4phase.sv,cdc_4phase,.sv,3,8,1,clk_i,rst_ni,valid_ready
pulp_common_cells,A,https://github.com/pulp-platform/common_cells.git,db42769334b4589b4b3fc671b34513bdb98be565,master,cdc_4phase_src,src/deprecated/cdc_4phase.sv,cdc_4phase,.sv,5,8,1,clk_i,rst_ni,valid_ready
pulp_common_cells,A,https://github.com/pulp-platform/common_cells.git,db42769334b4589b4b3fc671b34513bdb98be565,master,cdc_fifo_2phase,src/deprecated/cdc_fifo_2phase.sv,cdc_fifo_2phase,.sv,3,10,1,src_clk_i;dst_clk_i,src_rst_ni;dst_rst_ni,valid_ready
pulp_common_cells,A,https://github.com/pulp-platform/common_cells.git,db42769334b4589b4b3fc671b34513bdb98be565,master,cdc_fifo_gray,src/deprecated/cdc_fifo_gray.sv,cdc_fifo_gray,.sv,4,10,1,src_clk_i;dst_clk_i,src_rst_ni;dst_rst_ni,valid_ready
pulp_common_cells,A,https://github.com/pulp-platform/common_cells.git,db42769334b4589b4b3fc671b34513bdb98be565,master,cdc_fifo_gray_clearable,src/deprecated/cdc_fifo_gray_clearable.sv,cdc_fifo_gray_clearable,.sv,5,14,1,src_clk_i;dst_clk_i,src_rst_ni;dst_rst_ni,valid_ready
pulp_common_cells,A,https://github.com/pulp-platform/common_cells.git,db42769334b4589b4b3fc671b34513bdb98be565,master,cdc_fifo_gray_dst,src/deprecated/cdc_fifo_gray.sv,cdc_fifo_gray,.sv,3,8,1,dst_clk_i,dst_rst_ni,valid_ready
pulp_common_cells,A,https://github.com/pulp-platform/common_cells.git,db42769334b4589b4b3fc671b34513bdb98be565,master,cdc_fifo_gray_dst_clearable,src/deprecated/cdc_fifo_gray_clearable.sv,cdc_fifo_gray_clearable,.sv,3,9,1,dst_clk_i,dst_rst_ni,valid_ready
pulp_common_cells,A,https://github.com/pulp-platform/common_cells.git,db42769334b4589b4b3fc671b34513bdb98be565,master,cdc_fifo_gray_src,src/deprecated/cdc_fifo_gray.sv,cdc_fifo_gray,.sv,3,8,1,src_clk_i,src_rst_ni,valid_ready
pulp_common_cells,A,https://github.com/pulp-platform/common_cells.git,db42769334b4589b4b3fc671b34513bdb98be565,master,cdc_fifo_gray_src_clearable,src/deprecated/cdc_fifo_gray_clearable.sv,cdc_fifo_gray_clearable,.sv,3,9,1,src_clk_i,src_rst_ni,valid_ready
pulp_common_cells,A,https://github.com/pulp-platform/common_cells.git,db42769334b4589b4b3fc671b34513bdb98be565,master,cdc_reset_ctrlr,src/deprecated/cdc_reset_ctrlr.sv,cdc_reset_ctrlr,.sv,2,14,1,a_clk_i;b_clk_i,a_rst_ni;b_rst_ni,
pulp_common_cells,A,https://github.com/pulp-platform/common_cells.git,db42769334b4589b4b3fc671b34513bdb98be565,master,cdc_reset_ctrlr_half,src/deprecated/cdc_reset_ctrlr.sv,cdc_reset_ctrlr,.sv,2,13,1,clk_i,rst_ni,
pulp_common_cells,A,https://github.com/pulp-platform/common_cells.git,db42769334b4589b4b3fc671b34513bdb98be565,master,clk_int_div,src/deprecated/clk_int_div.sv,clk_int_div,.sv,3,9,1,clk_i,rst_ni,valid_ready
pulp_common_cells,A,https://github.com/pulp-platform/common_cells.git,db42769334b4589b4b3fc671b34513bdb98be565,master,clk_int_div_static,src/deprecated/clk_int_div_static.sv,clk_int_div_static,.sv,2,5,1,clk_i,rst_ni,
pulp_common_cells,A,https://github.com/pulp-platform/common_cells.git,db42769334b4589b4b3fc671b34513bdb98be565,master,clk_mux_glitch_free,src/deprecated/clk_mux_glitch_free.sv,clk_mux_glitch_free,.sv,4,6,1,test_clk_i,,
pulp_common_cells,A,https://github.com/pulp-platform/common_cells.git,db42769334b4589b4b3fc671b34513bdb98be565,master,clk_or_tree,src/deprecated/clk_mux_glitch_free.sv,clk_mux_glitch_free,.sv,1,2,1,,,
pulp_common_cells,A,https://github.com/pulp-platform/common_cells.git,db42769334b4589b4b3fc671b34513bdb98be565,master,counter,src/deprecated/counter.sv,counter,.sv,2,9,1,clk_i,rst_ni,
pulp_common_cells,A,https://github.com/pulp-platform/common_cells.git,db42769334b4589b4b3fc671b34513bdb98be565,master,credit_counter,src/deprecated/credit_counter.sv,credit_counter,.sv,4,9,1,clk_i,rst_ni,
pulp_common_cells,A,https://github.com/pulp-platform/common_cells.git,db42769334b4589b4b3fc671b34513bdb98be565,master,delta_counter,src/deprecated/delta_counter.sv,delta_counter,.sv,2,10,1,clk_i,rst_ni,
pulp_common_cells,A,https://github.com/pulp-platform/common_cells.git,db42769334b4589b4b3fc671b34513bdb98be565,master,ecc_decode,src/deprecated/ecc_decode.sv,ecc_decode,.sv,5,6,1,,,
pulp_common_cells,A,https://github.com/pulp-platform/common_cells.git,db42769334b4589b4b3fc671b34513bdb98be565,master,ecc_encode,src/deprecated/ecc_encode.sv,ecc_encode,.sv,5,2,1,,,
pulp_common_cells,A,https://github.com/pulp-platform/common_cells.git,db42769334b4589b4b3fc671b34513bdb98be565,master,edge_detect,src/deprecated/edge_detect.sv,edge_detect,.sv,0,5,1,clk_i,rst_ni,
pulp_common_cells,A,https://github.com/pulp-platform/common_cells.git,db42769334b4589b4b3fc671b34513bdb98be565,master,edge_propagator,src/deprecated/edge_propagator.sv,edge_propagator,.sv,0,6,1,clk_tx_i;clk_rx_i,rstn_tx_i;rstn_rx_i,
pulp_common_cells,A,https://github.com/pulp-platform/common_cells.git,db42769334b4589b4b3fc671b34513bdb98be565,master,edge_propagator_ack,src/deprecated/edge_propagator_ack.sv,edge_propagator_ack,.sv,0,7,1,clk_tx_i;clk_rx_i,rstn_tx_i;rstn_rx_i,
pulp_common_cells,A,https://github.com/pulp-platform/common_cells.git,db42769334b4589b4b3fc671b34513bdb98be565,master,edge_propagator_rx,src/deprecated/edge_propagator_rx.sv,edge_propagator_rx,.sv,0,5,1,clk_i,rstn_i,
pulp_common_cells,A,https://github.com/pulp-platform/common_cells.git,db42769334b4589b4b3fc671b34513bdb98be565,master,edge_propagator_tx,src/deprecated/edge_propagator_tx.sv,edge_propagator_tx,.sv,0,5,1,clk_i,rstn_i,
pulp_common_cells,A,https://github.com/pulp-platform/common_cells.git,db42769334b4589b4b3fc671b34513bdb98be565,master,exp_backoff,src/deprecated/exp_backoff.sv,exp_backoff,.sv,2,5,1,clk_i,rst_ni,
pulp_common_cells,A,https://github.com/pulp-platform/common_cells.git,db42769334b4589b4b3fc671b34513bdb98be565,master,fall_through_register,src/deprecated/fall_through_register.sv,fall_through_register,.sv,1,10,1,clk_i,rst_ni,valid_ready
pulp_common_cells,A,https://github.com/pulp-platform/common_cells.git,db42769334b4589b4b3fc671b34513bdb98be565,master,fifo_v3,src/deprecated/fifo_v3.sv,fifo_v3,.sv,5,11,1,clk_i,rst_ni,
pulp_common_cells,A,https://github.com/pulp-platform/common_cells.git,db42769334b4589b4b3fc671b34513bdb98be565,master,gray_to_binary,src/deprecated/gray_to_binary.sv,gray_to_binary,.sv,1,2,1,,,
pulp_common_cells,A,https://github.com/pulp-platform/common_cells.git,db42769334b4589b4b3fc671b34513bdb98be565,master,heaviside,src/deprecated/heaviside.sv,heaviside,.sv,1,2,1,,,
pulp_common_cells,A,https://github.com/pulp-platform/common_cells.git,db42769334b4589b4b3fc671b34513bdb98be565,master,id_queue,src/deprecated/id_queue.sv,id_queue,.sv,7,19,1,clk_i,rst_ni,req_gnt
pulp_common_cells,A,https://github.com/pulp-platform/common_cells.git,db42769334b4589b4b3fc671b34513bdb98be565,master,in,src/cc_mem_to_banks_detailed.sv,cc_mem_to_banks_detailed,.sv,0,0,0,,,
pulp_common_cells,A,https://github.com/pulp-platform/common_cells.git,db42769334b4589b4b3fc671b34513bdb98be565,master,isochronous_4phase_handshake,src/deprecated/isochronous_4phase_handshake.sv,isochronous_4phase_handshake,.sv,0,8,1,src_clk_i;dst_clk_i,src_rst_ni;dst_rst_ni,valid_ready
pulp_common_cells,A,https://github.com/pulp-platform/common_cells.git,db42769334b4589b4b3fc671b34513bdb98be565,master,isochronous_spill_register,src/deprecated/isochronous_spill_register.sv,isochronous_spill_register,.sv,2,10,1,src_clk_i;dst_clk_i,src_rst_ni;dst_rst_ni,valid_ready
pulp_common_cells,A,https://github.com/pulp-platform/common_cells.git,db42769334b4589b4b3fc671b34513bdb98be565,master,lfsr,src/deprecated/lfsr.sv,lfsr,.sv,5,4,1,clk_i,rst_ni,
pulp_common_cells,A,https://github.com/pulp-platform/common_cells.git,db42769334b4589b4b3fc671b34513bdb98be565,master,lfsr_16bit,src/deprecated/lfsr_16bit.sv,lfsr_16bit,.sv,2,5,1,clk_i,rst_ni,
pulp_common_cells,A,https://github.com/pulp-platform/common_cells.git,db42769334b4589b4b3fc671b34513bdb98be565,master,lfsr_8bit,src/deprecated/lfsr_8bit.sv,lfsr_8bit,.sv,2,5,1,clk_i,rst_ni,
pulp_common_cells,A,https://github.com/pulp-platform/common_cells.git,db42769334b4589b4b3fc671b34513bdb98be565,master,lossy_valid_to_stream,src/deprecated/lossy_valid_to_stream.sv,lossy_valid_to_stream,.sv,2,8,1,clk_i,rst_ni,valid_ready
pulp_common_cells,A,https://github.com/pulp-platform/common_cells.git,db42769334b4589b4b3fc671b34513bdb98be565,master,lzc,src/deprecated/lzc.sv,lzc,.sv,3,3,1,,,
pulp_common_cells,A,https://github.com/pulp-platform/common_cells.git,db42769334b4589b4b3fc671b34513bdb98be565,master,max_counter,src/deprecated/max_counter.sv,max_counter,.sv,1,13,1,clk_i,rst_ni,
pulp_common_cells,A,https://github.com/pulp-platform/common_cells.git,db42769334b4589b4b3fc671b34513bdb98be565,master,mem_to_banks,src/deprecated/mem_to_banks.sv,mem_to_banks,.sv,13,20,1,clk_i,rst_ni,req_gnt
pulp_common_cells,A,https://github.com/pulp-platform/common_cells.git,db42769334b4589b4b3fc671b34513bdb98be565,master,mem_to_banks_detailed,src/deprecated/mem_to_banks_detailed.sv,mem_to_banks_detailed,.sv,16,22,1,clk_i,rst_ni,req_gnt
pulp_common_cells,A,https://github.com/pulp-platform/common_cells.git,db42769334b4589b4b3fc671b34513bdb98be565,master,multiaddr_decode,src/deprecated/multiaddr_decode.sv,multiaddr_decode,.sv,6,8,1,,,
pulp_common_cells,A,https://github.com/pulp-platform/common_cells.git,db42769334b4589b4b3fc671b34513bdb98be565,master,mv_filter,src/deprecated/mv_filter.sv,mv_filter,.sv,2,6,0,clk_i,rst_ni,
pulp_common_cells,A,https://github.com/pulp-platform/common_cells.git,db42769334b4589b4b3fc671b34513bdb98be565,master,onehot_to_bin,src/deprecated/onehot_to_bin.sv,onehot_to_bin,.sv,2,2,1,,,
pulp_common_cells,A,https://github.com/pulp-platform/common_cells.git,db42769334b4589b4b3fc671b34513bdb98be565,master,passthrough_stream_fifo,src/deprecated/passthrough_stream_fifo.sv,passthrough_stream_fifo,.sv,4,10,1,clk_i,rst_ni,valid_ready
pulp_common_cells,A,https://github.com/pulp-platform/common_cells.git,db42769334b4589b4b3fc671b34513bdb98be565,master,plru_tree,src/deprecated/plru_tree.sv,plru_tree,.sv,1,4,1,clk_i,rst_ni,
pulp_common_cells,A,https://github.com/pulp-platform/common_cells.git,db42769334b4589b4b3fc671b34513bdb98be565,master,popcount,src/deprecated/popcount.sv,popcount,.sv,1,2,1,,,
pulp_common_cells,A,https://github.com/pulp-platform/common_cells.git,db42769334b4589b4b3fc671b34513bdb98be565,master,read,src/deprecated/read.sv,read,.sv,2,2,1,,,
pulp_common_cells,A,https://github.com/pulp-platform/common_cells.git,db42769334b4589b4b3fc671b34513bdb98be565,master,ring_buffer,src/deprecated/ring_buffer.sv,ring_buffer,.sv,2,15,1,clk_i,rst_ni,valid_ready
pulp_common_cells,A,https://github.com/pulp-platform/common_cells.git,db42769334b4589b4b3fc671b34513bdb98be565,master,rr_arb_tree,src/deprecated/rr_arb_tree.sv,rr_arb_tree,.sv,9,11,1,clk_i,rst_ni,req_gnt
pulp_common_cells,A,https://github.com/pulp-platform/common_cells.git,db42769334b4589b4b3fc671b34513bdb98be565,master,rstgen,src/deprecated/rstgen.sv,rstgen,.sv,0,5,1,clk_i,rst_ni,
pulp_common_cells,A,https://github.com/pulp-platform/common_cells.git,db42769334b4589b4b3fc671b34513bdb98be565,master,rstgen_bypass,src/deprecated/rstgen_bypass.sv,rstgen_bypass,.sv,1,6,1,clk_i,rst_ni;rst_test_mode_ni,
pulp_common_cells,A,https://github.com/pulp-platform/common_cells.git,db42769334b4589b4b3fc671b34513bdb98be565,master,serial_deglitch,src/deprecated/serial_deglitch.sv,serial_deglitch,.sv,1,5,0,clk_i,rst_ni,
pulp_common_cells,A,https://github.com/pulp-platform/common_cells.git,db42769334b4589b4b3fc671b34513bdb98be565,master,shift_reg,src/deprecated/shift_reg.sv,shift_reg,.sv,2,4,1,clk_i,rst_ni,
pulp_common_cells,A,https://github.com/pulp-platform/common_cells.git,db42769334b4589b4b3fc671b34513bdb98be565,master,shift_reg_gated,src/deprecated/shift_reg_gated.sv,shift_reg_gated,.sv,2,6,1,clk_i,rst_ni,
pulp_common_cells,A,https://github.com/pulp-platform/common_cells.git,db42769334b4589b4b3fc671b34513bdb98be565,master,spill_register,src/deprecated/spill_register.sv,spill_register,.sv,2,8,1,clk_i,rst_ni,valid_ready
pulp_common_cells,A,https://github.com/pulp-platform/common_cells.git,db42769334b4589b4b3fc671b34513bdb98be565,master,spill_register_flushable,src/deprecated/spill_register_flushable.sv,spill_register_flushable,.sv,2,9,1,clk_i,rst_ni,valid_ready
pulp_common_cells,A,https://github.com/pulp-platform/common_cells.git,db42769334b4589b4b3fc671b34513bdb98be565,master,stream_arbiter,src/deprecated/stream_arbiter.sv,stream_arbiter,.sv,3,8,1,clk_i,rst_ni,valid_ready
pulp_common_cells,A,https://github.com/pulp-platform/common_cells.git,db42769334b4589b4b3fc671b34513bdb98be565,master,stream_arbiter_flushable,src/deprecated/stream_arbiter_flushable.sv,stream_arbiter_flushable,.sv,3,9,1,clk_i,rst_ni,valid_ready
pulp_common_cells,A,https://github.com/pulp-platform/common_cells.git,db42769334b4589b4b3fc671b34513bdb98be565,master,stream_delay,src/deprecated/stream_delay.sv,stream_delay,.sv,4,8,1,clk_i,rst_ni,valid_ready
pulp_common_cells,A,https://github.com/pulp-platform/common_cells.git,db42769334b4589b4b3fc671b34513bdb98be565,master,stream_demux,src/deprecated/stream_demux.sv,stream_demux,.sv,2,5,1,,,valid_ready
pulp_common_cells,A,https://github.com/pulp-platform/common_cells.git,db42769334b4589b4b3fc671b34513bdb98be565,master,stream_fifo,src/deprecated/stream_fifo.sv,stream_fifo,.sv,5,11,1,clk_i,rst_ni,valid_ready
pulp_common_cells,A,https://github.com/pulp-platform/common_cells.git,db42769334b4589b4b3fc671b34513bdb98be565,master,stream_fifo_optimal_wrap,src/deprecated/stream_fifo_optimal_wrap.sv,stream_fifo_optimal_wrap,.sv,4,11,1,clk_i,rst_ni,valid_ready
pulp_common_cells,A,https://github.com/pulp-platform/common_cells.git,db42769334b4589b4b3fc671b34513bdb98be565,master,stream_filter,src/deprecated/stream_filter.sv,stream_filter,.sv,0,5,1,,,valid_ready
pulp_common_cells,A,https://github.com/pulp-platform/common_cells.git,db42769334b4589b4b3fc671b34513bdb98be565,master,stream_fork,src/deprecated/stream_fork.sv,stream_fork,.sv,1,6,1,clk_i,rst_ni,valid_ready
pulp_common_cells,A,https://github.com/pulp-platform/common_cells.git,db42769334b4589b4b3fc671b34513bdb98be565,master,stream_fork_dynamic,src/deprecated/stream_fork_dynamic.sv,stream_fork_dynamic,.sv,1,9,1,clk_i,rst_ni,valid_ready
pulp_common_cells,A,https://github.com/pulp-platform/common_cells.git,db42769334b4589b4b3fc671b34513bdb98be565,master,stream_join,src/deprecated/stream_join.sv,stream_join,.sv,1,4,1,,,valid_ready
pulp_common_cells,A,https://github.com/pulp-platform/common_cells.git,db42769334b4589b4b3fc671b34513bdb98be565,master,stream_join_dynamic,src/deprecated/stream_join_dynamic.sv,stream_join_dynamic,.sv,1,5,1,,,valid_ready
pulp_common_cells,A,https://github.com/pulp-platform/common_cells.git,db42769334b4589b4b3fc671b34513bdb98be565,master,stream_mux,src/deprecated/stream_mux.sv,stream_mux,.sv,3,7,1,,,valid_ready
pulp_common_cells,A,https://github.com/pulp-platform/common_cells.git,db42769334b4589b4b3fc671b34513bdb98be565,master,stream_omega_net,src/deprecated/stream_omega_net.sv,stream_omega_net,.sv,14,12,1,clk_i,rst_ni,valid_ready
pulp_common_cells,A,https://github.com/pulp-platform/common_cells.git,db42769334b4589b4b3fc671b34513bdb98be565,master,stream_register,src/deprecated/stream_register.sv,stream_register,.sv,1,10,1,clk_i,rst_ni,valid_ready
pulp_common_cells,A,https://github.com/pulp-platform/common_cells.git,db42769334b4589b4b3fc671b34513bdb98be565,master,stream_throttle,src/deprecated/stream_throttle.sv,stream_throttle,.sv,3,9,1,clk_i,rst_ni,valid_ready
pulp_common_cells,A,https://github.com/pulp-platform/common_cells.git,db42769334b4589b4b3fc671b34513bdb98be565,master,stream_to_mem,src/deprecated/stream_to_mem.sv,stream_to_mem,.sv,3,13,1,clk_i,rst_ni,valid_ready
pulp_common_cells,A,https://github.com/pulp-platform/common_cells.git,db42769334b4589b4b3fc671b34513bdb98be565,master,stream_xbar,src/deprecated/stream_xbar.sv,stream_xbar,.sv,13,12,1,clk_i,rst_ni,valid_ready
pulp_common_cells,A,https://github.com/pulp-platform/common_cells.git,db42769334b4589b4b3fc671b34513bdb98be565,master,sub_per_hash,src/deprecated/sub_per_hash.sv,sub_per_hash,.sv,5,3,1,,,
pulp_common_cells,A,https://github.com/pulp-platform/common_cells.git,db42769334b4589b4b3fc671b34513bdb98be565,master,sync,src/deprecated/sync.sv,sync,.sv,2,4,1,clk_i,rst_ni,
pulp_common_cells,A,https://github.com/pulp-platform/common_cells.git,db42769334b4589b4b3fc671b34513bdb98be565,master,sync_wedge,src/deprecated/sync_wedge.sv,sync_wedge,.sv,1,7,1,clk_i,rst_ni,
pulp_common_cells,A,https://github.com/pulp-platform/common_cells.git,db42769334b4589b4b3fc671b34513bdb98be565,master,trip_counter,src/deprecated/trip_counter.sv,trip_counter,.sv,1,8,1,clk_i,rst_ni,
pulp_common_cells,A,https://github.com/pulp-platform/common_cells.git,db42769334b4589b4b3fc671b34513bdb98be565,master,unread,src/deprecated/unread.sv,unread,.sv,0,1,1,,,
pulp_idma,A,https://github.com/pulp-platform/iDMA.git,2e0b0fe53b6f8823319e2428e2e9abc2db149b7d,master,idma_axi_read,src/backend/idma_axi_read.sv,idma_axi_read,.sv,8,16,0,clk_i,rst_ni,valid_ready
pulp_idma,A,https://github.com/pulp-platform/iDMA.git,2e0b0fe53b6f8823319e2428e2e9abc2db149b7d,master,idma_axi_write,src/backend/idma_axi_write.sv,idma_axi_write,.sv,10,21,0,clk_i,rst_ni,valid_ready
pulp_idma,A,https://github.com/pulp-platform/iDMA.git,2e0b0fe53b6f8823319e2428e2e9abc2db149b7d,master,idma_axil_read,src/backend/idma_axil_read.sv,idma_axil_read,.sv,8,14,0,,,valid_ready
pulp_idma,A,https://github.com/pulp-platform/iDMA.git,2e0b0fe53b6f8823319e2428e2e9abc2db149b7d,master,idma_axil_write,src/backend/idma_axil_write.sv,idma_axil_write,.sv,10,18,0,,,valid_ready
pulp_idma,A,https://github.com/pulp-platform/iDMA.git,2e0b0fe53b6f8823319e2428e2e9abc2db149b7d,master,idma_axis_read,src/backend/idma_axis_read.sv,idma_axis_read,.sv,8,14,0,,,valid_ready
pulp_idma,A,https://github.com/pulp-platform/iDMA.git,2e0b0fe53b6f8823319e2428e2e9abc2db149b7d,master,idma_axis_write,src/backend/idma_axis_write.sv,idma_axis_write,.sv,10,20,0,clk_i,rst_ni,valid_ready
pulp_idma,A,https://github.com/pulp-platform/iDMA.git,2e0b0fe53b6f8823319e2428e2e9abc2db149b7d,master,idma_channel_coupler,src/backend/idma_channel_coupler.sv,idma_channel_coupler,.sv,6,14,3,clk_i,rst_ni,valid_ready
pulp_idma,A,https://github.com/pulp-platform/iDMA.git,2e0b0fe53b6f8823319e2428e2e9abc2db149b7d,master,idma_dataflow_element,src/backend/idma_dataflow_element.sv,idma_dataflow_element,.sv,5,8,1,clk_i,rst_ni,valid_ready
pulp_idma,A,https://github.com/pulp-platform/iDMA.git,2e0b0fe53b6f8823319e2428e2e9abc2db149b7d,master,idma_desc64_ar_gen,src/frontend/desc64/idma_desc64_ar_gen.sv,idma_desc64_ar_gen,.sv,6,15,0,clk_i,rst_ni,valid_ready
pulp_idma,A,https://github.com/pulp-platform/iDMA.git,2e0b0fe53b6f8823319e2428e2e9abc2db149b7d,master,idma_desc64_ar_gen_prefetch,src/frontend/desc64/idma_desc64_ar_gen_prefetch.sv,idma_desc64_ar_gen_prefetch,.sv,8,17,3,clk_i,rst_ni,valid_ready
pulp_idma,A,https://github.com/pulp-platform/iDMA.git,2e0b0fe53b6f8823319e2428e2e9abc2db149b7d,master,idma_desc64_reader,src/frontend/desc64/idma_desc64_reader.sv,idma_desc64_reader,.sv,6,13,1,clk_i,rst_ni,valid_ready
pulp_idma,A,https://github.com/pulp-platform/iDMA.git,2e0b0fe53b6f8823319e2428e2e9abc2db149b7d,master,idma_desc64_reader_gater,src/frontend/desc64/idma_desc64_reader_gater.sv,idma_desc64_reader_gater,.sv,1,9,0,clk_i,rst_ni,valid_ready
pulp_idma,A,https://github.com/pulp-platform/iDMA.git,2e0b0fe53b6f8823319e2428e2e9abc2db149b7d,master,idma_desc64_reg_wrapper,src/frontend/desc64/idma_desc64_reg_wrapper.sv,idma_desc64_reg_wrapper,.sv,0,0,1,,,
pulp_idma,A,https://github.com/pulp-platform/iDMA.git,2e0b0fe53b6f8823319e2428e2e9abc2db149b7d,master,idma_desc64_reshaper,src/frontend/desc64/idma_desc64_reshaper.sv,idma_desc64_reshaper,.sv,3,4,0,,,
pulp_idma,A,https://github.com/pulp-platform/iDMA.git,2e0b0fe53b6f8823319e2428e2e9abc2db149b7d,master,idma_desc64_synth,src/frontend/desc64/idma_desc64_synth.sv,idma_desc64_synth,.sv,13,16,1,clk_i,rst_ni,valid_ready
pulp_idma,A,https://github.com/pulp-platform/iDMA.git,2e0b0fe53b6f8823319e2428e2e9abc2db149b7d,master,idma_desc64_top,src/frontend/desc64/idma_desc64_top.sv,idma_desc64_top,.sv,15,16,10,clk_i,rst_ni,valid_ready
pulp_idma,A,https://github.com/pulp-platform/iDMA.git,2e0b0fe53b6f8823319e2428e2e9abc2db149b7d,master,idma_error_handler,src/backend/idma_error_handler.sv,idma_error_handler,.sv,7,28,2,clk_i,rst_ni,valid_ready
pulp_idma,A,https://github.com/pulp-platform/iDMA.git,2e0b0fe53b6f8823319e2428e2e9abc2db149b7d,master,idma_init_read,src/backend/idma_init_read.sv,idma_init_read,.sv,8,14,0,,,valid_ready
pulp_idma,A,https://github.com/pulp-platform/iDMA.git,2e0b0fe53b6f8823319e2428e2e9abc2db149b7d,master,idma_init_write,src/backend/idma_init_write.sv,idma_init_write,.sv,10,18,0,,,valid_ready
pulp_idma,A,https://github.com/pulp-platform/iDMA.git,2e0b0fe53b6f8823319e2428e2e9abc2db149b7d,master,idma_inst64_events,src/frontend/inst64/idma_inst64_events.sv,idma_inst64_events,.sv,6,8,1,clk_i,rst_ni,
pulp_idma,A,https://github.com/pulp-platform/iDMA.git,2e0b0fe53b6f8823319e2428e2e9abc2db149b7d,master,idma_inst64_top,src/frontend/inst64/idma_inst64_top.sv,idma_inst64_top,.sv,25,16,13,clk_i,rst_ni,valid_ready
pulp_idma,A,https://github.com/pulp-platform/iDMA.git,2e0b0fe53b6f8823319e2428e2e9abc2db149b7d,master,idma_legalizer_page_splitter,src/backend/idma_legalizer_page_splitter.sv,idma_legalizer_page_splitter,.sv,6,5,0,,,
pulp_idma,A,https://github.com/pulp-platform/iDMA.git,2e0b0fe53b6f8823319e2428e2e9abc2db149b7d,master,idma_legalizer_pow2_splitter,src/backend/idma_legalizer_pow2_splitter.sv,idma_legalizer_pow2_splitter,.sv,4,4,0,,,
pulp_idma,A,https://github.com/pulp-platform/iDMA.git,2e0b0fe53b6f8823319e2428e2e9abc2db149b7d,master,idma_mp_dist_midend,src/midend/idma_mp_dist_midend.sv,idma_mp_dist_midend,.sv,8,16,1,clk_i,rst_ni,valid_ready
pulp_idma,A,https://github.com/pulp-platform/iDMA.git,2e0b0fe53b6f8823319e2428e2e9abc2db149b7d,master,idma_mp_midend_synth,src/midend/idma_mp_midend_synth.sv,idma_mp_midend_synth,.sv,8,16,2,clk_i,rst_ni,valid_ready
pulp_idma,A,https://github.com/pulp-platform/iDMA.git,2e0b0fe53b6f8823319e2428e2e9abc2db149b7d,master,idma_mp_split_midend,src/midend/idma_mp_split_midend.sv,idma_mp_split_midend,.sv,7,14,1,clk_i,rst_ni,valid_ready
pulp_idma,A,https://github.com/pulp-platform/iDMA.git,2e0b0fe53b6f8823319e2428e2e9abc2db149b7d,master,idma_nd_counter,src/midend/idma_nd_midend.sv,idma_nd_midend,.sv,1,6,0,clk_i,rst_ni,
pulp_idma,A,https://github.com/pulp-platform/iDMA.git,2e0b0fe53b6f8823319e2428e2e9abc2db149b7d,master,idma_nd_midend,src/midend/idma_nd_midend.sv,idma_nd_midend,.sv,6,15,2,clk_i,rst_ni,valid_ready
pulp_idma,A,https://github.com/pulp-platform/iDMA.git,2e0b0fe53b6f8823319e2428e2e9abc2db149b7d,master,idma_nd_midend_synth,src/midend/idma_nd_midend_synth.sv,idma_nd_midend_synth,.sv,28,89,3,clk_i,rst_ni,valid_ready
pulp_idma,A,https://github.com/pulp-platform/iDMA.git,2e0b0fe53b6f8823319e2428e2e9abc2db149b7d,master,idma_obi_read,src/backend/idma_obi_read.sv,idma_obi_read,.sv,8,14,0,,,valid_ready
pulp_idma,A,https://github.com/pulp-platform/iDMA.git,2e0b0fe53b6f8823319e2428e2e9abc2db149b7d,master,idma_obi_write,src/backend/idma_obi_write.sv,idma_obi_write,.sv,10,18,0,,,valid_ready
pulp_idma,A,https://github.com/pulp-platform/iDMA.git,2e0b0fe53b6f8823319e2428e2e9abc2db149b7d,master,idma_otf_compute,src/backend/idma_otf_compute.sv,idma_otf_compute,.sv,3,13,4,clk_i,rst_ni,valid_ready
pulp_idma,A,https://github.com/pulp-platform/iDMA.git,2e0b0fe53b6f8823319e2428e2e9abc2db149b7d,master,idma_otf_mxdequant,src/backend/idma_otf_mxdequant.sv,idma_otf_mxdequant,.sv,0,0,0,,,
pulp_idma,A,https://github.com/pulp-platform/iDMA.git,2e0b0fe53b6f8823319e2428e2e9abc2db149b7d,master,idma_otf_mxquant,src/backend/idma_otf_mxquant.sv,idma_otf_mxquant,.sv,0,0,0,,,
pulp_idma,A,https://github.com/pulp-platform/iDMA.git,2e0b0fe53b6f8823319e2428e2e9abc2db149b7d,master,idma_otf_transpose,src/backend/idma_otf_transpose.sv,idma_otf_transpose,.sv,5,13,0,clk_i,rst_ni,valid_ready
pulp_idma,A,https://github.com/pulp-platform/iDMA.git,2e0b0fe53b6f8823319e2428e2e9abc2db149b7d,master,idma_rt_midend,src/midend/idma_rt_midend.sv,idma_rt_midend,.sv,7,26,5,clk_i,rst_ni,valid_ready
pulp_idma,A,https://github.com/pulp-platform/iDMA.git,2e0b0fe53b6f8823319e2428e2e9abc2db149b7d,master,idma_rt_midend_synth,src/midend/idma_rt_midend_synth.sv,idma_rt_midend_synth,.sv,7,26,1,clk_i,rst_ni,valid_ready
pulp_idma,A,https://github.com/pulp-platform/iDMA.git,2e0b0fe53b6f8823319e2428e2e9abc2db149b7d,master,idma_tilelink_read,src/backend/idma_tilelink_read.sv,idma_tilelink_read,.sv,9,16,0,clk_i,rst_ni,valid_ready
pulp_idma,A,https://github.com/pulp-platform/iDMA.git,2e0b0fe53b6f8823319e2428e2e9abc2db149b7d,master,idma_tilelink_write,src/backend/idma_tilelink_write.sv,idma_tilelink_write,.sv,11,20,0,clk_i,rst_ni,valid_ready
pulp_idma,A,https://github.com/pulp-platform/iDMA.git,2e0b0fe53b6f8823319e2428e2e9abc2db149b7d,master,idma_transfer_id_gen,src/frontend/idma_transfer_id_gen.sv,idma_transfer_id_gen,.sv,1,6,0,clk_i,rst_ni,
pulp_idma,A,https://github.com/pulp-platform/iDMA.git,2e0b0fe53b6f8823319e2428e2e9abc2db149b7d,master,idma_transpose_midend,src/midend/idma_transpose_midend.sv,idma_transpose_midend,.sv,4,6,0,,,valid_ready
riscv_boom,B,https://github.com/riscv-boom/riscv-boom.git,58ef2720eae13be26b3008c02b5a74ce29c61c44,master,BTBHarness,src/main/resources/vsrc/btb_harness.v,btb_harness,.v,0,15,0,clock,reset,
riscv_boom,B,https://github.com/riscv-boom/riscv-boom.git,58ef2720eae13be26b3008c02b5a74ce29c61c44,master,BranchPredictorHarness,src/main/resources/vsrc/predictor_harness.v,predictor_harness,.v,0,10,0,clock,reset,
serv,C,https://github.com/olofk/serv.git,f200eb2ed7b69ac1c6b8eddd47654522aeee5ce8,main,serv_aligner,rtl/serv_aligner.v,serv_aligner,.v,0,10,0,clk,rst,
serv,C,https://github.com/olofk/serv.git,f200eb2ed7b69ac1c6b8eddd47654522aeee5ce8,main,serv_alu,rtl/serv_alu.v,serv_alu,.v,2,13,0,clk,,
serv,C,https://github.com/olofk/serv.git,f200eb2ed7b69ac1c6b8eddd47654522aeee5ce8,main,serv_bufreg,rtl/serv_bufreg.v,serv_bufreg,.v,3,20,0,i_clk,,
serv,C,https://github.com/olofk/serv.git,f200eb2ed7b69ac1c6b8eddd47654522aeee5ce8,main,serv_bufreg2,rtl/serv_bufreg2.v,serv_bufreg2,.v,2,18,0,i_clk,,
serv,C,https://github.com/olofk/serv.git,f200eb2ed7b69ac1c6b8eddd47654522aeee5ce8,main,serv_compdec,rtl/serv_compdec.v,serv_compdec,.v,0,5,0,i_clk,,
serv,C,https://github.com/olofk/serv.git,f200eb2ed7b69ac1c6b8eddd47654522aeee5ce8,main,serv_csr,rtl/serv_csr.v,serv_csr,.v,3,28,0,i_clk,i_rst,
serv,C,https://github.com/olofk/serv.git,f200eb2ed7b69ac1c6b8eddd47654522aeee5ce8,main,serv_ctrl,rtl/serv_ctrl.v,serv_ctrl,.v,5,19,0,clk,i_rst,
serv,C,https://github.com/olofk/serv.git,f200eb2ed7b69ac1c6b8eddd47654522aeee5ce8,main,serv_debug,rtl/serv_debug.v,serv_debug,.v,3,55,0,i_clk,i_rst,
serv,C,https://github.com/olofk/serv.git,f200eb2ed7b69ac1c6b8eddd47654522aeee5ce8,main,serv_decode,rtl/serv_decode.v,serv_decode,.v,2,47,0,clk,,
serv,C,https://github.com/olofk/serv.git,f200eb2ed7b69ac1c6b8eddd47654522aeee5ce8,main,serv_immdec,rtl/serv_immdec.v,serv_immdec,.v,2,13,0,i_clk,,
serv,C,https://github.com/olofk/serv.git,f200eb2ed7b69ac1c6b8eddd47654522aeee5ce8,main,serv_mem_if,rtl/serv_mem_if.v,serv_mem_if,.v,3,11,0,i_clk,,
serv,C,https://github.com/olofk/serv.git,f200eb2ed7b69ac1c6b8eddd47654522aeee5ce8,main,serv_rf_if,rtl/serv_rf_if.v,serv_rf_if,.v,3,35,0,,,
serv,C,https://github.com/olofk/serv.git,f200eb2ed7b69ac1c6b8eddd47654522aeee5ce8,main,serv_rf_ram,rtl/serv_rf_ram.v,serv_rf_ram,.v,3,7,0,i_clk,,
serv,C,https://github.com/olofk/serv.git,f200eb2ed7b69ac1c6b8eddd47654522aeee5ce8,main,serv_rf_ram_if,rtl/serv_rf_ram_if.v,serv_rf_ram_if,.v,8,21,0,i_clk,i_rst,
serv,C,https://github.com/olofk/serv.git,f200eb2ed7b69ac1c6b8eddd47654522aeee5ce8,main,serv_rf_top,rtl/serv_rf_top.v,serv_rf_top,.v,11,41,3,clk,i_rst,valid_ready
serv,C,https://github.com/olofk/serv.git,f200eb2ed7b69ac1c6b8eddd47654522aeee5ce8,main,serv_state,rtl/serv_state.v,serv_state,.v,5,46,0,i_clk,i_rst,valid_ready
serv,C,https://github.com/olofk/serv.git,f200eb2ed7b69ac1c6b8eddd47654522aeee5ce8,main,serv_synth_wrapper,rtl/serv_synth_wrapper.v,serv_synth_wrapper,.v,5,19,2,clk,i_rst,
serv,C,https://github.com/olofk/serv.git,f200eb2ed7b69ac1c6b8eddd47654522aeee5ce8,main,serv_top,rtl/serv_top.v,serv_top,.v,10,54,13,clk,i_rst,valid_ready
vortex,A,https://github.com/vortexgpgpu/vortex.git,5d62846c685ae287f9cd3ddd49f4537c40146eae,master,FullAdder,hw/rtl/libs/VX_csa_32.sv,VX_csa_32,.sv,0,5,0,,,
vortex,A,https://github.com/vortexgpgpu/vortex.git,5d62846c685ae287f9cd3ddd49f4537c40146eae,master,VX_adder4,hw/rtl/afu/firesim/toy/VX_adder4.v,VX_adder4,.v,0,5,0,clk,reset,
vortex,A,https://github.com/vortexgpgpu/vortex.git,5d62846c685ae287f9cd3ddd49f4537c40146eae,master,VX_afu_axi_drain,hw/rtl/afu/common/VX_afu_axi_drain.sv,VX_afu_axi_drain,.sv,1,13,0,clk,reset,
vortex,A,https://github.com/vortexgpgpu/vortex.git,5d62846c685ae287f9cd3ddd49f4537c40146eae,master,VX_afu_axil_demux,hw/rtl/afu/common/VX_afu_axil_demux.sv,VX_afu_axil_demux,.sv,3,53,0,clk,reset,valid_ready
vortex,A,https://github.com/vortexgpgpu/vortex.git,5d62846c685ae287f9cd3ddd49f4537c40146eae,master,VX_afu_ctrl,hw/rtl/afu/common/VX_afu_ctrl.sv,VX_afu_ctrl,.sv,2,24,0,clk,reset;soft_reset_busy,valid_ready
vortex,A,https://github.com/vortexgpgpu/vortex.git,5d62846c685ae287f9cd3ddd49f4537c40146eae,master,VX_afu_req_gate,hw/rtl/afu/common/VX_afu_req_gate.sv,VX_afu_req_gate,.sv,0,7,0,clk,reset,valid_ready
vortex,A,https://github.com/vortexgpgpu/vortex.git,5d62846c685ae287f9cd3ddd49f4537c40146eae,master,VX_afu_reset_seq,hw/rtl/afu/common/VX_afu_reset_seq.sv,VX_afu_reset_seq,.sv,1,9,0,clk,reset;ap_reset_req;vx_reset_active,
vortex,A,https://github.com/vortexgpgpu/vortex.git,5d62846c685ae287f9cd3ddd49f4537c40146eae,master,VX_afu_wrap,hw/rtl/afu/common/VX_afu_wrap.sv,VX_afu_wrap,.sv,0,0,17,,,
vortex,A,https://github.com/vortexgpgpu/vortex.git,5d62846c685ae287f9cd3ddd49f4537c40146eae,master,VX_allocator,hw/rtl/libs/VX_allocator.sv,VX_allocator,.sv,2,8,1,clk,reset,
vortex,A,https://github.com/vortexgpgpu/vortex.git,5d62846c685ae287f9cd3ddd49f4537c40146eae,master,VX_alu_int,hw/rtl/core/VX_alu_int.sv,VX_alu_int,.sv,0,0,3,,,
vortex,A,https://github.com/vortexgpgpu/vortex.git,5d62846c685ae287f9cd3ddd49f4537c40146eae,master,VX_alu_muldiv,hw/rtl/core/VX_alu_muldiv.sv,VX_alu_muldiv,.sv,0,0,8,,,
vortex,A,https://github.com/vortexgpgpu/vortex.git,5d62846c685ae287f9cd3ddd49f4537c40146eae,master,VX_alu_unit,hw/rtl/core/VX_alu_unit.sv,VX_alu_unit,.sv,0,0,5,,,
vortex,A,https://github.com/vortexgpgpu/vortex.git,5d62846c685ae287f9cd3ddd49f4537c40146eae,master,VX_amo_alu,hw/rtl/cache/VX_amo_alu.sv,VX_amo_alu,.sv,0,0,0,,,
vortex,A,https://github.com/vortexgpgpu/vortex.git,5d62846c685ae287f9cd3ddd49f4537c40146eae,master,VX_amo_unit,hw/rtl/cache/VX_amo_unit.sv,VX_amo_unit,.sv,0,0,2,,,
vortex,A,https://github.com/vortexgpgpu/vortex.git,5d62846c685ae287f9cd3ddd49f4537c40146eae,master,VX_async_ram_patch,hw/rtl/libs/VX_async_ram_patch.sv,VX_async_ram_patch,.sv,12,9,2,clk,reset,
vortex,A,https://github.com/vortexgpgpu/vortex.git,5d62846c685ae287f9cd3ddd49f4537c40146eae,master,VX_axi_write_ack,hw/rtl/libs/VX_axi_write_ack.sv,VX_axi_write_ack,.sv,0,10,0,clk,reset,valid_ready
vortex,A,https://github.com/vortexgpgpu/vortex.git,5d62846c685ae287f9cd3ddd49f4537c40146eae,master,VX_bar_unit,hw/rtl/core/VX_bar_unit.sv,VX_bar_unit,.sv,0,0,2,,,
vortex,A,https://github.com/vortexgpgpu/vortex.git,5d62846c685ae287f9cd3ddd49f4537c40146eae,master,VX_bits_concat,hw/rtl/libs/VX_bits_concat.sv,VX_bits_concat,.sv,2,3,0,,,
vortex,A,https://github.com/vortexgpgpu/vortex.git,5d62846c685ae287f9cd3ddd49f4537c40146eae,master,VX_bits_insert,hw/rtl/libs/VX_bits_insert.sv,VX_bits_insert,.sv,3,3,0,,,
vortex,A,https://github.com/vortexgpgpu/vortex.git,5d62846c685ae287f9cd3ddd49f4537c40146eae,master,VX_bits_remove,hw/rtl/libs/VX_bits_remove.sv,VX_bits_remove,.sv,3,3,0,,,
vortex,A,https://github.com/vortexgpgpu/vortex.git,5d62846c685ae287f9cd3ddd49f4537c40146eae,master,VX_blend_func,hw/rtl/om/VX_om_blend_func.sv,VX_om_blend_func,.sv,0,0,0,,,
vortex,A,https://github.com/vortexgpgpu/vortex.git,5d62846c685ae287f9cd3ddd49f4537c40146eae,master,VX_bypass_buffer,hw/rtl/libs/VX_bypass_buffer.sv,VX_bypass_buffer,.sv,2,8,0,clk,reset,valid_ready
vortex,A,https://github.com/vortexgpgpu/vortex.git,5d62846c685ae287f9cd3ddd49f4537c40146eae,master,VX_cache,hw/rtl/cache/VX_cache.sv,VX_cache,.sv,0,0,8,,,
vortex,A,https://github.com/vortexgpgpu/vortex.git,5d62846c685ae287f9cd3ddd49f4537c40146eae,master,VX_cache_amo,hw/rtl/cache/VX_cache_amo.sv,VX_cache_amo,.sv,0,0,3,,,
vortex,A,https://github.com/vortexgpgpu/vortex.git,5d62846c685ae287f9cd3ddd49f4537c40146eae,master,VX_cache_bank,hw/rtl/cache/VX_cache_bank.sv,VX_cache_bank,.sv,0,0,19,,,
vortex,A,https://github.com/vortexgpgpu/vortex.git,5d62846c685ae287f9cd3ddd49f4537c40146eae,master,VX_cache_bypass,hw/rtl/cache/VX_cache_bypass.sv,VX_cache_bypass,.sv,0,0,5,,,
vortex,A,https://github.com/vortexgpgpu/vortex.git,5d62846c685ae287f9cd3ddd49f4537c40146eae,master,VX_cache_cluster,hw/rtl/cache/VX_cache_cluster.sv,VX_cache_cluster,.sv,0,0,3,,,
vortex,A,https://github.com/vortexgpgpu/vortex.git,5d62846c685ae287f9cd3ddd49f4537c40146eae,master,VX_cache_data,hw/rtl/cache/VX_cache_data.sv,VX_cache_data,.sv,0,0,3,,,
vortex,A,https://github.com/vortexgpgpu/vortex.git,5d62846c685ae287f9cd3ddd49f4537c40146eae,master,VX_cache_flush,hw/rtl/cache/VX_cache_flush.sv,VX_cache_flush,.sv,0,0,0,,,
vortex,A,https://github.com/vortexgpgpu/vortex.git,5d62846c685ae287f9cd3ddd49f4537c40146eae,master,VX_cache_init,hw/rtl/cache/VX_cache_init.sv,VX_cache_init,.sv,0,0,1,,,
vortex,A,https://github.com/vortexgpgpu/vortex.git,5d62846c685ae287f9cd3ddd49f4537c40146eae,master,VX_cache_mshr,hw/rtl/cache/VX_cache_mshr.sv,VX_cache_mshr,.sv,0,0,5,,,
vortex,A,https://github.com/vortexgpgpu/vortex.git,5d62846c685ae287f9cd3ddd49f4537c40146eae,master,VX_cache_repl,hw/rtl/cache/VX_cache_repl.sv,VX_cache_repl,.sv,5,12,4,clk,reset,
vortex,A,https://github.com/vortexgpgpu/vortex.git,5d62846c685ae287f9cd3ddd49f4537c40146eae,master,VX_cache_tags,hw/rtl/cache/VX_cache_tags.sv,VX_cache_tags,.sv,0,0,3,,,
vortex,A,https://github.com/vortexgpgpu/vortex.git,5d62846c685ae287f9cd3ddd49f4537c40146eae,master,VX_cache_wrap,hw/rtl/cache/VX_cache_wrap.sv,VX_cache_wrap,.sv,0,0,2,,,
vortex,A,https://github.com/vortexgpgpu/vortex.git,5d62846c685ae287f9cd3ddd49f4537c40146eae,master,VX_clockgate,hw/rtl/libs/VX_clockgate.sv,VX_clockgate,.sv,0,3,0,clk_in,,
vortex,A,https://github.com/vortexgpgpu/vortex.git,5d62846c685ae287f9cd3ddd49f4537c40146eae,master,VX_cluster,hw/rtl/VX_cluster.sv,VX_cluster,.sv,0,0,22,,,
vortex,A,https://github.com/vortexgpgpu/vortex.git,5d62846c685ae287f9cd3ddd49f4537c40146eae,master,VX_commit,hw/rtl/core/VX_commit.sv,VX_commit,.sv,0,0,1,,,
vortex,A,https://github.com/vortexgpgpu/vortex.git,5d62846c685ae287f9cd3ddd49f4537c40146eae,master,VX_core,hw/rtl/core/VX_core.sv,VX_core,.sv,0,0,24,,,
vortex,A,https://github.com/vortexgpgpu/vortex.git,5d62846c685ae287f9cd3ddd49f4537c40146eae,master,VX_cp_arbiter,hw/rtl/cp/VX_cp_arbiter.sv,VX_cp_arbiter,.sv,0,0,1,,,
vortex,A,https://github.com/vortexgpgpu/vortex.git,5d62846c685ae287f9cd3ddd49f4537c40146eae,master,VX_cp_axil_regfile,hw/rtl/cp/VX_cp_axil_regfile.sv,VX_cp_axil_regfile,.sv,0,0,0,,,
vortex,A,https://github.com/vortexgpgpu/vortex.git,5d62846c685ae287f9cd3ddd49f4537c40146eae,master,VX_cp_completion,hw/rtl/cp/VX_cp_completion.sv,VX_cp_completion,.sv,0,0,0,,,
vortex,A,https://github.com/vortexgpgpu/vortex.git,5d62846c685ae287f9cd3ddd49f4537c40146eae,master,VX_cp_core,hw/rtl/cp/VX_cp_core.sv,VX_cp_core,.sv,0,0,22,,,
vortex,A,https://github.com/vortexgpgpu/vortex.git,5d62846c685ae287f9cd3ddd49f4537c40146eae,master,VX_cp_dcr_proxy,hw/rtl/cp/VX_cp_dcr_proxy.sv,VX_cp_dcr_proxy,.sv,0,0,0,,,
vortex,A,https://github.com/vortexgpgpu/vortex.git,5d62846c685ae287f9cd3ddd49f4537c40146eae,master,VX_cp_dma,hw/rtl/cp/VX_cp_dma.sv,VX_cp_dma,.sv,0,0,0,,,
vortex,A,https://github.com/vortexgpgpu/vortex.git,5d62846c685ae287f9cd3ddd49f4537c40146eae,master,VX_cp_engine,hw/rtl/cp/VX_cp_engine.sv,VX_cp_engine,.sv,0,0,0,,,
vortex,A,https://github.com/vortexgpgpu/vortex.git,5d62846c685ae287f9cd3ddd49f4537c40146eae,master,VX_cp_event_unit,hw/rtl/cp/VX_cp_event_unit.sv,VX_cp_event_unit,.sv,0,0,0,,,
vortex,A,https://github.com/vortexgpgpu/vortex.git,5d62846c685ae287f9cd3ddd49f4537c40146eae,master,VX_cp_fetch,hw/rtl/cp/VX_cp_fetch.sv,VX_cp_fetch,.sv,0,0,1,,,
vortex,A,https://github.com/vortexgpgpu/vortex.git,5d62846c685ae287f9cd3ddd49f4537c40146eae,master,VX_cp_gpu_slice,hw/rtl/cp/VX_cp_gpu_slice.sv,VX_cp_gpu_slice,.sv,0,4,3,clk,reset,
vortex,A,https://github.com/vortexgpgpu/vortex.git,5d62846c685ae287f9cd3ddd49f4537c40146eae,master,VX_cp_launch,hw/rtl/cp/VX_cp_launch.sv,VX_cp_launch,.sv,0,6,0,clk,reset,
vortex,A,https://github.com/vortexgpgpu/vortex.git,5d62846c685ae287f9cd3ddd49f4537c40146eae,master,VX_cp_profiling,hw/rtl/cp/VX_cp_profiling.sv,VX_cp_profiling,.sv,0,0,0,,,
vortex,A,https://github.com/vortexgpgpu/vortex.git,5d62846c685ae287f9cd3ddd49f4537c40146eae,master,VX_cp_unpack,hw/rtl/cp/VX_cp_unpack.sv,VX_cp_unpack,.sv,0,0,0,,,
vortex,A,https://github.com/vortexgpgpu/vortex.git,5d62846c685ae287f9cd3ddd49f4537c40146eae,master,VX_csa_32,hw/rtl/libs/VX_csa_32.sv,VX_csa_32,.sv,2,5,1,,,
vortex,A,https://github.com/vortexgpgpu/vortex.git,5d62846c685ae287f9cd3ddd49f4537c40146eae,master,VX_csa_42,hw/rtl/libs/VX_csa_42.sv,VX_csa_42,.sv,2,6,1,,,
vortex,A,https://github.com/vortexgpgpu/vortex.git,5d62846c685ae287f9cd3ddd49f4537c40146eae,master,VX_csa_block,hw/rtl/libs/VX_csa_tree.sv,VX_csa_tree,.sv,3,3,2,,,
vortex,A,https://github.com/vortexgpgpu/vortex.git,5d62846c685ae287f9cd3ddd49f4537c40146eae,master,VX_csa_mod4,hw/rtl/libs/VX_csa_mod4.sv,VX_csa_mod4,.sv,6,3,7,,,
vortex,A,https://github.com/vortexgpgpu/vortex.git,5d62846c685ae287f9cd3ddd49f4537c40146eae,master,VX_csa_tree,hw/rtl/libs/VX_csa_tree.sv,VX_csa_tree,.sv,5,3,5,,,
vortex,A,https://github.com/vortexgpgpu/vortex.git,5d62846c685ae287f9cd3ddd49f4537c40146eae,master,VX_csr_data,hw/rtl/core/VX_csr_data.sv,VX_csr_data,.sv,0,0,0,,,
vortex,A,https://github.com/vortexgpgpu/vortex.git,5d62846c685ae287f9cd3ddd49f4537c40146eae,master,VX_csr_unit,hw/rtl/core/VX_csr_unit.sv,VX_csr_unit,.sv,0,0,2,,,
vortex,A,https://github.com/vortexgpgpu/vortex.git,5d62846c685ae287f9cd3ddd49f4537c40146eae,master,VX_cta_dispatch,hw/rtl/core/VX_cta_dispatch.sv,VX_cta_dispatch,.sv,0,0,4,,,
vortex,A,https://github.com/vortexgpgpu/vortex.git,5d62846c685ae287f9cd3ddd49f4537c40146eae,master,VX_cyclic_arbiter,hw/rtl/libs/VX_cyclic_arbiter.sv,VX_cyclic_arbiter,.sv,3,7,2,clk,reset,valid_ready;req_gnt
vortex,A,https://github.com/vortexgpgpu/vortex.git,5d62846c685ae287f9cd3ddd49f4537c40146eae,master,VX_dcr_arb,hw/rtl/core/VX_dcr_arb.sv,VX_dcr_arb,.sv,0,0,2,,,
vortex,A,https://github.com/vortexgpgpu/vortex.git,5d62846c685ae287f9cd3ddd49f4537c40146eae,master,VX_dcr_data,hw/rtl/core/VX_dcr_data.sv,VX_dcr_data,.sv,0,0,0,,,
vortex,A,https://github.com/vortexgpgpu/vortex.git,5d62846c685ae287f9cd3ddd49f4537c40146eae,master,VX_dcr_flush,hw/rtl/core/VX_dcr_flush.sv,VX_dcr_flush,.sv,0,0,2,,,
vortex,A,https://github.com/vortexgpgpu/vortex.git,5d62846c685ae287f9cd3ddd49f4537c40146eae,master,VX_decode,hw/rtl/core/VX_decode.sv,VX_decode,.sv,0,0,2,,,
vortex,A,https://github.com/vortexgpgpu/vortex.git,5d62846c685ae287f9cd3ddd49f4537c40146eae,master,VX_decompressor,hw/rtl/core/VX_decompressor.sv,VX_decompressor,.sv,0,0,1,,,
vortex,A,https://github.com/vortexgpgpu/vortex.git,5d62846c685ae287f9cd3ddd49f4537c40146eae,master,VX_demux,hw/rtl/libs/VX_demux.sv,VX_demux,.sv,4,3,0,,,
vortex,A,https://github.com/vortexgpgpu/vortex.git,5d62846c685ae287f9cd3ddd49f4537c40146eae,master,VX_dispatcher,hw/rtl/core/VX_dispatcher.sv,VX_dispatcher,.sv,0,0,1,,,
vortex,A,https://github.com/vortexgpgpu/vortex.git,5d62846c685ae287f9cd3ddd49f4537c40146eae,master,VX_divider,hw/rtl/libs/VX_divider.sv,VX_divider,.sv,7,6,1,clk,,
vortex,A,https://github.com/vortexgpgpu/vortex.git,5d62846c685ae287f9cd3ddd49f4537c40146eae,master,VX_dp_ram,hw/rtl/libs/VX_dp_ram.sv,VX_dp_ram,.sv,14,9,2,clk,reset,
vortex,A,https://github.com/vortexgpgpu/vortex.git,5d62846c685ae287f9cd3ddd49f4537c40146eae,master,VX_dxa_addr_gen,hw/rtl/dxa/VX_dxa_addr_gen.sv,VX_dxa_addr_gen,.sv,0,0,0,,,
vortex,A,https://github.com/vortexgpgpu/vortex.git,5d62846c685ae287f9cd3ddd49f4537c40146eae,master,VX_dxa_completion,hw/rtl/dxa/VX_dxa_completion.sv,VX_dxa_completion,.sv,0,0,1,,,
vortex,A,https://github.com/vortexgpgpu/vortex.git,5d62846c685ae287f9cd3ddd49f4537c40146eae,master,VX_dxa_core,hw/rtl/dxa/VX_dxa_core.sv,VX_dxa_core,.sv,0,0,7,,,
vortex,A,https://github.com/vortexgpgpu/vortex.git,5d62846c685ae287f9cd3ddd49f4537c40146eae,master,VX_dxa_desc_table,hw/rtl/dxa/VX_dxa_desc_table.sv,VX_dxa_desc_table,.sv,0,0,1,,,
vortex,A,https://github.com/vortexgpgpu/vortex.git,5d62846c685ae287f9cd3ddd49f4537c40146eae,master,VX_dxa_dispatch,hw/rtl/dxa/VX_dxa_dispatch.sv,VX_dxa_dispatch,.sv,0,0,1,,,
vortex,A,https://github.com/vortexgpgpu/vortex.git,5d62846c685ae287f9cd3ddd49f4537c40146eae,master,VX_dxa_gmem_req,hw/rtl/dxa/VX_dxa_gmem_req.sv,VX_dxa_gmem_req,.sv,0,0,4,,,
vortex,A,https://github.com/vortexgpgpu/vortex.git,5d62846c685ae287f9cd3ddd49f4537c40146eae,master,VX_dxa_req_arb,hw/rtl/dxa/VX_dxa_req_arb.sv,VX_dxa_req_arb,.sv,0,0,1,,,
vortex,A,https://github.com/vortexgpgpu/vortex.git,5d62846c685ae287f9cd3ddd49f4537c40146eae,master,VX_dxa_setup,hw/rtl/dxa/VX_dxa_setup.sv,VX_dxa_setup,.sv,0,0,2,,,
vortex,A,https://github.com/vortexgpgpu/vortex.git,5d62846c685ae287f9cd3ddd49f4537c40146eae,master,VX_dxa_smem_wr,hw/rtl/dxa/VX_dxa_smem_wr.sv,VX_dxa_smem_wr,.sv,0,0,1,,,
vortex,A,https://github.com/vortexgpgpu/vortex.git,5d62846c685ae287f9cd3ddd49f4537c40146eae,master,VX_dxa_unit,hw/rtl/dxa/VX_dxa_unit.sv,VX_dxa_unit,.sv,0,0,2,,,
vortex,A,https://github.com/vortexgpgpu/vortex.git,5d62846c685ae287f9cd3ddd49f4537c40146eae,master,VX_dxa_watchdog,hw/rtl/dxa/VX_dxa_watchdog.sv,VX_dxa_watchdog,.sv,0,0,0,,,
vortex,A,https://github.com/vortexgpgpu/vortex.git,5d62846c685ae287f9cd3ddd49f4537c40146eae,master,VX_dxa_worker,hw/rtl/dxa/VX_dxa_worker.sv,VX_dxa_worker,.sv,0,0,5,,,
vortex,A,https://github.com/vortexgpgpu/vortex.git,5d62846c685ae287f9cd3ddd49f4537c40146eae,master,VX_edge_trigger,hw/rtl/libs/VX_edge_trigger.sv,VX_edge_trigger,.sv,2,4,0,clk,reset,
vortex,A,https://github.com/vortexgpgpu/vortex.git,5d62846c685ae287f9cd3ddd49f4537c40146eae,master,VX_elastic_adapter,hw/rtl/libs/VX_elastic_adapter.sv,VX_elastic_adapter,.sv,0,8,0,clk,reset,valid_ready
vortex,A,https://github.com/vortexgpgpu/vortex.git,5d62846c685ae287f9cd3ddd49f4537c40146eae,master,VX_elastic_buffer,hw/rtl/libs/VX_elastic_buffer.sv,VX_elastic_buffer,.sv,4,8,4,clk,reset,valid_ready
vortex,A,https://github.com/vortexgpgpu/vortex.git,5d62846c685ae287f9cd3ddd49f4537c40146eae,master,VX_execute,hw/rtl/core/VX_execute.sv,VX_execute,.sv,0,0,5,,,
vortex,A,https://github.com/vortexgpgpu/vortex.git,5d62846c685ae287f9cd3ddd49f4537c40146eae,master,VX_fanout_buffer,hw/rtl/libs/VX_fanout_buffer.sv,VX_fanout_buffer,.sv,2,2,0,,,
vortex,A,https://github.com/vortexgpgpu/vortex.git,5d62846c685ae287f9cd3ddd49f4537c40146eae,master,VX_fcvt_unit,hw/rtl/fpu/VX_fcvt_unit.sv,VX_fcvt_unit,.sv,0,0,10,,,
vortex,A,https://github.com/vortexgpgpu/vortex.git,5d62846c685ae287f9cd3ddd49f4537c40146eae,master,VX_fdiv_unit,hw/rtl/fpu/VX_fdiv_unit.sv,VX_fdiv_unit,.sv,0,0,3,,,
vortex,A,https://github.com/vortexgpgpu/vortex.git,5d62846c685ae287f9cd3ddd49f4537c40146eae,master,VX_fdiv_unit_rtl,hw/rtl/fpu/VX_fdiv_unit_rtl.sv,VX_fdiv_unit_rtl,.sv,0,0,10,,,
vortex,A,https://github.com/vortexgpgpu/vortex.git,5d62846c685ae287f9cd3ddd49f4537c40146eae,master,VX_fdivsqrt_unit,hw/rtl/fpu/VX_fdivsqrt_unit.sv,VX_fdivsqrt_unit,.sv,0,0,10,,,
vortex,A,https://github.com/vortexgpgpu/vortex.git,5d62846c685ae287f9cd3ddd49f4537c40146eae,master,VX_fetch,hw/rtl/core/VX_fetch.sv,VX_fetch,.sv,0,0,4,,,
vortex,A,https://github.com/vortexgpgpu/vortex.git,5d62846c685ae287f9cd3ddd49f4537c40146eae,master,VX_fifo_queue,hw/rtl/libs/VX_fifo_queue.sv,VX_fifo_queue,.sv,7,11,2,clk,reset,
vortex,A,https://github.com/vortexgpgpu/vortex.git,5d62846c685ae287f9cd3ddd49f4537c40146eae,master,VX_find_first,hw/rtl/libs/VX_find_first.sv,VX_find_first,.sv,3,4,0,,,
vortex,A,https://github.com/vortexgpgpu/vortex.git,5d62846c685ae287f9cd3ddd49f4537c40146eae,master,VX_firesim_wrap,hw/rtl/afu/firesim/VX_firesim_wrap.sv,VX_firesim_wrap,.sv,0,0,1,,,
vortex,A,https://github.com/vortexgpgpu/vortex.git,5d62846c685ae287f9cd3ddd49f4537c40146eae,master,VX_fma_unit,hw/rtl/fpu/VX_fma_unit.sv,VX_fma_unit,.sv,0,0,3,,,
vortex,A,https://github.com/vortexgpgpu/vortex.git,5d62846c685ae287f9cd3ddd49f4537c40146eae,master,VX_fma_unit_rtl,hw/rtl/fpu/VX_fma_unit_rtl.sv,VX_fma_unit_rtl,.sv,0,0,14,,,
vortex,A,https://github.com/vortexgpgpu/vortex.git,5d62846c685ae287f9cd3ddd49f4537c40146eae,master,VX_fncp_unit,hw/rtl/fpu/VX_fncp_unit.sv,VX_fncp_unit,.sv,0,0,6,,,
vortex,A,https://github.com/vortexgpgpu/vortex.git,5d62846c685ae287f9cd3ddd49f4537c40146eae,master,VX_fold_mul,hw/rtl/libs/VX_fold_mul.sv,VX_fold_mul,.sv,5,6,1,clk,reset,
vortex,A,https://github.com/vortexgpgpu/vortex.git,5d62846c685ae287f9cd3ddd49f4537c40146eae,master,VX_fp_classifier,hw/rtl/fpu/VX_fp_classifier.sv,VX_fp_classifier,.sv,0,0,0,,,
vortex,A,https://github.com/vortexgpgpu/vortex.git,5d62846c685ae287f9cd3ddd49f4537c40146eae,master,VX_fp_rounding,hw/rtl/fpu/VX_fp_rounding.sv,VX_fp_rounding,.sv,0,0,0,,,
vortex,A,https://github.com/vortexgpgpu/vortex.git,5d62846c685ae287f9cd3ddd49f4537c40146eae,master,VX_fpu_dpi,hw/rtl/fpu/VX_fpu_dpi.sv,VX_fpu_dpi,.sv,0,0,3,,,
vortex,A,https://github.com/vortexgpgpu/vortex.git,5d62846c685ae287f9cd3ddd49f4537c40146eae,master,VX_fpu_dsp,hw/rtl/fpu/VX_fpu_dsp.sv,VX_fpu_dsp,.sv,0,0,12,,,
vortex,A,https://github.com/vortexgpgpu/vortex.git,5d62846c685ae287f9cd3ddd49f4537c40146eae,master,VX_fpu_fpnew,hw/rtl/fpu/VX_fpu_fpnew.sv,VX_fpu_fpnew,.sv,0,0,2,,,
vortex,A,https://github.com/vortexgpgpu/vortex.git,5d62846c685ae287f9cd3ddd49f4537c40146eae,master,VX_fpu_std,hw/rtl/fpu/VX_fpu_std.sv,VX_fpu_std,.sv,0,0,9,,,
vortex,A,https://github.com/vortexgpgpu/vortex.git,5d62846c685ae287f9cd3ddd49f4537c40146eae,master,VX_fpu_unit,hw/rtl/fpu/VX_fpu_unit.sv,VX_fpu_unit,.sv,0,0,10,,,
vortex,A,https://github.com/vortexgpgpu/vortex.git,5d62846c685ae287f9cd3ddd49f4537c40146eae,master,VX_fsqrt_unit,hw/rtl/fpu/VX_fsqrt_unit.sv,VX_fsqrt_unit,.sv,0,0,3,,,
vortex,A,https://github.com/vortexgpgpu/vortex.git,5d62846c685ae287f9cd3ddd49f4537c40146eae,master,VX_fsqrt_unit_rtl,hw/rtl/fpu/VX_fsqrt_unit_rtl.sv,VX_fsqrt_unit_rtl,.sv,0,0,8,,,
vortex,A,https://github.com/vortexgpgpu/vortex.git,5d62846c685ae287f9cd3ddd49f4537c40146eae,master,VX_gbar_arb,hw/rtl/mem/VX_gbar_arb.sv,VX_gbar_arb,.sv,0,0,2,,,
vortex,A,https://github.com/vortexgpgpu/vortex.git,5d62846c685ae287f9cd3ddd49f4537c40146eae,master,VX_gbar_unit,hw/rtl/mem/VX_gbar_unit.sv,VX_gbar_unit,.sv,0,0,0,,,
vortex,A,https://github.com/vortexgpgpu/vortex.git,5d62846c685ae287f9cd3ddd49f4537c40146eae,master,VX_generic_arbiter,hw/rtl/libs/VX_generic_arbiter.sv,VX_generic_arbiter,.sv,4,7,5,clk,reset,valid_ready;req_gnt
vortex,A,https://github.com/vortexgpgpu/vortex.git,5d62846c685ae287f9cd3ddd49f4537c40146eae,master,VX_gfx_uops,hw/rtl/core/VX_gfx_uops.sv,VX_gfx_uops,.sv,0,0,0,,,
vortex,A,https://github.com/vortexgpgpu/vortex.git,5d62846c685ae287f9cd3ddd49f4537c40146eae,master,VX_graphics,hw/rtl/VX_graphics.sv,VX_graphics,.sv,0,0,12,,,
vortex,A,https://github.com/vortexgpgpu/vortex.git,5d62846c685ae287f9cd3ddd49f4537c40146eae,master,VX_gto_arbiter,hw/rtl/libs/VX_gto_arbiter.sv,VX_gto_arbiter,.sv,2,7,0,clk,reset,valid_ready;req_gnt
vortex,A,https://github.com/vortexgpgpu/vortex.git,5d62846c685ae287f9cd3ddd49f4537c40146eae,master,VX_ibuffer,hw/rtl/core/VX_ibuffer.sv,VX_ibuffer,.sv,0,0,3,,,
vortex,A,https://github.com/vortexgpgpu/vortex.git,5d62846c685ae287f9cd3ddd49f4537c40146eae,master,VX_index_buffer,hw/rtl/libs/VX_index_buffer.sv,VX_index_buffer,.sv,4,10,2,clk,reset,
vortex,A,https://github.com/vortexgpgpu/vortex.git,5d62846c685ae287f9cd3ddd49f4537c40146eae,master,VX_index_queue,hw/rtl/libs/VX_index_queue.sv,VX_index_queue,.sv,2,10,0,clk,reset,
vortex,A,https://github.com/vortexgpgpu/vortex.git,5d62846c685ae287f9cd3ddd49f4537c40146eae,master,VX_ipdom_stack,hw/rtl/core/VX_ipdom_stack.sv,VX_ipdom_stack,.sv,0,0,1,,,
vortex,A,https://github.com/vortexgpgpu/vortex.git,5d62846c685ae287f9cd3ddd49f4537c40146eae,master,VX_issue,hw/rtl/core/VX_issue.sv,VX_issue,.sv,0,0,2,,,
vortex,A,https://github.com/vortexgpgpu/vortex.git,5d62846c685ae287f9cd3ddd49f4537c40146eae,master,VX_issue_slice,hw/rtl/core/VX_issue_slice.sv,VX_issue_slice,.sv,0,0,7,,,
vortex,A,https://github.com/vortexgpgpu/vortex.git,5d62846c685ae287f9cd3ddd49f4537c40146eae,master,VX_kmu,hw/rtl/VX_kmu.sv,VX_kmu,.sv,0,0,0,,,
vortex,A,https://github.com/vortexgpgpu/vortex.git,5d62846c685ae287f9cd3ddd49f4537c40146eae,master,VX_kmu_bus_arb,hw/rtl/core/VX_kmu_bus_arb.sv,VX_kmu_bus_arb,.sv,0,0,2,,,
vortex,A,https://github.com/vortexgpgpu/vortex.git,5d62846c685ae287f9cd3ddd49f4537c40146eae,master,VX_ks_adder,hw/rtl/libs/VX_ks_adder.sv,VX_ks_adder,.sv,2,5,0,,,
vortex,A,https://github.com/vortexgpgpu/vortex.git,5d62846c685ae287f9cd3ddd49f4537c40146eae,master,VX_lane_dispatch,hw/rtl/core/VX_lane_dispatch.sv,VX_lane_dispatch,.sv,0,0,3,,,
vortex,A,https://github.com/vortexgpgpu/vortex.git,5d62846c685ae287f9cd3ddd49f4537c40146eae,master,VX_lane_gather,hw/rtl/core/VX_lane_gather.sv,VX_lane_gather,.sv,0,0,2,,,
vortex,A,https://github.com/vortexgpgpu/vortex.git,5d62846c685ae287f9cd3ddd49f4537c40146eae,master,VX_lmem_switch,hw/rtl/mem/VX_lmem_switch.sv,VX_lmem_switch,.sv,0,0,3,,,
vortex,A,https://github.com/vortexgpgpu/vortex.git,5d62846c685ae287f9cd3ddd49f4537c40146eae,master,VX_local_mem,hw/rtl/mem/VX_local_mem.sv,VX_local_mem,.sv,0,0,6,,,
vortex,A,https://github.com/vortexgpgpu/vortex.git,5d62846c685ae287f9cd3ddd49f4537c40146eae,master,VX_lsu_adapter,hw/rtl/mem/VX_lsu_adapter.sv,VX_lsu_adapter,.sv,0,0,2,,,
vortex,A,https://github.com/vortexgpgpu/vortex.git,5d62846c685ae287f9cd3ddd49f4537c40146eae,master,VX_lsu_agu,hw/rtl/core/VX_lsu_agu.sv,VX_lsu_agu,.sv,0,0,1,,,
vortex,A,https://github.com/vortexgpgpu/vortex.git,5d62846c685ae287f9cd3ddd49f4537c40146eae,master,VX_lsu_mem_arb,hw/rtl/mem/VX_lsu_mem_arb.sv,VX_lsu_mem_arb,.sv,0,0,4,,,
vortex,A,https://github.com/vortexgpgpu/vortex.git,5d62846c685ae287f9cd3ddd49f4537c40146eae,master,VX_lsu_scheduler,hw/rtl/core/VX_lsu_scheduler.sv,VX_lsu_scheduler,.sv,0,0,1,,,
vortex,A,https://github.com/vortexgpgpu/vortex.git,5d62846c685ae287f9cd3ddd49f4537c40146eae,master,VX_lsu_slice,hw/rtl/core/VX_lsu_slice.sv,VX_lsu_slice,.sv,0,0,8,,,
vortex,A,https://github.com/vortexgpgpu/vortex.git,5d62846c685ae287f9cd3ddd49f4537c40146eae,master,VX_lsu_unit,hw/rtl/core/VX_lsu_unit.sv,VX_lsu_unit,.sv,0,0,3,,,
vortex,A,https://github.com/vortexgpgpu/vortex.git,5d62846c685ae287f9cd3ddd49f4537c40146eae,master,VX_lzc,hw/rtl/libs/VX_lzc.sv,VX_lzc,.sv,3,3,1,,,
vortex,A,https://github.com/vortexgpgpu/vortex.git,5d62846c685ae287f9cd3ddd49f4537c40146eae,master,VX_matrix_arbiter,hw/rtl/libs/VX_matrix_arbiter.sv,VX_matrix_arbiter,.sv,3,7,1,clk,reset,valid_ready;req_gnt
vortex,A,https://github.com/vortexgpgpu/vortex.git,5d62846c685ae287f9cd3ddd49f4537c40146eae,master,VX_mem_axi_arb,hw/rtl/mem/VX_mem_axi_arb.sv,VX_mem_axi_arb,.sv,10,4,1,clk,reset,
vortex,A,https://github.com/vortexgpgpu/vortex.git,5d62846c685ae287f9cd3ddd49f4537c40146eae,master,VX_mem_axi_slice,hw/rtl/mem/VX_mem_axi_slice.sv,VX_mem_axi_slice,.sv,4,4,1,clk,reset,
vortex,A,https://github.com/vortexgpgpu/vortex.git,5d62846c685ae287f9cd3ddd49f4537c40146eae,master,VX_mem_axi_xbar,hw/rtl/mem/VX_mem_axi_xbar.sv,VX_mem_axi_xbar,.sv,11,4,1,clk,reset,
vortex,A,https://github.com/vortexgpgpu/vortex.git,5d62846c685ae287f9cd3ddd49f4537c40146eae,master,VX_mem_bank_adapter,hw/rtl/libs/VX_mem_bank_adapter.sv,VX_mem_bank_adapter,.sv,13,24,3,clk,reset,
vortex,A,https://github.com/vortexgpgpu/vortex.git,5d62846c685ae287f9cd3ddd49f4537c40146eae,master,VX_mem_bus_arb,hw/rtl/mem/VX_mem_bus_arb.sv,VX_mem_bus_arb,.sv,0,0,4,,,
vortex,A,https://github.com/vortexgpgpu/vortex.git,5d62846c685ae287f9cd3ddd49f4537c40146eae,master,VX_mem_bus_slice,hw/rtl/mem/VX_mem_bus_slice.sv,VX_mem_bus_slice,.sv,0,0,2,,,
vortex,A,https://github.com/vortexgpgpu/vortex.git,5d62846c685ae287f9cd3ddd49f4537c40146eae,master,VX_mem_bus_switch,hw/rtl/mem/VX_mem_bus_switch.sv,VX_mem_bus_switch,.sv,0,0,2,,,
vortex,A,https://github.com/vortexgpgpu/vortex.git,5d62846c685ae287f9cd3ddd49f4537c40146eae,master,VX_mem_coalescer,hw/rtl/libs/VX_mem_coalescer.sv,VX_mem_coalescer,.sv,18,33,3,clk,reset,valid_ready
vortex,A,https://github.com/vortexgpgpu/vortex.git,5d62846c685ae287f9cd3ddd49f4537c40146eae,master,VX_mem_data_adapter,hw/rtl/libs/VX_mem_data_adapter.sv,VX_mem_data_adapter,.sv,8,24,4,clk,reset,valid_ready
vortex,A,https://github.com/vortexgpgpu/vortex.git,5d62846c685ae287f9cd3ddd49f4537c40146eae,master,VX_mem_from_axi,hw/rtl/libs/VX_mem_from_axi.sv,VX_mem_from_axi,.sv,4,38,0,clk,reset,valid_ready
vortex,A,https://github.com/vortexgpgpu/vortex.git,5d62846c685ae287f9cd3ddd49f4537c40146eae,master,VX_mem_scheduler,hw/rtl/libs/VX_mem_scheduler.sv,VX_mem_scheduler,.sv,29,34,6,clk,reset,valid_ready
vortex,A,https://github.com/vortexgpgpu/vortex.git,5d62846c685ae287f9cd3ddd49f4537c40146eae,master,VX_mem_to_avs,hw/rtl/libs/VX_mem_to_avs.sv,VX_mem_to_avs,.sv,12,22,5,clk,reset,
vortex,A,https://github.com/vortexgpgpu/vortex.git,5d62846c685ae287f9cd3ddd49f4537c40146eae,master,VX_mem_to_axi,hw/rtl/libs/VX_mem_to_axi.sv,VX_mem_to_axi,.sv,13,52,4,clk,reset,
vortex,A,https://github.com/vortexgpgpu/vortex.git,5d62846c685ae287f9cd3ddd49f4537c40146eae,master,VX_mem_unit,hw/rtl/core/VX_mem_unit.sv,VX_mem_unit,.sv,0,0,10,,,
vortex,A,https://github.com/vortexgpgpu/vortex.git,5d62846c685ae287f9cd3ddd49f4537c40146eae,master,VX_mem_xbar,hw/rtl/mem/VX_mem_xbar.sv,VX_mem_xbar,.sv,0,0,5,,,
vortex,A,https://github.com/vortexgpgpu/vortex.git,5d62846c685ae287f9cd3ddd49f4537c40146eae,master,VX_membus_from_axi,hw/rtl/mem/VX_membus_from_axi.sv,VX_membus_from_axi,.sv,0,0,1,,,
vortex,A,https://github.com/vortexgpgpu/vortex.git,5d62846c685ae287f9cd3ddd49f4537c40146eae,master,VX_membus_to_axi,hw/rtl/mem/VX_membus_to_axi.sv,VX_membus_to_axi,.sv,0,0,1,,,
vortex,A,https://github.com/vortexgpgpu/vortex.git,5d62846c685ae287f9cd3ddd49f4537c40146eae,master,VX_mm_axi_arb,hw/rtl/libs/VX_mm_axi_arb.sv,VX_mm_axi_arb,.sv,11,52,4,clk,reset,valid_ready
vortex,A,https://github.com/vortexgpgpu/vortex.git,5d62846c685ae287f9cd3ddd49f4537c40146eae,master,VX_mm_axi_slice,hw/rtl/libs/VX_mm_axi_slice.sv,VX_mm_axi_slice,.sv,5,52,5,clk,reset,valid_ready
vortex,A,https://github.com/vortexgpgpu/vortex.git,5d62846c685ae287f9cd3ddd49f4537c40146eae,master,VX_mm_axi_xbar,hw/rtl/libs/VX_mm_axi_xbar.sv,VX_mm_axi_xbar,.sv,12,55,1,clk,reset,valid_ready
vortex,A,https://github.com/vortexgpgpu/vortex.git,5d62846c685ae287f9cd3ddd49f4537c40146eae,master,VX_mmu,hw/rtl/vm/VX_mmu.sv,VX_mmu,.sv,0,0,2,,,
vortex,A,https://github.com/vortexgpgpu/vortex.git,5d62846c685ae287f9cd3ddd49f4537c40146eae,master,VX_mmu_dcr,hw/rtl/vm/VX_mmu_dcr.sv,VX_mmu_dcr,.sv,0,0,0,,,
vortex,A,https://github.com/vortexgpgpu/vortex.git,5d62846c685ae287f9cd3ddd49f4537c40146eae,master,VX_mmu_snoop,hw/rtl/vm/VX_mmu_snoop.sv,VX_mmu_snoop,.sv,0,0,0,,,
vortex,A,https://github.com/vortexgpgpu/vortex.git,5d62846c685ae287f9cd3ddd49f4537c40146eae,master,VX_multiplier,hw/rtl/libs/VX_multiplier.sv,VX_multiplier,.sv,5,5,1,clk,,
vortex,A,https://github.com/vortexgpgpu/vortex.git,5d62846c685ae287f9cd3ddd49f4537c40146eae,master,VX_mux,hw/rtl/libs/VX_mux.sv,VX_mux,.sv,3,3,0,,,
vortex,A,https://github.com/vortexgpgpu/vortex.git,5d62846c685ae287f9cd3ddd49f4537c40146eae,master,VX_nz_iterator,hw/rtl/libs/VX_nz_iterator.sv,VX_nz_iterator,.sv,5,10,3,clk,reset,
vortex,A,https://github.com/vortexgpgpu/vortex.git,5d62846c685ae287f9cd3ddd49f4537c40146eae,master,VX_om_blend,hw/rtl/om/VX_om_blend.sv,VX_om_blend,.sv,0,0,8,,,
vortex,A,https://github.com/vortexgpgpu/vortex.git,5d62846c685ae287f9cd3ddd49f4537c40146eae,master,VX_om_blend_func,hw/rtl/om/VX_om_blend_func.sv,VX_om_blend_func,.sv,0,0,4,,,
vortex,A,https://github.com/vortexgpgpu/vortex.git,5d62846c685ae287f9cd3ddd49f4537c40146eae,master,VX_om_blend_minmax,hw/rtl/om/VX_om_blend_minmax.sv,VX_om_blend_minmax,.sv,0,0,1,,,
vortex,A,https://github.com/vortexgpgpu/vortex.git,5d62846c685ae287f9cd3ddd49f4537c40146eae,master,VX_om_blend_multadd,hw/rtl/om/VX_om_blend_multadd.sv,VX_om_blend_multadd,.sv,0,0,3,,,
vortex,A,https://github.com/vortexgpgpu/vortex.git,5d62846c685ae287f9cd3ddd49f4537c40146eae,master,VX_om_bus_arb,hw/rtl/om/VX_om_bus_arb.sv,VX_om_bus_arb,.sv,0,0,1,,,
vortex,A,https://github.com/vortexgpgpu/vortex.git,5d62846c685ae287f9cd3ddd49f4537c40146eae,master,VX_om_compare,hw/rtl/om/VX_om_compare.sv,VX_om_compare,.sv,0,0,0,,,
vortex,A,https://github.com/vortexgpgpu/vortex.git,5d62846c685ae287f9cd3ddd49f4537c40146eae,master,VX_om_core,hw/rtl/om/VX_om_core.sv,VX_om_core,.sv,0,0,8,,,
vortex,A,https://github.com/vortexgpgpu/vortex.git,5d62846c685ae287f9cd3ddd49f4537c40146eae,master,VX_om_dcr,hw/rtl/om/VX_om_dcr.sv,VX_om_dcr,.sv,0,0,0,,,
vortex,A,https://github.com/vortexgpgpu/vortex.git,5d62846c685ae287f9cd3ddd49f4537c40146eae,master,VX_om_ds,hw/rtl/om/VX_om_ds.sv,VX_om_ds,.sv,0,0,5,,,
vortex,A,https://github.com/vortexgpgpu/vortex.git,5d62846c685ae287f9cd3ddd49f4537c40146eae,master,VX_om_ingress,hw/rtl/om/VX_om_ingress.sv,VX_om_ingress,.sv,0,0,5,,,
vortex,A,https://github.com/vortexgpgpu/vortex.git,5d62846c685ae287f9cd3ddd49f4537c40146eae,master,VX_om_logic_op,hw/rtl/om/VX_om_logic_op.sv,VX_om_logic_op,.sv,0,0,1,,,
vortex,A,https://github.com/vortexgpgpu/vortex.git,5d62846c685ae287f9cd3ddd49f4537c40146eae,master,VX_om_mem,hw/rtl/om/VX_om_mem.sv,VX_om_mem,.sv,0,0,7,,,
vortex,A,https://github.com/vortexgpgpu/vortex.git,5d62846c685ae287f9cd3ddd49f4537c40146eae,master,VX_om_steer,hw/rtl/om/VX_om_steer.sv,VX_om_steer,.sv,0,0,2,,,
vortex,A,https://github.com/vortexgpgpu/vortex.git,5d62846c685ae287f9cd3ddd49f4537c40146eae,master,VX_om_stencil_op,hw/rtl/om/VX_om_stencil_op.sv,VX_om_stencil_op,.sv,0,0,0,,,
vortex,A,https://github.com/vortexgpgpu/vortex.git,5d62846c685ae287f9cd3ddd49f4537c40146eae,master,VX_onehot_encoder,hw/rtl/libs/VX_onehot_encoder.sv,VX_onehot_encoder,.sv,4,3,0,,,
vortex,A,https://github.com/vortexgpgpu/vortex.git,5d62846c685ae287f9cd3ddd49f4537c40146eae,master,VX_onehot_mux,hw/rtl/libs/VX_onehot_mux.sv,VX_onehot_mux,.sv,4,3,1,,,
vortex,A,https://github.com/vortexgpgpu/vortex.git,5d62846c685ae287f9cd3ddd49f4537c40146eae,master,VX_onehot_shift,hw/rtl/libs/VX_onehot_shift.sv,VX_onehot_shift,.sv,2,3,0,,,
vortex,A,https://github.com/vortexgpgpu/vortex.git,5d62846c685ae287f9cd3ddd49f4537c40146eae,master,VX_opc_unit,hw/rtl/core/VX_opc_unit.sv,VX_opc_unit,.sv,0,0,6,,,
vortex,A,https://github.com/vortexgpgpu/vortex.git,5d62846c685ae287f9cd3ddd49f4537c40146eae,master,VX_operands,hw/rtl/core/VX_operands.sv,VX_operands,.sv,0,0,5,,,
vortex,A,https://github.com/vortexgpgpu/vortex.git,5d62846c685ae287f9cd3ddd49f4537c40146eae,master,VX_pe_serializer,hw/rtl/libs/VX_pe_serializer.sv,VX_pe_serializer,.sv,9,18,3,clk,reset,valid_ready
vortex,A,https://github.com/vortexgpgpu/vortex.git,5d62846c685ae287f9cd3ddd49f4537c40146eae,master,VX_pe_switch,hw/rtl/core/VX_pe_switch.sv,VX_pe_switch,.sv,0,0,2,,,
vortex,A,https://github.com/vortexgpgpu/vortex.git,5d62846c685ae287f9cd3ddd49f4537c40146eae,master,VX_pending_size,hw/rtl/libs/VX_pending_size.sv,VX_pending_size,.sv,6,9,0,clk,reset,
vortex,A,https://github.com/vortexgpgpu/vortex.git,5d62846c685ae287f9cd3ddd49f4537c40146eae,master,VX_pipe_buffer,hw/rtl/libs/VX_pipe_buffer.sv,VX_pipe_buffer,.sv,3,8,1,clk,reset,valid_ready
vortex,A,https://github.com/vortexgpgpu/vortex.git,5d62846c685ae287f9cd3ddd49f4537c40146eae,master,VX_pipe_register,hw/rtl/libs/VX_pipe_register.sv,VX_pipe_register,.sv,4,5,0,clk,reset,
vortex,A,https://github.com/vortexgpgpu/vortex.git,5d62846c685ae287f9cd3ddd49f4537c40146eae,master,VX_placeholder,hw/rtl/libs/VX_placeholder.sv,VX_placeholder,.sv,2,2,0,,,
vortex,A,https://github.com/vortexgpgpu/vortex.git,5d62846c685ae287f9cd3ddd49f4537c40146eae,master,VX_popcount,hw/rtl/libs/VX_popcount.sv,VX_popcount,.sv,3,2,9,,,
vortex,A,https://github.com/vortexgpgpu/vortex.git,5d62846c685ae287f9cd3ddd49f4537c40146eae,master,VX_popcount32,hw/rtl/libs/VX_popcount.sv,VX_popcount,.sv,0,2,0,,,
vortex,A,https://github.com/vortexgpgpu/vortex.git,5d62846c685ae287f9cd3ddd49f4537c40146eae,master,VX_popcount63,hw/rtl/libs/VX_popcount.sv,VX_popcount,.sv,0,2,0,,,
vortex,A,https://github.com/vortexgpgpu/vortex.git,5d62846c685ae287f9cd3ddd49f4537c40146eae,master,VX_priority_arbiter,hw/rtl/libs/VX_priority_arbiter.sv,VX_priority_arbiter,.sv,3,7,1,clk,reset,valid_ready;req_gnt
vortex,A,https://github.com/vortexgpgpu/vortex.git,5d62846c685ae287f9cd3ddd49f4537c40146eae,master,VX_priority_encoder,hw/rtl/libs/VX_priority_encoder.sv,VX_priority_encoder,.sv,4,4,3,,,
vortex,A,https://github.com/vortexgpgpu/vortex.git,5d62846c685ae287f9cd3ddd49f4537c40146eae,master,VX_ptw,hw/rtl/vm/VX_ptw.sv,VX_ptw,.sv,0,0,4,,,
vortex,A,https://github.com/vortexgpgpu/vortex.git,5d62846c685ae287f9cd3ddd49f4537c40146eae,master,VX_ptw_cache,hw/rtl/vm/VX_ptw_cache.sv,VX_ptw_cache,.sv,0,0,0,,,
vortex,A,https://github.com/vortexgpgpu/vortex.git,5d62846c685ae287f9cd3ddd49f4537c40146eae,master,VX_ptw_walker,hw/rtl/vm/VX_ptw_walker.sv,VX_ptw_walker,.sv,0,0,0,,,
vortex,A,https://github.com/vortexgpgpu/vortex.git,5d62846c685ae287f9cd3ddd49f4537c40146eae,master,VX_raster_be,hw/rtl/raster/VX_raster_be.sv,VX_raster_be,.sv,0,0,4,,,
vortex,A,https://github.com/vortexgpgpu/vortex.git,5d62846c685ae287f9cd3ddd49f4537c40146eae,master,VX_raster_bus_arb,hw/rtl/raster/VX_raster_bus_arb.sv,VX_raster_bus_arb,.sv,0,0,3,,,
vortex,A,https://github.com/vortexgpgpu/vortex.git,5d62846c685ae287f9cd3ddd49f4537c40146eae,master,VX_raster_core,hw/rtl/raster/VX_raster_core.sv,VX_raster_core,.sv,0,0,15,,,
vortex,A,https://github.com/vortexgpgpu/vortex.git,5d62846c685ae287f9cd3ddd49f4537c40146eae,master,VX_raster_dcr,hw/rtl/raster/VX_raster_dcr.sv,VX_raster_dcr,.sv,0,0,0,,,
vortex,A,https://github.com/vortexgpgpu/vortex.git,5d62846c685ae287f9cd3ddd49f4537c40146eae,master,VX_raster_earlyz,hw/rtl/raster/VX_raster_earlyz.sv,VX_raster_earlyz,.sv,0,0,4,,,
vortex,A,https://github.com/vortexgpgpu/vortex.git,5d62846c685ae287f9cd3ddd49f4537c40146eae,master,VX_raster_edge,hw/rtl/raster/VX_raster_edge.sv,VX_raster_edge,.sv,1,7,4,clk,reset,
vortex,A,https://github.com/vortexgpgpu/vortex.git,5d62846c685ae287f9cd3ddd49f4537c40146eae,master,VX_raster_extents,hw/rtl/raster/VX_raster_extents.sv,VX_raster_extents,.sv,1,2,0,,,
vortex,A,https://github.com/vortexgpgpu/vortex.git,5d62846c685ae287f9cd3ddd49f4537c40146eae,master,VX_raster_launch,hw/rtl/raster/VX_raster_launch.sv,VX_raster_launch,.sv,0,0,0,,,
vortex,A,https://github.com/vortexgpgpu/vortex.git,5d62846c685ae287f9cd3ddd49f4537c40146eae,master,VX_raster_launch_fork,hw/rtl/raster/VX_raster_launch_fork.sv,VX_raster_launch_fork,.sv,1,4,1,clk,reset,
vortex,A,https://github.com/vortexgpgpu/vortex.git,5d62846c685ae287f9cd3ddd49f4537c40146eae,master,VX_raster_mem,hw/rtl/raster/VX_raster_mem.sv,VX_raster_mem,.sv,0,0,7,,,
vortex,A,https://github.com/vortexgpgpu/vortex.git,5d62846c685ae287f9cd3ddd49f4537c40146eae,master,VX_raster_packer,hw/rtl/raster/VX_raster_packer.sv,VX_raster_packer,.sv,0,0,0,,,
vortex,A,https://github.com/vortexgpgpu/vortex.git,5d62846c685ae287f9cd3ddd49f4537c40146eae,master,VX_raster_qe,hw/rtl/raster/VX_raster_qe.sv,VX_raster_qe,.sv,0,0,1,,,
vortex,A,https://github.com/vortexgpgpu/vortex.git,5d62846c685ae287f9cd3ddd49f4537c40146eae,master,VX_raster_slice,hw/rtl/raster/VX_raster_slice.sv,VX_raster_slice,.sv,0,0,3,,,
vortex,A,https://github.com/vortexgpgpu/vortex.git,5d62846c685ae287f9cd3ddd49f4537c40146eae,master,VX_raster_te,hw/rtl/raster/VX_raster_te.sv,VX_raster_te,.sv,3,17,3,clk,reset,valid_ready
vortex,A,https://github.com/vortexgpgpu/vortex.git,5d62846c685ae287f9cd3ddd49f4537c40146eae,master,VX_reduce_tree,hw/rtl/libs/VX_reduce_tree.sv,VX_reduce_tree,.sv,4,2,2,,,
vortex,A,https://github.com/vortexgpgpu/vortex.git,5d62846c685ae287f9cd3ddd49f4537c40146eae,master,VX_reset_relay,hw/rtl/libs/VX_reset_relay.sv,VX_reset_relay,.sv,2,3,0,clk,reset,
vortex,A,https://github.com/vortexgpgpu/vortex.git,5d62846c685ae287f9cd3ddd49f4537c40146eae,master,VX_rr_arbiter,hw/rtl/libs/VX_rr_arbiter.sv,VX_rr_arbiter,.sv,5,7,2,clk,reset,valid_ready;req_gnt
vortex,A,https://github.com/vortexgpgpu/vortex.git,5d62846c685ae287f9cd3ddd49f4537c40146eae,master,VX_rtu_box_pe,hw/rtl/rtu/VX_rtu_box_pe.sv,VX_rtu_box_pe,.sv,0,0,21,,,
vortex,A,https://github.com/vortexgpgpu/vortex.git,5d62846c685ae287f9cd3ddd49f4537c40146eae,master,VX_rtu_bus_arb,hw/rtl/rtu/VX_rtu_bus_arb.sv,VX_rtu_bus_arb,.sv,0,0,5,,,
vortex,A,https://github.com/vortexgpgpu/vortex.git,5d62846c685ae287f9cd3ddd49f4537c40146eae,master,VX_rtu_bus_slice,hw/rtl/rtu/VX_rtu_bus_slice.sv,VX_rtu_bus_slice,.sv,0,0,3,,,
vortex,A,https://github.com/vortexgpgpu/vortex.git,5d62846c685ae287f9cd3ddd49f4537c40146eae,master,VX_rtu_core,hw/rtl/rtu/VX_rtu_core.sv,VX_rtu_core,.sv,0,0,11,,,
vortex,A,https://github.com/vortexgpgpu/vortex.git,5d62846c685ae287f9cd3ddd49f4537c40146eae,master,VX_rtu_fcross3,hw/rtl/rtu/VX_rtu_fcross3.sv,VX_rtu_fcross3,.sv,0,0,5,,,
vortex,A,https://github.com/vortexgpgpu/vortex.git,5d62846c685ae287f9cd3ddd49f4537c40146eae,master,VX_rtu_fdot3,hw/rtl/rtu/VX_rtu_fdot3.sv,VX_rtu_fdot3,.sv,0,0,4,,,
vortex,A,https://github.com/vortexgpgpu/vortex.git,5d62846c685ae287f9cd3ddd49f4537c40146eae,master,VX_rtu_fmac3,hw/rtl/rtu/VX_rtu_fmac3.sv,VX_rtu_fmac3,.sv,1,7,8,clk,reset,
vortex,A,https://github.com/vortexgpgpu/vortex.git,5d62846c685ae287f9cd3ddd49f4537c40146eae,master,VX_rtu_node_decode,hw/rtl/rtu/VX_rtu_node_decode.sv,VX_rtu_node_decode,.sv,0,0,0,,,
vortex,A,https://github.com/vortexgpgpu/vortex.git,5d62846c685ae287f9cd3ddd49f4537c40146eae,master,VX_rtu_recip,hw/rtl/rtu/VX_rtu_recip.sv,VX_rtu_recip,.sv,0,0,1,,,
vortex,A,https://github.com/vortexgpgpu/vortex.git,5d62846c685ae287f9cd3ddd49f4537c40146eae,master,VX_rtu_scheduler,hw/rtl/rtu/VX_rtu_scheduler.sv,VX_rtu_scheduler,.sv,0,0,19,,,
vortex,A,https://github.com/vortexgpgpu/vortex.git,5d62846c685ae287f9cd3ddd49f4537c40146eae,master,VX_rtu_tri_pe,hw/rtl/rtu/VX_rtu_tri_pe.sv,VX_rtu_tri_pe,.sv,0,0,34,,,
vortex,A,https://github.com/vortexgpgpu/vortex.git,5d62846c685ae287f9cd3ddd49f4537c40146eae,master,VX_rtu_unit,hw/rtl/rtu/VX_rtu_unit.sv,VX_rtu_unit,.sv,0,0,4,,,
vortex,A,https://github.com/vortexgpgpu/vortex.git,5d62846c685ae287f9cd3ddd49f4537c40146eae,master,VX_rtu_xform,hw/rtl/rtu/VX_rtu_xform.sv,VX_rtu_xform,.sv,0,0,6,,,
vortex,A,https://github.com/vortexgpgpu/vortex.git,5d62846c685ae287f9cd3ddd49f4537c40146eae,master,VX_scan,hw/rtl/libs/VX_scan.sv,VX_scan,.sv,3,2,0,,,
vortex,A,https://github.com/vortexgpgpu/vortex.git,5d62846c685ae287f9cd3ddd49f4537c40146eae,master,VX_scheduler,hw/rtl/core/VX_scheduler.sv,VX_scheduler,.sv,0,0,7,,,
vortex,A,https://github.com/vortexgpgpu/vortex.git,5d62846c685ae287f9cd3ddd49f4537c40146eae,master,VX_scope_switch,hw/rtl/libs/VX_scope_switch.sv,VX_scope_switch,.sv,1,6,0,clk,reset,
vortex,A,https://github.com/vortexgpgpu/vortex.git,5d62846c685ae287f9cd3ddd49f4537c40146eae,master,VX_scope_tap,hw/rtl/libs/VX_scope_tap.sv,VX_scope_tap,.sv,8,9,4,clk,reset,
vortex,A,https://github.com/vortexgpgpu/vortex.git,5d62846c685ae287f9cd3ddd49f4537c40146eae,master,VX_scoreboard,hw/rtl/core/VX_scoreboard.sv,VX_scoreboard,.sv,0,0,4,,,
vortex,A,https://github.com/vortexgpgpu/vortex.git,5d62846c685ae287f9cd3ddd49f4537c40146eae,master,VX_serial_div,hw/rtl/libs/VX_serial_div.sv,VX_serial_div,.sv,5,9,0,clk,reset,
vortex,A,https://github.com/vortexgpgpu/vortex.git,5d62846c685ae287f9cd3ddd49f4537c40146eae,master,VX_serial_mul,hw/rtl/libs/VX_serial_mul.sv,VX_serial_mul,.sv,5,7,0,clk,reset,
vortex,A,https://github.com/vortexgpgpu/vortex.git,5d62846c685ae287f9cd3ddd49f4537c40146eae,master,VX_sfu_unit,hw/rtl/core/VX_sfu_unit.sv,VX_sfu_unit,.sv,0,0,9,,,
vortex,A,https://github.com/vortexgpgpu/vortex.git,5d62846c685ae287f9cd3ddd49f4537c40146eae,master,VX_shift_register,hw/rtl/libs/VX_shift_register.sv,VX_shift_register,.sv,7,5,0,clk,reset,
vortex,A,https://github.com/vortexgpgpu/vortex.git,5d62846c685ae287f9cd3ddd49f4537c40146eae,master,VX_skid_buffer,hw/rtl/libs/VX_skid_buffer.sv,VX_skid_buffer,.sv,4,8,2,clk,reset,valid_ready
vortex,A,https://github.com/vortexgpgpu/vortex.git,5d62846c685ae287f9cd3ddd49f4537c40146eae,master,VX_socket,hw/rtl/VX_socket.sv,VX_socket,.sv,0,0,27,,,
vortex,A,https://github.com/vortexgpgpu/vortex.git,5d62846c685ae287f9cd3ddd49f4537c40146eae,master,VX_sp_ram,hw/rtl/libs/VX_sp_ram.sv,VX_sp_ram,.sv,14,8,2,clk,reset,
vortex,A,https://github.com/vortexgpgpu/vortex.git,5d62846c685ae287f9cd3ddd49f4537c40146eae,master,VX_split_join,hw/rtl/core/VX_split_join.sv,VX_split_join,.sv,0,0,2,,,
vortex,A,https://github.com/vortexgpgpu/vortex.git,5d62846c685ae287f9cd3ddd49f4537c40146eae,master,VX_stream_arb,hw/rtl/libs/VX_stream_arb.sv,VX_stream_arb,.sv,11,9,5,clk,reset,valid_ready
vortex,A,https://github.com/vortexgpgpu/vortex.git,5d62846c685ae287f9cd3ddd49f4537c40146eae,master,VX_stream_buffer,hw/rtl/libs/VX_stream_buffer.sv,VX_stream_buffer,.sv,3,8,0,clk,reset,valid_ready
vortex,A,https://github.com/vortexgpgpu/vortex.git,5d62846c685ae287f9cd3ddd49f4537c40146eae,master,VX_stream_dispatch,hw/rtl/libs/VX_stream_dispatch.sv,VX_stream_dispatch,.sv,6,8,4,clk,reset,valid_ready
vortex,A,https://github.com/vortexgpgpu/vortex.git,5d62846c685ae287f9cd3ddd49f4537c40146eae,master,VX_stream_fork,hw/rtl/libs/VX_stream_fork.sv,VX_stream_fork,.sv,4,8,1,clk,reset,valid_ready
vortex,A,https://github.com/vortexgpgpu/vortex.git,5d62846c685ae287f9cd3ddd49f4537c40146eae,master,VX_stream_join,hw/rtl/libs/VX_stream_join.sv,VX_stream_join,.sv,4,8,1,clk,reset,valid_ready
vortex,A,https://github.com/vortexgpgpu/vortex.git,5d62846c685ae287f9cd3ddd49f4537c40146eae,master,VX_stream_omega,hw/rtl/libs/VX_stream_omega.sv,VX_stream_omega,.sv,10,11,1,clk,reset,valid_ready
vortex,A,https://github.com/vortexgpgpu/vortex.git,5d62846c685ae287f9cd3ddd49f4537c40146eae,master,VX_stream_pack,hw/rtl/libs/VX_stream_pack.sv,VX_stream_pack,.sv,6,11,2,clk,reset,valid_ready
vortex,A,https://github.com/vortexgpgpu/vortex.git,5d62846c685ae287f9cd3ddd49f4537c40146eae,master,VX_stream_switch,hw/rtl/libs/VX_stream_switch.sv,VX_stream_switch,.sv,7,9,1,clk,reset,valid_ready
vortex,A,https://github.com/vortexgpgpu/vortex.git,5d62846c685ae287f9cd3ddd49f4537c40146eae,master,VX_stream_unpack,hw/rtl/libs/VX_stream_unpack.sv,VX_stream_unpack,.sv,4,11,1,clk,reset,valid_ready
vortex,A,https://github.com/vortexgpgpu/vortex.git,5d62846c685ae287f9cd3ddd49f4537c40146eae,master,VX_stream_xbar,hw/rtl/libs/VX_stream_xbar.sv,VX_stream_xbar,.sv,9,11,5,clk,reset,valid_ready
vortex,A,https://github.com/vortexgpgpu/vortex.git,5d62846c685ae287f9cd3ddd49f4537c40146eae,master,VX_stream_xpoint,hw/rtl/libs/VX_stream_xpoint.sv,VX_stream_xpoint,.sv,7,9,1,clk,reset,valid_ready
vortex,A,https://github.com/vortexgpgpu/vortex.git,5d62846c685ae287f9cd3ddd49f4537c40146eae,master,VX_sum33,hw/rtl/libs/VX_popcount.sv,VX_popcount,.sv,0,3,0,,,
vortex,A,https://github.com/vortexgpgpu/vortex.git,5d62846c685ae287f9cd3ddd49f4537c40146eae,master,VX_tcu_abuf,hw/rtl/tcu/VX_tcu_abuf.sv,VX_tcu_abuf,.sv,0,0,1,,,
vortex,A,https://github.com/vortexgpgpu/vortex.git,5d62846c685ae287f9cd3ddd49f4537c40146eae,master,VX_tcu_agu,hw/rtl/tcu/VX_tcu_agu.sv,VX_tcu_agu,.sv,0,0,2,,,
vortex,A,https://github.com/vortexgpgpu/vortex.git,5d62846c685ae287f9cd3ddd49f4537c40146eae,master,VX_tcu_bbuf,hw/rtl/tcu/VX_tcu_bbuf.sv,VX_tcu_bbuf,.sv,0,0,2,,,
vortex,A,https://github.com/vortexgpgpu/vortex.git,5d62846c685ae287f9cd3ddd49f4537c40146eae,master,VX_tcu_bhf_fadd,hw/rtl/tcu/bhf/VX_tcu_bhf_fadd.sv,VX_tcu_bhf_fadd,.sv,10,8,7,clk,reset,
vortex,A,https://github.com/vortexgpgpu/vortex.git,5d62846c685ae287f9cd3ddd49f4537c40146eae,master,VX_tcu_bhf_fmul,hw/rtl/tcu/bhf/VX_tcu_bhf_fmul.sv,VX_tcu_bhf_fmul,.sv,10,8,7,clk,reset,
vortex,A,https://github.com/vortexgpgpu/vortex.git,5d62846c685ae287f9cd3ddd49f4537c40146eae,master,VX_tcu_bhf_fp8mul,hw/rtl/tcu/bhf/VX_tcu_bhf_fp8mul.sv,VX_tcu_bhf_fp8mul,.sv,10,10,3,clk,reset,
vortex,A,https://github.com/vortexgpgpu/vortex.git,5d62846c685ae287f9cd3ddd49f4537c40146eae,master,VX_tcu_core,hw/rtl/tcu/VX_tcu_core.sv,VX_tcu_core,.sv,0,0,14,,,
vortex,A,https://github.com/vortexgpgpu/vortex.git,5d62846c685ae287f9cd3ddd49f4537c40146eae,master,VX_tcu_dsm,hw/rtl/tcu/VX_tcu_dsm.sv,VX_tcu_dsm,.sv,0,0,1,,,
vortex,A,https://github.com/vortexgpgpu/vortex.git,5d62846c685ae287f9cd3ddd49f4537c40146eae,master,VX_tcu_fedp_bhf,hw/rtl/tcu/bhf/VX_tcu_fedp_bhf.sv,VX_tcu_fedp_bhf,.sv,0,0,11,,,
vortex,A,https://github.com/vortexgpgpu/vortex.git,5d62846c685ae287f9cd3ddd49f4537c40146eae,master,VX_tcu_fedp_dpi,hw/rtl/tcu/dpi/VX_tcu_fedp_dpi.sv,VX_tcu_fedp_dpi,.sv,0,0,3,,,
vortex,A,https://github.com/vortexgpgpu/vortex.git,5d62846c685ae287f9cd3ddd49f4537c40146eae,master,VX_tcu_fedp_dsp,hw/rtl/tcu/dsp/VX_tcu_fedp_dsp.sv,VX_tcu_fedp_dsp,.sv,0,0,13,,,
vortex,A,https://github.com/vortexgpgpu/vortex.git,5d62846c685ae287f9cd3ddd49f4537c40146eae,master,VX_tcu_fedp_fpnew,hw/rtl/tcu/fpnew/VX_tcu_fedp_fpnew.sv,VX_tcu_fedp_fpnew,.sv,0,0,7,,,
vortex,A,https://github.com/vortexgpgpu/vortex.git,5d62846c685ae287f9cd3ddd49f4537c40146eae,master,VX_tcu_fedp_tfr,hw/rtl/tcu/tfr/VX_tcu_fedp_tfr.sv,VX_tcu_fedp_tfr,.sv,0,0,9,,,
vortex,A,https://github.com/vortexgpgpu/vortex.git,5d62846c685ae287f9cd3ddd49f4537c40146eae,master,VX_tcu_fpnew_addfp32,hw/rtl/tcu/fpnew/VX_tcu_fpnew_addfp32.sv,VX_tcu_fpnew_addfp32,.sv,0,0,1,,,
vortex,A,https://github.com/vortexgpgpu/vortex.git,5d62846c685ae287f9cd3ddd49f4537c40146eae,master,VX_tcu_fpnew_mulfp32,hw/rtl/tcu/fpnew/VX_tcu_fpnew_mulfp32.sv,VX_tcu_fpnew_mulfp32,.sv,0,0,1,,,
vortex,A,https://github.com/vortexgpgpu/vortex.git,5d62846c685ae287f9cd3ddd49f4537c40146eae,master,VX_tcu_lockstep,hw/rtl/tcu/VX_tcu_lockstep.sv,VX_tcu_lockstep,.sv,0,0,0,,,
vortex,A,https://github.com/vortexgpgpu/vortex.git,5d62846c685ae287f9cd3ddd49f4537c40146eae,master,VX_tcu_meta,hw/rtl/tcu/VX_tcu_meta.sv,VX_tcu_meta,.sv,0,0,1,,,
vortex,A,https://github.com/vortexgpgpu/vortex.git,5d62846c685ae287f9cd3ddd49f4537c40146eae,master,VX_tcu_mx_scale,hw/rtl/tcu/VX_tcu_mx_scale.sv,VX_tcu_mx_scale,.sv,0,0,0,,,
vortex,A,https://github.com/vortexgpgpu/vortex.git,5d62846c685ae287f9cd3ddd49f4537c40146eae,master,VX_tcu_sp_mux,hw/rtl/tcu/VX_tcu_sp_mux.sv,VX_tcu_sp_mux,.sv,0,0,0,,,
vortex,A,https://github.com/vortexgpgpu/vortex.git,5d62846c685ae287f9cd3ddd49f4537c40146eae,master,VX_tcu_tbuf,hw/rtl/tcu/VX_tcu_tbuf.sv,VX_tcu_tbuf,.sv,0,0,4,,,
vortex,A,https://github.com/vortexgpgpu/vortex.git,5d62846c685ae287f9cd3ddd49f4537c40146eae,master,VX_tcu_tfr_acc,hw/rtl/tcu/tfr/VX_tcu_tfr_acc.sv,VX_tcu_tfr_acc,.sv,0,0,4,,,
vortex,A,https://github.com/vortexgpgpu/vortex.git,5d62846c685ae287f9cd3ddd49f4537c40146eae,master,VX_tcu_tfr_align,hw/rtl/tcu/tfr/VX_tcu_tfr_align.sv,VX_tcu_tfr_align,.sv,0,0,0,,,
vortex,A,https://github.com/vortexgpgpu/vortex.git,5d62846c685ae287f9cd3ddd49f4537c40146eae,master,VX_tcu_tfr_classifier,hw/rtl/tcu/tfr/VX_tcu_tfr_classifier.sv,VX_tcu_tfr_classifier,.sv,0,0,0,,,
vortex,A,https://github.com/vortexgpgpu/vortex.git,5d62846c685ae287f9cd3ddd49f4537c40146eae,master,VX_tcu_tfr_exc_reduce,hw/rtl/tcu/tfr/VX_tcu_tfr_exc_reduce.sv,VX_tcu_tfr_exc_reduce,.sv,0,0,0,,,
vortex,A,https://github.com/vortexgpgpu/vortex.git,5d62846c685ae287f9cd3ddd49f4537c40146eae,master,VX_tcu_tfr_lane_mask,hw/rtl/tcu/tfr/VX_tcu_tfr_lane_mask.sv,VX_tcu_tfr_lane_mask,.sv,0,0,0,,,
vortex,A,https://github.com/vortexgpgpu/vortex.git,5d62846c685ae287f9cd3ddd49f4537c40146eae,master,VX_tcu_tfr_max_exp,hw/rtl/tcu/tfr/VX_tcu_tfr_max_exp.sv,VX_tcu_tfr_max_exp,.sv,0,0,0,,,
vortex,A,https://github.com/vortexgpgpu/vortex.git,5d62846c685ae287f9cd3ddd49f4537c40146eae,master,VX_tcu_tfr_mul_f16,hw/rtl/tcu/tfr/VX_tcu_tfr_mul_f16.sv,VX_tcu_tfr_mul_f16,.sv,0,0,7,,,
vortex,A,https://github.com/vortexgpgpu/vortex.git,5d62846c685ae287f9cd3ddd49f4537c40146eae,master,VX_tcu_tfr_mul_f4,hw/rtl/tcu/tfr/VX_tcu_tfr_mul_f4.sv,VX_tcu_tfr_mul_f4,.sv,0,0,14,,,
vortex,A,https://github.com/vortexgpgpu/vortex.git,5d62846c685ae287f9cd3ddd49f4537c40146eae,master,VX_tcu_tfr_mul_f8,hw/rtl/tcu/tfr/VX_tcu_tfr_mul_f8.sv,VX_tcu_tfr_mul_f8,.sv,0,0,12,,,
vortex,A,https://github.com/vortexgpgpu/vortex.git,5d62846c685ae287f9cd3ddd49f4537c40146eae,master,VX_tcu_tfr_mul_i4,hw/rtl/tcu/tfr/VX_tcu_tfr_mul_i4.sv,VX_tcu_tfr_mul_i4,.sv,0,0,8,,,
vortex,A,https://github.com/vortexgpgpu/vortex.git,5d62846c685ae287f9cd3ddd49f4537c40146eae,master,VX_tcu_tfr_mul_i8,hw/rtl/tcu/tfr/VX_tcu_tfr_mul_i8.sv,VX_tcu_tfr_mul_i8,.sv,0,0,4,,,
vortex,A,https://github.com/vortexgpgpu/vortex.git,5d62846c685ae287f9cd3ddd49f4537c40146eae,master,VX_tcu_tfr_mul_join,hw/rtl/tcu/tfr/VX_tcu_tfr_mul_join.sv,VX_tcu_tfr_mul_join,.sv,0,0,1,,,
vortex,A,https://github.com/vortexgpgpu/vortex.git,5d62846c685ae287f9cd3ddd49f4537c40146eae,master,VX_tcu_tfr_norm_round,hw/rtl/tcu/tfr/VX_tcu_tfr_norm_round.sv,VX_tcu_tfr_norm_round,.sv,0,0,4,,,
vortex,A,https://github.com/vortexgpgpu/vortex.git,5d62846c685ae287f9cd3ddd49f4537c40146eae,master,VX_tcu_tfr_pipe_register,hw/rtl/tcu/tfr/VX_tcu_tfr_pipe_register.sv,VX_tcu_tfr_pipe_register,.sv,5,8,3,clk,reset,
vortex,A,https://github.com/vortexgpgpu/vortex.git,5d62846c685ae287f9cd3ddd49f4537c40146eae,master,VX_tcu_tfr_shared_mul,hw/rtl/tcu/tfr/VX_tcu_tfr_shared_mul.sv,VX_tcu_tfr_shared_mul,.sv,0,0,10,,,
vortex,A,https://github.com/vortexgpgpu/vortex.git,5d62846c685ae287f9cd3ddd49f4537c40146eae,master,VX_tcu_tfr_wmul,hw/rtl/tcu/tfr/VX_tcu_tfr_wmul.sv,VX_tcu_tfr_wmul,.sv,7,5,2,clk,,
vortex,A,https://github.com/vortexgpgpu/vortex.git,5d62846c685ae287f9cd3ddd49f4537c40146eae,master,VX_tcu_unit,hw/rtl/tcu/VX_tcu_unit.sv,VX_tcu_unit,.sv,0,0,5,,,
vortex,A,https://github.com/vortexgpgpu/vortex.git,5d62846c685ae287f9cd3ddd49f4537c40146eae,master,VX_tcu_uops,hw/rtl/tcu/VX_tcu_uops.sv,VX_tcu_uops,.sv,0,0,0,,,
vortex,A,https://github.com/vortexgpgpu/vortex.git,5d62846c685ae287f9cd3ddd49f4537c40146eae,master,VX_tcu_wgmma,hw/rtl/tcu/VX_tcu_wgmma.sv,VX_tcu_wgmma,.sv,0,0,2,,,
vortex,A,https://github.com/vortexgpgpu/vortex.git,5d62846c685ae287f9cd3ddd49f4537c40146eae,master,VX_tex_addr,hw/rtl/tex/VX_tex_addr.sv,VX_tex_addr,.sv,0,0,5,,,
vortex,A,https://github.com/vortexgpgpu/vortex.git,5d62846c685ae287f9cd3ddd49f4537c40146eae,master,VX_tex_bus_arb,hw/rtl/tex/VX_tex_bus_arb.sv,VX_tex_bus_arb,.sv,0,0,4,,,
vortex,A,https://github.com/vortexgpgpu/vortex.git,5d62846c685ae287f9cd3ddd49f4537c40146eae,master,VX_tex_core,hw/rtl/tex/VX_tex_core.sv,VX_tex_core,.sv,0,0,7,,,
vortex,A,https://github.com/vortexgpgpu/vortex.git,5d62846c685ae287f9cd3ddd49f4537c40146eae,master,VX_tex_csr,hw/rtl/tex/VX_tex_csr.sv,VX_tex_csr,.sv,0,0,0,,,
vortex,A,https://github.com/vortexgpgpu/vortex.git,5d62846c685ae287f9cd3ddd49f4537c40146eae,master,VX_tex_dcr,hw/rtl/tex/VX_tex_dcr.sv,VX_tex_dcr,.sv,0,0,0,,,
vortex,A,https://github.com/vortexgpgpu/vortex.git,5d62846c685ae287f9cd3ddd49f4537c40146eae,master,VX_tex_format,hw/rtl/tex/VX_tex_format.sv,VX_tex_format,.sv,0,0,0,,,
vortex,A,https://github.com/vortexgpgpu/vortex.git,5d62846c685ae287f9cd3ddd49f4537c40146eae,master,VX_tex_lerp,hw/rtl/tex/VX_tex_lerp.sv,VX_tex_lerp,.sv,2,7,0,clk,reset,
vortex,A,https://github.com/vortexgpgpu/vortex.git,5d62846c685ae287f9cd3ddd49f4537c40146eae,master,VX_tex_mem,hw/rtl/tex/VX_tex_mem.sv,VX_tex_mem,.sv,0,0,4,,,
vortex,A,https://github.com/vortexgpgpu/vortex.git,5d62846c685ae287f9cd3ddd49f4537c40146eae,master,VX_tex_sampler,hw/rtl/tex/VX_tex_sampler.sv,VX_tex_sampler,.sv,0,0,9,,,
vortex,A,https://github.com/vortexgpgpu/vortex.git,5d62846c685ae287f9cd3ddd49f4537c40146eae,master,VX_tex_sat,hw/rtl/tex/VX_tex_sat.sv,VX_tex_sat,.sv,3,2,0,,,
vortex,A,https://github.com/vortexgpgpu/vortex.git,5d62846c685ae287f9cd3ddd49f4537c40146eae,master,VX_tex_stride,hw/rtl/tex/VX_tex_stride.sv,VX_tex_stride,.sv,0,0,0,,,
vortex,A,https://github.com/vortexgpgpu/vortex.git,5d62846c685ae287f9cd3ddd49f4537c40146eae,master,VX_tex_unit,hw/rtl/tex/VX_tex_unit.sv,VX_tex_unit,.sv,0,0,3,,,
vortex,A,https://github.com/vortexgpgpu/vortex.git,5d62846c685ae287f9cd3ddd49f4537c40146eae,master,VX_tex_wrap,hw/rtl/tex/VX_tex_wrap.sv,VX_tex_wrap,.sv,0,0,1,,,
vortex,A,https://github.com/vortexgpgpu/vortex.git,5d62846c685ae287f9cd3ddd49f4537c40146eae,master,VX_ticket_lock,hw/rtl/libs/VX_ticket_lock.sv,VX_ticket_lock,.sv,2,8,1,clk,reset,
vortex,A,https://github.com/vortexgpgpu/vortex.git,5d62846c685ae287f9cd3ddd49f4537c40146eae,master,VX_tlb_bus_arb,hw/rtl/vm/VX_tlb_bus_arb.sv,VX_tlb_bus_arb,.sv,0,0,2,,,
vortex,A,https://github.com/vortexgpgpu/vortex.git,5d62846c685ae287f9cd3ddd49f4537c40146eae,master,VX_tlb_cam,hw/rtl/vm/VX_tlb_cam.sv,VX_tlb_cam,.sv,0,0,2,,,
vortex,A,https://github.com/vortexgpgpu/vortex.git,5d62846c685ae287f9cd3ddd49f4537c40146eae,master,VX_tlb_l1,hw/rtl/vm/VX_tlb_l1.sv,VX_tlb_l1,.sv,0,0,2,,,
vortex,A,https://github.com/vortexgpgpu/vortex.git,5d62846c685ae287f9cd3ddd49f4537c40146eae,master,VX_tlb_l2,hw/rtl/vm/VX_tlb_l2.sv,VX_tlb_l2,.sv,0,0,5,,,
vortex,A,https://github.com/vortexgpgpu/vortex.git,5d62846c685ae287f9cd3ddd49f4537c40146eae,master,VX_tlb_mshr,hw/rtl/vm/VX_tlb_mshr.sv,VX_tlb_mshr,.sv,0,0,7,,,
vortex,A,https://github.com/vortexgpgpu/vortex.git,5d62846c685ae287f9cd3ddd49f4537c40146eae,master,VX_toggle_buffer,hw/rtl/libs/VX_toggle_buffer.sv,VX_toggle_buffer,.sv,2,8,0,clk,reset,valid_ready
vortex,A,https://github.com/vortexgpgpu/vortex.git,5d62846c685ae287f9cd3ddd49f4537c40146eae,master,VX_transpose,hw/rtl/libs/VX_transpose.sv,VX_transpose,.sv,3,2,0,,,
vortex,A,https://github.com/vortexgpgpu/vortex.git,5d62846c685ae287f9cd3ddd49f4537c40146eae,master,VX_txbar_arb,hw/rtl/core/VX_txbar_arb.sv,VX_txbar_arb,.sv,0,0,1,,,
vortex,A,https://github.com/vortexgpgpu/vortex.git,5d62846c685ae287f9cd3ddd49f4537c40146eae,master,VX_uop_packld,hw/rtl/core/VX_uop_packld.sv,VX_uop_packld,.sv,0,0,0,,,
vortex,A,https://github.com/vortexgpgpu/vortex.git,5d62846c685ae287f9cd3ddd49f4537c40146eae,master,VX_uop_sequencer,hw/rtl/core/VX_uop_sequencer.sv,VX_uop_sequencer,.sv,0,0,4,,,
vortex,A,https://github.com/vortexgpgpu/vortex.git,5d62846c685ae287f9cd3ddd49f4537c40146eae,master,VX_uuid_gen,hw/rtl/core/VX_uuid_gen.sv,VX_uuid_gen,.sv,0,0,0,,,
vortex,A,https://github.com/vortexgpgpu/vortex.git,5d62846c685ae287f9cd3ddd49f4537c40146eae,master,VX_wallace_mul,hw/rtl/libs/VX_wallace_mul.sv,VX_wallace_mul,.sv,3,3,2,,,
vortex,A,https://github.com/vortexgpgpu/vortex.git,5d62846c685ae287f9cd3ddd49f4537c40146eae,master,VX_wctl_unit,hw/rtl/core/VX_wctl_unit.sv,VX_wctl_unit,.sv,0,0,3,,,
vortex,A,https://github.com/vortexgpgpu/vortex.git,5d62846c685ae287f9cd3ddd49f4537c40146eae,master,Vortex,hw/rtl/Vortex.sv,Vortex,.sv,0,0,10,,,
vortex,A,https://github.com/vortexgpgpu/vortex.git,5d62846c685ae287f9cd3ddd49f4537c40146eae,master,Vortex_axi,hw/rtl/Vortex_axi.sv,Vortex_axi,.sv,0,0,3,,,
vortex,A,https://github.com/vortexgpgpu/vortex.git,5d62846c685ae287f9cd3ddd49f4537c40146eae,master,bf16_to_fp32,hw/rtl/tcu/dsp/VX_tcu_fedp_dsp.sv,VX_tcu_fedp_dsp,.sv,0,2,0,,,
vortex,A,https://github.com/vortexgpgpu/vortex.git,5d62846c685ae287f9cd3ddd49f4537c40146eae,master,bsg_counting_leading_zeros,hw/rtl/tcu/bhf/bsg_counting_leading_zeros.sv,bsg_counting_leading_zeros,.sv,2,2,1,,,
vortex,A,https://github.com/vortexgpgpu/vortex.git,5d62846c685ae287f9cd3ddd49f4537c40146eae,master,ccip_interface_reg,hw/rtl/afu/opae/ccip_interface_reg.sv,ccip_interface_reg,.sv,0,11,0,,pck_cp2af_softReset_T0,
vortex,A,https://github.com/vortexgpgpu/vortex.git,5d62846c685ae287f9cd3ddd49f4537c40146eae,master,ccip_std_afu,hw/rtl/afu/opae/ccip_std_afu.sv,ccip_std_afu,.sv,1,11,2,,pck_cp2af_softReset,
vortex,A,https://github.com/vortexgpgpu/vortex.git,5d62846c685ae287f9cd3ddd49f4537c40146eae,master,counter_5to3,hw/rtl/libs/VX_csa_42.sv,VX_csa_42,.sv,0,8,0,,,
vortex,A,https://github.com/vortexgpgpu/vortex.git,5d62846c685ae287f9cd3ddd49f4537c40146eae,master,fp16_to_fp32,hw/rtl/tcu/dsp/VX_tcu_fedp_dsp.sv,VX_tcu_fedp_dsp,.sv,0,2,0,,,
vortex,A,https://github.com/vortexgpgpu/vortex.git,5d62846c685ae287f9cd3ddd49f4537c40146eae,master,plru_decoder,hw/rtl/cache/VX_cache_repl.sv,VX_cache_repl,.sv,0,0,0,,,
vortex,A,https://github.com/vortexgpgpu/vortex.git,5d62846c685ae287f9cd3ddd49f4537c40146eae,master,plru_encoder,hw/rtl/cache/VX_cache_repl.sv,VX_cache_repl,.sv,3,2,1,,,
vortex,A,https://github.com/vortexgpgpu/vortex.git,5d62846c685ae287f9cd3ddd49f4537c40146eae,master,vortex_afu,hw/rtl/afu/aved/vortex_afu.v,vortex_afu,.v,6,23,1,ap_clk,ap_rst_n,valid_ready
vortex,A,https://github.com/vortexgpgpu/vortex.git,5d62846c685ae287f9cd3ddd49f4537c40146eae,master,vortex_afu,hw/rtl/afu/opae/vortex_afu.sv,vortex_afu,.sv,0,0,11,,,
vortex,A,https://github.com/vortexgpgpu/vortex.git,5d62846c685ae287f9cd3ddd49f4537c40146eae,master,vortex_afu,hw/rtl/afu/xrt/vortex_afu.v,vortex_afu,.v,6,23,1,ap_clk,ap_rst_n,valid_ready
zipcpu,B,https://github.com/ZipCPU/zipcpu.git,42606d2d6ef55df313772232977621b2d72f0159,master,axidcache,rtl/core/axidcache.v,axidcache,.v,27,55,3,,S_AXI_ARESETN;i_cpu_reset,valid_ready
zipcpu,B,https://github.com/ZipCPU/zipcpu.git,42606d2d6ef55df313772232977621b2d72f0159,master,axiicache,rtl/core/axiicache.v,axiicache,.v,16,32,2,,S_AXI_ARESETN;i_cpu_reset,valid_ready
zipcpu,B,https://github.com/ZipCPU/zipcpu.git,42606d2d6ef55df313772232977621b2d72f0159,master,axilfetch,rtl/core/axilfetch.v,axilfetch,.v,6,19,3,,S_AXI_ARESETN;i_cpu_reset,valid_ready
zipcpu,B,https://github.com/ZipCPU/zipcpu.git,42606d2d6ef55df313772232977621b2d72f0159,master,axilops,rtl/core/axilops.v,axilops,.v,11,34,2,,S_AXI_ARESETN;i_cpu_reset,valid_ready
zipcpu,B,https://github.com/ZipCPU/zipcpu.git,42606d2d6ef55df313772232977621b2d72f0159,master,axilperiphs,rtl/peripherals/axilperiphs.v,axilperiphs,.v,7,30,11,,S_AXI_ARESETN;i_cpu_reset,valid_ready
zipcpu,B,https://github.com/ZipCPU/zipcpu.git,42606d2d6ef55df313772232977621b2d72f0159,master,axilpipe,rtl/core/axilpipe.v,axilpipe,.v,9,35,2,,S_AXI_ARESETN;i_cpu_reset,valid_ready
zipcpu,B,https://github.com/ZipCPU/zipcpu.git,42606d2d6ef55df313772232977621b2d72f0159,master,axiops,rtl/core/axiops.v,axiops,.v,15,53,2,,S_AXI_ARESETN;i_cpu_reset,valid_ready
zipcpu,B,https://github.com/ZipCPU/zipcpu.git,42606d2d6ef55df313772232977621b2d72f0159,master,axipipe,rtl/core/axipipe.v,axipipe,.v,13,54,2,,S_AXI_ARESETN;i_cpu_reset,valid_ready
zipcpu,B,https://github.com/ZipCPU/zipcpu.git,42606d2d6ef55df313772232977621b2d72f0159,master,busdelay,rtl/ex/busdelay.v,busdelay,.v,5,22,2,i_clk,i_reset,
zipcpu,B,https://github.com/ZipCPU/zipcpu.git,42606d2d6ef55df313772232977621b2d72f0159,master,cpuops,rtl/core/cpuops.v,cpuops,.v,3,15,0,i_clk,i_reset,
zipcpu,B,https://github.com/ZipCPU/zipcpu.git,42606d2d6ef55df313772232977621b2d72f0159,master,dblfetch,rtl/core/dblfetch.v,dblfetch,.v,6,19,2,i_clk,i_reset,valid_ready
zipcpu,B,https://github.com/ZipCPU/zipcpu.git,42606d2d6ef55df313772232977621b2d72f0159,master,dcache,rtl/core/dcache.v,dcache,.v,22,28,6,i_clk,i_reset,
zipcpu,B,https://github.com/ZipCPU/zipcpu.git,42606d2d6ef55df313772232977621b2d72f0159,master,div,rtl/core/div.v,div,.v,3,11,1,i_clk,i_reset,
zipcpu,B,https://github.com/ZipCPU/zipcpu.git,42606d2d6ef55df313772232977621b2d72f0159,master,fwb_counter,rtl/ex/fwb_counter.v,fwb_counter,.v,0,15,0,i_clk,i_reset,
zipcpu,B,https://github.com/ZipCPU/zipcpu.git,42606d2d6ef55df313772232977621b2d72f0159,master,fwb_master,rtl/ex/fwb_master.v,fwb_master,.v,15,15,0,i_clk,i_reset,
zipcpu,B,https://github.com/ZipCPU/zipcpu.git,42606d2d6ef55df313772232977621b2d72f0159,master,fwb_slave,rtl/ex/fwb_slave.v,fwb_slave,.v,13,15,0,i_clk,i_reset,
zipcpu,B,https://github.com/ZipCPU/zipcpu.git,42606d2d6ef55df313772232977621b2d72f0159,master,icontrol,rtl/peripherals/icontrol.v,icontrol,.v,2,12,1,i_clk,i_reset,
zipcpu,B,https://github.com/ZipCPU/zipcpu.git,42606d2d6ef55df313772232977621b2d72f0159,master,idecode,rtl/core/idecode.v,idecode,.v,15,42,1,i_clk,i_reset,
zipcpu,B,https://github.com/ZipCPU/zipcpu.git,42606d2d6ef55df313772232977621b2d72f0159,master,iscachable,rtl/core/iscachable.v,iscachable,.v,8,2,0,,,
zipcpu,B,https://github.com/ZipCPU/zipcpu.git,42606d2d6ef55df313772232977621b2d72f0159,master,memops,rtl/core/memops.v,memops,.v,10,26,2,i_clk,i_reset,
zipcpu,B,https://github.com/ZipCPU/zipcpu.git,42606d2d6ef55df313772232977621b2d72f0159,master,mpyop,rtl/core/mpyop.v,mpyop,.v,2,10,1,i_clk,i_reset,
zipcpu,B,https://github.com/ZipCPU/zipcpu.git,42606d2d6ef55df313772232977621b2d72f0159,master,pfcache,rtl/core/pfcache.v,pfcache,.v,15,20,2,i_clk,i_reset,valid_ready
zipcpu,B,https://github.com/ZipCPU/zipcpu.git,42606d2d6ef55df313772232977621b2d72f0159,master,pffifo,rtl/core/pffifo.v,pffifo,.v,10,20,3,i_clk,i_reset,valid_ready
zipcpu,B,https://github.com/ZipCPU/zipcpu.git,42606d2d6ef55df313772232977621b2d72f0159,master,pipefetch,rtl/core/pipefetch.v,pipefetch,.v,6,20,2,i_clk,i_reset,
zipcpu,B,https://github.com/ZipCPU/zipcpu.git,42606d2d6ef55df313772232977621b2d72f0159,master,pipemem,rtl/core/pipemem.v,pipemem,.v,9,27,2,i_clk,i_reset,
zipcpu,B,https://github.com/ZipCPU/zipcpu.git,42606d2d6ef55df313772232977621b2d72f0159,master,prefetch,rtl/core/prefetch.v,prefetch,.v,7,19,2,i_clk,i_reset,valid_ready
zipcpu,B,https://github.com/ZipCPU/zipcpu.git,42606d2d6ef55df313772232977621b2d72f0159,master,sfifo,rtl/ex/sfifo.v,sfifo,.v,5,17,0,i_clk,i_reset,
zipcpu,B,https://github.com/ZipCPU/zipcpu.git,42606d2d6ef55df313772232977621b2d72f0159,master,skidbuffer,rtl/ex/skidbuffer.v,skidbuffer,.v,5,8,1,i_clk,i_reset,valid_ready
zipcpu,B,https://github.com/ZipCPU/zipcpu.git,42606d2d6ef55df313772232977621b2d72f0159,master,slowmpy,rtl/core/slowmpy.v,slowmpy,.v,5,10,0,i_clk,i_reset,
zipcpu,B,https://github.com/ZipCPU/zipcpu.git,42606d2d6ef55df313772232977621b2d72f0159,master,wbarbiter,rtl/ex/wbarbiter.v,wbarbiter,.v,7,38,3,i_clk,i_reset,
zipcpu,B,https://github.com/ZipCPU/zipcpu.git,42606d2d6ef55df313772232977621b2d72f0159,master,wbdblpriarb,rtl/ex/wbdblpriarb.v,wbdblpriarb,.v,6,53,2,i_clk,i_reset,
zipcpu,B,https://github.com/ZipCPU/zipcpu.git,42606d2d6ef55df313772232977621b2d72f0159,master,wbdmac,rtl/peripherals/wbdmac.v,wbdmac,.v,5,21,2,i_clk,i_reset,
zipcpu,B,https://github.com/ZipCPU/zipcpu.git,42606d2d6ef55df313772232977621b2d72f0159,master,wbpriarbiter,rtl/ex/wbpriarbiter.v,wbpriarbiter,.v,3,28,3,i_clk,,
zipcpu,B,https://github.com/ZipCPU/zipcpu.git,42606d2d6ef55df313772232977621b2d72f0159,master,wbwatchdog,rtl/peripherals/wbwatchdog.v,wbwatchdog,.v,1,4,0,i_clk,i_reset,
zipcpu,B,https://github.com/ZipCPU/zipcpu.git,42606d2d6ef55df313772232977621b2d72f0159,master,zipaxi,rtl/zipaxi.v,zipaxi,.v,37,107,11,,S_AXI_ARESETN;i_cpu_reset,valid_ready
zipcpu,B,https://github.com/ZipCPU/zipcpu.git,42606d2d6ef55df313772232977621b2d72f0159,master,zipaxil,rtl/zipaxil.v,zipaxil,.v,27,182,9,,S_AXI_ARESETN;i_cpu_reset,valid_ready
zipcpu,B,https://github.com/ZipCPU/zipcpu.git,42606d2d6ef55df313772232977621b2d72f0159,master,zipbones,rtl/zipbones.v,zipbones,.v,27,153,3,i_clk,i_reset,
zipcpu,B,https://github.com/ZipCPU/zipcpu.git,42606d2d6ef55df313772232977621b2d72f0159,master,zipcore,rtl/core/zipcore.v,zipcore,.v,23,44,8,i_clk,i_reset,valid_ready
zipcpu,B,https://github.com/ZipCPU/zipcpu.git,42606d2d6ef55df313772232977621b2d72f0159,master,zipcounter,rtl/peripherals/zipcounter.v,zipcounter,.v,2,11,1,i_clk,i_reset,
zipcpu,B,https://github.com/ZipCPU/zipcpu.git,42606d2d6ef55df313772232977621b2d72f0159,master,zipdma,rtl/zipdma/zipdma.v,zipdma,.v,9,23,8,i_clk,i_reset,
zipcpu,B,https://github.com/ZipCPU/zipcpu.git,42606d2d6ef55df313772232977621b2d72f0159,master,zipdma_ctrl,rtl/zipdma/zipdma_ctrl.v,zipdma_ctrl,.v,7,29,0,i_clk,i_reset,
zipcpu,B,https://github.com/ZipCPU/zipcpu.git,42606d2d6ef55df313772232977621b2d72f0159,master,zipdma_fsm,rtl/zipdma/zipdma_fsm.v,zipdma_fsm,.v,3,24,0,i_clk,i_reset;i_soft_reset,
zipcpu,B,https://github.com/ZipCPU/zipcpu.git,42606d2d6ef55df313772232977621b2d72f0159,master,zipdma_mm2s,rtl/zipdma/zipdma_mm2s.v,zipdma_mm2s,.v,8,24,1,i_clk,i_reset,valid_ready
zipcpu,B,https://github.com/ZipCPU/zipcpu.git,42606d2d6ef55df313772232977621b2d72f0159,master,zipdma_rxgears,rtl/zipdma/zipdma_rxgears.v,zipdma_rxgears,.v,3,13,0,i_clk,i_reset;i_soft_reset,valid_ready
zipcpu,B,https://github.com/ZipCPU/zipcpu.git,42606d2d6ef55df313772232977621b2d72f0159,master,zipdma_s2mm,rtl/zipdma/zipdma_s2mm.v,zipdma_s2mm,.v,6,23,1,i_clk,i_reset,valid_ready
zipcpu,B,https://github.com/ZipCPU/zipcpu.git,42606d2d6ef55df313772232977621b2d72f0159,master,zipdma_txgears,rtl/zipdma/zipdma_txgears.v,zipdma_txgears,.v,3,14,0,i_clk,i_reset;i_soft_reset,valid_ready
zipcpu,B,https://github.com/ZipCPU/zipcpu.git,42606d2d6ef55df313772232977621b2d72f0159,master,zipjiffies,rtl/peripherals/zipjiffies.v,zipjiffies,.v,1,12,0,i_clk,i_reset,
zipcpu,B,https://github.com/ZipCPU/zipcpu.git,42606d2d6ef55df313772232977621b2d72f0159,master,zipmmu,rtl/peripherals/zipmmu.v,zipmmu,.v,0,37,2,i_clk,i_reset,
zipcpu,B,https://github.com/ZipCPU/zipcpu.git,42606d2d6ef55df313772232977621b2d72f0159,master,zipsystem,rtl/zipsystem.v,zipsystem,.v,33,167,26,i_clk,i_reset,
zipcpu,B,https://github.com/ZipCPU/zipcpu.git,42606d2d6ef55df313772232977621b2d72f0159,master,ziptimer,rtl/peripherals/ziptimer.v,ziptimer,.v,3,12,0,i_clk,i_reset,
zipcpu,B,https://github.com/ZipCPU/zipcpu.git,42606d2d6ef55df313772232977621b2d72f0159,master,zipwb,rtl/core/zipwb.v,zipwb,.v,27,34,9,i_clk,i_reset,
